:020000041002E8
:1000000000200420F7000210CB000210CD000210E7
:10001000C9000210C9000210C9000210C900021074
:10002000C9000210C9000210C9000210CF0002105E
:10003000C9000210C9000210D1000210D300021042
:10004000C1000210C1000210C1000210C100021064
:10005000C1000210C1000210C1000210C100021054
:10006000C1000210C1000210C1000210C100021044
:10007000C1000210C1000210C1000210C100021034
:10008000C1000210C1000210C1000210C100021024
:10009000C1000210C1000210C1000210C100021014
:1000A000C1000210C1000210C1000210C100021004
:1000B000C1000210C1000210C1000210C1000210F4
:1000C000EFF30580103800BE00BE00BE00BE00BECB
:1000D00000BE00BEF2EB8871E82C0610202D061041
:1000E0003801021090A31AE71E481F49086006C88D
:1000F00081F3088810471D480068002801D019487E
:10010000F3E70DA40ECC002902D000F012F8F9E7B5
:100110001749184A002000E001C19142FCD116495C
:100120008847164988471649884700BEFDE701C938
:1001300001C29A42FBD37047202D0610C000002058
:100140001C0D00209C390610000004200000042033
:100150009C3906100010042000100420000000004C
:10016000704700000000000008ED00E0000000D033
:10017000400D002068F10120C54602104103021025
:10018000BD460210F8B5C04606480749091A8B104B
:10019000C90FC91810B5491003D0044B002B00D06B
:1001A000984710BD1C0D00201C0D00200000000011
:1001B000054B10B5002B03D00449054800E000BFF3
:1001C000FFF7E2FF10BDC04600000000DC6C00201D
:1001D000A894051070B5094D094C05F013FB0100FA
:1001E000280004F081FC05F013FB0100200004F05E
:1001F0007BFCC82008F0AEFBEFE7C046A8940510D2
:10020000B894051070B584B00BF008F90A2001F01D
:1002100029F83B4809F00AF809F016F808F0ECFF55
:1002200009F026F809F056F809F0E0FE09F05EFD45
:100230000123C722002583548C3A83544533C55487
:1002400009F004FD0AF07CF80AF0EEFB09F06EFFFD
:1002500009F04CFDCC23C35C03AC2370FA232000CF
:10026000DB0063800EF07AFA20000EF08BFA0BF0C0
:1002700069FFD023010060881B061B78019020785D
:10028000204E214A0090300004F02EFC0BF042FF7B
:1002900000211E4805F0B4FF1D4B002218601D4BC5
:1002A0001D4900931D48002308F0D8FE1C4B8022F6
:1002B000186008231B49009301950023D2001A48B7
:1002C00008F052F917238022009318490023019562
:1002D0001201174808F048F9062380220093D20043
:1002E000002314490195144808F03EF900211348F1
:1002F00001F01EFA002008F0BDF904B070BDC04640
:1003000080F0FA02CC94051054CB0510FFFFFF7F5C
:10031000D86C0020F1A90210881300001495051074
:10032000AC6F002020950510CDBC02103095051053
:100330003DB6021044950510D5010210C4200000FE
:100340000023802200B583B0019341330449009318
:1003500092000023034808F007F908F02FF9FEE7A0
:100360005895051005020210D02370B5044C1B06E9
:100370001D782378AB4202D00AF02EFB257070BDA9
:100380004DF1012010B5024804F0AEFB10BDC0468F
:100390006495051010B5052000F0F4F8014B1860C5
:1003A00010BDC0461C3B0020F8B5DE464E46574601
:1003B0004546E0B58B4605000A991800160001F085
:1003C000EDFD0A9B6C001F02324B64199C46A40091
:1003D0006444636881469F4200D967602B1FDBB28B
:1003E0009846012B30D9C02380229B01E3181201CB
:1003F0001A60294BAD0059599A4600291BD1730147
:10040000E026226853401E40802342465B01E318E9
:100410001E60012A30D9802380229B01E31812013B
:100420001A6053464A4667605A51F0BCBB46B24612
:10043000A946A046F8BD586901F0B0FD013043005F
:100440001B18033BFDD2DAE75B46012BCBD1C0235F
:1004500003229B01E3181A60023AA3681A42FCD0F7
:100460007301E0262268AD0053401E4080230A4AF3
:100470005B019246E3181E605A46216851400322F0
:100480000A401A6001225B469A40A3681A42FCD0D7
:10049000C1E7C04600800040B83D0020F0B54646A8
:1004A0004F46D646C0B51F00344B44009C46241826
:1004B000A4006444636888461600FF2B02D880239A
:1004C0005B006360031FDBB29A46012B30D9C02367
:1004D00080229B01E31812011A60294B85005959AB
:1004E000994600291BD17301E026226853401E4023
:1004F000802352465B01E3181E60012A30D9802315
:1005000080229B01E31812011A6080235B00636064
:100510004B465F51E0BCBA46B146A846F0BD5869AB
:1005200001F03CFD013043001B18033BFDD2DAE72C
:100530004346012BCBD1C02303229B01E3181A6051
:10054000023AA3681A42FCD07301E02622688500B3
:1005500053401E4080230A4A5B019146E3181E6007
:1005600042462168514003220A401A600123424654
:100570009340A2681342FCD0C1E7C046008000400F
:10058000B83D0020014B8000C0587047B83D0020A6
:100590000FB400B5084883B004F022FA049B002B86
:1005A00007D005A91800019104F054F8034804F09D
:1005B00017FA012004F066F88C9505106CC205103E
:1005C00010B50148FFF7E4FF9C950510EFF310808C
:1005D00072B6034A1368002BFCD0BFF35F8F7047DD
:1005E0002C0100D0BFF35F8F0022024B1A6080F312
:1005F000108870472C0100D070B5EFF3108C72B6E4
:100600000D4D2B68002BFCD0BFF35F8F0724CB0868
:10061000C618C05C01230C40A3401C0004400342E8
:1006200007D118433070BFF35F8F2C608CF31088B4
:1006300070BD1000FFF7ACFF2C0100D0F8B54746A5
:10064000CE46884680B5EFF3108C72B61C4D2C68F0
:10065000002CFCD0BFF35F8F9A4222D807210126DD
:10066000894602E00132934218D34D4637001540C7
:10067000AF40D4080119045D2742F3D110003C4378
:100680000C70BFF35F8F00220D4B1A608CF3108843
:1006900000280EDBC0BCB946B046F8BD0120404280
:1006A000EFE7BFF35F8F00232B608CF310880120EE
:1006B00040424346002BEDD00898FFF769FFC04643
:1006C0002C0100D030B5EFF3108C72B60A4C2368C1
:1006D000002BFCD0BFF35F8F072301220B409A4011
:1006E000CD08435D93434355BFF35F8F00232360E1
:1006F0008CF3108830BDC0462C0100D0044A10781D
:10070000431CDBB2172B00D9102313707047C0466F
:100710007805002010B5034B01001800024AFFF7CE
:100720006BFF10BDAC3D0020AC95051010B5064B1D
:10073000064C82B00100009318221F232000FFF70F
:100740007DFF02B010BDC046CC950510AC3D002029
:100750000021044B044ABFF35F8F02C39342FAD1D6
:100760007047C046000100D0800100D0094A8300D4
:100770009A1810B514684022544080322240064C2A
:10078000C000A44663441A60044B9C466044416028
:1007900010BDC04604C0014004D0014000400140EB
:1007A000074B8000C3181B68C90092000A435A40D7
:1007B0000C231340034A9446604403607047C046CC
:1007C00004C0014004D001408000002905D0064B40
:1007D0009C460223604403607047044B9C460223FE
:1007E00060440360F8E7C04604E0014004F00140C3
:1007F000D0231B061B6830B50500584243412F200B
:100800005B4283430E48EC08844607202840800062
:10081000814020000B4D3C3063448000A4004151D6
:100820001B19002A05D08022920194466344196066
:1008300030BDC0229201944663441960F8E7C04677
:1008400030410140004001400123D0228340120684
:1008500093629361094A83009A18116840225140BB
:1008600080320A400649C0008C4663441A60054B3A
:100870009C460523604443607047C04604C0014065
:1008800004D0014000400140054B064A1360064A6F
:10089000136053609360D360136153619361704739
:1008A0008080808000E400E004E400E01F23184022
:1008B0001E3B8340002905D0C021044A4900535003
:1008C00013607047802201498B50FAE700E100E095
:1008D00001228240034B1B6813405A1E9341D8B239
:1008E0007047C04600E100E070B50D00EFF31086E0
:1008F00072B60F4A1368002BFCD0BFF35F8F0D4B0D
:1009000010309B6884001B590B4A934203D09D42D0
:1009100001D001F0C7F9074B9B681D51BFF35F8FF2
:10092000BFF35F8F0022024B1A6086F3108870BD00
:10093000240100D000ED00E0C1000210F0B5DE4659
:1009400057464E464546E0B50C0083B0EFF310889D
:1009500072B6634A1368002BFCD0BFF35F8F614B04
:1009600061499A68030010339F00D55901938D4265
:1009700043D0A54254D05D4EAA1B2F2A3DD85C4BD4
:100980009B461B68994601231A009C4682404B46B1
:1009900013401F2299466346024093409A468022A4
:1009A0005B4650469850BFF35F8FEFF305839B463D
:1009B000002B37D0019B5B4501D001F073F9012377
:1009C0002A009A439068844208D176E04B005B1875
:1009D0009B00F3189868844236D01A0006215156BD
:1009E0000029F3DA844254D04B46002B27D0C02292
:1009F00051463F4B5200995019603A4B9B68DD516C
:100A0000BFF35F8FBFF35F8F0022354B1A6088F30F
:100A1000108803B0F0BCBB46B246A946A046F0BD64
:100A20000D00EAE72A0063469A4390688442D5D1D4
:100A300006201056130000280ADA0D0031E080234A
:100A400051462B4AD150D8E706201856002821DB02
:100A500042001118890074188B46A1689960E179E9
:100A6000D971062161569971002924DBA488F11AF5
:100A7000640524155C44091909051E4C490D2143E0
:100A8000998013181C4A9B001178F3189971107003
:100A9000AAE713005946002914D1FF319171174973
:100AA000918015490A789A71154A9B1B5B415A43FC
:100AB000120D0A7098E71149E2E70620105613005C
:100AC0000028C5DA0F4A1049D21A083A5002400DE0
:100AD000014399800D4952080A43DA8084E7C046F1
:100AE000240100D000ED00E0C10002107C050020D0
:100AF00000E100E000E0FFFF5DF1012001BDFFFF2C
:100B0000AAAA0000B605002000F0FFFF00F8FFFFD2
:100B100010B58308040003202040FF24054AC000CC
:100B20009446844081409B0063441A68A2430A4370
:100B30001A6010BD00E400E070B501240443EFF337
:100B40000581EFF3108C72B6214A1368002BFCD09C
:100B5000BFF35F8F1F4B05001F4AED1A6D416A43BB
:100B6000120D1E4D8900AE6852B27658A6421CD0B6
:100B70000621595691421CD012215956914222D039
:100B80001E215956914220D02A21595603249142C0
:100B900010D0134B19781A708171BFF35F8F002248
:100BA0000B4B1A608CF3108870BDAB680D4C5C5019
:100BB000EFE700246100091989005B18FF21997192
:100BC00009499980E5E70124F4E70224F2E7C046E9
:100BD000240100D07C050020AAAA000000ED00E05E
:100BE0005DF10120C100021001BDFFFF024B9C46D8
:100BF000614489000160704740000034F8B5124C30
:100C0000124DAC4212D20126002776422368002BF7
:100C10000DD0FFF773FD01002000FFF7E7FF6660CE
:100C20002772BFF35F8F0C34AC42EFD3F8BDFFF7F0
:100C300065FD01002000FFF7D9FF6660BFF35F8FFD
:100C40000834AC42E2D3F1E7C00C0020D00C002005
:100C500010B504000120FFF769FD034BC3189B008A
:100C60002360BFF35F8F10BD40000034F0B5DE4657
:100C700057464E464546E0B587B0EFF3058303225D
:100C800001251A40954091008846A946B34B03922E
:100C90005C58B34B1D60B34B04934B46B24843635F
:100CA0000823E55E002D37DAA3881BB2002B00DB9A
:100CB000ADE0A379002B00D0EEE00823E05E002831
:100CC00020DB430062691B18DB00D3189E68DD68D7
:100CD000731C00D111E1A44801004144826A0B69F0
:100CE000B71A9B1A9F4215D30123026A03988340C7
:100CF0001A420FD09C4800F053FC8D4202DCCCD14C
:100D00008642CAD940BF07B0F0BCBB46B246A9462E
:100D1000A046F0BD0E61EDE762696B0092465B197B
:100D2000DB009A4453469E68DF6800F039FC8F422E
:100D3000BADC00D103E1002F00DAE8E05246534666
:100D400052691B699346049A934200D1D9E05246F6
:100D50000821605E5288000459461043984700906D
:100D600001910099019A0B001000134300D1CEE0CD
:100D700013000A00B61A9F41002806DB7A4800F0EB
:100D80000FFC009E019F36184F4153469E60DF6066
:100D900000229A5E002A00DA86E7530099186069FB
:100DA000C900411802938B68C9689B46B94200DDAF
:100DB0007AE702D1B34200D976E708239C46A444DF
:100DC000059565462281A446029B2C0006E053004F
:100DD0009918C90041188D68C968AB469B18DB009B
:100DE000C318B94206DC00D1B3E01C000023E25E68
:100DF000002AECDA230064469C4653461A80634678
:100E0000059D1D80A3881BB2002B00DA51E72269E3
:100E1000EFF3108172B61368002BFCD0BFF35F8F25
:100E20000123A7885B42A3803FB22369BFF35F8F92
:100E300000221A6081F31088002F00DA39E72300BE
:100E4000083322009A4666697B00DB19DB00F31841
:100E5000996850468C460824115FDD68002910DB34
:100E6000029306E0AB4244D00023E15E200000295B
:100E700006DB4C006418E4003419E368AB42F1DD92
:100E8000029B078000201F5E1980002FDCDA14000F
:100E9000A379002B00D110E70023A37126000823BB
:100EA000E15E08364B1C00D12CE70800A2466569BC
:100EB00002E03E004B1C1AD04B005B18DB00EF1821
:100EC0000A008C46E95E7B881BB2002BF1DA012315
:100ED0005B42DC17BB60FC60824205D05346318028
:100EE0001B893B8053461A8160464B1CE4D1544613
:100EF000E5E6A3686345B7D9C2E76B1C00D0EAE614
:100F0000F8E65B4658461B69984700281BD15346B4
:100F10001B8822692381EFF3108372B611680029C0
:100F2000FCD0BFF35F8F514662880A8022696580DA
:100F3000BFF35F8F0021116083F31088B4E686420F
:100F400000D8F8E6B0E65B461A685B680092019349
:100F500007E7B34500D848E74CE7C046F86C0020E7
:100F60003C7005406D0C021000400540074810B56C
:100F70000268EFF3108172B61368002BFCD0BFF348
:100F80005F8F04F0E9FD0020002110BDE86F002014
:100F900070B52E4C2569002D04D00A212C48FFF78E
:100FA00025FE70BD2B4E0321300000F0EFFAE66005
:100FB000FFF7A4FB284B03229C46D02322701B067C
:100FC0001B6801216370254B6044A3600F238000E0
:100FD00020610220638063694942A1801980023147
:100FE000198647311D83585218315A5275325C396F
:100FF00099521832013199521832013199521832EE
:1010000001319952083518329D52023118329952E5
:101010001832013199521832013199521832013186
:1010200099521832013199521832013199520C4BB0
:101030000C49DC6001303562FFF756FC01210320CA
:10104000FFF734FC084B1D60A7E7C046C40500202D
:10105000E86F00200040054040000034FFFF100012
:10106000F86C00206D0C0210386005400048704795
:10107000C405002070B501000469EFF3108C72B64E
:1010800020680028FCD0BFF35F8F02200D5E4C6902
:1010900068004019C00024180869002D36DB268836
:1010A0004E80BFF35F8F002606608CF31088E360EC
:1010B00063880498013320615B0405985B0CA2608F
:1010C00060611A1C002B1FD093B228046280184361
:1010D0000A69EFF3108C72B61368002BFCD0BFF3D3
:1010E0005F8F8B8823808D800B69BFF35F8F002219
:1010F0001A608CF310880B7801329A40CB6808494B
:101100008C4663441A6070BD0122DDE7BFF35F8F38
:10111000002303608CF3108801204042F3E7C046AF
:101120003C20000010B543890A1493421ADD530095
:101130009B184269DB00D3180469EFF3108C72B678
:101140002268002AFCD0BFF35F8F5A88090494B24A
:10115000090C8A4208D00369BFF35F8F00221A602E
:101160008CF31088002010BD8022120214435C8092
:10117000012302698371BFF35F8F002111608CF33B
:101180001088044902788C469340C268012062446A
:101190001360E8E73C200000F0B54746CE46060065
:1011A00080B596246442E5170F00A4197D4183B0F1
:1011B0008D4215D812D000F0FBF922002B00121A34
:1011C0008B41002B16DC002B40D03000390000F0A2
:1011D0002DFA03B0C0BCB946B046F0BD8442EAD98E
:1011E0000024002500F0E4F922002B00121A8B41A4
:1011F000002BE8DD00F0DCF922002B00121A8B41F5
:10120000002B0ADB00230193124B220000931248AB
:101210002B00FFF72FFF0130D7D0A846A1460F4D76
:101220000F4C6B6A984504D8AA6A4A45CDD29845B6
:10123000CBD12268EFF3108172B61368002BFCD07B
:10124000BFF35F8F200004F053FCEAE7002ABCD014
:10125000D0E7C0466D0F0210C405002000400540D5
:10126000E86F0020F0B5CE46474680B583B0040055
:1012700000F09EF9FA2206000F0020000023002152
:10128000920001F0AFFC8019794104000D1E02DAD2
:1012900001242D4D644296267642F71736196F4188
:1012A000AF4215D812D000F083F932003B00121A79
:1012B0008B41002B18DC002B43D02000290000F0CC
:1012C000B5F903B0C0BCB946B046F0BDA642EAD9F4
:1012D0000022002316001F0000F06AF932003B00D4
:1012E000121A8B41002BE6DD00F062F932003B0060
:1012F000121A8B41002B0ADB00230193134B32009F
:10130000009313483B00FFF7B5FE0130D5D0114BD9
:10131000B1469846104E736A9F4204D8B26A4A4555
:10132000CBD29F42C9D143461A68EFF3108172B6FF
:101330001368002BFCD0BFF35F8F404604F0D8FB4E
:10134000E9E7002AB9D0CFE7FFFFFF7F6D0F02105A
:10135000C4050020E86F002000400540F0B5574666
:101360004E46DE464546E0B506000F0085B0EFF379
:10137000058399468B46002B12D0384900204B6AD2
:10138000BB4206D38A6ADB1B591E8B41B2424041E5
:10139000184305B0F0BCBB46B246A946A046F0BD16
:1013A0002F4B9A46DB68984653461B78404603937A
:1013B00000F0F6F84246039B040004339B009B5860
:1013C0000D001B1A39003000001BA941894510DCB3
:1013D0000DD020BF214A0020536A5B45D9D3926AC1
:1013E000DB1B591E8B41B24240411843D1E7834277
:1013F000EFD900F0DDF832003B00121A8B41002BD0
:101400001ADB00230193174B3200009350463B0038
:10141000FFF730FE011E0FDD104B5A6A5A451BD3F1
:101420009B6AB34216D35046FFF77CFE0B4A00205E
:10143000536A5B45ADD3D2E7084A0020536A5B4547
:10144000A7D30020926ADB1BB24240415A1E93414F
:1014500018439EE75A45E6D120BFE4E70040054027
:10146000C40500206D0F0210F0B5CE4647461100AE
:1014700080B583B004009C460C9D194300D16CE0FC
:101480006146DB170193009353401E00019B4B40C4
:101490001F0000980199361A8F4163460A996B60C4
:1014A0000B9BAC6029612A606B6100F081F88019A8
:1014B0007941002902DA0120314940422269EFF3E3
:1014C000108972B61368002BFCD0BFF35F8F022324
:1014D000E65E636972009219D2009B1822699046F9
:1014E000002E42DB1A886280BFF35F8F00224746DE
:1014F0003A6089F31088234A9860D9601A615A8843
:101500005D6101325204520C111C002A2BD088B2AA
:101510003204024359802069EFF3108772B60168E4
:101520000029FCD0BFF35F8FA1881980A6802369B2
:10153000BFF35F8F0021196087F31088124823786A
:101540008446013199400120E36863441960EA60F0
:1015500003B0C0BCB946B046F0BD00230126002749
:1015600001229C4699E70121D1E7BFF35F8F002359
:10157000136089F31088012200205242E7E7C04639
:10158000FFFFFF7F6D0C02103C20000010B5024AE7
:101590000248FFF731F810BDE8950510B03D002076
:1015A0000300416A0A00986A596A8A42FAD1704770
:1015B000034B596A0A00986A596A9142FAD17047F6
:1015C0000040054070B504000D00174A536A190029
:1015D000966A536A8B42FAD13000190024184D41A3
:1015E000AB4216D813D0104B2A005B6A9D4203D938
:1015F0000D494B6A9342FCD3934207D10A4A02E059
:10160000516A994202D1916AA142F9D370BDA642B2
:10161000E9D9054B5B6A1C005A1CEFD0012201245A
:101620006442E5175242E3E700400540064A536A28
:101630009942FCD807D1044B02E05A6A914202D188
:101640009A6A9042F9D8704700400540F8B5040006
:1016500021481E0017000D0000F0A0FC010038001A
:1016600000F09CFC069B36041B031E432368002BE2
:1016700020DB1A4B1A49E3185A1E9341802292012B
:1016800094465B421B0B174A1B0363441360164AC4
:1016900013601F000A689743FBD1144B2560E218C2
:1016A0002123A06013602368002BFCDA0823E66086
:1016B0001360F8BD3F2322681340AB42D9D1A36821
:1016C0001B051B0D8342D4D1EE22E368D2021340E6
:1016D000B342CED1EDE7C046001BB7000040FDBFCE
:1016E00008C0004000E0004000F00040043000006E
:1016F000044B00011B68044A5840F0230340136068
:101700007047C0460040064000500640024B186833
:101710000006000F7047C04600400640024B1A68A2
:10172000024B5A607047C046D06C002000800540D4
:10173000194B1A4A10B5DA618022194BD2051A608A
:10174000184C194A146000290AD0E022174BD20421
:101750001A60002809D18022144B12061A6010BDAD
:10176000E022D2041A600028F5D043011B1A9B0026
:101770001818802300015B04984209D203000C4A28
:1017800013608022044BD2055860084B1A60E6E7CC
:10179000084B1800F3E7C046008005402131B76AC6
:1017A00000B00540FCFF01000820014000A00540FA
:1017B000D06C0020FFFFFF0010B580241C4BE40517
:1017C0001C6000281AD001231A4C18431A4BDC6104
:1017D0001A4C44401C62596298628021144BC9051E
:1017E0001960174817490860E021C9041960002AE8
:1017F00007D18022144B12061A6010BD0E4BD8611F
:10180000EBE753019B1A9B009A18802312015B049B
:101810009A4209D213000D490B60074B5A6080228F
:10182000094BD2051A60E8E7094B1A00F3E7C046F6
:1018300000B00540D3C007B0008005402D3FF84FF1
:10184000FCFF01000820014000A00540D06C0020F2
:10185000FFFFFF008023024A9B000B43D3627047C7
:1018600000800540002310B50100988A1B8B984723
:1018700010BDC046162310B50100188802331B881E
:10188000984710BDF8B54746CE4680B50F1E18D014
:1018900014239946043304000025012698464B463C
:1018A0001888434621681B88984701C4431E984105
:1018B00001350640AF42F2D13000C0BCB946B04657
:1018C000F8BD0126F8E7C04601207047D021F0B5E9
:1018D000C64609060A681D4B9200804600B5D358DB
:1018E00083F3108803230C68194D2B5540BFFFF775
:1018F0005FFEFA2206000F000023404600219200FE
:1019000001F070F980197941002902DA01201149AA
:1019100040422B5D0E00042B08D00F4A536A9E42B2
:101920000ED8976A874201D29E4209D0285D0438BA
:10193000431E984101234042984380BCB846F0BD05
:1019400020BF2B5D042BE9D1F0E7C046C46C00201A
:10195000D46C0020FFFFFF7F00400540F0B5C64675
:10196000D02300B51B061C6886B005AB220002938D
:1019700001235A4093400193002380460093802224
:1019800023002549254806F005FE01283CD1244DB9
:10199000285540BF1F21059805F028FCFFF708FED9
:1019A000FA2206000F00002340460021920001F0B9
:1019B00019F980197941002922DB2B5D0E00022BD9
:1019C00008D0184A536A9E4215D8976A874201D2B6
:1019D0009E4210D02B5D022B19D1D0231B061A6812
:1019E000EFF3108172B600200F4B9200D15006B079
:1019F00080BCB846F0BD20BF2B5D022BE2D1E9E7E9
:101A000001200A494042D8E709204042EFE703237A
:101A100002202B554042EAE70C960510BD0100203C
:101A2000D46C002000400540C46C0020FFFFFF7F05
:101A300000487047DC050020F8B506000F001500CF
:101A4000FFF7F6FF041E0AD04368280098470028D5
:101A500004D13800B0472800A3689847F8BD042097
:101A60004042FBE7AA23064A1B0113608D235B005B
:101A7000D3600449044B19605368002BFCDA7047AB
:101A80000040024000B0FA000060024003BDC046C2
:101A900010B5040000F020F9A04710BDF0B5C6460F
:101AA00000B5040086B00F200E009046FEF710FF30
:101AB000002105000F20FEF7F9FE0023002200920E
:101AC00001930123029343460393D0230496059484
:101AD0006F4600240026012102201B06002C13D093
:101AE0001A6D1042FCD05C6540BF1A6D114203D1E3
:101AF00020BF1A6D1142FBD09A6DA24209D0002678
:101B0000B200BC58EAE79A6D1A6D1142FBD140BF92
:101B1000E6E70136062EF3D129000F20FEF7C6FEB8
:101B200006B080BCB846F0BD0D4B0E4A70B593426E
:101B300010D31C000C4A99180B4D0C4A9268605146
:101B4000FF20C00023500A4B0A4823500A48FFF7E1
:101B5000A5FF70BD01235B421C000849ECE7C046AD
:101B60000008042000000420F407000000ED00E05D
:101B7000911A0210FC0700008D1A0210F3070000F2
:101B8000F8B5040006200D00FEF7FCFC002844D048
:101B9000374B3849E3185A1E934180221204944669
:101BA0005B429B0D344A9B0563441360334A1360C8
:101BB00018000A689043FBD12D4B314AE318594273
:101BC0004B4180215B00490006209952FEF7DAFC68
:101BD0002900C00000F0E2F90130C3091ED14027FE
:101BE00001226262A362266BF30722D4E36A254BCB
:101BF0000620E51800232B602663FEF7C3FC39009E
:101C0000800000F0CBF97023E26A5A400E33134093
:101C10002B601D4B23630323A364F8BD1B4A93422F
:101C20001ED900231A4A1B4F6262A362266BF30778
:101C3000DCD5194B144AE3181A60656AA36A0620BA
:101C4000AD01ED18FEF79EFC144900F0A7F9AD02B6
:101C50000100280000F0A2F90021FFF7B3FCC5E75E
:101C60004006800E9F011A003F180300B9E7C046E6
:101C70000080FCBF08C0004000E0004000F00040D1
:101C8000207000202C10000001030000FEFF000067
:101C9000FFFF0000C0FF3F00303000004E0E00008C
:101CA0007047C04610B50148FEF772FC1C9605103F
:101CB00070B5074D074EB54209D20024013E761B90
:101CC000B60808CD984723000134B342F9D170BD5E
:101CD000D00C00200C0D002070B5074D074EB5420A
:101CE00009D20024013E761BB60808CD9847230090
:101CF0000134B342F9D170BD040D00200C0D002059
:101D0000054B064A06491A60064A074B1A6010003E
:101D10000B689843FBD1704700E00040BFCDFBFE4D
:101D200008C00040FE7F3C0000F00040044BDB6C2C
:101D3000002B03D18022034BD2021A607047C046A9
:101D4000000011504C201150044A054B1A60054AFE
:101D50001368DB018033FBD17047C046FFFFFF01F2
:101D600000F0004008C000404022034B9A675A67C9
:101D70001A67DA667047C04600F0014010B5FEF7FA
:101D8000E7FC10BDF8B52749274C284D641AA6106A
:101D90003200302E00D930222800920000F0C4FF1B
:101DA000BC2C3BD830202F232C196407204A801BE1
:101DB000E40F9B1B052B16D93700002C02D0B30073
:101DC000771CEA50001B33199B004108EB18C9002F
:101DD000C9181A605A6008339942FAD101230342A4
:101DE0001CD09843C619B300EA50731C2F2E15D08F
:101DF0009B00EA50B31C2E2E10D09B00EA50F31C1F
:101E00002D2E0BD09B00EA50331D2C2E06D09B00AC
:101E1000EA50731D2B2E01D09B00EA50054B9D60AC
:101E2000F8BDC04600000210C000021000000020F3
:101E3000C100021000ED00E0002310B52E4C82B06E
:101E4000A367FFF70FFE01222C4B1A60636C012B76
:101E5000FCD103222A4B1A60274A936B012BFCD139
:101E60000121284A284800930533FFF7EFFB05239B
:101E70000121244A25480093FFF7E8FB00220221B4
:101E80000420234BFEF70AFBFFF740FC0B282CD95C
:101E90000022012105201F4BFEF700FB002200213C
:101EA00007201D4BFEF7FAFA0022002108201A4BEA
:101EB000FEF7F4FA8023DB000093002200210920C2
:101EC000154BFEF771FA0022124B00210620FEF797
:101ED000E5FA0420FEF756FB104900F05FF8010018
:101EE0000020FFF7B7FC02B010BD0C20FFF700FC8C
:101EF0000B4B033BFDD2CBE7008000403CB00040E1
:101F000030B00040008C86470080024000C0024094
:101F1000001BB70000C2EB0B006CDC0240420F005C
:101F2000E02E000001480421014B1847F005002075
:101F300085180210014B5B6818470000F00500206F
:101F4000014B9B6818470000F0050020124A936F70
:101F50009B0815D29066D166002905D0FFE7FFE700
:101F6000FFE7516F106F704704B580210906C21753
:101F70005140002800D0C84337F076FA002104BD54
:101F8000F0B5146E556E576F166FFFF7E3FF1466CA
:101F9000556657671667F0BD000000D0114A936F71
:101FA0009B0813D210665166002905D0FFE7FFE7B2
:101FB000FFE7516F106F704704B5002801D0002073
:101FC000C04337F051FA002104BDC046F0B5146E8D
:101FD000556E576F166FFFF7E5FF14665566576726
:101FE0001667F0BD000000D094464A4A926F9208EE
:101FF000624601D228E0C046F0B5464E346E756E9A
:10200000776F366F00F020F89446424A14665566A2
:10201000576716676246F0BD94463E4A926F920833
:10202000624601D254E0C046F0B53A4E346E756E49
:10203000776F366F00F04CF89446364A1466556652
:10204000576716676246F0BD002B24DB11D00029CC
:102050003EDA00B5C943404200D1013100F038F802
:10206000C943404200D10131DB43524200D1013328
:1020700000BD002AEBD1002801D1002905D00020A5
:10208000C90FC90701D1C043410800B537F0DCF9D9
:102090000022002300BD00B500290ADBDB435242C9
:1020A00000D1013300F014F8C943404200D101319E
:1020B00000BDC943404200D10131DB43524200D14F
:1020C000013300F005F8DB43524200D1013300BD7B
:1020D000002923D1002B18D1002A0CD0BC460D4F6B
:1020E00038667A6600210023FFE7FFE7FFE77A6F93
:1020F000386F67467047002801D00748010000B5D7
:1021000037F0A2F90022002300BD02000B000020DE
:1021100000217047000000D0FFFFFFFF002B00D020
:10212000BFE0130C28D1002AE7D080B4114F3966E4
:102130007A66FFE7FFE730B4040C7B6F396F1B044E
:1021400023433B667A66FFE7FFE7FFE7C04684B2BA
:102150007B6F3D6F1B0423433B667A66FFE7FFE717
:10216000C04600232C042D0C7A6F386F001969418A
:10217000B0BC7047000000D0F0B594460025140EA6
:1021800001D112020835140F01D112010435940F48
:1021900001D192000235D40F01D152000135D40B88
:1021A0000134254F7C66254C3C660E0C93B2FFE74C
:1021B000FFE7FFE73C6F6643360C7703BE46734389
:1021C000DF0B5B04C01AB941130C7343DB18C91A47
:1021D000CE086643360CB64493B273431F0F1B01FF
:1021E000C01AB941130C73431F0B1B05C01AB94128
:1021F000860D8F023E436643360C092D24DB520ABE
:102200007243801A7703460A6643360C16235B1B1B
:10221000DE40DF40BF1964466643821B70460435CA
:1022200006330100D940A840C01900D30131A242B1
:1022300006D20023F0BD0000000000D0FFFFFFFF2A
:10224000121B0130F3D3F1E709277F1BFE406446E0
:10225000A2B27243801A00D20139220C7243130CCD
:102260001204821A99410B0070460435133701009D
:10227000F940A840801900D30131002B02D1A242BD
:102280000AD2F0BD013000D30131121BFAD2013B5A
:10229000F8D1A24200D2F0BD013000D30131121BAF
:1022A000F7E7F0B51C0C00D080E00CB400251C0A48
:1022B00004D11B02160E3343120208351C0B04D145
:1022C0001B01160F3343120104359C0B04D19B00F4
:1022D000960F334392000235DC0B02D192185B411A
:1022E00001351C00971864410134464F7C66464C0A
:1022F0003C660E0CFFE7FFE7FFE7C0463C6F664316
:10230000360C7703BE4697B27743C01B00D2013923
:10231000C01B00D201399FB27743C91BC91B170CE0
:1023200077437E04FF0B801BB941CE086643360C11
:102330000C2D33DBB644120B1F053A431B0B97B22F
:102340007743C01B00D201399FB27743C91B170CDA
:1023500077433E043F0C801BB941860D8F023E43FC
:10236000664329277F1BFE400C3D7746AF40BF19CF
:1023700030BCA2B2ABB272437343801A9941220CB3
:102380007243130C1204801A994102000B000137AA
:10239000001BA941F9D2781E0021F0BD0C277F1B3C
:1023A000FE4077467F0BAF40FF19E0E700245D1C3D
:1023B00007D0144F7D663966FFE7FFE7FFE7FFE7C9
:1023C0003C6F95B29EB265436643401BB141150C0C
:1023D0001E0C6543664336042F0C3E432D04401B00
:1023E000B141994204D202000B0020000021F0BD4F
:1023F00001D19042F7D3801A994101349942F2D326
:10240000F6E70000000000D0FFFFFFFF484041401A
:10241000484018B41B4B5B68FC46019308BD04DFC1
:10242000B726021018B4174B1B68FC46019308BD71
:1024300000DFC12602109446134A926F920809D217
:10244000624618B40F4BDB68FC46019308BD0CDFF5
:10245000792902100C4AF0B5146E556E576F166F3D
:102460006246FFF7EEFF084A14665566576716671F
:10247000F0BD18B4034B9B68FC46019308BD08DF10
:102480001D280210E00E0020000000D0FFB55040D3
:102490004240504059404B40594000E0FFB5154F75
:1024A0004C00640D03D0BC4204D10C0314D80020AE
:1024B000090D09055C00640D03D0BC4204D11C0366
:1024C0000AD800221B0D1B0501264B4009D44B40A6
:1024D00003D58B4200D18242FFBD9942FCD190428C
:1024E000FFBD0B43DB1803431343F5D0C943491821
:1024F000FFBD0000FF07000000B5FFF7CFFF8041E0
:1025000000BDC04600B5FFF7C9FF01D9002000BDDE
:10251000012000BD00B5FFF7B9FF01D9002000BDC3
:10252000012000BD00B5FFF7B1FF804100BD0120D3
:1025300040054A00121804D85A00121801D8002089
:1025400070470120704700000021002805D1704726
:10255000C1174840401AFAD0C90713B5064B1B688B
:1025600098470CBC441CA2401005120B0349091BE0
:1025700009051943114310BDE46F00201F0400003A
:1025800010B54C00620D8023D218DB00D21A5B0517
:102590007E2A10DD9E3A13DACC1709034908194345
:1025A0005242D140640001341532202A05DAD0406D
:1025B0000843604310BD002010BD0846604310BDB5
:1025C000C80FC018013810BD18B4044B5B6AFC4634
:1025D000019308BD24DF292B02100000E00E00202B
:1025E000132370B51D78012D19D014DD1F48FFF796
:1025F00041F906001E48FFF73DF91E4C80223100CC
:10260000200000F091FB022D2DD01B48FFF72AF986
:102610001A4B186070BD1A4B164CA364F5E7184BA3
:10262000144C23606360A360E36023616361A36172
:10263000E36123626362A362E36223636363A36370
:10264000E36323646364A364E36423656365A36550
:10265000E36523666366A366E36623676367A36730
:10266000E367A364D1E7064BA364CEE753440000BD
:1026700053460000E00E00204C330000E46F0020C1
:102680008526021007B5604601880A0A0230DF2A53
:10269000FAD1C9B2820804D30288408800041043EA
:1026A00000E00068014A5050039007BDE00E002092
:1026B0000FB403BC0CBCF0B50124E407634000E098
:1026C000F0B50C0DCF0F661E3605891B640503D3CC
:1026D000C943404200D30131640D03D0661CF60AA1
:1026E00007D0E41B00207F00791C89078912803CF9
:1026F00024031D0DDF0F6E1E36059B1B6D0503D3D6
:10270000DB43524200D301336D0D03D06E1CF60A39
:1027100007D0ED1B00227F007B1C9B079B12803D96
:102720002D032F1B661B58D4A446202E46DA2037D3
:102730001400BC401D00BD40F24033412A438018C4
:102740005941CB0F05D0C943C043002264425041D8
:10275000514162464D0D28D10D0D07D100281FD0E3
:10276000241940414941013A0D0DF9D0640006D3C6
:10277000013000D30131002C01D140084000013A62
:102780000BD4941CE40A04D112051144DB0719444C
:10279000F0BDD907204B194300E0D9070020F0BD58
:1027A0000029DDD1002CDBD1F0BD0132C607400885
:1027B000CD0728434908002EE1D0D9E73C2E29DA7D
:1027C000203E40371400BC4000D00124F2401443A6
:1027D0001A00BB401C43D317ACE7AC46202F08DAE5
:1027E00020360400B4400D00B540F840394128437C
:1027F000A5E73C2F0CDA203F40360400B44000D05F
:102800000124F84004430800B1400C43C117EAE733
:1028100010001900002494E70000F07FF0B50C0DC3
:10282000661E3605891BE60A6405640D02D0651C28
:10283000ED0A04D0002001210905803C2403A446B0
:102840001C0D671E3F05DB1BE70A6405640D02D003
:10285000651CED0A04D0002201231B05803C2403E3
:102860007740644497B484B296B27443070C7E43B5
:10287000150C6F4380B26843361802D30120000460
:102880003F183004350C00197D41844688B29AB255
:1028900050430C0C62431F0C7C438EB27E43921952
:1028A00002D301263604A4191604170C3618674102
:1028B00001BC81B29AB25143040C62431B0C5C43CD
:1028C00080B25843121802D30120000424181004C7
:1028D000130C401863412D185E410020474106BC8F
:1028E00088B293B258430C0C6343120C544389B220
:1028F00051435B1802D301210904641819041A0C0E
:10290000091862416D1856410020474118BCF90270
:10291000720D1143F0026A0D1043ED020A0D03D14E
:102920006D1940414941013B124E9B1B7600B34259
:102930000ED26D0007D30130002671416646354343
:1029400001D1400840001B05C918E4072144F0BD2F
:102950000BDA013306D1013004D101314F0D01D022
:102960004908F2E7E1070020F0BD013631050020FB
:10297000EBE70000FF030000F0B51C0D671E3F05EC
:10298000DB1BE70A6405640D02D0661CF60A04D05E
:10299000002201231B05803C2403D0252D060026A0
:1029A000F6432E661E096E66CE0FF619B446490030
:1029B0004F0D02D07E1CF60A03D000200021403FBC
:1029C0003F033E1BB600B444013F7F05C91B4908C5
:1029D0002E6F013676089C02950D25437543ED1345
:1029E0007543AD1301356D10F603761B0CB4CC02A4
:1029F000450D2C43A2B2B3B25A43270C7B43350C8E
:102A00006F43A4B26C431B1902D3012424043F1961
:102A10001C041D0CA4187D4124196D41009A91B22B
:102A2000ACB26143170C7C432B0C5F4392B25A4308
:102A3000A41802D301221204BF182204230C521836
:102A40007B41019C6C431B19520ED9010A4344017E
:102A5000A01A81B2B2B2514303145A43360C7343E5
:102A600087B27743D617D21900277E4136049B19C7
:102A70001704160C7F185E417316ED18F30100263B
:102A800080337541A90F06D16400690AE8055B0A25
:102A9000184309D22FE00422944480337541A90AD7
:102AA000A8059B0A184326D3404149412404009AB3
:102AB000019B0D005543641B4343E41A95B286B253
:102AC0007543170C7E43030C5F4392B25A43B6180A
:102AD00002D301221204BF183204330C52197B4175
:102AE00052429C41002C02D4002201305141400846
:102AF000CA071043490802B06246D7079210084B34
:102B0000D218084B9A4203D212058918C919F0BD90
:102B10000020002A01DC3900F0BD01331905F5E77A
:102B2000FD030000FE070000002200B5203200F087
:102B300004F8080000BD000000220B150AD410B5EF
:102B4000944600F031F81414013400DA0021CB1758
:102B5000144C20470020002170476244343A0CD4C2
:102B60000C2A07DA04009140904052422032D440AF
:102B7000214310BDD843D94310BD203207D40C46A1
:102B80009440524220321141D040204310BD0800F1
:102B9000C917203203D452422032104110BD180010
:102BA000190010BD5B2B02100A0DCC0F531E1B0524
:102BB000C91A520503D3C943404200D30131520D13
:102BC00003D0531CDB0A07D0121B00206400611CD9
:102BD00089078912803A1203014BD21A704700000C
:102BE000FF03000051434343C9188C46110C83B2C4
:102BF0004B4310B4040C614392B280B25043624321
:102C00001C041B0C001910BC59411304120CC018F1
:102C10005141614470470000132310B512481C78DD
:102C2000FEF728FE0100012C0AD003DD80220F48A8
:102C300000F07AF80E48FEF715FE0E4B186010BD36
:102C40000A4C5422200000F06FF80B4B6365A3651B
:102C5000E36523666366A366E36623676367A3672A
:102C6000E3672362E361E5E753460000E00F0020DD
:102C70004C330000E46F00207D2C021007B5604645
:102C800001880A0A0230DF2AFAD1C9B2820804D3C5
:102C9000028840880004104300E00068014A505058
:102CA000039007BDE00F0020F8B506000C000C4FA4
:102CB000380036F0F1FB2100300035F03FFB050015
:102CC000380036F0B9FB7443002D05D0054B2C19A4
:102CD0009C4201D82800F8BD0348FDF759FCC046C6
:102CE000C00C0020000004202896051070B50400D8
:102CF000054D280036F0D0FB200035F07FFB280082
:102D000036F09AFB70BDC046C00C0020014804217B
:102D1000014B18470006002085180210014B1B6864
:102D20001847000000060020014B5B6818470000B0
:102D3000000600209A4200D2885470477047C0466F
:102D4000F8B55746DE464E464546E0B599460A9BDD
:102D500007009A460D9B884693460B9C9B073BD1E8
:102D60000C9B9C423DD21E1B0B9415000C005E4434
:102D70002A004B46013521002020B847B542F7D143
:102D8000A0460B9C002C20D0454636195346321BDA
:102D9000013C185D29004B46B847002CF6D12B00AA
:102DA000350098460D9B9B070FD55B46EC1A0C9B94
:102DB000A3420AD9464698462A004B4631002020B5
:102DC0000134B84701354445F6D32800F0BCBB4672
:102DD000B246A946A046F8BD16001500002CD3D176
:102DE000E0E716001500002CCED1EEE7F0B5454621
:102DF000DE4657464E46E0B585B09C4610AB1B7884
:102E0000149F934698460F9C129E139DBB074CD46B
:102E1000002D42D1B44248D201233B4099460E9B3B
:102E2000013B9A46302304E0524601341355A64232
:102E300001D9202CF8D14B46002B00D183E00E9B0A
:102E4000013B99463023A54205D82EE04A4601347D
:102E50001355AC4229D0202CF8D1FB060CD57B05AC
:102E600054D4A64263D0A54261D0119B102B50D000
:102E7000022B57D0202C32D1202301930E9B5A468F
:102E80000093039763460295FFF75AFF05B0F0BC25
:102E9000BB46B246A946A046F0BD01233B40994639
:102EA00001233B422AD1B442B9D3FB061CD57B0592
:102EB000DBD4002CD5D1119B102B5BD0119B022BA6
:102EC0006BD0302301240E9A13704346002B10D18F
:102ED0007B073ED52B260E9A631C1655CDE72300A3
:102EE000013430260E9AD654202CC5D04346002BF0
:102EF000EED02D260E9A631C1655BEE74346002BD6
:102F00002FD0013DB44200D289E798E7119B102BE6
:102F1000B2D1BB0637D5202CAED058230E9A13550C
:102F20000134A7E7202CA7D02300013407E0631E5B
:102F3000012CC0D0119A102A31D0022AD1D1622698
:102F40000E9AD65496E7FB06CED57B0500D488E7CB
:102F50008BE723003E0790D520260E9A01331655A5
:102F60008BE70C233B405A1E9341ED1AB44200D22A
:102F700055E764E7BB060ED478230E9A022413703B
:102F800030235370A1E7202C00D175E778230E9AE7
:102F9000135501346EE75823EFE76033EDE70E9ADF
:102FA000A61E91464E44BA0602D55822327098E7C2
:102FB0007822327095E7C04610B5002800D110BDC8
:102FC00001F0C4FCFBE7C0460B0010B5002802D09E
:102FD00049681B68984710BDF0B55746DE464E4617
:102FE0004546E0B595B083460F00924698461E9A36
:102FF0001F9B10001900209EFFF799FA002800D0AF
:10300000EAE11E981F990122C54B5242FFF774FA5C
:10301000002800D014E11E981F990122C14B524292
:10302000FFF780FA002800D0E9E01E981F990022DF
:10303000BD4BFFF777FA002800D0C8E01E981F9913
:103040000022BA4BFFF758FA002800D0BFE01E98C4
:103050001F9900220023FFF74FFA002800D0E4E078
:1030600000230B93229B5B0500D40626002430230B
:1030700007E0172106AA013452181355013E202CEF
:1030800001D0092EF5D81E981F99FFF779FAA84BA1
:10309000F2009B181A685B68050008920993FFF715
:1030A00057FA02000B001E981F99FFF7B2F9089A11
:1030B000099BFFF7DEF906900791FFF785FA814635
:1030C000FFF742FA02000B0006980799FFF7A1F9F3
:1030D0000022984B06900791FFF724FA002800D1B0
:1030E0000DE101239C46E1444846FFF72DFA02001A
:1030F0000B0008980999FFF705FA002802D0002371
:1031000099460135002E00D1D9E006954D46B946C5
:1031100014E006AA944617230A21634428000134C8
:103120001F19FEF73BFF3031397028000A21013E9C
:10313000FEF734FF092D00D817E10500202CE8D157
:103140004F46069D20240CAE06AA172394466344DE
:1031500099465B46B34606930FE04B4628000A218A
:103160000134E618FEF7F2FE3031280031700A21F2
:10317000FEF7ECFE051E00D1E4E0202CEDD1069B0D
:103180005E469B460323229A1340012B18D1219BB4
:10319000002B15D00B9B002B00D1FDE0219B013BA8
:1031A0002193202B0CD93023219A07E0172006A960
:1031B000013409180B55944200D3CCE0202CF5D1F2
:1031C000229B01940393219B0096029322E0229B71
:1031D00052460493219B3900039358461E9B1F9C23
:1031E000029600930194434600F04AF9040020003F
:1031F00015B0F0BCBB46B246A946A046F0BD229B26
:103200005B070FD403224C4B229901920391219921
:10321000009302914346524639005846FFF790FD0D
:103220000400E4E70422454BEEE71E9A1F9B0020B2
:103230000021FFF7EEF801231E901F910B9311E779
:10324000229B54469B0711D1219B042B0ED9219B15
:1032500055469C465E46043C64442A00434601357C
:1032600039002020B047A542F7D1B346344D26009F
:103270002B1F99465B46A3461C003200E878434664
:103280003900013DA04701364D45F6D123005C468B
:103290009B46229B04349B07A9D55346219AE31AE7
:1032A0009A42A4D95E4615002200434639002020E8
:1032B000B04753460134E31A9D42F5D897E72800FA
:1032C000FFF746F902000B001E981F99FFF7A1F8BF
:1032D0000022184B06900791FFF70EF90CAE00285C
:1032E00000D031E7069807990022124BFFF71AF930
:1032F000002800D028E7012301359D4324E7002260
:10330000069807990B4BFFF7F7F8002800D0F9E66D
:103310004B46002B5CD101239C46E144F2E6C046BB
:10332000FFFFEFFFFFFFEF7F65CDCD4165CDCDC145
:1033300060CD05100000E03F8096051078960510DE
:1033400088960510069B5E469B460323229A1340EF
:10335000012B00D181E0202C00D131E70B9B002B09
:1033600027D02D23335501342AE74F46069D202CC4
:1033700000D1E7E63022331907E0172006A901340F
:1033800009180A55202C00D1DCE6A342F5D12E22E3
:103390000CAE0134F254D7E60C23229A134257D0D4
:1033A000219B013B2193A34200D9FCE6202C00D1B4
:1033B00006E7229B5B0703D52B2333550134FFE639
:1033C000229B1B0700D4FBE6202333550134F7E68C
:1033D000DB0700D496E69EE7229B55469B0711D15A
:1033E000219B032B0ED9219B54469C465E46033DF0
:1033F000654422004346013439002020B047AC42E6
:10340000F7D1B346B9465F461C4EEC1C2A00B07893
:10341000434649460135B847013EAC42F6D1229BAE
:10342000BB464F469B0700D4E1E65346219AE31A78
:103430009A4200D8DBE65E4615002200434639007A
:103440002020B04753460134E31AAB42F5D3CEE611
:10345000219BA34200D9A6E6B2E6219B002B00D116
:1034600079E70B9B002B97D0219B013B21939C423A
:1034700000D298E6202C00D073E7A1E684960510D0
:10348000F0B5DE4657464E464546E0B599B0814612
:103490008B4692469846229A239B10001900FFF70C
:1034A00046F8002800D0CAE0229823990122824BD6
:1034B0005242FFF737F8002800D0C0E02298239945
:1034C00001227E4B5242FFF717F8002800D0B6E0E9
:1034D0002298239900220023FFF70EF8002800D03D
:1034E000C9E1229B239C0893099408980999802399
:1034F000269ADB001A400D928022269C120114406D
:1035000022000B94269C07000E001C4200D0ADE068
:103510000B00034300D0D5E0002A00D00AE22200CD
:1035200006332493022313400C930223134200D04A
:1035300002E2259B042B00D20FE2043B0B930023F5
:1035400004250A930022229823990023FEF7D4FF32
:10355000002800D003E25A4B269A134004930B9B99
:103560000393249B0293089B099C00930194594662
:10357000434652464846FFF72FFD02002020269B77
:103580001F27034059424B415B421840531C08938C
:10359000594643464530C8470A9AD317D4185C4069
:1035A000D30F0A936B1E0B9308AB9C460025674410
:1035B00001E0202D0FD020000A21FEF7EFFC01359D
:1035C0007E193031317020000A21FEF7E7FC260019
:1035D0000400092EEDD8052306930B9B594605934D
:1035E000002304930A3303930A9B4846029310ABCB
:1035F0000093089A43460195FFF7F8FB0C9B002BBC
:103600002DD05346C41A259BA34228D94D465F4668
:1036100081461E00534639001A19202043460134C2
:10362000A847A642F6D8534648462599C21A013201
:103630000023914200D386E1013018180FE0269B49
:103640000493259B0393249B0293229B239C00932A
:1036500001944346524659464846FFF7BDFC19B00F
:10366000F0BCBB46B246A946A046F0BD01432BD1F3
:103670000B9B2200002B00D154E700230A93249BCC
:103680000A9A0024934200DD85E1229823990022C2
:103690000023FEF731FF002800D035E1269B084AC1
:1036A00002941A408023DB0013430493259B039369
:1036B000089B099CCBE7C046FFFFEF7FFFFFEFFFB2
:1036C000FFF7FFFF06232493B44B70009C46400D88
:1036D0006044FEF73DFFB24AB24BFEF7CAFEB24A63
:1036E000B24BFEF79FFE3603B14B360B334304005B
:1036F0000D00380019000022AE4BFEF78AFEAE4ADC
:10370000AE4BFEF7B6FE02000B0020002900FEF7CC
:1037100089FEFEF735FF0A90FEF71AFFA84AA94B6B
:1037200004000D00FEF7A5FE0022A74BFEF77AFE6F
:10373000FEF726FFA54A0600A54B20002900FEF74C
:1037400098FE040030000D000C96FEF701FFA14A20
:10375000A14BFEF78EFE02000B0020002900FEF7B1
:1037600058FE02000B0006000F00FEF782FE32003A
:1037700004000D003B0030003900FEF753FE00222C
:103780000E900F91954B20002900FEF754FE002269
:10379000934BFEF747FE02000B0020002900FEF7C6
:1037A0004AFE00228F4BFEF73DFE02000B00200078
:1037B0002900FEF740FE0D008021040032003B008E
:1037C0000020C905FEF725FE02000B00200029009D
:1037D000FEF728FE02000B000E980F99FEF72BFE55
:1037E0000022734BFEF71EFE7F4B0C9C9C466444EC
:1037F00000222305FEF73DFE06000F0002000B002D
:1038000008980999FEF778FE00280AD00A9B300034
:10381000013B39000A930022714BFEF70CFE0600B3
:103820000F000A9A330063323900C62A12D80222E6
:103830002698042510400B9A0C90002A25D1259B30
:10384000042B05D9002800D0A1E0259B043B0B9355
:10385000042541E00222269810400B9A0C90002A81
:1038600012D1259B052B76D9002872D1259B0525E1
:10387000053B0B9334E0802212069446229B08936A
:10388000239B6344099330E605250B4300D1F6E6FC
:1038900008980999554A564BFEF73CFE002808D077
:1038A000089809990022534BFEF726FE002800D005
:1038B000E5E6249B002B1CD00D9B002B19D0249BEC
:1038C000013B2493259BAB4204D90C9B002B5AD07F
:1038D00002230C9300230B930A9B002B00D131E6AB
:1038E0000898099932003B00FEF7A5FD0890099160
:1038F00028E6259BAB42EDD90C9B002B43D000233F
:103900000B9302330C93E7E78020269B3A4A00068C
:103910001A40802384460294089C099D2900DB00FC
:1039200013430493259B6144220003930B000092F0
:1039300001938EE60524A8E600230B930A93023335
:1039400004250C93FEE553468C46013B63441B1A49
:1039500072E602230C930525C2E70423EDE58020DF
:10396000089E099F000639008446269A224B61442E
:10397000134004930B9B32000393249B02930B0090
:1039800000920193F3E5259B5B1B0B93A4E70223B5
:1039900004250C93A0E79C1A013C76E601FCFFFF8E
:1039A000FB799F501344D33FB3C8608B288AC63F2E
:1039B0000000F03F0000F83F61436F63A787D23FEC
:1039C00071A379094F930A400000E03F1655B5BB3B
:1039D000B16B0240EF39FAFE422EE63F00002C4068
:1039E0000000244000001840FF0300002D431CEBA2
:1039F000E2361A3F80842E41FFF7FFFFF0B5DE4626
:103A000057464E464546E0B5A5B01E002E9B924651
:103A10000C93CD4ACD4B80468B461A60002900D1CD
:103A2000EAE1002330789946002800D1ECE1C84B48
:103A30004C460B93C74B454657460E930AE0631C12
:103A4000984622003B005946A84744463078002853
:103A500000D187E001362528F1D108239A46043B9E
:103A60009946023B9846013B00229C460D943078D3
:103A7000711C0300203BDBB2102B03D80B9C9B0076
:103A8000E3589F460300303B89460D9C092B3AD9E9
:103A9000002398462A2800D1C1E000239A462E2808
:103AA0004BD00300683BDBB2122B1ED80E999B0053
:103AB000CB589F4663460E001A43D8E743460E0094
:103AC0001A43D4E74B460E001A43D0E710230E00EA
:103AD0001A43CCE753460E001A43C8E780235B0025
:103AE0001A43FF3B9C467078E1444E4667284FD806
:103AF0002428A4D90300253BDBB2422B9FD896494A
:103B00009B00CB589F46002394461E0000E00131E5
:103B1000B3009B195B001E180878303E0300303B51
:103B2000092BF4D90123624689469C460023B046FE
:103B30009A460E00E1442E28B3D13021802049421C
:103B40008C46C000024370784B4684446146092984
:103B500000D86CE12A2800D17AE101239C464E4628
:103B6000E1449EE7A146A846BA46CA4503D80123C8
:103B70005B425344994653464A4659460020C04743
:103B8000200025B0F0BCBB46B246A946A046F0BD19
:103B90000300693BDBB20D930F2B00D94FE70121E6
:103BA00099408C466D49894661464B4619400F91B4
:103BB000634649460B4200D028E10D9B0A2B3AD0C0
:103BC000072B00D03BE70C9B190008C98846002B47
:103BD00000D14BE121200243914614A98C461F22BB
:103BE0000F2162448C4651460D950C91A24615005A
:103BF0000F9902E020290CD0130064461C402000DD
:103C00003730092C00D80738013168541A090F2BB6
:103C1000F0D80C9B54460D9D9A460F9133E10C9BB6
:103C200002CB8846002947DB0C9301239C46707821
:103C30004E46E14431E70C9B02CB14935346002BD4
:103C400000D138E19C4608780B000C908C44002889
:103C500001D100F098FC89466146944603E05A7809
:103C60000133002A01D08B42F9D1494662465B1AE2
:103C70000C900F93530500D520E10223180010404B
:103C80000D90134200D1CBE30D930B1BB1469A4626
:103C90005E460C9822003B003100A8475346013491
:103CA000185D0028F6D1B3464E460D9B002B00D080
:103CB000C7E1149B0C93C9E60C9301239C4628385A
:103CC00049420243884670784E46E144E5E6707802
:103CD0006C2800D17FE180235B001A43FF3B9C46A8
:103CE000E14402E780239B001A4301239C4670783D
:103CF000E144FAE67078682800D173E180231A4322
:103D00007F3B9C46E144F0E6672800D103E1472869
:103D100000D15AE1452800D15AE1049207214246D8
:103D20000C9B0392073352468B43190002920CC935
:103D30002800009201930C9122003B005946FFF7A6
:103D40009FFB040082E6C046FD390210CC6C0020C7
:103D5000C0CB051004CC051050CC051041900000DC
:103D6000462800D1DBE00492072142460C9B0392D7
:103D7000073352468B43190002920CC92800009267
:103D800001930C9122003B005946FFF725F90400EE
:103D90005CE6631C984622003B0059462520A84754
:103DA000444653E60C9B04330D93631C99469207DB
:103DB00000D422E10C9B2200187859463B00A8470A
:103DC00043464444012B00D885E23300B8462E0018
:103DD0005F4625004C46994622004346013439008F
:103DE0002020B047AC42F7D12C00BB4635004746F7
:103DF0004E460D9B0C9329E6DB4B3078984600230A
:103E00009946002800D012E60024AEE66F2800D1C3
:103E100088E000D80BE31023782800D1CFE09A4344
:103E20000A239C4600230F930A330D9380E05646E5
:103E3000B1008919490001330E181878303E01008D
:103E400030390929F4D9B2461E000133994628E6D3
:103E50000C9B023602CB8A46C9435046C91708401C
:103E600082460C933078731C99461AE61023100092
:103E7000984311331843814680201300C00003404B
:103E8000024200D1A9E64B46069308230593534608
:103E9000049310230393002302930F9B22000193AA
:103EA0001CAB009359463B002800FEF79FFF43469A
:103EB00004000C93CAE501235B42C3E60F9B534504
:103EC00001D953460F930223180010400D9013425E
:103ED00000D1B7E10D93D1460B1B9A463300A144A4
:103EE0002E0022004D460C98B9465F469B4608E0DE
:103EF0004B463900541CB0475346185D002877D014
:103F000022009542F4D15B46BB464F46A946350098
:103F10004C461E00C9E680231B011A43FDE6202300
:103F20001A4320E708239C4600230F9308330D9380
:103F300080231100DB0019401A4200D116E10D2345
:103F40009A431000802302009B001A4014921842EA
:103F500000D0C2E1802302005B001A4091460C9A17
:103F600004320F92184200D0B7E2430600D59FE119
:103F7000030600D419E30C9B1B880993002B00D087
:103F8000FCE110339843002900D1F7E10023994662
:103F900043460593534604930D9B069003930023D9
:103FA000D2E0582808D0622867D102239C4600231B
:103FB0000F9302330D93BBE720231A43103B9C461B
:103FC00000230F9310330D93B2E780231B011A4394
:103FD00020231A43A1E6C0239B001A43F31C9946F1
:103FE000B07882E5C0231A43F31C9946B0787CE58B
:103FF00035005E46BB464F4657E64346012B00D888
:1040000063E1631E43449A463300B9462E005F467F
:1040100055469B46A24622004B46013439002020DB
:10402000B047AC42F7D135005E46BB464F46A1468D
:1040300054460C9B4A46187859463B004444A847CE
:10404000D7E6A1460F9B984500D832E64444E41ACF
:104050003300B8462E005F4625004C4699462200A4
:104060004346013439002020B047AC42F7D12C0040
:10407000BB46350047464E461BE680231000DB005A
:1040800018401A4200D10FE1112118008A430D9205
:104090000D9A802311009B0019408C461A4269D169
:1040A000802311005B00194089460C9904310F915F
:1040B0001A4200D0CAE113005B0600D5F0E01300FD
:1040C0001B0600D459E20C9B00229B5ED9175A189C
:1040D0004A4092B2D90F0C91002B00D1F9E11000A7
:1040E00014AA944642461F23149252466344A8469B
:1040F00016944D460400B946B2461F00159201E0E1
:10410000202D0FD020000A21FDF748FF01357E1930
:104110003031317020000A21FDF740FF26000400F5
:10412000092EEDD8149B4F46A94645469846159B47
:1041300056469A46169C0D9B069343460593534656
:1041400004930A2303930C9B02934B4601931CABED
:104150002200009359463B002800FEF747FE0F9BC4
:1041600004000C9372E4C0463D2D02100C239A43C8
:104170001000E7E607220C9B073393430132944675
:104180009C4462460C920CCBD90F0F91110019433D
:1041900000D191E0D91713911291514010911399C8
:1041A0005940119110981199129A139B801A9941B4
:1041B0001090119114AA00239446424699461492F5
:1041C00052461F336344A846B24616944E46109C8E
:1041D000119DB94615921F0001E0202E10D020003D
:1041E00029000A220023FDF717FF013630322B0089
:1041F000BA550D0022000400002BEED1092AECD89C
:10420000149B1094119545469846159B4F46B14610
:1042100056469A46169C0D9B069343460593534675
:1042200004930A2303930F9B02934B4601931CAB09
:104230002200009359463B002800FEF7D7FD0400FA
:10424000FFF704FC0F9B984500D8C1E18023DB00F9
:104250000D9343460F9A1B199B1A994633002E0063
:104260004D46B9465F469B460C9122004B460134B1
:1042700039002020B047AC42F7D143460C990133B6
:104280000F930B7835000C935E46BB464F46002BD0
:1042900000D10EE50D9B002B00D1F6E4002319E6BA
:1042A0000C9B1B781A0015E710239A430D92EFE63A
:1042B0000C9B1B78099361E6002399460028AAD13C
:1042C000002200231092119374E70C9B22001878AF
:1042D00059463B00A8474C468BE50C9AFA3BFF3BFE
:1042E00007329A430133994691444B460C93136825
:1042F000526815921A4306D1103290430022099257
:10430000002900D081E06122810600D54122D2B28D
:104310000A9214AA91460A9A00210A3A1492424635
:104320001792524618925A460991B3461F311E0001
:104330000F9B4944BA4619941A950024674698463B
:104340008946159D16901B920AE03032D2B24B4638
:1043500001341A55A8454AD0202C4AD006000D0039
:104360003A00002330002900FDF756FED2B2092A98
:10437000EBD9149B9C466244D2B2E8E761238206E3
:1043800000D54123DBB20A3B0C93434614A91F22FC
:104390008C46159353466244A046B2464C46179746
:1043A000A9461700099D0D9E1490169308E030331E
:1043B000DBB201343B55B5420ED3202C0CD00500A6
:1043C00031002800FDF7EAFDCBB20929EFD90C9A9C
:1043D00094466344DBB2ECE7159B4D46A146444648
:1043E0009846169B564614989A46179FD0E5B742B2
:1043F000B2D9179B57469846189B5E469A461B9B18
:1044000009949B461698199C1A9D4346059353465A
:1044100004930D9B0690039300230293099B05E7E9
:104420000F9B984500D914E701330F932DE4102317
:10443000110099430D91692800D0BAE08023100043
:10444000DB0018401A4200D122E61DE60C9B1B68D7
:10445000DA0F1100002B00D18CE0DA1798185040C9
:1044600014AA914642461F23149252464B44A0463A
:10447000A946169704006546B2461F000C91159296
:1044800001E0202D0FD020000A21FDF787FD013526
:104490007E193031317020000A21FDF77FFD2600A2
:1044A0000400092EEDD8149B444698460C9BAC465C
:1044B0001900159B56464D469A46169F0D9B029134
:1044C000069343460593534604930A230393634696
:1044D0003CE6002800D02EE602E60C9B1B689946BD
:1044E000002B03D110339843002938D16123820671
:1044F00000D54123DBB20A3B0C9343461693534647
:1045000014A91F228C4617932B006244A0464D46E7
:10451000B246189799461700149C0D9E159008E016
:104520003033DBB201343B55B5420ED3202C0CD0D6
:10453000050031002800FDF731FDCBB20929EFD984
:104540000C9A94466344DBB2ECE7169B1494444601
:104550009846179B56464D469A461598189F4346CF
:104560000593534604930D9B0690039300230293F7
:10457000149BEBE50028A1D172E70C9B1B68D917AF
:104580005A184A40A6E580231000DB0018409C46DC
:104590000F901A420FD00220030013400F931042D5
:1045A00019D00023A1460F934CE50C9B1B6809937F
:1045B000E4E40A0034E40223180010400D90134292
:1045C00000D03EE54346002B00D042E6FFF771FBEA
:1045D00001330F937FE463460D93F3E70EB401229A
:1045E00030B584B007AC08CC064D0100009428001B
:1045F00052420394FFF702FA04B030BC08BC03B087
:104600001847C046352D02100CB430B585B008AC43
:1046100008CC064D0A000094010028000394FFF71F
:10462000EDF905B030BC08BC02B01847352D0210BA
:1046300010B50C0084B00394012402A902900093E9
:10464000034813006242FFF7D9F904B010BDC04619
:10465000C92F021010B5094A0300146884B0002C59
:1046600008D0012200910648524203A9A047012028
:1046700004B010BD00F0B4F90020F9E7CC6C0020C4
:10468000B92F021000BEFDE7094A03001068002898
:1046900005D00849C3188B4207D8136070470648F5
:1046A0000449C31810608B42F7D901204042F5E756
:1046B000245C00200000042068F1012010B5FFF701
:1046C000E1FFC04670B5FDF7F3FA074D074EB5425E
:1046D00009D20024013E761BB60808CD9847230076
:1046E0000134B342F9D170BD0C0D00201C0D002027
:1046F000030010B5080011001B68984710BDC046A4
:10470000F0B5C64600B5437D07000C001600002B2F
:1047100046D0002A17DD0B780A2B24D000239846B8
:10472000012E13D001252900635C01350A2B26D008
:10473000B542F8D1464509DCA419013C23780D3B6C
:104740005A4253413B7580BCB846F0BD4346E01821
:10475000A419F11A013C3B68984723780D3B5A4253
:1047600053413B75EFE7037D002BD7D102210F4862
:104770003B689847012EDFD001239846D2E7631E9D
:104780005B5C0D2BD4D0884504DA4346C91AE01887
:104790003B689847022105483B68A8469847C7E709
:1047A0000368110020009847CDE7C046B0CD051042
:1047B000F0B5C6460B6806000C0000B5802B06D08D
:1047C0005A1C2260E418267180BCB846F0BD0F4B1D
:1047D0001D68002D16D00B1D98460D4F02E02D6967
:1047E000002D0FD02B68002BF9D03B68002B01D097
:1047F000AB42F4D1280041462268FFF781FF2D69C2
:10480000002DEFD101220023DBE7C04650530020EA
:104810005C530020F0B54546DE464E465746E0B5AF
:1048200083B091461C0080460D00FCF7C1FE0023BA
:10483000304A12184B41002B02DA01222E4B524211
:104840002E4908008A4634F01FFE07006B1C03D176
:10485000404634F057FC0500002C27D0284E294B49
:104860001C68002C18D04B46002B21D1264B9946B2
:1048700002E02469002C0FD02368002BF9D04B46AE
:104880001B68002B01D09C42F3D120002A00414636
:10489000B0472469002CEFD1002F26D1280003B0A7
:1048A000F0BCBB46B246A946A046F0BD174ED6E7BF
:1048B000154B99460A239B4602E02469002CEBD055
:1048C0002368002BF9D04B461B68002B01D0A34274
:1048D000F3D12A0041462000B0476B465A462000DB
:1048E000DA71D91D0122B047E7E7504634F0A4FD44
:1048F000D4E7C04640420F00FFFFFF7FC80C0020F6
:1049000001470210505300205C530020F146021072
:104910000A4A1368002B05D10CE01A001B691032FB
:10492000002B07D08342F8D1002902D1186910600A
:10493000196170470029FCD01060FAE7505300203D
:1049400010B500F0ABF9012010BDC046F0B5CE4661
:10495000474680B583B06B460600DD1D2870FCF726
:1049600027FE0023194A12184B41002B02DA0122BC
:10497000174B524217490800884634F085FD164B04
:1049800081461C68002C14D0144F02E02469002CCE
:104990000FD02368002BF9D03B68002B01D09C423C
:1049A000F4D1200001222900FFF7AAFE2469002C7F
:1049B000EFD14B46002B05D1300003B0C0BCB94647
:1049C000B046F0BD404634F037FDF5E740420F00F9
:1049D000FFFFFF7FC80C0020505300205C530020D5
:1049E00070B5040034F08EFB0123010005000122A4
:1049F0002000FFF70FFF084B1C68002C06D06368EF
:104A0000002B05D098472469002CF8D1280070BDF0
:104A10002469002CF3D1F9E750530020F0B5CE46BD
:104A2000474680B5A3B004000D00FCF7C1FD00238C
:104A3000274A12184B41002B02DA0122254B524221
:104A4000254E300034F020FD0023220001930700A2
:104A50002B00224801A9FFF7EBFD214B8046994628
:104A60001C68019B002B1AD0002C2FD01D4D02E09A
:104A70002469002C0FD02368002BF9D02B68002B61
:104A800001D0A342F4D12000019A02A9FFF738FE19
:104A90002469002CEFD14B461C6800230193002CA5
:104AA00006D06368002B0BD098472469002CF8D1FE
:104AB000002F07D1404623B0C0BCB946B046F0BD78
:104AC0002469ECE7300034F0B7FCF3E70194EFE73A
:104AD00040420F00FFFFFF7FC80C0020B1470210CB
:104AE000505300205C5300200FB400B583B004A9DC
:104AF00001C90191FFF792FF03B008BC04B0184749
:104B0000F0B5002915DD0E4B0D271A680D4B0E4C24
:104B1000D3185D426B41451820215B001E5F04786D
:104B2000A64207D093691942FCD101301460A84213
:104B3000F5D1F0BD93691942FCD11760F2E7C04688
:104B4000247000200080FCBF20700020204B70B536
:104B500004000D1E1E682ADD002010211D4B013CA3
:104B60001A689369194214D1013093691942FCD132
:104B7000136823548542F4D1002E08D05023936348
:104B8000516B183B0B4014498C466244136028005B
:104B900070BD002E08D050239363516B183B0B401F
:104BA0000D498C46624413600028F1D10CE0002EC0
:104BB0000AD05022074B1B689A63596B183A0A4077
:104BC00005498C4663441A6003204042E0E7C04632
:104BD000A43D00202470002034100000064B10B5C6
:104BE0001B68002B06D00021044A12689163044A16
:104BF0001068984710BDC046A43D002024700020D6
:104C0000A83D00200822034B19688B691A42FCD189
:104C10007047C04624700020F8B51A4F1A4B3A6806
:104C20000500D31858424341184E14331C00336812
:104C3000002D02D0002B0FD0F8BD002BFCD000219E
:104C400020009563FBF732FE20001149FBF776FE4A
:104C5000104B35601D60EFE70E4B200019600C49CA
:104C60003560FBF741FE01212000FBF71FFE5022BB
:104C70003B689A63596B183A0A4007498C4663446B
:104C80001A60D9E7247000200080FCBFA43D0020FA
:104C9000DD4B0210A83D0020341000000D4B10B574
:104CA0001B780D4B0D4C1B780D4B02211B780D4BC7
:104CB00000202360FBF75AFD02210120FBF756FD7F
:104CC000E12120680903FCF75BFF01210648FFF79B
:104CD0001FFE10BD1C2D0610182D0610247000207C
:104CE000142D0610004003401006002070B50F4C34
:104CF0000F4D104A24184D41A900A00F0843A90FD9
:104D000069400D4B6040FDF76DFF4A01C30E134330
:104D1000CA0E58405140094B094AFDF763FF4A004B
:104D2000C30F1343CA0F5840514070BD157C4A7FD2
:104D3000B979379EB9E5E41C6D4758BFBB49D0949B
:104D4000EB113113F0B504684568060023002A0012
:104D5000C6468068F16803430A4300B5134304D193
:104D6000FCF726FC03000B43FAD023062A0A604016
:104D70002F061A43230A3B43070CBC4669404B40AD
:104D8000984663460F041F43424003045A4043467B
:104D90007B4032607360C20E4B011343C90E400169
:104DA0000843B360A10FAB000B43A20012196B4183
:104DB000F060D101580E520EDB0108431A43040083
:104DC0001500430FD1001943C0000019694180BC90
:104DD000B846F0BDF0B5DE4657464E464546E0B50E
:104DE000AD4C97B005942478002C00D1D5E00EABE3
:104DF0000D93AA4BAA4F0293AA4BAB4D9B465B4621
:104E00001E685C689B680B935B46DB680C93A74B42
:104E100005931B78DBB20693FCF7CAFBFFF766FF2E
:104E2000A34B70409B69614008900A91DB0433D525
:104E3000A04BDA6BE0231340402B2DD0EFF305831A
:104E400099469D4B3E68984600239A462B004D4656
:104E50007C68994630002100002D1AD0FCF7E6FB53
:104E6000EFF3108272B643461B68002BFBD0BFF3F2
:104E70005F8F3B68B34212D0BFF35F8F434651460A
:104E8000196082F310883E687C6830002100002D94
:104E9000E4D1FCF781F9E3E7FCF704FFCEE77B6898
:104EA000A342E9D1824B1400DE69FCF781FB0A22A0
:104EB0000023801859414D4602000B1E02DA0122E0
:104EC0007E4B52420CC72A686B68100019000127FC
:104ED00080185941374007430022009001912F600C
:104EE0006960BFF35F8F744B1A6084F31088744954
:104EF000029B8C461B787349DB00634498688842A8
:104F000049D00021FFF7F2FE089D0A9C45404C4025
:104F1000EFF3108672B6684A1368002BFCD0380095
:104F20000199FFF7E3FE0B9B58400C9B5940BFF3E0
:104F30005F8F059B069A1B78934208D05B460CCB8B
:104F40005C405B4655409A68DB68504059405F467C
:104F50000D9B0E955C609860D9601800FFF7F2FE1B
:104F6000109A119B0E9C0F9DBA60FB60059A3C60E5
:104F70007D6013780133DBB21370BFF35F8F0022C3
:104F80004D4B1A6086F3108817B0F0BCBB46B24692
:104F9000A946A046F0BD9A60B3E74B4B0090019143
:104FA0009C464A4B4A4C9846A14665682468A10D28
:104FB000AB02A2020B4310001900001969410290D4
:104FC000039102990027890E8A460399890101916C
:104FD0005146019808430299019089010091009877
:104FE0000199001BA9410D006146040040C98C468F
:104FF000A4197D414145DAD14B461C605D600EAB82
:105000001800069407950D9300F02EF90E9B0F9C47
:1050100008930994264B9B69DB0400D4FAE0254BE6
:10502000DA6BE0231340402B00D1F3E0EFF305836C
:105030009A46402300249B460023009301941E4B74
:105040005C469846164F0023994653463D687E6855
:10505000A24628001C003100002C1AD0FCF7E6FA0A
:10506000EFF3108272B643461B68002BFBD0BFF3F0
:105070005F8F3B68AB422DD0BFF35F8F43464946FD
:10508000196082F310883D687E6828003100002C8A
:10509000E4D1FCF781F8E3E761F101204BF1012055
:1050A000D80E0020300D0020200D00204CF10120F2
:1050B0000000064000800040300100D0FFFFFF7F6D
:1050C00000000340FFFFFF00001C0420002004201C
:1050D000280D00207B68B342CED123001600544631
:1050E0009A46009A019B1000190080185941504BB4
:1050F000DA6901231340034300930191FCF758FA46
:105100000A2200238018594102000B1E02DA0122F4
:10511000484B52423A607B60012C66D1464DA34613
:10512000009B019C2B606C60BFF35F8F0023434C9E
:10513000236086F31088FCF73BFA80468946EFF33C
:10514000108672B62368002BFCD0BFF35F8F059BDF
:105150001B78002B52D13A4BDA681F2A5DD05A696E
:105160001F2A5CD0DA691F2A5FD05B6A1F2B59D0D7
:10517000FCF798FDFF23FF223249DB000A70324A18
:105180000291944600980199052263445A60FFF702
:10519000ADFD82460C0006980799FFF7A7FD534620
:1051A000614058401290139140464946FFF79EFDDA
:1051B00080460C0008980999FFF798FD434658402F
:1051C0006140149012A81591FFF7BCFD1498159931
:1051D0001E4B9B46129A139B5C4622606360012320
:1051E000059AA060E16013700CE0BFF35F8F0023AD
:1051F0004246136086F31088013C24E7114B02936A
:10520000124B9B46BFF35F8F00220C4B1A6086F354
:105210001088F4E5FCF746FD08E700239B465B4653
:10522000DAB2A9E71C3B9B46F9E702239B46F6E767
:1052300000000640FFFFFF7F200D0020300100D05E
:10524000000003404BF1012008000340300D002016
:1052500010B5FFF7BFFD10BD10B5024800F00CF807
:1052600010BDC046B06F002010B508220149FDF7FF
:105270005BFD10BDB06F002010B588B004000D229A
:1052800000216846FDF74AFD0D22002104A8FDF724
:1052900045FD4B236A466846137004A90D2234F07D
:1052A000C3F81521082220006944FDF73DFD08B030
:1052B00010BDC04610B5034B01001800FBF702FA01
:1052C00010BDC04634F1012010B5064B064C82B02B
:1052D0000100009300220B232000FBF7AFF902B07E
:1052E00010BDC046BC96051034F10120054B10B529
:1052F0009C466044000D800041180348FBF7E2F92A
:1053000010BDC0460000E0AFB43D002010B50A4B10
:105310000A4AC418240DA40082B000920848220052
:10532000E31CFBF78BF9844202DC001B02B010BDCA
:1053300001204042FAE7C0460000E0AFDC960510CD
:10534000B43D002070B50D000400FBF73FF91A4A88
:105350001A4B944601226444240DA400E65805210A
:105360002C792023A2406956013A1B1B002913DB2C
:1053700000248B420CDB13008B401E4208D1AB791A
:10538000002B05D18A401400344063425C41E4B2F2
:10539000FBF728F9200070BD002B02DA09E0013B81
:1053A00007D314009C4019002642F8D1AB79002B9A
:1053B000E8D00024ECE7C0460000E0AF943C0020B9
:1053C000F0B557464546DE464E468846E0B583B0C2
:1053D00006000525FBF7FAF8434684465D57187921
:1053E000334B344AF3181B0D9B009246D7580122C9
:1053F00020248240241A013A002D41DBA54232DCF0
:105400001100A9400F422ED1414609688946414604
:105410008979002945D12C00AA40934659463A4043
:10542000394241D1802189018846002816D0614641
:10543000A44634004E469946030001915100705A2B
:10544000404500D24019A918123189000132085193
:105450009A42F3D3019B64469C464B465A461743F7
:105460005246D75001E0012464426046FBF7BAF887
:10547000200003B0F0BCBB46B246A946A046F0BD32
:10548000002C02DA10E0013C0ED31100A1402500EF
:105490000F42F8D141460968894641468979002979
:1054A000BAD014246442E0E709246442DDE7C04630
:1054B0000000E0AF943C002070B501250B7904009A
:1054C0009D40013D9540FBF781F8054B0549E318E8
:1054D0001B0D9B005A58AA435A50FBF783F870BD26
:1054E0000000E0AF943C0020F0B5DE4657464E4643
:1054F0004546E0B51600DC22924685B01C004B0004
:1055000002935B18DB00C518AA4452468346280064
:105510001268CC30009202682B0001921B4A802056
:105520009446800263441860002C1CD08023DB0466
:1055300099460123D83598462B0055469A46144F74
:1055400003912000FCF7FCFC4A46430113432B6007
:1055500033004246C340134052463B431360631E30
:105560001C40EED10399029B5B18DB005B441A00E0
:105570000099DC321160019ACC331A6005B0F0BC9E
:10558000BB46B246A946A046F0BDC046CC3000009E
:1055900080E00000F0B54E464546DE465746E0B591
:1055A00083B089460CA984460D781F2A45D8494600
:1055B000490088464944C900461837003400DC37A2
:1055C0003868CC3483462068310001901C48802420
:1055D0008246A40251440C6069424D411E216D4235
:1055E0008D4318498A465544052B0CD9A0201F210C
:1055F0004005D836540104430532053B3C600A405F
:105600003560052BF6D852019B06134342464A44A7
:10561000D20062441000DC3213600300D8331D60F6
:105620005B461360019BCC300360002003B0F0BCEC
:10563000BB46B246A946A046F0BD05204042F5E76C
:10564000CC3000009FE00000F0B5C646431E00B518
:105650000A3314D8072304001A00083422402342D6
:105660006CD01300093BA34209D31030841A01F017
:10567000CFFE374A27001568002D28D10EE001F033
:10568000C7FE334A1368002B06D0002503F056F9F5
:10569000280080BCB846F0BD0027002407202D4D0F
:1056A0002B002900284245D100202B4E706031602C
:1056B0002A4EB44607266544B5431560284AEB1ABE
:1056C0001360284A6860286013604B600D60002FEB
:1056D000DBDD244F3E68A642D7D31F48036804E0B1
:1056E0001A68002A04D0180013005968A142F7D3A1
:1056F000AB42CAD01D001A680835904602600A1BEA
:10570000102A05D919194A6042460A600160210031
:10571000134A761A10683E60864200D216608022D4
:1057200012060A435A6000221A600F4A13680133B6
:105730001360ABE7EB1D83431900B5E701F068FE8A
:10574000034A27001568002DA8D0002CC1DA9CE779
:10575000186D002028700020F0F00120F87F010073
:10576000C0F00120B0F00120CCF0012070B500287D
:1057700004D0083843680400002B00DB70BD0268C9
:10578000002AFBD15B005B084360050001F040FE8E
:10579000184A616813685B181360174B1A001B687E
:1057A0009C42FBD850681618B4420DD06018834252
:1057B0001AD02360AA4200D01560104A1368013342
:1057C000136003F0BBF8D9E7091850185160834201
:1057D000F3D10B48150000689842EED058681B685A
:1057E000411869602B60E5E7054800688342F5D100
:1057F000DFE7C046B0F00120F0F00120D0F001203A
:10580000186D0020014B18687047C046B0F00120A9
:10581000014B18687047C046C0F001207047C04671
:105820000BA10CC9126892009B581868203080F3B5
:105830000988022080F31488BFF36F8F3FBCAE4607
:1058400008BC04BC62B61847C046C046C046C04645
:10585000000000D0086D0020D0231B061A6DD2076F
:1058600004D501219A6D1A6D1142FBD1D023FF227C
:105870001B061A658022024B52051A607047C0460B
:1058800004ED00E000000000000000000000000047
:10589000EFF309811AA00CC8106880001B18186863
:1058A00020390160F0C144464D4656465F46F0C17E
:1058B000146E556E566F176F3039F0C1106808B509
:1058C00072B601F03FFF62B60CBC11680868103078
:1058D000F0C8A046A946B246BB4680F309880D220F
:1058E00012073038F0C81466556656671767F0C857
:1058F0001847C046C046C046C046C046C046C0461F
:10590000000000D0086D002010B503F0A1F80400DD
:1059100001F0F2FD002803D08022034B52051A60EB
:10592000200003F023F910BD04ED00E010B5FAF7F4
:1059300047FEC04610B58024031F64041C60043B6E
:1059400019600349043B1960143B40381A6010BDCC
:105950002D5902108022044B52051A60BFF34F8F5D
:10596000BFF36F8F7047C04604ED00E0D0231B06E5
:105970001B6808499B005A58002A08D0002058503C
:1059800005495B58BFF35F8F106083F3108862B6E0
:105990007047C046A46F002030F00120EFF3108064
:1059A00072B6704780F310887047C046D02300223B
:1059B0001B065A657047C046002310B5084A094CBB
:1059C000052023601360FAF7DDFDFA218900FCF75A
:1059D000E5FA054B013818600723236010BDC04667
:1059E00018E000E010E000E014E000E070B5224BA9
:1059F0001A78D0231B061B689A4230D0FF231F4A17
:105A00001B0411680E200B4313601D4903F0BAFB01
:105A10000B201C4903F0B6FBD023FF221B061A659E
:105A20001A6DD20704D501219A6D1A6D1142FBD16E
:105A3000D0252D062C68FF210F342000FBF768F8D5
:105A400020001149FAF750FF01212000FAF72EFF3C
:105A5000FFF7E6FE286801F075FEFAF7B1FDFFF7E3
:105A6000ABFFFF23054A1B0611680F200B43136091
:105A7000064903F087FBC1E72806002020ED00E07F
:105A8000915802101D58021059580210095902105D
:105A900010B572B6FFF7AAFF10B50E20FAF73AFE5E
:105AA0000F20FAF737FE0022034B04481A70FCF768
:105AB0003BF8FFF79BFFC04628060020915A0210D2
:105AC00010B50A4B1B78FF2B0CD0EFF30580002894
:105AD00005D0D0231B061B684000C01810BD02F083
:105AE00085FAFBE7D0231B061868F7E72806002095
:105AF00000B5144A0368127883B0FF2A08D1BFF3B7
:105B00005F8F00221A6081F3108820BF03B000BDB0
:105B1000D022120612680C48920013500B48115004
:105B20000B4A0221944663449B10FF319940094B74
:105B30000122186801235B420093090A002300F048
:105B4000D9F8E3E728060020A46F002030F00120F8
:105B500000FFFF2FACF0012010B51D4A0B0012789A
:105B600082B0FF2A2BD01B4902688C460221624476
:105B70009210FF319140090A40BF0068BFF35F8F68
:105B80000022026083F31088EFF305831248DBB232
:105B90000068002B03D100F009F902B010BD0F4CD2
:105BA000019201AB0A000100200003F0D5FA019B2D
:105BB000002BF2D080220A4B52051A60EDE740BF5D
:105BC0000268BFF35F8F0021116083F31088E4E760
:105BD0002806002000FFFF2FACF00120415E0210DC
:105BE00004ED00E0F0B51D00304B06001B780F00FF
:105BF000140083B0FF2B4DD0FBF7DAFC22002B0002
:105C0000121A8B4101212A484942801859413668AD
:105C1000002920DC1BD0BFF35F8F0023336087F3A4
:105C20001088244B5A6A95420AD98022224B520589
:105C30001A60BFF34F8FBFF36F8F002003B0F0BD2A
:105C40009B6A0120A342F9D29542F7D1EDE7FA23EE
:105C50009B009842DFD3FA2200239200FCF7C4F99C
:105C6000031ED8D0D0221206126814499200565052
:105C700013495750134A022194466644B610FF3127
:105C8000B140114A090A106800930122002300F074
:105C900031F8C6E70368BFF35F8F00221A6081F313
:105CA000108820002900FBF759FBC7E728060020D1
:105CB00018FCFFFF0040054004ED00E0A46F002049
:105CC00030F0012000FFFF2FACF0012010B500F0F4
:105CD00005F8014B186010BDACF0012010B518207C
:105CE000FFF7B2FC041E03D0002308C000F0F0F858
:105CF000200010BDF0B5C6460D00060000B51F001F
:105D0000904601F085FB2B0034682340002F0DD115
:105D1000002B28D04346002B28D02300AB43336010
:105D200002F00CFE200080BCB846F0BD9D42F1D0D0
:105D3000069B002B1AD0434680215A1E9341C9046A
:105D40001B061943069A2943301D01F07BFF02F020
:105D5000F5FD002824D002F03BFF040083010DD59F
:105D60002402240ADEE7069B002B02D102F0E6FDA6
:105D7000D8E741464B1E99410906E3E702F012FBC2
:105D8000346823002B40002F0DD1002B05D0434653
:105D9000002B02D02300AB43336002F097FEDFE715
:105DA00002F0ECFAD7E7AB42F7D1F0E7F8B5DE4600
:105DB00057464E464546E0B505000F00060001F087
:105DC00027FB29682C6939430C362960A6422CD060
:105DD000002398468023DB049B4680235B049A467D
:105DE00080239B0499460FE06746002F0AD0574650
:105DF0003A4202D042461A4390464B46194302F0BB
:105E0000DBFD2968A6420ED020000F0002686468FE
:105E100013021B0A1F40BC465F463A42E4D063456A
:105E2000E5D0A642F0D143469943296002F086FDB1
:105E30002868F0BCBB46B246A946A046F8BDC0469D
:105E4000F8B5DE4657464E464546E0B505000F001C
:105E5000060001F0DDFA29682C6939430C36296007
:105E6000A6422CD0002398468023DB049B46802347
:105E70005B049A4680239B0499460FE06746002FF7
:105E80000AD057463A4202D042461A4390464B4601
:105E9000194302F091FD2968A6420ED020000F00A0
:105EA0000268646813021B0A1F40BC465F463A4200
:105EB000E4D06345E5D0A642F0D14346994329603A
:105EC00002F03CFDF0BCBB46B246A946A046F8BD78
:105ED0000300083301224360C36003610023524280
:105EE000826003607047C046002303617047C0466C
:105EF00043689A684B608A605160996003680861E2
:105F0000013303607047C046030030B50D680833A5
:105F10006A1C0DD01C005B681A68AA42FAD94B6053
:105F2000996003688C60013361600861036030BD73
:105F300004696368F3E7C0460369416882688A6060
:105F400051605968814205D0002202611868013809
:105F5000186070475A60F7E7F0B5DE464E46574680
:105F60004546E0B585B0060002F01CFA4523F45C16
:105F700064B2002C21DD213B994621339A46B1447D
:105F800009E0AA6BEB6B03969A4245D3013CE3B25E
:105F900064B2002B11D0B56C002DF2D1736A002BC6
:105FA0000BD0484601F0E2FE0028EFD002F014F8D2
:105FB000013CE3B264B2002BEDD14523FF22F25441
:105FC00002F084FD02F0EEF944233500F45C103554
:105FD00064B2002C05DC13E0013CE2B264B2002A9A
:105FE0000ED03369002B0BD0280001F0BFFE002833
:105FF000F2D0013C01F0F0FFE2B264B2002AF0D12D
:106000004423FF22F25402F061FD05B0F0BCBB4610
:10601000B246A946A046F0BD5346EF5CAB6B2A6C76
:10602000013398467FB2002A13D12B689B46002B80
:106030002AD04346AB637B1C1CD16B6A002BA5D0D6
:106040002800243001F092FE00289FD001F0C4FF08
:10605000AEE7686803A9FCF767FE6B682A6C9B18BB
:10606000AA686B609342E4D32B686B604346AB63D2
:106070007B1CE2D001F03AFAB84200D886E75346DA
:1060800001377FB2EF5481E7A86802F0B5F85B46AC
:10609000AB6043460190AB637B1C09D16B6A002B5C
:1060A0000FD1019B002B00D170E701F095FF7FE736
:1060B00001F01CFAB842F4D9534601377FB2EF54CD
:1060C000EFE72800243001F051FE002800D06DE7F2
:1060D000E7E7C046F0B5C64600B5846C82B0A26B57
:1060E000E36B002501909A4204D3280002B080BCE3
:1060F000B846F0BD4523226CE65CA76B76B2002A59
:106100001CD0606801A9FCF70FFE6368226C9B1825
:10611000A2686360934201D323686360002501375E
:10612000A763731C15D1636A002BDED020002430D6
:1061300001F01CFE0028D8D00125D6E72368984638
:10614000002BEBD1A06802F057F843460500A3608E
:10615000E5E701F0CBF98642C7D24523013676B296
:10616000E654C2E770B505000E0000283FD0030CCE
:106170000A0C002B40D1002A2ED1300068430300C6
:106180004D3334D84C30FFF75FFA041E2FD0030094
:10619000002E2FD12360E563266402F003F9216C01
:1061A000E36B22684B43D0185B1A6260D218E2603E
:1061B000FF2300254422A0602000A563A3540132E0
:1061C000A3541030FFF784FE20002430FFF780FE38
:1061D00002F07CFCA5640BE0131CA9B2B2B24A43E6
:1061E00080B29BB24343120C9B181B0CC5D00024F9
:1061F000200070BD4C33CDE7002AF8D1081CECE735
:1062000070B505000E000024002828D0884226D34F
:106210004C20FFF719FA041E21D0C5630025006049
:10622000056402F0BFF8216CE36B22684B43D01881
:106230005B1A6260D218E260FF234422A060200053
:10624000A563A3540132A3541030FFF741FE200090
:106250002430FFF73DFE02F039FCA564A663200060
:1062600070BDC046F0B5CE46474680B585B0040047
:10627000884699460192022B00D19DE002F092F8E7
:10628000A36BE26B0027442500269A4232D8019B7B
:10629000002B64D0002F5ED002F018FC01F0B8F89B
:1062A00002F080F8635D5BB2013300D1665545238F
:1062B000E25C52B2013200D1E65402F007FC01A9BF
:1062C00002A801F0C5FD002800D06FE002F06AF8D6
:1062D000A26BE36B9A422CD002F0F8FB2000FFF790
:1062E0003BFE02F02BFB012702F05CF8A36BE26B94
:1062F0009A42CCD9226CA66BA56B002A37D12368B1
:1063000000209846002B00D183E0A36C0135A563E3
:10631000002B00D170E04B46022B01D1002E04D19E
:106320002000FFF7D7FE00283DD102F0CFFB01206F
:1063300018E002F0CBFB20000199103001F0DEFBE9
:106340002000FFF709FE02F0F9FA0028CBD102F095
:1063500015F80127C8E702A801F06EFD9CE702F0DE
:10636000B5FB002005B0C0BCB946B046F0BD4B46F9
:10637000002B29D141466068FCF7D6FC6368226C8B
:10638000A16C9B18A2686360013593423AD2A56361
:106390000029C5D1636A002BC7D02000243001F04A
:1063A000E5FC0028C1D001F0E9FFBEE72000FFF7BF
:1063B000D3FD02F0C3FAD4E701F0F4FF226CA36B23
:1063C000A66BA56B002A9AD04146E068FCF7ACFCAE
:1063D000226CE36851429B1A2268E360934202D226
:1063E000A3685B18E3604A46A36C022A17D0013504
:1063F000A563002B94D1CDE7636A002BCDD1002893
:10640000D1D192E72368A5636360002900D087E7B4
:10641000C0E7A06801F0F0FE4346A36075E7002DD9
:1064200004D0A563002B00D078E7B3E70122A26374
:10643000002B00D072E7ADE770B54C20FFF704F9F0
:10644000041E2AD0002501230060C363056401F007
:10645000A9FF216CE36B22684B43D0185B1A626082
:10646000D218E260FF234422A0602000A563A35459
:106470000132A3541030FFF72BFD20002430FFF72A
:1064800027FD02F023FB0023002200212000A56449
:10649000A5602560E560FFF7E5FE200070BDC04601
:1064A000F8B55746DE464E4645460400E0B59246EE
:1064B0001D000F0002F0CCFAA26BE36B06009A42BB
:1064C0003BD300239846022D09D0300002F04EFB4A
:1064D0004046F0BCBB46B246A946A046F8BD45338F
:1064E000E35C226C5BB29846A36B9B46A36B994618
:1064F000002A2DD03900E068FCF716FC226CE36816
:1065000051429B1A2268E360934202D2A3685B184F
:10651000E3604B46022D51D00133A3634346013360
:106520003DD000F0E3FF804504D2434645220133CD
:106530005BB2A35401239846C7E74523E35C226C72
:106540005BB29846A36B9B46A36B9946002A11D178
:106550002768002F46D04B460133A36343460133DF
:10656000DFD1A36C002B33D0022D1BD15B46002B57
:1065700018D0DFE7002DBDD139006068FCF7D4FBEF
:1065800049466368226C01319B18A268636093429C
:1065900001D3236863604346A1630133C1D1A36C77
:1065A000002B15D02000FFF795FD0028C2D05346E0
:1065B000002BBFD0012352461360BBE7002B00D154
:1065C0000123A36343460133ABD1A36C002BCDD190
:1065D000636A002BAED02000243001F0C7FB0028F6
:1065E000E5D1A7E7A06801F007FEA760B3E7C046C2
:1065F000F0B5C646040000B50E0002F029FAA36B00
:10660000E26B050000279A4214D94522A75C0133AA
:106610007FB29046A3637B1C13D1A36C002B1AD0CE
:106620002000FFF757FD002803D0002E01D00123E2
:1066300033600127280002F099FA380080BCB84680
:10664000F0BD00F053FF8742F3D2434601377FB2DB
:10665000E7540127EEE7636A002BEAD020002430DC
:1066600001F084FB0028E0D10127E3E7F0B54746BD
:10667000CE46040080B585B08846019201F092FEB6
:10668000A76B002F5ED1019B002B3BD002A801F02D
:10669000D3FB002344269946452502F017FA00F063
:1066A000B7FE01F07FFEA35D5BB2013301D14B4623
:1066B000A355635D5BB2013301D14B46635502F0D4
:1066C00005FA01A902A801F0C3FB002822D101F0BC
:1066D00069FEA36B002B2AD102F0F8F92000019982
:1066E000243001F00BFA2000FFF736FC02F026F907
:1066F000002824D001F056FEA76B002F22D1019B69
:10670000002BCAD102F0E2F9002005B0C0BCB946A6
:10671000B046F0BD2000FFF71FFC02F00FF901F0BA
:1067200041FEA36B002BEDD002F0D0F9E2E702F0BE
:10673000CDF92000FFF710FC02F000F9DAE701F0D4
:106740001DFED7E7226C002A08D0E168A3688918EB
:10675000E16099420BD24046FCF7E6FA7B1EA36348
:106760002369002B06D102F0B1F90120CDE72168A1
:10677000E160F0E72000103001F0F8FA0028F2D0D4
:1067800001F0FCFDEFE7C046F0B5C646040000B5D9
:1067900084B0019101F006FEA36B002B00D07CE0D9
:1067A000019B002B65D002A801F046FB0023442684
:1067B00098460027452502F089F900F029FE01F0EE
:1067C000F1FDA35D5BB2013300D1A755635D5BB200
:1067D000013300D1675502F079F901A902A801F04F
:1067E00037FB00281ED101F0DDFDA36B002B30D15B
:1067F00002F06CF92368002B46D020000199243068
:1068000001F07CF92000FFF7A7FB02F097F80028C1
:1068100032D001F0C7FDA36B002B3ED1019B002BB2
:10682000C9D126E02000FFF797FB02F087F801F0BE
:10683000B9FDA36B002B09D102F048F94346002BA8
:106840000FD1002004B080BCB846F0BD02F03EF984
:10685000DFE702F03BF92000FFF77EFB02F06EF865
:10686000D7E701F09FFD616A002908D1A06801F017
:106870001FFD02F02BF9E4E701F080FDC9E72021BC
:10688000236B1B68C91AF1E701F08CFDA06801F0C9
:1068900035FC804602F01AF9AFE7013BA363236899
:1068A000002B0FD02369002B03D102F00FF9012038
:1068B000C8E72000103001F059FA0028F5D001F0A7
:1068C0005DFDF2E702F0A8F9A060EBE710B5002942
:1068D00033D0424B5A68904200D173E01A68002AC4
:1068E0002CD0DA68904200D176E09A68002A3ED037
:1068F0005A69904200D16DE01A69002A3DD0DA69E8
:10690000904261D09A69002A3DD05A6A904242D0A2
:106910001A6A002A43D0DA6A904257D09A6A002A4B
:1069200043D05A6B904253D01A6B002A43D0DA6B93
:10693000904245D09A6B002A2AD010BDDA68904266
:106940004AD05A69904245D01A00DC69A0423BD037
:106950005C6AA0421FD0DC6AA04237D05C6BA042C8
:1069600036D0DC6BA0422BD011605060E5E75A694D
:1069700090422FD01A000832E7E7DA69904223D01C
:106980001A001032E4E75A6A904204D0144AE2E74F
:1069900038331A00E8E70422D2009A18E4E7DA6AEA
:1069A000904213D01A002032D8E75A6B90420FD091
:1069B0001A002832D5E71A00DC6B3032A042D3D15E
:1069C0000722E9E70022E7E70322E5E70522E3E7FC
:1069D0000622E1E70222DFE70122DDE7F8100020CE
:1069E0001011002070B5040016000D0001F0DAFC53
:1069F0004422A35C5BB2013301D10023A35445229E
:106A0000A35C5BB2013301D10023A35402F05EF812
:106A1000A36B002B03D02000FFF79EFA70BD20006F
:106A200032002900243001F05BF9F4E710B5FEF7DD
:106A300091FF044C2368022B01D9FEF78BFFF9F775
:106A400093FCF7E7246D0020826BF8B50300002A61
:106A500002DB826B012A16DD314C196B2568266832
:106A600022680139926B002A03DB2268926B012AAB
:106A70000ADD656860686268926B002A03DB626801
:106A8000926B012A20DDF8BD264A10680028F0D15B
:106A90000127F66B2D6B3E40AD1BA942E9DB5E681A
:106AA0003E42E6D0666867686168896B00291DDB35
:106AB0006168896B012919DC51688C46002915D160
:106AC0002900366BFF6B08E0164A5668002EDAD1B3
:106AD000C76B0120404284462E6B01203840361A95
:106AE0008E4218DD63460133CDD00020D0231B0633
:106AF0001B6898420BD0850063599B6B0233C2D050
:106B0000FEF754FF0222635952429A63BBE7012306
:106B100080001350B7E75B689B07E3D50120E5E7EA
:106B2000086D00202CF10120F0B5D6464F464646B0
:106B3000484BC0B51B6804009846474B0F001B68C4
:106B40009946464B1B689A46EFF3108172B6D026E1
:106B500036063368424D9B00EA5881F31088712352
:106B60000021D154EFF3108272B633689B00E858CD
:106B700082F310880830FFF7DFF9631C30D04444FB
:106B8000EFF3108172B6D022120613689B00EB5807
:106B900081F310889C60A04515D8EFF3108072B681
:106BA00013689B00E95880F3108848460831FFF7C6
:106BB000ABF92C4B1A68A24200D91C60E0BCBA4663
:106BC000B146A846F0BDEFF3108072B613689B0083
:106BD000E95880F3108850460831FFF795F9EDE742
:106BE000002FCCD0204B5A68EFF3108072B631687A
:106BF0008900695880F31088CA60EFF3108072B67C
:106C000031688900695880F3108890680861EFF353
:106C1000108072B631688900695880F310889068D6
:106C200008314160EFF3108072B63168890069580D
:106C300080F3108808319160EFF3108172B63268EA
:106C40009200AA5881F3108893611A6801321A6081
:106C5000B4E7C04620F10120146D00201C6D002017
:106C6000086D0020C4F00120F8F00120F8B5CE46F0
:106C70004746960080B5804630000D009946FEF7E5
:106C8000E3FC071E00D196E07420FEF7DDFC041E35
:106C900000D18DE074220021FCF740F83200A521DC
:106CA00038006763FCF73AF8636B043E9E190723CC
:106CB0009E43002D4BD040222B78A354002B43D071
:106CC0006B780132A354002B3ED0AB780132A35431
:106CD000002B39D0EB780132A354002B34D02B7920
:106CE0000132A354002B2FD06B790132A354002B17
:106CF0002AD0AB790132A354002B25D0EB79013295
:106D0000A354002B20D02B7A0132A354002B1BD08C
:106D10006B7A0132A354002B16D0AB7A0132A35404
:106D2000002B11D0EB7A0132A354002B0CD02B7B1B
:106D30000132A354002B07D06B7B0132A354002BEC
:106D400002D04E23AA7BE2544F230022E254089D36
:106D50001F2D26D82000256308302565FFF7C4F8CD
:106D600020001C30FFF7C0F820235B1BE3614A467C
:106D7000414630006461A462FEF7DCFD01235B4202
:106D8000A3630E4B206098450DD00D4B98450AD05B
:106D9000099B002B00D01C602000C0BCB946B04647
:106DA000F8BD1F25D6E70122E36B1343E363EFE74A
:106DB0003800FEF7DBFC0024EEE7C046CD71021080
:106DC0002D6A0210D023F0B54F46D64646461B0624
:106DD0001A68494B9200D358C0B59846474B484F64
:106DE0009946484B9A4638E0444D464C6B78013BF7
:106DF000DBB26B70002B08D10221A35C8B43A35440
:106E0000BFF35F8F0122404B1A60FEF7AFFD72B6F1
:106E1000D0231B061A683C4B1968002944D0BFF3E5
:106E20005F8F012302216B70A35C0B43A354D0211D
:106E3000364B090618680A6800282ED0BFF35F8F0A
:106E4000012301212B70A35C0B43A354D022120613
:106E500013689B00FE50002E43D043469B6B0233C9
:106E600029D1D0231B061A6891007E58002EBBD072
:106E700000224D467A5029781A680139C9B2544621
:106E800029700029B2D10120A15C8143A154BFF334
:106E90005F8F1E4A10601A68A8E7A05CC0070FD475
:106EA00019680029CAD1FBE7A15C890715D41968C4
:106EB0000029B4D1FBE7E0BCBA46B146A846F0BD14
:106EC0002A78531C2B700B689B00FE50002EC4D1F7
:106ED0000B682A70002AC0D105E06B7801336B7013
:106EE000A5E713682E700121E25C8A43E254BFF3E8
:106EF0005F8F064B1960B0E7086D00202CF0012071
:106F000038F0012028F001203C0100D0380100D0E9
:106F1000F8B5EFF3108772B6D0231B061A682B4B17
:106F20002B4C196800293CD0BFF35F8F012302214D
:106F3000284E7370A35C0B43A354274D2B68002B82
:106F40001FD0D021254B090618680A68002821D0D7
:106F5000BFF35F8F0121A35C0B43A3542B68013364
:106F60002B60D0231B061A68002333700121A35C19
:106F70008B43A354BFF35F8F184B196087F31088BE
:106F8000F8BDFFF71FFFD021144B090618680A68E7
:106F90000028DDD1A05CC0070FD419680029D7D123
:106FA000FBE7A15C890703D419680029BCD1FBE782
:106FB000084E737801337370BFE72B683278013362
:106FC0002B60002ADAD10A68D0E7C0463C0100D025
:106FD00028F001202CF0012048F00120380100D0D9
:106FE000D020000603681D499B005A5870B5002A3E
:106FF00006D0013A5A50026893005958002900D02F
:1070000070BD17495C5817490B78013BDBB20B7018
:10701000002B08D10120144DAB5C8343AB54BFF36C
:107020005F8F124B1860D0231B061A684B78013B08
:10703000DBB24B70002B09D102200B498B5C8343E0
:107040008B54BFF35F8F0122094B1A60FEF78EFC51
:10705000002CD5D0FEF77EFCD2E7C04638F00120E8
:107060002CF101202CF0012028F00120380100D063
:107070003C0100D0F8B54B4B4746CE4699464A4BAB
:1070800080B59846494C4A4E4A4F2368002B35D06C
:1070900072B63368002B0FD0D0231B061A689100FC
:1070A0007B58002B3BD001337B50D0231B061B6841
:1070B0009B00FB58012B2BD02368002B22D03E4B8A
:1070C000DB68DD68AB6B01334CD128000830FEF77C
:1070D00033FF3A4A1368013B13602368013B236086
:1070E0003368002B01D0FFF77BFF686BFEF73EFB98
:1070F0002800FEF73BFB2368002BC9D1C0BCB94672
:10710000B046F8BD3368002BBFD0FFF769FFBCE77E
:107110004B461B68002BCFD1FFF754FECCE7284924
:107120000B68002B2BD0274BBFF35F8F012140460C
:1071300002254170995C29439954D02222491206B4
:107140000D681268002D13D0BFF35F8F012101700D
:107150000120995C01439954D0231B061A689100C1
:107160007B58A0E73368002BC8D0FFF739FFC5E78D
:107170009D5CED0710D40D68002DE5D1FBE7114BA8
:10718000985C800703D408680028CDD1FBE7064847
:10719000427801324270D0E70378910001330370E6
:1071A0007B5880E748F001202CF0012044F00120BA
:1071B000ECF0012038F001200CF1012040F001201A
:1071C0003C0100D028F00120380100D010B5FEF7B6
:1071D000C1FB054CFFF74EFF2368022B01D9FEF7D8
:1071E000B9FBF9F7C1F8F5E7246D0020F8B5CE46F4
:1071F000474604000D0080B51F2900D91F2572B62F
:10720000784E3368002B10D0D0231B061968764ABD
:1072100088001358002B62D001331350D0231B0673
:107220001B689B00D358012B52D0002C44D0236DF7
:107230009D4228D030D9012200279046226B9342EC
:1072400038D0954236D8E3692565002B02DB202330
:107250005B1BE36193009B18644D9B00A269EB18D4
:107260009A4200D171E0002F0DD0D0231B06A26BF3
:107270001B689A4200D190E0A36B5D4D9B005B5967
:107280009B6B023357D13368002B01D0FFF7A8FE68
:10729000C0BCB946B046F8BDA26B002A47DB01214D
:1072A0000020A26BD70F9142474100229046226BEB
:1072B0009342C6D12563C6E7EFF3108172B6D0239F
:1072C0001B061A684A4B9200D45881F31088AEE727
:1072D000484B1B68002BA8D1FFF774FDA5E7464873
:1072E0000368002B5FD0454BBFF35F8F4448804657
:1072F0000120474678700227BC466746585C3843F1
:107300005854D0213F48090607680968002F52D019
:10731000BFF35F8F0120474638700127585C384320
:107320005854D0231B0619688800135874E70022AC
:107330000027904682E7A06BFEF738FB0222A36B82
:1073400052429B005B599A639DE708239946A144EA
:107350004846FEF7F1FD2C4B226B19688A4200D992
:107360001A6093009B189B00EA189446494652689D
:107370009068E2602061416091606246A261EA58D3
:107380000132EA50002F00D06FE74346002B00D1B6
:1073900079E72000FFF758FB75E70121A26B1B4B33
:1073A0009200D1506FE7154B5F5CBF070AD40768A6
:1073B000002F99D1FBE75F5CFF070AD40768002F15
:1073C000A6D1FBE70E498846404649780131417015
:1073D00097E7434640461B780133037088001358F3
:1073E0001AE7C046ECF0012038F00120246D00209F
:1073F000086D002048F001203C0100D028F0012059
:107400002CF00120380100D050F001202CF1012097
:10741000F8B52D4B1B68002B00D1F8BDEFF310879A
:1074200072B6D0231B061A68284B294C196800290C
:107430002FD0BFF35F8F01230221264E7370A35C10
:107440000B43A354244D2B68002B1FD0D021234B7A
:10745000090618680A68002822D0BFF35F8F01214F
:10746000A35C0B43A3542B6801332B60D0231B0672
:107470001A68002333700121A35C8B43A354BFF32C
:107480005F8F164B196087F31088C6E7FFF79AFCE9
:10749000DCE7A15C89070AD419680029C9D1FBE798
:1074A000A05CC00708D419680029D6D1FBE7094EB3
:1074B000737801337370C5E72B68327801332B6022
:1074C000002AE0D10A68D6E7ECF001203C0100D0A8
:1074D00028F001202CF0012048F00120380100D0D4
:1074E000014B18687047C04620F10120014B186815
:1074F0007047C04640F00120F8B5DE4657464E467C
:107500004546854BE0B51B68002B2CD1834B1D688D
:1075100001351D60002D32D0814B99464B461B68CA
:10752000AB4245D97F4C804D2B681A6B93009B185A
:107530009B00E358012B00D88EE06B681A6B930018
:107540009B189B00E358012B00D8B1E0D0231B0609
:107550001E68002E00D1DDE02B6801249B6B0233F6
:1075600000D189E0AEE00024704A13680133136053
:107570002000F0BCBB46B246A946A046F8BD6C4B05
:107580006C4A19681068186011606B490A6801320A
:107590000A601A681268002A00D082E0604B99469F
:1075A00001234A465B4213604B461B68AB42B9D885
:1075B0005F4E5C4C33681B68002B00D199E00023C0
:1075C0009B465E4B984633E05A4682611A68013A00
:1075D0001A60C36A002B0ED0026A476A97607A600D
:1075E0005A68924602001C32924533D05A46C26213
:1075F0001A68013A1A604346026B1B689A4201D925
:1076000043461A6093009B189B00E2189446526808
:107610009768C26007617960916062468261E25852
:107620000132E250FFF710FA33681B68002B60D07C
:107630003368DB68D86883689D425FD3C16802699C
:1076400083698A60516001005F6808318F42BBD155
:107650005A60B9E75F60C9E76B681A6B93009B18C3
:107660009B00E358012B3CD9D0231B061E68344BEA
:107670001B68002B00D06CE7012E46D00024D023DD
:107680001B061B68012B42D06B689B6B023300D139
:107690006EE70120FEF78AF902226B6852429A6374
:1076A00066E71B681E4ADB6891461B68136035E776
:1076B000D0231B061E68002E23D02B689B6B023341
:1076C00009D000240020FEF771F902222B685242F3
:1076D0009A63002CD0D11A4B5C68002C00D147E78C
:1076E000CAE7D0231B061E68154B1A68002AE2D190
:1076F000F2E701234A465B42136014E74A461360EF
:1077000011E70F4B5B68002B04D1012430E70C4AD2
:1077100053602DE70124B2E748F0012020F1012059
:10772000C4F00120246D0020086D0020D4F0012059
:10773000146D00201C6D0020C8F0012050F00120C5
:107740002CF10120F0B5D023DE4657464E46454683
:107750001B06E0B51A68CB4B83461968CA4F85B043
:10776000002900D106E1BFF35F8FC84B9846012383
:1077700041464B700221BB5C0B43BB54D021C44B30
:10778000090618680A68002800D1FBE0BFF35F8F84
:107790000121434601201970BB5C0343BB54BD4B20
:1077A0001B68002B00D08BE05B469D000023BA4A8B
:1077B00003925351EFF3108172B6D0221206136870
:1077C000B64C9B00E35881F310881968EFF31080E2
:1077D00072B613689B00E35880F310885B6B10331C
:1077E000994200D8B2E0AE4B1E689946625963597F
:1077F0009269196B8B005B18AA499B008C46634405
:1078000002919A4200D1C6E05A46012393409A461B
:10781000029BB0009C4680198000844461469C46CF
:107820003B000830604401220F009C460CE0002A17
:1078300004D04B4649461B68013B0B60143F14388B
:10784000002E00D17DE0013E3B68002BEFD0436865
:10785000984200D1F0E052460196BA46170005E082
:1078600061598A4259D05B68834260D0DA68916B73
:107870004E1CF5D156683E42F5D06359894699634E
:107880005B4660599363D0231B06625167461A68B2
:1078900000280AD00299066B8C46B3009B199B0006
:1078A00081696344994200D186E09300E3584346DE
:1078B0001B78013BDBB241460B70002B12D109E073
:1078C0005A46754B9200D150D0231B061A68414688
:1078D00000230B700121BB5C8B43BB54BFF35F8F54
:1078E0006B4B1960D0231B061A68434641465B78F0
:1078F000013BDBB24B70002B08D10221BB5C8B43F8
:10790000BB54BFF35F8F01225E4B1A6005B0F0BC21
:10791000BB46B246A946A046F0BD51683942A2D046
:107920005B469363D0231B0667461A68BDE73B009E
:107930005746019E9A460022143F1438002E00D06C
:1079400081E7D0231B0667461A68AEE7EFF3108085
:1079500072B613689B00E15880F31088EFF310862D
:1079600072B613689B00E05886F310884031F8F730
:1079700009FD38E7B95C890770D41968002900D07F
:10798000F1E6FAE7BC5C0130204257D119680029C2
:1079900000D0FBE6FAE760590830FEF7CDFA6359EC
:1079A00061591B6B08319800C018029B80009C46EF
:1079B0006044FEF79DFA27E701214368C06B8C46BF
:1079C0000840301A59461E00CE406146314202D06E
:1079D00065596D68AB4303251D406E0845D1002DE8
:1079E00000D162E70126236825681B6BED6B3540EB
:1079F0005B1B984200DC58E723689B6B002B00DA86
:107A000053E723689B6B012B73DD4B46591C00D158
:107A10004BE70120824264D0850063599B6B02339F
:107A200000D142E7FDF7C2FF0222635952429A6336
:107A3000D0231B061A6838E70022FFE64346444677
:107A40001B785A1C2270134A1268002A00D1ABE638
:107A50005C46114AA400A0500A682CE70B4B9846DC
:107A600042465B780133537088E601266168656899
:107A7000096BED6B334035404D1BA84214DC002BE5
:107A8000B0D112E73C0100D028F001202CF00120F9
:107A9000380100D048F001202CF10120086D0020B1
:107AA00050F00120246D00206168896B0029E6DB1D
:107AB0006168896B0129E2DC039949680029DED1FC
:107AC000002BA6D0236821681B6BC96B31405B1A61
:107AD000AB429EDA23689B6B002B9ADB012399460D
:107AE0008FE70123039992008B50D0231B061A685D
:107AF000DBE6039B186800288CD086E7F8B5CE46F5
:107B000047460C0080B5EFF3108272B6D0263606D9
:107B10003368464D9B00595982F310881C31FEF79B
:107B2000F3F9434B1F68434B1B689846424B1B6855
:107B30009946EFF3108172B633689B005A5981F36E
:107B4000108871230021D154EFF3108272B633688C
:107B50009B00585982F310880830FEF7EDF9631C3A
:107B60002DD0E419EFF3108272B633689B005B5995
:107B700082F310889C60A7420FD9EFF3108272B68F
:107B800033689B00595982F3108848460831FEF744
:107B9000BBF9C0BCB946B046F8BDEFF3108272B66F
:107BA00033689B00595982F3108840460831FEF72C
:107BB000ABF9224B1A689442EBD21C60E9E7204BE8
:107BC0005A68EFF3108072B631688900495980F322
:107BD0001088CA60EFF3108072B631688900495985
:107BE00080F3108890680861EFF3108072B63168F6
:107BF0008900495980F31088906808314160EFF39B
:107C0000108072B631688900495980F310880831B4
:107C10009160EFF3108172B632689200525981F38D
:107C2000108893611A6801321A60B2E7086D00206B
:107C300020F10120146D00201C6D0020C4F00120F3
:107C4000F8F0012070B504000E001000EFF3108171
:107C500072B6D0252D062A68204B9200D25881F3A7
:107C60001088802109063143D1616168EFF31086E5
:107C700072B62A689200D25886F310881162EFF328
:107C8000108672B62A689200D25886F310888E68E1
:107C90005662EFF3108672B62A689200D25886F3C5
:107CA00010888E681C327260EFF3108672B62A68F4
:107CB0009200D25886F310881C328A60EFF310814C
:107CC00072B62A689200D35881F31088DC62236868
:107CD000012101332360FEF727FF70BD086D0020EE
:107CE000F8B50400080011006268EFF3108772B65F
:107CF000D0252D062E681C4BB600F65887F3108849
:107D00003262EFF3108772B62E68B600F65887F32A
:107D1000108897687762EFF3108772B62E68B60006
:107D2000F65887F3108897681C367E60EFF3108C46
:107D300072B62E68B600F6588CF310881C36966022
:107D4000EFF3108672B62A689200D35886F3108833
:107D5000DC62236801332360002901D00120404206
:107D6000FEF7E2FEF8BDC046086D0020C36870B59E
:107D7000D868016A426AC36A8A60516001005C681F
:107D80001C318C4242D00022C2621A68013A1A6049
:107D9000244B1B68002B2BD104008369C168026946
:107DA00008348A6051605968A14231D01A68013A9A
:107DB0001A601D4B026B19688A4225D893001B4933
:107DC0009B189B00CD186A689668C2600661746053
:107DD0009460CA5885610132CA50FEF735FED0233F
:107DE0001B061A68124B9200D058431E984170BD72
:107DF000104B5A68946802624462616091601A682C
:107E0000C36201321A60E8E71A60D7E75A60BAE73E
:107E10005A601A68013A1A60034B026B19688A4269
:107E2000CCD9F1E748F0012050F00120246D00206A
:107E30002CF10120D8F00120034B1B680360034B99
:107E40001B6843607047C046C8F0012020F1012044
:107E5000F8B5CE46474604000D0080B572B6544EC4
:107E60003368002B10D0D0231B061968514A8800B4
:107E70001358002B55D001331350D0231B061B6819
:107E80009B00D358012B45D04B4803689C46636840
:107E90009846EFF3108972B6D02109060B68474A5D
:107EA0009B009F5889F310887123FF5C002F14D02A
:107EB000EFF3108072B6096889008A5880F3108841
:107EC0000021D15401243368002B01D0FFF788F83A
:107ED0002000C0BCB946B046F8BD2B685A1C17D06C
:107EE000374A276811688F4205D06168614502D81A
:107EF00000232B60E6E761464746C91B8B42F7D952
:107F000061465B1A43442B60136823600368636017
:107F10000024D8E72B4B1B68002BB5D1FEF752FF8E
:107F2000B2E729480368002B23D0284BBFF35F8FAB
:107F3000274880460120474678700227BC4667469E
:107F4000585C38435854D02122480906076809680C
:107F5000002F16D0BFF35F8F0120474638700127EE
:107F6000585C38435854D0231B06196888001358AE
:107F700081E7164B5F5CBF070AD40768002FD5D195
:107F8000FBE75F5CFF070AD40768002FE2D1FBE73D
:107F90000F4988464046497801314170D3E743464E
:107FA00040461B78013303708800135863E7C046CE
:107FB000ECF0012038F0012020F10120086D0020B4
:107FC000C8F0012048F001203C0100D028F0012039
:107FD0002CF00120380100D0D02301211B061A68A3
:107FE000014B9200D15070472CF10120EFF310812A
:107FF00072B6D0231B061A68024B9200D05881F348
:1080000010887047086D002070B5354D01202B6831
:10801000002B00D170BD72B62B68002B0AD1314CF9
:1080200024682B68002B01D0FEF7DAFF63425C4125
:108030006000EFE7D0231B0619682B4A880013580D
:10804000002B0FD001331350D0231B061B68254C87
:108050009B00D358012BE3D12368002BE0D1FEF71E
:10806000B1FEDDE721480368002B1ED0204BBFF393
:108070005F8F012002261F4C6070585C30435854BB
:10808000D0211D48090606680968002E15D0BFF3E7
:108090005F8F012020700124585C20435854D02366
:1080A0001B06196888001358CCE7114B5C5CA407C9
:1080B0000AD40468002CDAD1FBE75E5CF60708D42A
:1080C0000668002EE3D1FBE70A4C6178013161704C
:1080D000D6E723788800013323701358B2E7C046EF
:1080E000ECF0012048F0012038F001203C0100D0E4
:1080F00028F001202CF00120380100D0F8B5041E32
:1081000042D0016BEFF3108072B6D02212061368D2
:10811000364D9B00EB5880F310881B6B994225D29B
:10812000E369002B0BDBEFF3108172B613689B0041
:10813000EB5881F310881A6B20239B1AE361226BA2
:108140002B4E93009B189B00A269F3189A421DD0F6
:10815000EFF3108272B6D0231B061B689B00EB580E
:1081600082F310881B6B236301200CE0206DEFF37A
:10817000108172B613689B00EB5881F310881B6B5B
:10818000984280414042F8BD0020FCE727000837B4
:108190003800FDF7D1FEEFF3108272B6D0231B0634
:1081A0001B689B00EB5882F310881A6B114B2263FB
:1081B00019688A4200D91A6093009B189B00F11835
:1081C0004A689068E260206147609760F258A16158
:1081D0000132F250A36B002B02DBA36B012BC3DD3A
:1081E0002000FEF731FC0120CDE7C046086D0020DD
:1081F000246D002050F0012070B5041E08D0436D9E
:10820000016B026D013B4365914201D0002B01D00F
:10821000002070BD050008352800FDF78DFE2023E5
:10822000226D9B1AE3611E4B226319688A4200D9B2
:108230001A6093001B499B189B00C81842689668F7
:10824000E260266175609560CA58A0610132CA502B
:10825000A36B002B02DBA36B012B01DD0120D8E710
:10826000D0231B06A26B1B689A4211D0A36B0E4D44
:108270009B005B599B6B0233F0D0A06BFDF796FB24
:108280000222A36B52429B005B5901209A63C0E714
:108290000121A26B054B92000120D150B9E7C046E5
:1082A00050F00120246D0020086D00202CF10120E9
:1082B00070B5041E08D0036D8B4206D3226B9A4220
:1082C00002D0616D012905D070BD226B0B009A426E
:1082D000F7D1F9E7E1692363002902DB2021CB1AFA
:1082E000E36193009B18214D9B00A269EB189A4211
:1082F000EAD1260008363000FDF71EFE1C4B226B2B
:1083000019688A4200D91A6093009B189B00E918EB
:108310004A689068E260206146609660EA58A16110
:108320000132EA50A36B002BCEDBA36B012BCBDC1D
:10833000D0231B06A26B1B689A4210D0A36B0D4D75
:108340009B005B599B6B0233BED0A06BFDF72EFBED
:108350000222A36B52429B005B599A63B4E701214E
:10836000A26B054B9200D150AEE7C046246D0020B1
:1083700050F00120086D00202CF10120D0231B06B5
:108380001B68064A9B009A5810B5002A03D00121A9
:10839000034A995010BDFDF7DDFAFBE738F00120E4
:1083A0002CF1012070B572B62C4B1B68002B10D03D
:1083B000D0231B0619682A4A88001358002B10D0B6
:1083C00001331350D0231B061B689B00D358012B8D
:1083D00000D070BD234B1B68002BFAD1FEF7F2FCD6
:1083E000F7E721480368002B1ED0204BBFF35F8FB7
:1083F000012002251E4C6070585C28435854D0213F
:108400001C48090605680968002D15D0BFF35F8F69
:10841000012020700124585C20435854D0231B06AF
:10842000196888001358CBE7104B5C5CA4070AD48A
:108430000468002CDAD1FBE75D5CED0708D4056821
:10844000002DE3D1FBE70A4C617801316170D6E77A
:1084500023788800013323701358B1E7ECF0012032
:1084600038F0012048F001203C0100D028F0012024
:108470002CF00120380100D0F0B5C64600B505004B
:10848000FFF790FF2C4A2D4F1368013313603B68B0
:10849000002B25D02A4E2B4A1368013313602A4B38
:1084A0002A6B19688A4200D91A60280093009B1829
:1084B0009B00F1184A6808309468EA602C6160609B
:1084C0009060F258A9610132F2503B68002B2ED126
:1084D0003B68002B01D0FEF783FD80BCB846F0BDA1
:1084E0001368174E012BD6D1A0239B009846340069
:1084F000B04420001434FDF7EBFC4445F9D1134B94
:1085000098461800FDF7E4FC114C2000FDF7E0FC54
:108510001048FDF7DDFC1048FDF7DAFC0F48FDF7C9
:10852000D7FC42460E4B1A600E4B1C60B3E7280086
:10853000FEF78AFACCE7C04640F00120ECF00120BB
:10854000246D00204CF0012050F0012084F0012027
:1085500098F00120D8F001200CF10120F8F0012062
:10856000146D00201C6D002010B582B0059C019494
:10857000049C0094FEF77AFB002807D001235B429D
:108580004360FFF779FF012002B010BD0120404297
:10859000FAE7C04610B582B0069C0194049C009492
:1085A000FEF764FB002806D0059B4360FFF764FFDD
:1085B000012002B010BD01204042FAE7F0B5244B83
:1085C00087B06A460293302393810023214C802296
:1085D00021480194009302A9FEF748FB002804D02B
:1085E00001235B424360FFF747FF2300002504CBD4
:1085F0001A4E956369463260312219480A73019315
:10860000009500234F3202A9FEF730FB002810D05E
:1086100001277F424760FFF72FFF012263689A63BB
:10862000736000F0D3FC012808D00E4B1B6807B024
:10863000F0BD012263689A637360F6E772B60A4B75
:108640001F600A4B18600A4B1D60FDF725FAECE726
:1086500049444C45B4F00120CD710210086D002052
:108660002D6A0210D0CD0510C4F00120ECF00120DD
:1086700020F1012070B50400FFF794FE002C4CD0CF
:10868000260008363000FDF757FCE36A002B03D0C4
:1086900020001C30FDF750FC424A434D1368013363
:1086A0001360A36B013316D02B68002B14D031005C
:1086B0003E48FDF71DFC3E4A136801331360A36B6F
:1086C000002B02DBA36B012B33DD2B68002B1CD0AE
:1086D000FEF786FC19E02B68364A1368013B1360ED
:1086E000354B1A681268002A10D01B68DB681A68BC
:1086F000324B1A602B68002B01D0FEF771FC606BC7
:10870000FDF734F82000FDF731F870BD2B4B013A2E
:108710001A602B68002BF0D1F1E7EFF3108172B6ED
:10872000D0231B061A68264B9200D45881F3108878
:10873000A6E7D0221206A36B1268934216D0A36B51
:108740009A421FD0A36B1E4E9B009B599B6B02331A
:10875000BBD0A06BFDF72AF90222A36B52429B000B
:108760009B599A632B68002BB2D1CEE7154A9B0028
:108770009A58002A0FD00121134A99502B68002BD8
:10878000A6D1C2E70121A26B0F4B9200D1502B68FA
:10879000002B9DD1B9E7FDF7DDF82B68002B97D1B1
:1087A000B3E7C0464CF00120ECF001200CF10120B1
:1087B00044F0012040F00120146D0020C4F001209D
:1087C000086D002038F001202CF10120F0B5D646CC
:1087D0004F464646C0B5FFF7E5FDD02109060B68B8
:1087E000494A9A461368013B1360086847494B7829
:1087F000013BDBB24B70002B09D1022444490B5CD6
:10880000A3430B54BFF35F8F0121424B19601368E0
:108810000024002B65D1404B1B68002B61D03F4DDD
:108820002B68002B47D03E4B3E4C984600239C467D
:1088300029E06146D962116801391160D868196967
:108840009A6981604860180057680830874254D0A0
:1088500011680139116041461A6B09688A4201D9D1
:1088600041460A6091008A189200A7187968D96079
:108870008E681E61706088609F61A3580133A350A9
:108880002B68002B0DD0EB68DB68186A596ADA6A2E
:1088900081604860180057681C308742C9D1516018
:1088A000C7E7214B1A681268002A28D01B68DB68CA
:1088B0001A681E4B1A601E4B1E4D98461C68534684
:1088C0009F00002C0AD00126FEF716FE002800D0DB
:1088D000EE51013C002CF7D143461C60EC59631E5D
:1088E0009C41154B1B68002B01D0FEF779FB200043
:1088F000E0BCBA46B146A846F0BD5160A8E70B4BB4
:10890000013A1A60D7E7C04648F001202CF0012058
:1089100028F001203C0100D040F00120D8F00120D7
:1089200050F00120246D0020146D0020C4F00120BF
:10893000D4F001202CF10120ECF00120044B10B503
:108940001868002800D110BDFFF740FFFBE7C046C4
:10895000ECF0012070B5041E0AD0144D2B68002BDA
:108960001AD100212000FEF7DFF82B68002B0ED172
:10897000D0231B061B680E4A9B009A58002A03D07E
:1089800001210C4A995070BDFCF7E4FFFBE7FFF7AB
:108990001DFF0028ECD0F6E7FEF7BAFA0021200010
:1089A000FEF7C2F82B68002BE2D0F0E7ECF00120D4
:1089B00038F001202CF1012080231B060B4370B5F9
:1089C0004168036082680369C4688A6051605968BD
:1089D000814232D00022026120001A68E168013A27
:1089E0001A60A369226908308A605160596881421F
:1089F00025D01A68013A1A60124B226B19688A4214
:108A000000D91A60930010499B189B00CD186A6822
:108A10009668E260266170609060CA58A561013274
:108A2000CA50FFF7BFFC2000FEF70EF8074B1B688B
:108A3000002B01D0FEF7D4FA70BD5A60CAE75A6025
:108A4000D7E7C04650F00120246D0020ECF0012053
:108A5000F8B5194B00201B68002B00D1F8BDFCF7BE
:108A60009DFFD0231B061C681449A2008B58002BC5
:108A700002D001338B50F1E7114E124D3368002BB9
:108A80000DD0BFF35F8F01220F4B1A702B5D134384
:108A90002B55D0231B061C68A2008B58E9E72F5DDD
:108AA000FF0703D43368002BEBD1FBE7064D2C788E
:108AB00001342C70DDE7C046ECF0012038F00120D5
:108AC000380100D028F001202CF00120204B70B597
:108AD0001B68002B0ED0D020000603681D499B00A8
:108AE0005A58002A06D0013A5A5003689A00515841
:108AF000002900D070BD1849545818490A78013A25
:108B0000D2B20A70002A08D10120154DEA5C8243D6
:108B1000EA54BFF35F8F134B1860D0231B061A680B
:108B20004B78013BDBB24B70002B09D102200C4982
:108B30008B5C83438B54BFF35F8F01220A4B1A6017
:108B4000FCF714FF002CD5D0FCF704FFD2E7C04699
:108B5000ECF0012038F001202CF101202CF0012054
:108B600028F00120380100D03C0100D0134B10B593
:108B70001B68002B0ED0D0242406236810499B00CC
:108B80005A58002A06D0013A5A5023689A0052587F
:108B9000002A00D010BD0B490A78013AD2B20A70FF
:108BA000002A08D10121084CE25C8A43E254BFF359
:108BB0005F8F064B1960FCF7F5FEEBE7ECF0012048
:108BC00038F001202CF0012028F00120380100D0DD
:108BD000EFF3108072B6D022120611680D4B890097
:108BE000C95880F31088C869EFF3108C72B6116809
:108BF0008900C9588CF31088096BEFF3108C72B69A
:108C000012689200D2588CF3108820235B1AD3612B
:108C10007047C046086D0020EFF3108172B6D02374
:108C20001B061A68054B9200D05881F31088002863
:108C300002D0436D013343657047C046086D002084
:108C4000F0B5DE4657464E464546E0B5CA4B8BB0BA
:108C50009A46CA4B06AC0393C94B9B46C94B01933A
:108C6000C94B0593242399465B46D3469A465B46F7
:108C70001B681E68002E00D0A5E0FEF7C9FBFEF7BA
:108C80002FFC039A04901368834200D9ACE053464A
:108C90001B6810601A6853425A41049BF11A019BE9
:108CA0001868FDF79FFEFFF749FE002800D130E16C
:108CB000102200212000FAF731F8019B0022210048
:108CC0001868FDF7D3FC0028D1D02368A068002BDA
:108CD00071DBA5686B69002B02D0281DFDF72CF90C
:108CE000FEF7FEFB039B06001B68984200D2C7E01C
:108CF000039B1E602368092BDFD8059A9B00D3587D
:108D00009F464B46E85C01234A460343AB546168E7
:108D1000AA692D618B186B60B34200D9FCE0711A0F
:108D20008A4231D8410710D4012398434B46E85476
:108D300028002B6A9847C0E7F31A9A4200D910E13D
:108D40002B6A280098473B00AA69D7186F602D61ED
:108D5000BE42F1D29E4201D2BB42F1D95B46291DEF
:108D60001868FDF7D1F8E3E74B460122EB5C1343AB
:108D70004A46AB5463682D619A19AB616A60B2428E
:108D800000D9CEE0002B98D05346291D1868FDF776
:108D9000BBF892E74B460122EB5C93434A46AB5447
:108DA0008BE74B46EB5C9A0700D4D6E00122934355
:108DB0004A46AB5481E76368E16898472368002B13
:108DC00000DA7AE785E7DB681E68FEF721FBFEF72D
:108DD00087FB039904900B68834205D8086086429C
:108DE00000D8A4E0002258E75B461B681A68002AF6
:108DF0003AD0042290460BE0012293434A46AB54FA
:108E00002B6A280098475B461B681A68002A2BD0FB
:108E1000DB68DD681F682B1D18000293FDF78CF8D6
:108E20004B464246EB5C1A42E6D0AB692D61DE1937
:108E3000FF436E60BB420AD83700FF432B6A28000D
:108E40009847AB692D61F6186E60BB42F4D9534662
:108E500002991868FDF758F82B6A280098475B4676
:108E60001B681A68002AD3D15246594612680A6014
:108E700052461360039B049A1A60FFF75FFD17E7E1
:108E80005B461B681A68002A3CD0029504900BE0F0
:108E9000012293434A46AB542B6A280098475B460D
:108EA0001B681A68002A2BD0DB68DD681F682B1D41
:108EB00018009846FDF740F84B460422EB5C1A4236
:108EC000E6D0AB692D61DE19FF436E60BB420AD864
:108ED0003700FF432B6A28009847AB692D61F618CD
:108EE0006E60BB42F4D9534641461868FDF70CF852
:108EF0002B6A280098475B461B681A68002AD3D162
:108F0000029D049E5246594612680A6052461360FA
:108F1000EEE6FFF733FACBE6B14202D9994200D828
:108F200000E75B46291D1868FCF7EEFFC5E6FFF772
:108F300005FD5B461B68DB68DF683D1D2800FCF70C
:108F4000FBFF4B46FB5C5A0711D4012293434A4670
:108F5000BB5438003B6A9847AAE62800FCF706FC99
:108F6000ABE65346291D1868FCF7CEFFE0E6A8469D
:108F70003300049D11E0C046106D0020BCF00120BC
:108F8000206D002024F10120D4CD0510EB1A9A4267
:108F900014D83B6A380098473300BA693F619E187D
:108FA0007E60AE42F2D9AB4201D9B342F1D9454617
:108FB0005B4629001868FCF7A7FFCAE745465346F9
:108FC00029001868FCF7A0FFC3E7C04670B584B05D
:108FD000FFF7E8F9184C2368002B15D0FFF776FD52
:108FE00023680020002B0DD0144B80220293012314
:108FF0005B42019320330093114900231148D200B2
:10900000FFF7C8FA04B070BD0F4E3000FCF760FFE8
:109010000E4D2800FCF75CFF0D4B00221E600D4B2F
:1090200010210A201D60FDF79DF820600028D5D092
:109030000949FDF74BFCD1E724F1012028F101207B
:1090400008970510418C02105CF0012070F001209F
:10905000106D0020206D002000970510F8B54546E2
:10906000DE4657464E46E0B50700282088461600E3
:109070001D00FCF7E9FA041E1BD024230022C25471
:10908000FFF790F91D4B99461B68002B18D0FFF78E
:109090001DFD4346A3610A9B2760E5612362201DF5
:1090A000FCF722FF002E04D024220421A35C0B43F2
:1090B000A3542000F0BCBB46B246A946A046F8BD6A
:1090C0000F4B9B461800FCF703FF0E4B18009A4607
:1090D000FCF7FEFE5A460C4B10211A6052460B4B11
:1090E0000A201A600022FDF73DF84B461860002860
:1090F000CDD00749FDF7EAFBC9E7C04624F10120BE
:109100005CF0012070F00120106D0020206D002027
:109110000097051030B50F4D85B02B68002B04D09B
:10912000009101920290052902DD002005B030BDBA
:10913000FEF76AFF00232D68022805D00022694649
:109140002800FDF78FF8F1E769462800089AFDF737
:1091500089F8EBE724F1012030B514001A0002234E
:109160000D0085B05B420093054B0190694618687D
:10917000002302950394FDF793F905B030BDC04676
:1091800024F10120F8B50E00EFF3108772B60C4BF6
:1091900084009B681D59A94204D00A4B9D420AD203
:1091A000F8F780FD064B9B681E51BFF35F8F87F376
:1091B00010882800F8BD044B9D42F3D3F0E7C04669
:1091C00000ED00E0C0000210D400021010B5044B06
:1091D0000022186800210023FDF744F810BDC046A6
:1091E00058F00120012110B5024B49421868FDF7E3
:1091F000CBFA10BD58F0012070B5D024802519207D
:10920000F7F722FBAD040022012124061920F7F70D
:10921000C7FA65620520F8F725F8A5616420F8F71C
:1092200021F865616420F8F71DF870BD10B5044899
:1092300000F0CCFB034B186003685B68984710BDD7
:109240002C0600200470002010B501210448FCF712
:10925000D7FF044B04491860044804F015FF10BD03
:10926000FFFFFF7F58F00120CD910210E591021021
:1092700030B5154C85B023681B681B699847236877
:109280001B689969586904F023FF23681B68196AF1
:10929000D86904F033FF23681B68D868196904F0A3
:1092A00005FF6A46094B694631CB31C21B68012074
:1092B000136005F061F9013001D005B030BD0448FC
:1092C000FBF78EFBF9E7C046047000201CCE0510AA
:1092D00014970510E42010B5800105F067FA04002A
:1092E00008482100FBF700FC042C00D110BDE4204D
:1092F000800105F05BFA044B01001800FBF7F4FB5A
:10930000FEE7C0462C9705103C97051030B583B09A
:109310006B469C1D2200D9800621050004F03AFE10
:109320002100052005F028F980235B00AB4022884E
:10933000210013430420238005F01EF903B030BD43
:10934000014B18607047C0469C3C00200022014B36
:109350001A6070479C3C002010B50E4C2368197BA6
:109360005B685878F7F702FA2368197B5B68D8784E
:10937000F7F7FCF9236801225B680021D878F7F73A
:109380000FFA23685B689A7801239340D022120673
:10939000936110BD9C3C002070B5012422004368FD
:1093A000D0265B7905009A40360672626420B2616D
:1093B000F7F758FF6B6864205B799C407461F7F79E
:1093C00051FF70BD10B5F7F7FBF8C04610B5041E8D
:1093D0001AD00E21415600290CDB0D228256531C57
:1093E00005D011498068FCF767F80E216156A06826
:1093F000FBF77CFF0F20205600280BDA10202056A8
:10940000002802DA0023236010BDFBF753FFFF237F
:109410002374F7E7FBF74EFFFF231020E37320567A
:109420000028EFDBF1E7C0462CCE0510F0B557461B
:109430004E464546DE46E0B5012687B0040004915D
:109440000E2105939A46330002926156B14F8B402C
:10945000DD43BC469046A9460D254B0080685B184D
:10946000DB00C2186244655703924246D7007A1E59
:10947000676893467A7807689446EA0190465246B0
:10948000002A00D1BFE04A46C3183A400260CC33FC
:109490001A68A14F0835174042462D033D43154336
:1094A0001D608023039A1B0613601360634632001D
:1094B0009A401300FCF718F80E2032002056802343
:1094C000051DAA40A1689B01CB181A600200370055
:1094D000083297401F605B4682008A181361430080
:1094E0001B18DB008D4FCB18D8331F60109F013F36
:1094F00017618B4A1A601F22677B3A401A600F235C
:10950000E356884A9E409C46A023DB059E50624657
:10951000920193468026844F76045F443A68324233
:10952000FCD110220127A2567E4E97409F51A023C6
:10953000DB0599467C4B802698469701B944760412
:1095400047443B683342FCD1784B794ECB181B0D16
:10955000DB00984663468446DB02C444B24633408F
:109560006646F603334311263343AE00B446A026C5
:10957000F6055E448B46049FE34437605F467760A0
:10958000029FD202B760F36053461A40212345443C
:10959000ED032A431A4363464D461033CB182B6024
:1095A0004B46059D5D60109D9D60DA600123834000
:1095B0000A6813430B600F225E4B80219C46A25623
:1095C00049049201624413680B42FCD11022594BAA
:1095D00080219C46A25649049201624413680B42C2
:1095E000FCD10E2101206156A3684A005218D20016
:1095F0009B18514AD8331A6007B0F0BCBB46B2463C
:10960000A946A046F0BD4A463A400260CC229146A7
:10961000C31899444A4617683F4A023517404246E4
:109620002D033D4315434A4615608025039A2D06B8
:109630001560156035000A1D954080229201821840
:1096400015600D0037000835AF405D4617608A0091
:1096500082181561314DD8331D60029D8027013D70
:1096600015612F4A2F4D1A60E02212021A606246DD
:1096700001230096FBF78EFF0E211F206156637BAE
:10968000A26818404B005B18DB00D318D833186071
:109690000F202056A0238640DB055E518601F51879
:1096A000214B7F049C46664433683B42FCD11F4BF0
:1096B0001F4ED3181B0DDB005B18C0023040DB03CC
:1096C00003431120034304982860081D80001018EC
:1096D00068600298A860EB60012308001D00183044
:1096E00085408B409560280015682B431360936874
:1096F0000342FCD00E2101226156A0688A40036813
:109700009343036063681A78002300930133FBF7E7
:1097100041FF66E7D01000007F00FEFF20600000E0
:1097200040600000440400000C0000500000E0AF66
:10973000FD7F00FF1000005003A0000030B5094D70
:109740000F2428680123010085B06C44027D11318B
:1097500000932300FFF76AFE00222B6820781A7519
:1097600005B030BD9C3C002030B5084C030020689B
:109770000D00010083B0027D11310095FFF756FE08
:10978000002223681A7503B030BDC0469C3C0020FF
:1097900010B50520F6F7F6FE030C64200349584384
:1097A000F8F7FCFB0338FDD210BDC0469A3B000021
:1097B000064B10B51B685B689A7801239340D02252
:1097C00012065361FFF7E4FF10BDC0469C3C002029
:1097D000F0B545465746DE464E46E0B5704F8046EA
:1097E0003C680D00237D85B0032900D1BEE0032B2A
:1097F00000D1C9E04346002B00D1C2E001260E2172
:1098000032006156A0688A400368934303600D23C9
:10981000CC22E35691469C464B005B18DB00C718F0
:10982000BA46D1444A4612680297924662460232CC
:10983000170303975B4FC318BB4657465A4617405A
:109840003A00039F17433A006746FF013A434F46E9
:109850003A60554A370094468022634412061A60E3
:109860001A6032000B1D9A4080239B01C3181A60B6
:109870000A00083297408A001F60EB008218013B03
:109880001361029B494FD8331F606F1E1761484A0E
:109890001A60E02212021A6063685A780123009667
:1098A000FBF778FE0E211F206156637BA2681840EB
:1098B0004B005B18DB00D318D83318600F23E35636
:1098C0009C46330060468340A0203A4EC005835139
:1098D00063469F01384B80269946381876044F44DA
:1098E0003B683342FCD16646344BF702D318344E02
:1098F0001B0DDB0037405B184646DB033B4311275B
:1099000006600E1DB6003B43961946608560C36035
:10991000012308001D00183085408B409560280009
:1099200015682B43136093680342FCD00E2101227B
:109930006156A0688A4003689343036063681A789D
:10994000002300930133FBF725FE0E216156A36827
:109950004A005218D2009B181A4AD8331A6005B030
:10996000F0BCBB46B246A946A046F0BD002B00D0D5
:109970003DE72000032241461130F9F7D5F925755E
:10998000EDE71148F6F704FE210000262000002331
:10999000032211310096FFF749FD3C68267529E73F
:1099A0009C3C00207F00FEFFD010000020600000E3
:1099B00040600000440400000C0000500000E0AFD4
:1099C000FD7F00FF03A000007C970510F0B5DE4688
:1099D00057464E464546E0B5904C83B02368002B71
:1099E00000D0D7E001268E4B606023604078F6F708
:1099F0002BFF31006368D0255A782D0691406962AB
:109A0000A9619878F6F720FF310063689A78914051
:109A1000696269611879F6F717FF636800211879A0
:109A200000228640AE62F6F7BBFE7E4D7E482900DE
:109A3000FBF788FC002800D1B2E007237A48FF2614
:109A40000021A0602674E6732373FBF75FFC40B22D
:109A5000A073002800DAACE02900A068FBF7B0FC96
:109A600040B2060008366073704BC00136030643EF
:109A70001E40B3466E4E6368B446187ADA88000218
:109A800012041043DA78302791008C446646366819
:109A90008246B743674EB046664641440F6036681B
:109AA0000127B4463E00604686430E6059781B7815
:109AB000F8209C46C001930203406046C0038046E4
:109AC000F8204646000306401F2033430600F820D6
:109AD0000E4080004901014033430B435649C820E2
:109AE0001943A36889469846390063469940534B09
:109AF0008446434419600E21615656464B005B185C
:109B0000DB0043449C446046066018004C4ED03055
:109B100006605E46043806604846DC331860012360
:109B200040460097FBF736FD6368217B5878F6F7CF
:109B30001DFE6368217BD878F6F718FE6368012262
:109B400018780021F6F72CFE636801211878F6F7E3
:109B50003BFE0E216156A3684A005218D2009B18A2
:109B6000384AD8331A600020FBF7AEFBE0730020C0
:109B7000FBF7AAFB0F2340B22074E356002B28DB2F
:109B8000002846DB200003B0F0BCBB46B246A94625
:109B9000A046F0BD0023002B00D023E70020F2E711
:109BA00029002948FBF7CEFB0028F7D006232648DA
:109BB00045E70F202056002820DA102020560028E4
:109BC00003DBFBF777FBFF232374002300202360D4
:109BD000D9E70E2161560029F1DB0D22A256531C54
:109BE00010D1A068FBF782FB0F23E356002BE4DBC8
:109BF0001800FBF75FFBFF23E373DEE7FBF75AFB7D
:109C0000E673DAE72900A068FBF756FC0E216156DF
:109C1000E7E70E2161560029DFDAE9E70870002046
:109C2000380600202CCE051000003050FFFFFF9FAB
:109C300004C0014004D0014000001024382000007E
:109C40000000831001E000000000205010B5012248
:109C50000021122001F01CFC0221122001F050FC16
:109C6000022200210C2001F013FC01F08DFC01F018
:109C700055FC012200210E2001F00AFC1320F6F70A
:109C8000E3FDD02380221B0612035A629A6110BDA5
:109C900010B504F0A3FBC0B210BDC04610B50C2037
:109CA00001F024FC431E9841400010BD10B5002275
:109CB00001210B2001F0ECFB00210B2001F04EFCF8
:109CC00010BDC04610B5122001F010FC10BDC046FA
:109CD000022807D8044B4000C25A01239340D022E7
:109CE0001206D3617047C04648CE05100048704741
:109CF000E44D0020F0B5C64600B57B4C7B4B86B0EA
:109D000023600223A61DFF330C2230007849A38074
:109D1000F9F70AF801232000A3766423002563776E
:109D20000A225F3B00211F30E5762577A377F8F7FD
:109D3000F5FF2F23C022E2546E4B200023636E4BAD
:109D4000BD3A63636D4B0021A3636D4B5330E363F6
:109D50006C4B002723644423E25202337132E554F2
:109D6000F8F7DCFF20000C2267494730F8F7DCFFEA
:109D700020000A220021D630F8F7D0FFC723634A1B
:109D8000E5540133E250624A0433E250614A04333D
:109D9000E250614A0433E252604A0C33E250604AB6
:109DA0000433E250862204335204E250FA22043390
:109DB000E5500433E5500433E5500433E5500433F3
:109DC000E5500433E55298460233E7540C33E5522C
:109DD000D2000E33E250C8239B00E01880220021FD
:109DE000F8F79CFF8423DB00E01880220021F8F7BD
:109DF00095FFE8239B00E01880220021F8F78EFFF2
:109E00002000213080220021FF30F8F787FF20005A
:109E1000A13080220021FF30F8F780FF88239B00CB
:109E2000E01880220021F8F779FFA8239B00E018B2
:109E300080220021F8F772FF94234246DB00E550B0
:109E4000384B0021E252384BE23AE754374BE018E6
:109E5000F8F764FF9623DB00E5182822002128008C
:109E6000F8F75CFF324B0922E0183249F8F75CFF43
:109E70009B23DB00E218304B304981CB81C21B8829
:109E8000280013802E222923A25CE35C04922D2259
:109E9000A25C03922C22A25C02922B22A25C019271
:109EA0002A22A25C00923200FAF798FBA023DB0082
:109EB000E01820220021F8F731FFA423DB00E0188E
:109EC00020220021F8F72AFFA823DB00E018202237
:109ED0000021F8F723FFAC236822DB00E25006B034
:109EE00080BCB846F0BDC046E44D0020010202042B
:109EF00098970510A80B02C0A80B01FFFFFF0001F7
:109F00000188138813C0A80BA49705100808080837
:109F1000080000B80B01581B881300000001010164
:109F20002B2B2B00A4040000AF040000E20400006F
:109F3000A6040000B4970510C0970510CC97051033
:109F4000F0B5C64600B5244882B0FBF77DFB041E81
:109F500032D00021204AF8F7E1FE204B0125984637
:109F60001F4F3A00002101201B4B02F00FF8210087
:109F70000120194A01F0FAFF21003800164A2EF09C
:109F80003DFD002811D002F0DDF8D02301951B061D
:109F90001B78144E00931A23010042463000FF3311
:109FA0000135FAF7A1FD062DDBD12000FBF7DEFB22
:109FB00002B080BCB846F0BD02F0C4F8D0231B0646
:109FC0001B78094C009386230100044A20005B00A3
:109FD000FAF78AFDECE7C0466405000064CE051080
:109FE000E44D00203C980510E8970510F0B5C646F2
:109FF00000B5414C01202100404A86B001F0B6FF77
:10A00000210006220020293101F0B0FFE223E35CA9
:10A01000002B00D06DE002F095F82E22D026A25C35
:10A020003606337805922D22A25C354D04922C22FF
:10A03000A25C010003922B22A25C324802922A22E7
:10A04000A25CFF2701922922A25C00922A00FAF763
:10A050004BFDE269294B12029846120C9A422CD011
:10A0600002F070F8424633680192E2690100120280
:10A07000120C3B40009224482A00FAF735FD02F00A
:10A0800061F8336801002A003B402048FAF72CFDB4
:10A09000FFF730FEFFF754FF02F054F842463368F2
:10A0A0000192E26901001202120C3B400092184832
:10A0B0002A00FAF719FD00F081FCEE23E35C012091
:10A0C000033B012B01D9FFF7E9FDE823E054114BD5
:10A0D00023800223A370EE33E3581B021A0C01D035
:10A0E0000D4B1A80012004F03FFD06B080BCB8463D
:10A0F000F0BDFAF725FC8EE7E44D00206405000072
:10A1000080CE051080980510B8980510EC980510C1
:10A110001C990510010200005807002010B5F8F73F
:10A1200003FE10BD10B5F8F7FFFD10BDF0B5DE461B
:10A13000454657464E46E0B5D0258FB008AC2100C5
:10A14000012003F0F1FF01F0FDFF6F4E2D062B788B
:10A15000079662790100059222796C480492E278B0
:10A16000B0460392A278029262780192227800921D
:10A170003200FAF7B9FC01F0E5FF627A2B7803921E
:10A18000227A634E0292E27901000192A2793000B4
:10A1900000924246FAF7A8FC01F0D4FF5D4E5E4FF4
:10A1A000F26B2B781202120C01000092380042462A
:10A1B000FAF79AFC01F0C6FF584F424601002B788F
:10A1C0003800FAF791FC01F0BDFF627C2B78039216
:10A1D000227C534F0292E27B01000192A27B380065
:10A1E00000924246FAF780FC01F0ACFF627B2B78CC
:10A1F0000392227B4B4F0292E27A01000192A27AF3
:10A20000380000924246FAF76FFC01F09BFF627D36
:10A210002B780392227D01000292E27C4248019257
:10A22000A27CFF2700924246FAF75EFC3B23984649
:10A23000F35C012B28D04623F35C012B2ED001F0D8
:10A2400081FF3F22B25C2B68944640226446B25C98
:10A2500001001202224304924422B25C3B4003926A
:10A2600043229146B25C3148029242229246B25C4D
:10A27000019241229346B25C0092079AFAF734FCAD
:10A280004346F35C032B1CD02948FAF7A9FB0FB017
:10A29000F0BCBB46B246A946A046F0BD01F052FF55
:10A2A0003F222B68B55C0132B25C473612022A436A
:10A2B000010001923B40079A00961E48FAF714FCF1
:10A2C000E2E75B465246F35CB25C13434A46B25C3B
:10A2D00013434422B25C13430AD001F033FF2B68CE
:10A2E000154D0100079A28003B40FAF7FDFBCBE72C
:10A2F00001F028FF2B68114D0100079A28003B4010
:10A30000FAF7F2FBC0E7C04650CE05105899051089
:10A3100098990510E44D0020D0990510EC9905108E
:10A32000089A0510389A0510689A0510D89A0510F1
:10A3300098C10510989A0510489B05101C9B0510A4
:10A3400030B5184C87B02100062268462931F8F74D
:10A35000EBFC6D46210004222F31A81DF8F7E4FC28
:10A3600021000E20042233316844F8F7DDFC21007F
:10A370000A20042237316844F8F7D6FC2100122065
:10A380000422C8316844F8F7CFFCC723E35C694670
:10A390005A1E934100200133AB7503F0C5FE07B090
:10A3A00030BDC046E44D00200C4B1B78002B11D073
:10A3B0000B4B0C4A198891420DD01A88013292B287
:10A3C0001A801988084A914204D90121074A11705C
:10A3D00000221A80704700221A80F2E750F1012013
:10A3E00036F10120FFFF0000973A000059F10120EB
:10A3F000F8B557464E464546DE46314BE0B5D718D0
:10A40000FF00CF190C0080461600C16ABC4252D82A
:10A410000022230092465A6808339244BB42FAD97C
:10A42000884753468346002B46DD00239946434622
:10A4300042469B69D069002B36D0320021009847F4
:10A440000500002D2CDD4346DB6A98474346A944AE
:10A4500058634346DB6A98475B46C01A194B9842DB
:10A4600006D90CE06368AB4210DCED1A0834013EFB
:10A47000BC42F7D9CA4502DD4B46002BD7DA484625
:10A48000F0BCBB46B246A946A046F8BD002DF1DDA2
:10A49000A742EFD322685B1B521922606360E9E791
:10A4A000002DD6D0A946D4E74346626821685B698F
:10A4B00098470500C5E7884700239946DFE7C0466F
:10A4C000FFFFFF1F204E0000F0B5CE46474680B587
:10A4D00093B0002316006A4605000C00059306930E
:10A4E0000793D37300283CD000293AD00B78002B77
:10A4F0003DD10B69002B31D1200007AA06A900F03D
:10A50000BBF900282ED12000069905AB08AA00F05F
:10A510005FF9002826D12278002A35D108AA059BA8
:10A520000A9262680B930C9227890AA9CF60FF18E0
:10A530000323022299462369002B08D0D2009046BB
:10A540004046E268FF180A500A1853604A4628003D
:10A55000FFF74EFFB8423BD0032003E0CB68002B4F
:10A56000CAD1012013B0C0BCB946B046F0BD01202D
:10A57000002EF7D00B69002B02D0CB68002BF1D056
:10A580002B68002BB8D1EDE73100280000F0AAF8C5
:10A59000092819D00028E5D108AB059F0A93636804
:10A5A0000B970C93238922780AA9FF18CB60002A05
:10A5B000BED004AB72BA1A800B6102234B61023326
:10A5C000994603220237B6E7A378002BCAD0E3E707
:10A5D00020780028C6D00F236B440093002203008C
:10A5E0003100280000F096F8BCE7C046031E06D0F4
:10A5F000008D054A904204D0421C1A857047002005
:10A60000FCE701221A85F9E7FFFF0000F0B5D64606
:10A610004F464646C0B508AC24789A46A446304C0E
:10A620000C19A400245A002C25D14C1E55D40E0020
:10A63000A500455B37002600002D03D1013CF7D271
:10A6400000270BE0AA4246D0013C05D3A500455B9C
:10A65000002DF7D1013CF9D28F423ED25346BF00C4
:10A66000C719BB70634600203A80FB70E0BCBA4655
:10A67000B146A846F0BD00292FD0002301270400D1
:10A68000002599467F422688002E19D17E1C20D0B5
:10A6900001350434A94211D02688002EF8D0BB0021
:10A6A0009846804443461E80668801375E804B464C
:10A6B0002380638001350434A942E4D14C1EB6E7FF
:10A6C0007B1CECD1013504348D42F7D02688002E56
:10A6D000F8D12F00EEE70920C8E70220C6E7C04600
:10A6E000FFFFFF3F30B5030083B0101E02D00029EA
:10A6F00002D1012003B030BD002BFAD09D681C6848
:10A7000001232000009313000A002900FFF77EFFB9
:10A71000F0E7C046F0B5040083B0002809D00898DF
:10A72000002806D0002B07D10A25030000201D7049
:10A7300000E0012003B0F0BD01200029FAD0002A7A
:10A7400011D0012B30D0022B2CD10325012A29D185
:10A75000E6680A00606831000095FFF757FF00289F
:10A76000E8D1089BE2E7A6682768002EE2D038000F
:10A77000002203E0013204309642DAD004888C4291
:10A78000F8D18178C5789642D3D001208B42D1D1BF
:10A79000012B14D0022B0AD1062D03D0072DE0D0B7
:10A7A000012D06D00820C5E70225012AD0D00730A8
:10A7B000C0E707259200BF18089BFD70B6E7062D7D
:10A7C000CFD0072DEED0012DECD10625F2E7C04603
:10A7D000F0B57F2918D98024E401A1423DD380241B
:10A7E0000026A403A142764106360478012C0FD13D
:10A7F000082485786D422C4045782C4332252C4323
:10A8000014700132CCB214E00478012C27D0042655
:10A81000023C65426C4108258778A4007F423D4098
:10A82000477830343D432C4314700132CCB27F2939
:10A830000AD98027C9097F423C4314700D00CCB26D
:10A840000132C9097F2DF7D814700189090A5170A6
:10A850000189002091701E60F0BD0526C5E708241F
:10A86000857804266D422C4045782C4332252C43B4
:10A8700014700132CCB2E7E7030070B500282AD08B
:10A88000002928D0002A26D04068002823D01C891F
:10A890000120002C20D01E691B78251D002B1CD008
:10A8A000124B01205B1B9E4216D873197F2B16D9C1
:10A8B0008024E401A34214D38024A403A34212D32E
:10A8C0000B4C641BA64207D803300B600133C01841
:10A8D0001060002000E0012070BDA51CE0E7012011
:10A8E000F3E70220F1E70320EFE7C046FEFFFF0F8A
:10A8F000FAFFFF0F10B5074C074A2388D054074BC7
:10A9000020881988013089B2F7F720FB89B22180AD
:10A9100010BDC04638F10120E03D00206006002057
:10A9200030B587B0FFF7E2F96D460400A81D02F0CC
:10A9300069FE0E236B44180002F070FE0A236B447C
:10A94000180002F077FE12236B44180002F07EFE1E
:10A950002100684606222931FFF7E0FB2000A91DEF
:10A9600004222F30FFF7DEFB0E2320006B4419007A
:10A9700004223330FFF7D6FB0A2320006B44190072
:10A9800004223730FFF7CEFB122320006B44042251
:10A990001900C830FFF7C6FBC723E35C69465A1E9F
:10A9A000934100200133AB7503F0BEFB07B030BD0F
:10A9B00010B5FFF79FF9FFF7C3FA10BD0122044B52
:10A9C00010B500201A7003490932F6F7F5FEFEE7CC
:10A9D00060F101200020042010B5044B1B78002BEF
:10A9E00000D010BDF6F79AFEFBE7C04660F10120EB
:10A9F00010B501F0A7FBD023074C1B0601001B7804
:10AA00002000064AFAF770F80122054B002005499C
:10AA10001A70F6F7D1FE10BD749B0510CCCE051050
:10AA200060F1012000200420F0B5DE464E46454688
:10AA30005746E0B587B0FFF759F9D026050001F079
:10AA400081FB36063378804605209946F5F79AFD56
:10AA5000E04CE14F4B462200414600903800FAF7A7
:10AA600043F801F06FFB3378804606209946F5F7EE
:10AA700089FDDA4F4B462200414600903800FAF734
:10AA800033F801F05FFBD64FAA1D33780100009226
:10AA900038002200FAF728F801F054FB9622D14F33
:10AAA000D200AA1833780100009238002200FAF789
:10AAB0001BF801F047FB9B22CB4F010038003B27DE
:10AAC000D200AA18337800922200FAF70DF801F0AC
:10AAD00039FBEF5DC54ABF00BA58337801000092D8
:10AAE000C3482200FAF700F801F02CFBC14A01002C
:10AAF0009346E8225846AA5CBF4F920082583378AA
:10AB0000380000922200F9F7EFFF01F01BFBBB4F6A
:10AB10000100220033783800F9F7E6FF01F012FB5C
:10AB2000C722AA5C01003378012A00D14FE1B44A60
:10AB3000B44E009230002200D026F9F7D5FF01F084
:10AB400001FBB14F36060100220033783800F9F7D7
:10AB5000CBFF01F0F7FA3D22AF5C0132AA5C3378FB
:10AB600012023A4301000092A8482200F9F7BCFF04
:10AB700001F0E8FAA64FA74A3378010000923800A6
:10AB80002200F9F7B1FF01F0DDFAA34FA34A3378B1
:10AB90000100009238002200F9F7A6FF01F0D2FA76
:10ABA0008046D82033784001994603F0FFFD9C4F42
:10ABB0004B462200414600903800F9F795FF01F01E
:10ABC000C1FA984F0100220033783800F9F78CFF62
:10ABD00001F0B8FA2A001F3233780192924A01003C
:10ABE0000592009291482200F9F77EFF01F0AAFA3F
:10ABF0002200010033788E48F9F776FF01F0A2FABF
:10AC0000E022AA5C01003378012A00D1DDE0894A04
:10AC1000894E009201962200D0268848F9F764FFF9
:10AC200001F090FA36060100220033788448F9F7E3
:10AC30005BFF01F087FAFF23010022009A4681485A
:10AC40003378F9F751FFCD23EA5C994601339846F2
:10AC5000EB5C1B0213436CD001F074FA524633686C
:10AC6000010013404A46AE5C4246AA5C7648120296
:10AC7000324300922200F9F737FF744E01F062FA76
:10AC8000D0231B0601002200984671481B78F9F773
:10AC90002BFFCF23EA5C9A4601339946EB5C1B02FB
:10ACA000134354D001F04EFA4346FF221B680100C3
:10ACB00013405246AA5C674894464A466746AA5CD7
:10ACC00012023A4300922200F9F70EFFE823EB5CF0
:10ACD000042B4DD1604B9846D02501F033FA424603
:10ACE0005E4F2D062B780100009238002200F9F704
:10ACF000FBFE01F027FA5A4A2B780292594A5A4F22
:10AD000001925A4A0100009238002200F9F7ECFE45
:10AD100001F018FA564A01002B7830000092220008
:10AD2000F9F7E2FE07B0F0BCBB46B246A946A04622
:10AD3000F0BD01F007FA52463368444E13403D4AD5
:10AD40000100009230002200F9F7CEFE96E701F0F4
:10AD5000F9F94346FF221B6801001340354A3000D1
:10AD600000922200F9F7C0FEE823EB5C042BB1D07F
:10AD700001F0E8F9D0231B060100220099463D4866
:10AD80001B78F9F7B1FE01F0DDF9FF239A464B4637
:10AD9000010022001B783848F9F7A6FE03F098FF5F
:10ADA0008046002870D001F0CDF94B4652461B6812
:10ADB000010013404246012A00D18EE12F4A009241
:10ADC0002F482200F9F790FE6BE0059A20E72D4A04
:10ADD000AEE6C046B4CE0510CC9C0510FC9C051018
:10ADE0002C9D0510589D0510849D05103C070020E2
:10ADF000B49D051064060020E09D05100C9E051012
:10AE0000989C05103C9E0510749E0510A09E051090
:10AE1000D49E051051C30000109F051052C30000BE
:10AE20004C9F0510889F0510A09C0510B89F051029
:10AE3000E09F0510A89C051040A005101CA005105F
:10AE400060A0051098A00510C8A005109C9B0510D7
:10AE5000ECA005101CA10510F4A10510F4A3051029
:10AE60004CA4051054A4051020A405105CA40510E2
:10AE7000B89B051044A1051074A10510C09C0510D5
:10AE8000A8A10510849C051001F05CF94B465246C0
:10AE90001B6801001340A24AA24800922200F9F761
:10AEA00023FE01F04FF9D0231B0699469E4A1B78DA
:10AEB0000100009290469D482200F9F715FE01F02E
:10AEC00041F9E8225F464B469146AA5C0100920098
:10AED000BA581B78964800922200F9F705FEEA223C
:10AEE000AA5C944B9200D1589348F9F7FDFDEB22F0
:10AEF000924BAA5C9248995CF9F7F6FDEC22AA5CA9
:10AF0000904B9200D1589048F9F7EEFDED228F4B0F
:10AF1000AA5C8F48995CF9F7E7FD4B46EB5C002B88
:10AF200000D1EDE0013B012B00D8CBE001F00AF9A4
:10AF3000D0231B069946010022001B788548F9F7AB
:10AF4000D3FD01F0FFF84B46010022001B78824838
:10AF5000F9F7CAFD01F0F6F84B46010022001B7814
:10AF60007E48F9F7C1FDF123EA5C9B4601339A461E
:10AF7000EB5C1B02134300D188E001F0E3F84B4681
:10AF8000FF221B68010013405A46AA5C744894468D
:10AF900052466746AA5C12023A4300922200F9F731
:10AFA000A3FD01F0CFF8D0231B0601002200994633
:10AFB0006C481B78F9F798FDF323EA5C9B46013354
:10AFC0009A46EB5C1B0213436ED001F0BBF84B4674
:10AFD000FF221B68010013405A46AA5C624894464F
:10AFE00052466746AA5C12023A4300922200F9F7E1
:10AFF0007BFD01F0A7F8D0231B069946FF239A4654
:10B000004B4601001B7822005848F9F76DFDF923E3
:10B01000EB5C012B65D001F095F84B4652461B685E
:10B02000010013403E4A300000922200F9F75CFD17
:10B0300001F088F8D0231B069946010022001B78F6
:10B040004B48F9F751FD01F07DF8E3224B46AA5C2D
:10B0500001001B78012A42D0314F22000097454859
:10B06000F9F742FD01F06EF8E622D023AA5C1B0638
:10B070001B780292E522AA5C01000192E422AA5CFC
:10B080003D4800922200F9F72FFD25E601F05AF81D
:10B090004B46FF221B6801001340214A30000092FA
:10B0A0002200F9F721FD7CE701F04CF84B46FF2226
:10B0B0001B68010013401A4A300000922200F9F781
:10B0C00013FD96E7EE23EB5CDA1E012A21D92B4B08
:10B0D0002B481968F9F708FD28E72A4A6FE6059F0B
:10B0E000BBE701F02FF84B4652461B6801001340A6
:10B0F0000A3AAA5C244800922200F9F7F5FC97E787
:10B10000EE22AA5C1D4B9200D1581D48F9F7ECFCC9
:10B110000CE71A4A9B0099581948F9F7E5FC05E72E
:10B12000A89C0510A8A10510F4A10510C8A1051040
:10B13000FCA10510A00600202CA205109C060020F2
:10B1400038A20510900600203CA205108C060020B5
:10B1500040A20510EC9905105CA2051098A20510FC
:10B160001CA10510BCA20510E0A2051008A3051043
:10B1700058A3051098A30510B8A305107806002061
:10B1800048A20510B49C05102CA3051070B582B020
:10B19000FEF7ACFDC723C35C002B0ED0104B1B7811
:10B1A000012B0CD000F0CEFFD0230E4C1B0601006B
:10B1B0001B7820000C4AF9F797FC02B070BD00F034
:10B1C000C1FFD0231B0605001E7802F04BFA074C86
:10B1D0000090330029002000034AF9F785FCECE7D2
:10B1E00057F10120ACA405109CCE05106CA40510ED
:10B1F000F0B5D6464F46464603780500C0B5002B4D
:10B2000000D085E0C368002B00D17CE01B051E0D3B
:10B21000002B00D1A0E07E4B0026984680235B01E6
:10B220009A467C4F7C4C434680221B68FF211800C5
:10B2300052019946F7F772FD80235B059C468022F8
:10B2400069685201614489194846F7F76DFD01218B
:10B2500038684942FBF798FA2268EFF3108172B61A
:10B260001368002BFCD0BFF35F8F6160802168689A
:10B27000490130182EF000F900230022002138681F
:10B28000FAF7F0FF22686368BFF35F8F0021116057
:10B2900083F310884346EA681868921B524501D927
:10B2A00080225201A9688919F7F73EFD012138680B
:10B2B0004942FBF769FA2268EFF3108172B613680E
:10B2C000002BFCD0BFF35F8F80224346686861602B
:10B2D0003018196852012EF0BFF800230022002117
:10B2E0003868FAF7BFFF22686368BFF35F8F0021F9
:10B2F000116083F3108880235B019C46EB686644F1
:10B300009E4200D28FE7E0BCBA46B146A846F0BDE7
:10B310000121404F49423868FBF736FA3E4C22681B
:10B32000EFF3108172B61368002BFCD0BFF35F8F70
:10B3300061608021686849012EF09EF80023002298
:10B3400000213868FAF78EFF0CCCBFF35F8F002125
:10B35000116083F31088D6E72D4B2E4F98462E4C64
:10B36000012138684942FBF70FFA2268EFF3108198
:10B3700072B61368002BFCD0BFF35F8F6160802131
:10B380006868490130182EF077F800230022002168
:10B390003868FAF767FF22686368BFF35F8F0021A0
:10B3A000116083F3108880224346A968186852010F
:10B3B000F7F7BAFC012138684942FBF7E5F9226842
:10B3C000EFF3108172B61368002BFCD0BFF35F8FD0
:10B3D00080224346686861603018196852012EF077
:10B3E0003BF80023002200213868FAF73BFF22686F
:10B3F0006368BFF35F8F0021116083F3108880239F
:10B400005B019C46EB6866449E42A9D37BE7C0463D
:10B4100060530020645300206853002010B5044896
:10B42000F5F716FC0120FBF707F8024B186010BD7A
:10B43000685300206453002030B585B0019080200F
:10B4400000236C464001237002910392FAF7FCF846
:10B450008022084D002152012860F7F75FFC01228D
:10B46000694652420448F6F7E7FA2868FAF77EF987
:10B4700005B030BD60530020F1B102100300080098
:10B48000802110B549055918F7F74EFC10BDC0468C
:10B4900070B5040015000E00F5F7D6F90123D0228F
:10B4A000A3401206002E05D19362012D05D0022D76
:10B4B00009D070BD5362012DF9D100220121200075
:10B4C000F5F76EF9F5E7012200212000F5F768F99C
:10B4D000EFE7C0460123D022834012065361704734
:10B4E0000123D02283401206936170470122D023AA
:10B4F00082401B065B6813405A1E9341D8B27047C6
:10B500000B0010B50021032B01D8034AD15C0122A6
:10B51000F5F76EF910BDC046E4CE051010B5FEF784
:10B52000E5FB04000820F5F78FF9D02380221B06E5
:10B5300052005A62E8349A61E179002900D15A61D7
:10B54000237A012B00D010BD0920F5F77DF9D02317
:10B5500080221B0692009A62F5E7C0460A280AD0AC
:10B560000B2800D07047D02380221B06120101292E
:10B5700007D09A61F6E7D02380221B06D20001296A
:10B58000F7D15A61EEE7C04610B50A20F5F75CF92D
:10B59000D02380221B06D2005A629A61FEF786FBF6
:10B5A00010BDC04610B5FEF773FB084B1A788242F7
:10B5B00007D0D02280211206C900012802D0916153
:10B5C000187010BD51611870FBE7C0465FF1012093
:10B5D000FA21074A8900138801339BB213808B42FA
:10B5E00004D3002313800122024B1A707047C04617
:10B5F00040F1012054F10120137870B504000E00D1
:10B600001500002B09D1C2239B009C4660016044B9
:10B6100003F0CCF8002809D170BD080001F0ECF867
:10B62000300000F0B5FF00232B70ECE7200002F0A3
:10B630003DF9200002F0FAF8EEE7C046F0B5DE462C
:10B6400057464E464546E0B5DB4BD3B0802200213D
:10B6500018000B93F7F762FB8022D84B00211800EB
:10B6600052010F93F7F75AFBD54B1A0010930123A1
:10B670005B421360D34B0C93D34B0D93D34B0E9380
:10B68000D34B1593D34B1193D34B0993D34B0A93BD
:10B69000D34B1993D34B1A93D34B1B93D34B149384
:10B6A000D34B1C93D34B1693D34B1793D34B1F936E
:10B6B000D34B0693D34B1893D34B1D93D34B1E936D
:10B6C000D34B2093D34B2193FFF786F900F092FAE6
:10B6D000002856D00C9B0B9F9946109B9B46DA4640
:10B6E000CB460E9B04930D9B0393119B05930F9BDD
:10B6F0000793C2225B46920094461B7899465B01F1
:10B700001D0063441800089303F050F853461B785B
:10B710000400083583420AD000F014FD4B460100B6
:10B72000099A0A980094F9F7DFF953461C70172C10
:10B730007ED056D8002C63D0132C02D1484602F09C
:10B740007FF8012380229C46D200E344E2449446E1
:10B75000049B203701330493039B01330393059B20
:10B7600004330593079B63440793AB4B9A45C0D1C1
:10B770001420FDF7EFF8FFF72FF900F03BFA00284F
:10B78000A8D10C9B0D9D1C000433994600230E9EEE
:10B790000B9F9A462B78BB4637002678002B17D193
:10B7A000C2239B009C467001604402F0FFFF00280A
:10B7B00000D085E0013438704C4500D18CE0202366
:10B7C0009C466B78013526780137E344002BE7D09F
:10B7D000584601F011F8584600F0DAFE53462B7037
:10B7E000DEE71C2CADD1039B1B78002B53D10898AE
:10B7F00002F0DCFF00285CD10023049A1370A0E75C
:10B80000BC22002301214846FF3201F073FF81452D
:10B8100097D100F097FCBC23FF3301000093099AF5
:10B820004B461998F9F760F9484602F009F888E79D
:10B8300080239B009C466544280002F0B7FFC007A8
:10B8400000D58FE0039B1C78002C00D193E0049B73
:10B850001B78002B47D000F075FC059B1B681293EA
:10B8600000231393129B139CC01AA141002906DCEC
:10B8700000D066E7FA23DB00984200D261E700F0CF
:10B8800061FC4B460100099A1A98F9F72DF9039BC0
:10B890001B78002BABD0380000F0AEFF380000F072
:10B8A00077FE0023039A1370089802F07FFF0028A8
:10B8B000A2D0484601F0FAFF484601F0B7FF9BE7E7
:10B8C000300001F0F3FF300001F0B0FF53460134C7
:10B8D0003B704C4500D072E70121159B4942186826
:10B8E000FAF752FFF6E6484603F07AF8002805D149
:10B8F000F86804F07DFC002800D122E78022079C34
:10B9000000212000D200F7F709FA2100F868434A25
:10B9100004F0A4FC041E00DD88E0002800D162E7EA
:10B920003F4B984200D15EE73E4B984200D148E140
:10B93000802302009A433C4B9A4200D101E700F079
:10B9400001FC644201004B46099A21980094F9F7E2
:10B95000CBF8039A39004846FFF74EFE0023049ABD
:10B960001370EEE60121280002F050FF039B1C78C3
:10B97000002C00D06BE74B464846229303F030F88A
:10B98000002800D1DDE6002120223800F7F7C6F9B3
:10B99000380022A900F0DAFC002800DAF8E03800CC
:10B9A00000F05AFE002800DA02E10123039A137026
:10B9B000049B1C70C5E6C046446C0020405C00201F
:10B9C000285C00201CCF0510406C00202C5C00205F
:10B9D000D86C0020305C002008CF0510D4A40510DE
:10B9E00008A5051040A5051090A50510F8CE051076
:10B9F000F4A50510E8CE05102CA6051070A60510BC
:10BA000020CF05109CA60510DCA6051008A7051080
:10BA100040A7051084A705102C5C0020FF03000040
:10BA20008087FFFF0098FFFF0097FFFF6E4C1B9A77
:10BA30002300C02122A8F8F7E7FD00F083FB642370
:10BA40000100149A1C980094F9F74EF8642300251D
:10BA50009846FEF7C1FF43465E1B22AB3200F868F2
:10BA6000591904F0E1FC002800DD8FE0802203007A
:10BA700093435E4A93422BD0040000F063FB169A76
:10BA800001006342179801960095F9F72DF800F030
:10BA900059FB149A01001F98F9F726F800F052FBA1
:10BAA0004B460100099A1E98F9F71EF8039B1B7874
:10BAB000002B00D08EE0089802F078FE002800D11C
:10BAC0003FE6484601F0F2FE484601F0AFFE38E698
:10BAD0000A20FCF73FFF632DBBD900230293424BA2
:10BAE000029A9E1A80239B009E4200D91E003F4B63
:10BAF00000259846FEF770FF029B741BE918069B11
:10BB000022009C46F868614404F08EFC00283BDC6F
:10BB1000030080229343434516D0A046040000F062
:10BB200011FB42466342010001921798169A009554
:10BB3000F8F7DAFF00F006FB029B0100149A189850
:10BB40000096F8F7D1FFA9E70A20FCF703FFAE4201
:10BB5000D0D8029B01209C46B44463461C0002934B
:10BB6000FCF7F8FE224B9C42B9D900F0EBFA149A8C
:10BB700001001D98F8F7B8FF0123049A137000F034
:10BB8000E1FA059B1860DCE52D18E0E72D18A2E727
:10BB9000380000F0FDFC039B1B78002B8BD0380095
:10BBA00000F02AFE380000F0F3FC039B1C7082E7D3
:10BBB000380000F0EDFC39004846039AFFF71CFD01
:10BBC000BFE500F0BFFA4B460100099A2098F8F74C
:10BBD0008BFFBEE6380000F00FFE380000F0D8FC06
:10BBE0000023039A137066E7BF1300000097FFFF5E
:10BBF000BE130000014B18787047C0465BF101206E
:10BC0000F8B500F09FFA2A4B2A4E010032001800C6
:10BC1000F8F76AFF032001F009FE0320264901F02E
:10BC200089FC26480022010000F06AFE03F04AF871
:10BC3000042802D0032002F097FF0025204F01F0D6
:10BC40007BFB04000A20FCF785FE042C27D0002C87
:10BC5000F5D10135032D12D100F074FA194B010012
:10BC600032001800F8F740FF01F00EFB03F02AF84D
:10BC7000042802D0012002F077FF2000F8BD00F078
:10BC800061FA2B00010032003800F8F72DFF01F0B7
:10BC900053FB04000A20FCF75DFE042CD7D100F012
:10BCA00051FA094B010032001800F8F71DFFDDE7DB
:10BCB000BCA70510F4E205102454002021A90210AD
:10BCC00030A805100CA80510E8A70510F0B5DE4651
:10BCD0004E4645465746E0B593B0FEF707F8964BFB
:10BCE000964F0293964B3C780993964B814603936B
:10BCF000954B964D0493964B964E0593964B0A930F
:10BD0000964B9B460CAB9846954B0793954B0B93E4
:10BD1000954B0693012C19D0022C52D0002C0FD138
:10BD2000322407E0013C6420E4B2FCF713FE002C4F
:10BD300000D1AAE0FFF736FC0028F3D001233B70C6
:10BD40000A20FCF707FE3C78012CE5D1C7234A46C0
:10BD5000D35C002B08D000239A463370FFF750FFC6
:10BD6000042800D0C1E02C70FEF7E0F9FFF70EFACE
:10BD700002233B705B460022002118680023FAF77B
:10BD800071FA4146012002F0CFF94046434642464F
:10BD90004146407A1B7AD279897900900798F8F762
:10BDA000A3FE0A20FCF7D6FDCDE701F0C5FA002876
:10BDB0003FD0FFF7F7FB00280DD0FA20C000FCF7BA
:10BDC000C9FD2B78012BF4D13378002BEDD0FFF790
:10BDD000E9FB0028F1D1040000F0B4F9029A010057
:10BDE0000698F8F781FE4A463B23D35C9A4600F05A
:10BDF000A9F9D0231B060100039A1B780498F8F7D1
:10BE000073FE059B3C701C702C70FDF7F5F9FDF777
:10BE10002FFAFEF795FA5346042B61D902F052FF30
:10BE200004288DD0012002F09FFE0A20FCF792FD2D
:10BE300089E7040000F086F9029A01000B98F8F7F0
:10BE400053FE4A463B23D35C9A4600F07BF9D0234D
:10BE50001B060100039A1B780498F8F745FE059B22
:10BE60003C701C702C70FDF7C7F9FDF701FAFEF766
:10BE700067FA5346042B00D962E704210020FDF73E
:10BE800045FA0A20FCF766FD5DE700F05BF9D02378
:10BE90001B0601009A46029A1B780998F8F724FEBF
:10BEA0004A463B23D35C089300F04CF9524601000C
:10BEB00013780498039AF8F717FE059A3C701470EB
:10BEC0002C70FDF799F9FDF7D3F9FEF739FA089BC5
:10BED000042B00D924E704210020FDF717FA1FE7FF
:10BEE00004210020FDF712FA98E700F02BF9029ADE
:10BEF00001000A98F8F7F8FD3B234A46D45C00F0AD
:10BF000021F9D0231B0601001B78039A0498F8F747
:10BF1000EBFD534652463B70059B2A701A70FDF7A5
:10BF20006BF9FDF7A5F9FEF70BFA042CA5D90A2049
:10BF3000FCF710FD07E7C04604E305105BF10120A4
:10BF40006CA80510E0E205109CA8051057F101202F
:10BF500058F1012055F10120C4A80510D86C00202B
:10BF6000F8A8051024A905104CA9051010B5002843
:10BF700007D0012800D010BD90204003FFF77EFAC3
:10BF8000F9E792204003FFF779FAF4E710B50400CF
:10BF9000080011001A00072C06D80D4BA4001B59ED
:10BFA0009F460C48FFF748FA10BD90204003FFF76A
:10BFB00043FAF9E70848FFF73FFAF5E79120400315
:10BFC000FFF73AFAF0E792204003FFF735FAEBE784
:10BFD0001CE305100030120000101200D0B501263D
:10BFE00000273F4A3F4C13683F49013313602388C1
:10BFF00001339BB223800A684B6892197B410A6027
:10C000004B6002F06BFEFEF7CFF9FFF7E1FA2288F2
:10C01000364B9A4228D8364C23783B2B1CD8354BCC
:10C020001A783B2A10D8344B1A78172A06D90022DE
:10C030001A70324A138801339BB21380304C237834
:10C04000002B38D10120D0BD00221A702A4B1A785B
:10C050000132D2B21A70E7E700232370254B1A7819
:10C060000132D2B21A70DBE700232380204C237800
:10C070000133DBB2237001F0BDFA01F0F9FA214976
:10C0800002200A684B6892197B410A604B601E4986
:10C090000A684B6892197B410A604B60FDF718FEF5
:10C0A00000F0B8FB0128B7D102F00CFE0128B3D193
:10C0B000FEF792FCB0E7154E336801333360FDF7AD
:10C0C00001FE002808D1124B32689A42BAD9FEF715
:10C0D0006FFCFEF773FCB5E7002323703360B1E714
:10C0E000E04D00203EF10120C80E0020E6030000D4
:10C0F00062F101205EF101205CF101203AF10120A2
:10C1000053F10120D00E0020400D00205853002094
:10C110008713000000B585B0F4F7A8FF064B074A67
:10C12000029300230193064B009301235B42F5F732
:10C130009BF905B000BDC046E010002018FCFFFFD1
:10C14000DDBF0210014B186859687047C80E002007
:10C15000F0B54E464546DE465746E0B52F4B83B018
:10C1600001931B7881468846022B4CD0032B51D07B
:10C17000002928D02A4B00269A467F2320259B465B
:10C18000284C4B469F5DFDF7B1FDE830C378012B8D
:10C1900003D0002B01D15B461F40FEF71DFC534628
:10C1A00002229B5EBB4216D0A3691D42FCD12760D0
:10C1B0000136FEF711FCB045E3D8019B1B78022B3A
:10C1C00018D0032B0DD0404603B0F0BCBB46B2469E
:10C1D000A946A046F0BDA3691D42FCD10D232360F2
:10C1E000E2E708220F498B691A42FCD10720FFF7CA
:10C1F00071F9E8E708220B498B691A42FCD1072044
:10C20000FFF76EF9DFE70720FFF764F94346002BDD
:10C21000B0D1D2E70720FFF763F9F7E76206002005
:10C220002070002000800340F8B5DE4645465746A2
:10C230004E46E0B5894692469B46C5B2FFF782FF5F
:10C2400080460AE00A20FCF785FB4646FFF77AFFA6
:10C250000027801BB9418C4215DD280002F0C0FB8D
:10C26000041EEFD050450CD849462800A2B201F078
:10C2700007FC00280DDBF0BCBB46B246A946A04631
:10C28000F8BD5446F0E78C4201D18345E5D8024819
:10C29000F1E70248EFE7C0460098FFFF0097FFFF75
:10C2A000F8B5C7B2040038000E00150002F098FB84
:10C2B000002809D0A8421AD882B23100380001F013
:10C2C000DFFB00281BDBF8BDFF231C40C2239B00C3
:10C2D0009C4664016444200002F068FA1C2804D0E3
:10C2E000200002F063FA002809D10020EBE72800C3
:10C2F000310082B2380001F0C3FB0028E3DA0148C4
:10C30000E1E7C0460097FFFF10B592B20400C0B24B
:10C3100001F016FB002800DB10BDFF231C40C223E8
:10C320009B009C4664016444200002F03FFA1C28F4
:10C3300004D0200002F03AFA002801D10148EBE7CE
:10C340000148E9E7808DFFFF8097FFFFF0B585B0DA
:10C3500004000E0020F0B4FB051E00D0AAE0DC2093
:10C36000F9F772F96060A0204000F9F76DF9A0605C
:10C37000DC20F9F769F9E0608C20F9F765F92061B4
:10C38000CA204000F9F760F96061CA204000F9F75F
:10C390005BF9A0610820F9F757F9A368E061002B69
:10C3A00000D17CE0E368002B00D178E02369002B0A
:10C3B00000D174E06369002B00D170E0A369002B09
:10C3C00000D16CE0002800D169E06068002800D14D
:10C3D00065E00C2515F094FCA06814F071FFE0688E
:10C3E00004F022FC206905F08FFB60690DF038FC39
:10C3F000A0690DF035FCE06918F0D8FB6268A06810
:10C400004F4B00954F4914F0B9FF051E5CD14E49C2
:10C41000A0694E4A0EF088F9051E00D068E0A368B6
:10C42000E069029300234A4F4A494B4A019700931F
:10C4300019F070FE051E51D1002300220121206950
:10C4400005F068FB051E5DD1444B206900210360A7
:10C4500004F04CFCA2683900206904F04DFCFA217C
:10C460002069C90004F056FCE269A169206904F062
:10C470008FFC051E50D12169E06805F0FBF9051E0F
:10C4800054D1FF213068364B20700140E068354CB4
:10C49000354A009404F038FC012005B0F0BDFFF7E8
:10C4A00051FE324B0100324A1800F8F71DFB012003
:10C4B0004042F2E7FFF746FE2E4C01002B00200021
:10C4C0002B4AF8F711FBF2E7FFF73CFE2A4C01007C
:10C4D000274A20006B42F8F707FBE8E7FFF732FE38
:10C4E000264C0100224A20006B42F8F7FDFADEE7F5
:10C4F000FFF728FE224C01001D4A20006B42F8F78E
:10C50000F3FAD4E7FFF71EFE1E4C0100184A200084
:10C510006B42F8F7E9FACAE7FFF714FE1A4C01007C
:10C52000134A20006B42F8F7DFFAC0E7FFF70AFE74
:10C53000164C01000E4A20006B42F8F7D5FAB6E718
:10C5400014AF0510B51D041044EA0510DD05000008
:10C55000251504107CE30510C50600000303030342
:10C56000A1C2021029C2021009C30210CCAE0510EC
:10C5700068E30510E0A9051040AA05106CAF05108E
:10C5800024AF0510B4AF051000B0051048B0051079
:10C5900010B50400FFF7D6FD2D4B01002D4A180001
:10C5A000F8F7A2FAE068002801D005F037FA206910
:10C5B000002801D005F022FBA068002801D014F06B
:10C5C00093FE6068002801D015F0BAFB606900286E
:10C5D00001D00DF04DFBA069002801D00DF048FB03
:10C5E000E069002801D018F0E5FA6068002803D05F
:10C5F000F9F7BCF800236360A068002803D0F9F7BE
:10C60000B5F80023A360E068002803D0F9F7AEF87E
:10C610000023E3602069002803D0F9F7A7F800237E
:10C6200023616069002803D0F9F7A0F80023636153
:10C63000A069002803D0F9F799F80023A361E06905
:10C64000002803D0F9F792F80023E36110BDC0463B
:10C6500088B0051058E30510F0B5DE46454657464C
:10C660004E468046E0B58DB0FFF76CFD43461B7823
:10C6700081469A460500FFF765FD544B01001A00FC
:10C680000993534B1800F8F72FFA5346C2229B0028
:10C6900092009B46534694465B0163440A934D4B7C
:10C6A0000B934346D86804F02FFF041E3AD0FEF7E0
:10C6B00093F9802322009A43474B9A4212D0FFF706
:10C6C00041FD464D0100099A28006342F8F70CFA33
:10C6D0000124644220000DB0F0BCBB46B246A9461E
:10C6E000A046F0BDFFF72EFD2E000027801BB941AC
:10C6F00000292ADC25D0FFF725FD4B4604930023B3
:10C700000593049B059CC01AA141002940DC002927
:10C7100057D00A20FCF71EF94346D86804F0F4FE0F
:10C72000041EC4D1FFF70EFD43460600D86804F08E
:10C73000E3FC2B4D030031002800099AF8F7D4F9E7
:10C74000C8E7FA235B009842D5D3FFF7FBFC0890BB
:10C750000A9802F02BF80500504602F041F95246C3
:10C76000634208990290019500920B98099AF8F794
:10C77000BBF9FFF7E7FC0500FFF7E4FC4B46069327
:10C7800000230793069B079CC01AA1410029BEDD28
:10C79000FFF7D8FC5B460500D800C2239B009C46EF
:10C7A000604402F003F80600504602F019F90D4CFF
:10C7B0000190534629002000099A0096F8F794F951
:10C7C00086E7094B9842A4D9E2E7C0463CE305104E
:10C7D000A4B0051024B105100097FFFFE0B00510CC
:10C7E000C4B105106CB105108713000010B5C06806
:10C7F00003F01AFE10BDC04670B50400044DFEF7EC
:10C80000EBF8E06803F052FEA842F8D070BDC046D5
:10C810008097FFFF014B18687047C04654F0012015
:10C82000F0B50E0015001F0083B0002A0ED00024C2
:10C83000F8F70EFD2A1B01903019042A00D90422B2
:10C8400001A90434F6F770FAA542F1D800203D6042
:10C8500003B0F0BDF02010B504220849000102F039
:10C8600051F8A02004220649C00002F04BF88020B5
:10C8700004220449400002F045F810BD103B00209E
:10C88000143B00200C3B002010B58021002001F05B
:10C89000BDFF002001F08AFF90200622024900011E
:10C8A00002F030F810BDC046F43A002010B58021E7
:10C8B000002001F0ABFF002001F078FFF0200422FF
:10C8C0000B49000102F01EF8A02004220949C00013
:10C8D00002F018F8802004220749400002F012F804
:10C8E000902006220549000102F00CF810BDC04658
:10C8F000103B0020143B00200C3B0020F43A0020A9
:10C9000070B5094B094D0A4C2B600A4B0A4E236047
:10C910000A4B1E60002800D02860002900D021604A
:10C92000002A00D01A6070BD55C80210F806002019
:10C93000F4060020ADC8021089C80210F0060020DD
:10C94000902010B582B069460622000101F090FFE8
:10C95000154B00211C68154B20002360144B22301E
:10C960001B681BBA636080231B04A3600023E36081
:10C9700023616361A3610F4B1A689B88E261238482
:10C980000A22F6F7CBF92000402200212C30F6F7DE
:10C99000C5F92000802200216C30F6F7BFF9EC23A6
:10C9A000054AE25002B010BDF46C002001010600FF
:10C9B000043B0020F43A002063825363F0B54E46F6
:10C9C0004546DE465746E0B591B0FFF7B9FF002275
:10C9D000924B934E1A60934B35781A60924B934A60
:10C9E0001C68F023E25008220433FF32E252904BDD
:10C9F000DA78188891469A88110A8C46D1B288460E
:10CA0000F62160525988F823E1520233E2520C2297
:10CA10000233E252002D00D1E1E0EA3B18000100B0
:10CA200022181139EC3289B21570755C01339BB252
:10CA3000002DF3D1051DAAB2CD1D0631C9B2069154
:10CA40000100083189B207910100093189B20891CA
:10CA500001000A3189B2099101000292421D92B28D
:10CA600003920B31821D92B289B204920A91C21DC7
:10CA7000010092B2551B05950F250C3189B20B911F
:10CA80000100AA460D3189B2824455460C9101003D
:10CA9000871CC61C0E31ADB21030BFB2B6B289B21F
:10CAA0000D9580B24D462D09AB4637255D44AA460B
:10CAB0004D469F2D02D830255D44AA465546E318C1
:10CAC000EC331D704D460F232B403725A946994462
:10CAD000092B02D8073DA94699444B46E719EC3784
:10CAE0003B7043461F093B00454637339F2D00D816
:10CAF000073BA619EC36337045460F232B401E002A
:10CB00003736092B01D830331E00029BE5186346E7
:10CB1000EC352E701D092B00664637339F2E00D84A
:10CB2000073B039D6519EC352B7065460F232B40A1
:10CB30001D003735092B01D830331D00049BA21886
:10CB4000E318EC331D70059B069DE318EC331D7054
:10CB50003723EC32137006220125079B6118E31876
:10CB6000EC331A70089BEC31E318EC331D70099B11
:10CB70000235E318EC331D700A9BE318EC331A708E
:10CB80000B9B0932E318EC331A700C9B2B32E31821
:10CB9000EC331A703B230B700D9BC532E318EC335A
:10CBA0001A703932904206D2121AEC30002192B239
:10CBB0002018F6F7B3F801235B420F931D4B89222F
:10CBC000187843232100009392000FAB00F0DEFFA2
:10CBD00011B0F0BCBB46B246A946A046F0BD20232A
:10CBE0000D93023B0C93013B0B93013B0A93013BDA
:10CBF0000993013B0893013B0793133B06930B33C7
:10CC0000059306330493013B0393013B02932120D8
:10CC10001F21182214261327033B43E7003B002063
:10CC2000FC060020FC3A0020F46C00203501013D98
:10CC3000F43A002048F10120F0B5DE4657464E4652
:10CC40004546E0B595B0FFF77BFEDE4B1C68DE4B3A
:10CC50001B78033B012B00D85CE10123FF2113AFBC
:10CC60005B423B80BB70F023D84AF970E250082247
:10CC70000433FF32E252D64BDA781D8892469A8806
:10CC8000100A8046D0B28146F62025525888F823F3
:10CC9000E0520233E252FF2900D148E1222323204F
:10CCA0001225112210261193013B1093013B0F9383
:10CCB000013B0E93013B0D93013B0C93013B0B9306
:10CCC000013B0A93013B0993013B0893013B079306
:10CCD000013B0693013B0593013B0493013B039306
:10CCE000013B0293013B0C21A619EC36A2183170CE
:10CCF00016000021EC363170B64E3178002900D193
:10CD000053E16219EC32117071786B1C002900D16B
:10CD100049E1E318EC331970B178AA1C002900D15D
:10CD200046E1A218EC321170F178EB1C002900D119
:10CD300041E1E318EC33197031792A1D002900D143
:10CD40002EE1A218EC32117071796B1D002900D10F
:10CD500033E1E318EC331970B179AA1D002900D131
:10CD60002DE10720A218EC32EB1D11705D1CAAB258
:10CD7000991C02928AB20392DA1C92B204921A1D92
:10CD800092B205925A1D92B206929A1D92B2150065
:10CD9000811D0792C21DD81D8B4681B201300891BA
:10CDA00081B20130099181B201300A9181B2013022
:10CDB0000B9181B201300C9181B201300D9181B2A1
:10CDC00001300E9181B201300F9181B20130AA1A67
:10CDD000109181B20130119180B2A2185146090917
:10CDE0000E00514637369F2900D8073EE318EC3332
:10CDF0001E7051460F230B401E003736092B01D8F9
:10CE000030331E00029B4946E5184B46EC352E7028
:10CE10001D092B0037339F2900D8073B0399611860
:10CE2000EC310B7049460F230B4019003731092BA9
:10CE300001D830331900049B4546E318EC331970D0
:10CE4000434619090B0037339F2D00D8073B05993E
:10CE50006118EC310B7041460F230B40190037313C
:10CE6000092B01D830331900069BEC32E318EC3360
:10CE700019705B4613703722079B0021E318EC33CF
:10CE80001A70089B2F3AE318EC331A70099B073A83
:10CE9000E318EC331A700A9B0232E318EC331A7071
:10CEA0000B9B0332E318EC331A700C9B0932E31826
:10CEB000EC331A700D9B2B32E318EC331A700E9B77
:10CEC0000132E318EC331A700F9B1C3AE318EC3371
:10CED0001A70109B0232E318EC331A70119BDE3289
:10CEE000E318EC331A703932121AEC302018F5F7C7
:10CEF00015FF394B892218784323210000939200B3
:10CF00003B0000F043FE15B0F0BCBB46B246A9465C
:10CF1000A046F0BD00236381304B13AF1B68E36074
:10CF20002F4B1A883A809A78BA70D9789BE62D4AA6
:10CF30000233E252FE22294B2F2019881E25A152CE
:10CF40005A8880235B00E252274A0233E252244B84
:10CF50001C261A6882235B00E250D63B1193013BEA
:10CF60001093013B0F93013B0E93013B0D93013B4B
:10CF70000C93013B0B93013B0A93013B0993013B4B
:10CF80000893013B0793013B0693013B0593013B4B
:10CF90000493013B0393013B02931D22013BA2E654
:10CFA00013000420E2E60120E0E606218B4615E7A7
:10CFB00013000220DAE60320D8E60520D6E61300A7
:10CFC0000620D3E6F46C00204FF101203501033D2B
:10CFD000F43A0020FC06002048F10120103B00201C
:10CFE000003B0020320400003604000010B584B07D
:10CFF000FFF7A6FC204B214A1C6800236381F03315
:10D00000E2500822F6210433FF32E2521C4B18880A
:10D010009A8860525988F823E1520233E252194A41
:10D020000233E252FE22184B200019880A30A15226
:10D030005A8880235B00E252144A0233E252144BB6
:10D0400000211A6882235B00E250FF220433E2547D
:10D05000FF301C32F5F762FE01235B4203930D4B58
:10D0600089221878432321000093920003AB00F03B
:10D070008DFD04B010BDC046F46C00203501043DA8
:10D08000F43A002032040000103B00203604000077
:10D09000003B002048F10120F0B5DE4657464E46E1
:10D0A0004546E0B56E4C89B0207801F099FC021E2F
:10D0B00007D1002009B0F0BCBB46B246A946A04645
:10D0C000F0BD02AB9C4620780E24664D644429686E
:10D0D00006AB009400F024FE238802000020432BBE
:10D0E000E8D12B6860491C7F08788442E1D15C7FDD
:10D0F00048788442DDD19C7F88788442D9D1DC7F16
:10D10000C8788442D5D120201C5C08798442D0D1D3
:10D1100021204979185C8842CBD1544C617825781C
:10D120008C466946087E6146A778E67829433943EC
:10D1300031436BD192B219009A18069B4C489B461A
:10D14000002399464B4B844603934B4B4B4D9A46D9
:10D150004B4F4C4EF03191427FD20878362851D84F
:10D16000800028588746487802300918F3E7887805
:10D17000039B2070C87860700879A07048790631E8
:10D18000E07058461860E6E7887803318146E2E7A8
:10D19000534688781860CB78000298460B79404453
:10D1A00098464B790002404498465346000240445A
:10D1B00018600631CFE760464B7898468B7803704D
:10D1C000CB7843700B7983704B79C3704046023043
:10D1D0000918C0E78B7848783B70CB7802307B70B9
:10D1E0000B79BB704B790918FB70B4E78878307005
:10D1F000C87870700879B07048790631F070AAE785
:10D200000131A8E7FF28AED11100A4E7854217D06D
:10D2100018490D78854200D04BE702A8457C487834
:10D22000854200D045E702A8857C8878854200D0F9
:10D230003FE702A8C07CC978884200D039E779E787
:10D2400002A9497C6145E3D102A9897CB942DFD1B9
:10D2500002A9C97CB142DBD16CE74B4658B229E741
:10D2600048F10120F46C0020F43A0020003B00203B
:10D27000083B0020FC3A00200807002024F005109D
:10D280000C3B0020143B002010B5044B187800F034
:10D29000CDFA0622024B1A7010BDC04648F101209B
:10D2A0004FF10120002370B51F4CE356012B13DD15
:10D2B0000023FD221D4DEB56991E114228D0012B53
:10D2C0002AD1002300202B7000220A21184B227043
:10D2D0001A60184B19601AE0154D164E2A6831680D
:10D2E000914213D2FD21114A127852B2901E084287
:10D2F00014D0012A03D1FFF761FB0023E35600227B
:10D300002A602A6801330A3232602370012070BD1E
:10D31000FFF754FB01232B700120D5E7FFF78CFCAE
:10D320000023E356EBE7C0464EF101204FF1012008
:10D330004853002004070020002370B56D4C82B0D4
:10D34000E356062B25D0C2239B009C466A4D2878C5
:10D350004001604401F02AFA222809D1FFF79CFE1F
:10D360002378C6B2042B11D8644A9B00D3589F4639
:10D37000002344220221287800F0BCF9EEE70022C5
:10D380005F4B1A60FFF71AFB01232370012002B0E4
:10D3900070BD0520FBE75B4B1B685A1C04D05A4D3F
:10D3A0005B082A68934222D30420F0E7052E33D08D
:10D3B000062E48D0FFF776FFE9E7022EFAD1534A4E
:10D3C0004F4B126812691A60FFF736FC2670DDE7D2
:10D3D000052E44D0062EEDD100220A214A4B1A60B8
:10D3E0004B4B19604B4B1A7001232370CEE7444A14
:10D3F000494B12681A60494A136801331360FFF7FA
:10D400001BFC0A210022424B04201960414B2A6078
:10D410001A7004232370BAE700233E4D3E4A2B7056
:10D42000374B10781978884247D03D4B1B68984796
:10D43000032000220A21344B2A701A60344B1960F1
:10D4400003232370A3E700220A212F4B04201A6034
:10D450002F4B19602F4B1A700123237097E7D820A8
:10D46000400101F0A3F90600D8200321400101F09A
:10D47000CDF92C4A28782C490092214B112200F03A
:10D4800085FB0500D8203100400101F0BFF90D35C2
:10D4900021D0FFF7ABFD1C4A116813685B1A012B02
:10D4A000FBD9002515600A22194B1A60194B1D7013
:10D4B0001E4B1B689847257068E75078597888425A
:10D4C000B3D1907899788842AFD1D278DB789A42FC
:10D4D000ABD10420ADE7164B1B68984700220A2108
:10D4E000094B1A600A4B19600A4B1A700323237008
:10D4F0004CE7C0464FF1012048F1012000F1051032
:10D50000103B00200807002048530020F46C002046
:10D51000040700204EF10120183B0020043B0020AE
:10D52000F40600208813000004B20510F006002065
:10D53000F8060020F0B5060090200023234C0622B8
:10D5400083B000010D002100019301F091F967788B
:10D550002378E2783B43A77820793B4361791343F2
:10D5600003430B4325D01A4B1A4C1E701A4B1D60F7
:10D570001A4D1318AC464240F02063444A405B18F1
:10D580009B1801A904220001236001F0BBF980204F
:10D5900001A90422400001F0B5F900230A21104A34
:10D5A0001360104A1160104A1370104A137003B0D0
:10D5B000F0BD90200E4A2100226000010622A380C7
:10D5C00001F0A0F9E27820796179CCE7F43A002003
:10D5D00048F10120043B0020F46C002078563412FE
:10D5E00048530020040700204EF101204FF1012094
:10D5F0000008DC00024A1368013313607047C0461C
:10D6000048530020044B1A7802705A7842709A7876
:10D610008270DB78C3707047103B0020044B1A788F
:10D6200002705A7842709A788270DB78C3707047C3
:10D630000C3B0020044B1A7802705A7842709A789A
:10D640008270DB78C3707047143B0020044B1A785B
:10D6500002705A7842709A788270DB78C370704793
:10D66000083B0020014B18687047C046080700209F
:10D67000024A1368013313607047C0464C530020C0
:10D68000F8B545012E000935FF35070010212800A7
:10D69000083601F0BBF8280001F088F8041EFAD122
:10D6A00080239B00F0181F2101F0B0F80123BB403C
:10D6B0000C490A889A430A800B490A889A430B4B03
:10D6C0000A807A00D4520022094BDA55C0239B000D
:10D6D0009C466644300001F069F80028FAD1013018
:10D6E000F8BDC04644F1012046F10120F46F00204E
:10D6F000EC6F0020F0B505000C0016001F0083B091
:10D70000082800D980E0012958D08B1E022B00D9AF
:10D7100069E07B0764D4002F01D0022966D028007D
:10D72000FFF7AEFF0F2239006B01914321431C002C
:10D730000834200001F06AF8002E07D1344A354938
:10D740001688731C9BB28B4259D01380310AF6B2F3
:10D750008023DB00E01801F059F8A0233100DB0042
:10D76000661CE018FF3601F051F80121300001F08D
:10D770004DF8300001F01AF80028FAD10123190001
:10D780003B40A940AB40244E32888A431343234A8E
:10D79000338013888B431380214B6A00D0520022C0
:10D7A000204B5A55C0239B009C466444200000F047
:10D7B000FDFF0028FAD068B203B0F0BDF0200422CB
:10D7C000000101A901F054F80320019B4042002B05
:10D7D000F2D07B0704D4002FA1D021233B429ED15D
:10D7E00006204042E8E705204042E5E730233B427F
:10D7F00000D194E77BB2002B00DA90E7F0E70A4B08
:10D80000EF26FF211380A3E701204042D4E7C04662
:10D810000C070020F0FF000044F1012046F1012038
:10D82000F46F0020EC6F002000C0FFFF10B5082847
:10D8300002D90120404210BDFFF722FF0120FAE784
:10D8400070B50500082828D844010834200000F0ED
:10D85000ADFF0F230340012B19D1C0239B00E61815
:10D86000300000F0A3FF132814D10134FF3402214B
:10D87000200000F0CBFF200000F098FF0028FAD134
:10D88000300000F093FF14280AD1133870BD052032
:10D890004042FBE703204042F8E701204042F5E721
:10D8A0002800FFF7EDFE04204042EFE7F8B5060040
:10D8B00008283ED845010835280000F077FF0F23DF
:10D8C0000340012B32D16C1CFF340821200000F0F2
:10D8D0009DFF200000F06AFF0028FAD10121080016
:10D8E000B040154B1A8882431A80144B1B88334171
:10D8F000194213D1C0239B00EF18013BFF3BEC18EA
:10D90000082504E0200000F051FF054208D138004E
:10D9100000F04CFF0028F5D10130F8BD0020FCE7F5
:10D920003000FFF7ADFE0D204042F6E705204042F3
:10D93000F3E701204042F0E746F1012044F10120E5
:10D94000F0B54546DE4657464E46E0B583B0050085
:10D9500014000191082800D984E00822914643016F
:10D960009944484600F022FF0F230340012B00D0CA
:10D970007EE0002C00D178E0C0239B004B441800CF
:10D98000984600F013FF172801D01C2856D13A4BB7
:10D9900001279B461B882B411F4237D1AF40F820FF
:10D9A0004001484400F002FF8002061C80B2A04201
:10D9B00000D9261C314BB6B29A46280000F0E2FF8F
:10D9C0000400404600F0F2FE172801D01C2832D196
:10D9D00053461B881F422BD0B44221D34C460134FE
:10D9E000280001993200FF3401F028F8202120009E
:10D9F00000F00CFF200000F0D9FE0028FAD15B46B1
:10DA00005A461B8830003B4313800AE08026B6004C
:10DA10004E44300000F0CAFEC30612D400071BD4E7
:10DA2000002003B0F0BCBB46B246A946A046F0BDFC
:10DA3000B442C2D3D2E72800FFF722FE07204042BB
:10DA4000EFE71021300000F0E1FE5B46AF405A46A0
:10DA50001B88BB431380A2E72800FFF711FE0D20AF
:10DA60004042DEE701204042DBE70E204042D8E79B
:10DA700005204042D5E7C04646F1012044F101208F
:10DA8000F0B54546DE4657464E46E0B583B0050044
:10DA900014000191082800D970E0460108363000D2
:10DAA00000F084FE0F230340012B6AD1002C62D0CA
:10DAB000F0235B01F01800F079FE8002031C80B2B5
:10DAC000A04250D89BB29B46C0239B0098462E4B49
:10DAD00001279946F8235B019A46AF40B044B2440F
:10DAE000280000F07DFF0400404600F05FFE17288C
:10DAF00019D01C2839D1002C1BD1280000F042FF7E
:10DB00000400504600F052FE800284422DD04B4665
:10DB10001B881F42E4D0002003B0F0BCBB46B246D5
:10DB2000A946A046F0BD4B461B881F4218D0002CCA
:10DB3000F1D0221C5C4500D95A4694B20136280027
:10DB400001992200FF3600F0B3FF4021300000F0C1
:10DB50005DFE300000F02AFE0028FAD12000DBE74D
:10DB6000002CBDD0E5E7231CACE72800FFF788FDBB
:10DB700007204042D0E70E204042CDE7012040423E
:10DB8000CAE705204042C7E744F10120F8B5454601
:10DB9000DE464E465746E0B51C006B461B8D050021
:10DBA0008B4616009846082800D9AEE04701083792
:10DBB000380000F0FBFD0F230340023B022B00D98D
:10DBC000A6E0002E00D1A6E0637822781B02134362
:10DBD000A27812041A43E3781B06134300D182E0B3
:10DBE0004346002B00D170E0C0239B009946B94406
:10DBF000484600F0DBFD42280BD0EF2318402228D6
:10DC000007D007204042F0BCBB46B246A946A0461A
:10DC1000F8BDC0231B010422F818210000F072FE99
:10DC20004346190A80235B01F81800F0EFFD4346D4
:10DC3000D9B288235B01F81800F0E8FDF8235B01F6
:10DC4000F81800F0B3FD8002031C80B2B04245D842
:10DC50009EB20123AB409846304B9A46280000F014
:10DC600091FE0400484600F0A1FD002838D053463C
:10DC700042461B881A4225D0B4423DD37C1C5946EB
:10DC800028003200FF3400F0D9FE2021200000F0EF
:10DC9000BDFD200000F08AFD0028FAD180239B0002
:10DCA0009C4610240825674401E0054226D138002F
:10DCB00000F07CFD0442F8D03800102100F0A6FDF1
:10DCC0003000A0E7B442C9D3D8E7380000F06EFDB9
:10DCD000400700D588E70B20404294E7331CB7E7A4
:10DCE000042040428FE7380000F060FD400700D577
:10DCF00076E70C20404286E7002084E738000821C0
:10DD000000F084FD0D2040427DE7012040427AE78B
:10DD10000520404277E70E20404274E744F101209D
:10DD2000F0B54546DE4657464E46E0B589B005009B
:10DD30001400039104920593082800D914E14301CB
:10DD4000083318001E00029300F030FD0F2303403B
:10DD5000023B0190022B00D90AE1002C00D10BE11B
:10DD6000874A93466A0092465A465146535A002BB8
:10DD70005AD1C0229200330094466344984601274A
:10DD8000804BAF4099464346B8461F00280000F03C
:10DD900027FE04000600380000F008FD002800D12E
:10DDA0008DE04B4642461B881A4200D183E0002C8E
:10DDB00000D188E00723019A1340032B00D185E0AE
:10DDC000042B00D1A6E0022B00D0A1E05B46524616
:10DDD000029F9B5A0137FF37002B40D106AC210030
:10DDE0002800082200F064FE4021380000F00EFDFB
:10DDF000380000F0DBFC0028FAD1059A2378137074
:10DE000063785370A3789370E378D370A388129AE1
:10DE10005BBA1380E2885946504652BA93B20A520E
:10DE20008022594C62551BE0072201990A40032ABF
:10DE300012D0042A10D0022A0ED0002300269846C1
:10DE40003100280000F06EFE5B465246029F4E4CA9
:10DE500001379E52FF370FE0029F0137FF374A4CD0
:10DE6000049A161C9A4200D91E1CB6B23200280031
:10DE7000039900F01DFEB0464021380000F0C6FCBA
:10DE8000380000F093FC0028FAD152465B46514618
:10DE90009B5A5A469B1B9BB25352002B02D0012324
:10DEA000605D18436055404609B0F0BCBB46B246C1
:10DEB000A946A046F0BD002C00D167E77AE704230D
:10DEC0005B429846EFE700239846ECE75B465246F4
:10DED000029F9B5A0137FF37002BC0D106AC2100AF
:10DEE0002800062200F0E4FD4021380000F08EFCFE
:10DEF000380000F05BFC0028FAD1059A23781370F3
:10DF000063785370A3789370E378D370A28882E724
:10DF1000A04695E75B465246029F9B5A0137FF3762
:10DF2000002B9CD106AC21002800022200F0C0FD8D
:10DF30004021380000F06AFC380000F037FC00286F
:10DF4000FAD162782378023A1B029B1851465A464E
:10DF50009BB253520D4A934200D861E72800FFF765
:10DF60008FFB0B4B98469EE701235B4298469AE74E
:10DF700005235B42984696E70E235B42984692E75C
:10DF8000F46F002044F10120EC6F0020EA0500004E
:10DF900017FCFFFF10B5140008284ED807294FD8EA
:10DFA000294B89005B589F4611781F2948D8274B79
:10DFB00040019C46604400F029FC012010BD234B29
:10DFC00040019C46604400F0F1FB1F230340237096
:10DFD000F3E71F4B40019C46604400F0E7FB8002E2
:10DFE0002080EAE71B4B4001F5E71378012B1ED098
:10DFF000002B25D101218140174B1A888A431A80B2
:10E00000DBE7154B1A880123024113402370D4E744
:10E0100011781F2914D882239B009C46400160443C
:10E0200000F0F4FBC9E7822340019B00C9E783406D
:10E03000094A11880B431380BFE701204042BDE726
:10E040000A204042BAE7C04614F10510082C00002F
:10E05000081F0000081E000044F101207047C04660
:10E060000078C0B27047C04601707047002070470A
:10E070007047C0467047C0467047C0467047C046AC
:10E080007047C0467047C046002805D0002903D01D
:10E09000034B1961D860704702490348F8E7C0464E
:10E0A000100700207DE002105DE00210002805D07E
:10E0B000002903D0034B9961586170470249034816
:10E0C000F8E7C0461007002085E0021081E002104A
:10E0D000074B1A88920500D4FEE7002804D00029D7
:10E0E00002D01962D861704702490348F9E7C04677
:10E0F0001007002071E002106DE00210074B1A8833
:10E10000920500D4FEE7002804D0002902D09962CD
:10E110005862704702490348F9E7C04610070020DB
:10E1200079E0021075E0021070B50C00052800D9E6
:10E1300089E0464B80001B589F46D8200978400153
:10E1400000F064FBC82061884001090A00F05EFB12
:10E15000D020A178400100F059FB002070BDD820EC
:10E16000400100F023FB2070C820400100F01EFB9E
:10E170000500D020400100F019FB2D0240196080FD
:10E18000EBE790200622000100F0BCFB210080207C
:10E1900004220E31400000F0B5FB2100A020042233
:10E1A0000A31C00000F0AEFBF0200422A11D0001E6
:10E1B00000F0A8FBE37CA27C1B021343227D2449D0
:10E1C00012041A43637D1B0613430B60A27D214B8F
:10E1D0001A70C2E790200622000100F049FB2100DE
:10E1E000802004220E31400000F042FB2100A020DC
:10E1F00004220A31C00000F03BFBF0200422A11DE4
:10E20000000100F035FB124B1A78A2745A78E274C0
:10E210009A782275DB7863750E4B1B78A3759CE7A3
:10E220000C783A2322009A430DD1002000F0BEFA68
:10E230000443E1B2002000F0E9FA8EE7002000F08C
:10E24000B5FA207089E70120404287E734F10510D4
:10E25000203B002049F10120902000B587B004A99F
:10E260000622000100F004FB802001A904224000E6
:10E2700000F0FEFAA02002A90422C00000F0F8FA83
:10E28000F020042203A9000100F0F2FA802100200E
:10E2900000F0BCFA002000F089FA902004A90622C0
:10E2A000000100F02FFB802001A90422400000F0B3
:10E2B00029FBA02002A90422C00000F023FBF020CB
:10E2C000042203A9000100F01DFB07B000BDC046F9
:10E2D000F8B504000E00FFF7BFFF002C38D0002275
:10E2E000A2562378102A00DD6FE062789B18DAB21C
:10E2F0005BB2102B69DCA378D318DAB25BB2102BB7
:10E3000063DCE378D318DAB25BB2102B5DDC2379DF
:10E31000D318DAB25BB2102B57DC6379D318DAB2B8
:10E320005BB2102B51DCA379D318DAB25BB2102B9D
:10E330004BDCE379D21852B2102A46DC244D254F2B
:10E3400028002178203500F061FA0134BD42F7D170
:10E35000002E38D00022B2563378102A35DC72787D
:10E360009B18DAB25BB2102B2FDCB378D318DAB279
:10E370005BB2102B29DCF378D318DAB25BB2102B26
:10E3800023DC3379D318DAB25BB2102B1DDC73793E
:10E39000D318DAB25BB2102B17DCB379D318DAB228
:10E3A0005BB2102B11DCF379D21852B2102A0CDCBC
:10E3B0003400094D064E28002178203500F026FA59
:10E3C0000134B542F7D10020F8BD01204042FBE7FF
:10E3D000081F000008200000081E0000B82010B52B
:10E3E000800100F0E3F90123184010BD017810B559
:10E3F00001394B42594143788901012B27D0C37819
:10E400008278012B1ED0012A01D110231943B82094
:10E41000800100F0FBF9B820800100F0C7F97F21EE
:10E420000140B820800100F0F1F9B820800100F02F
:10E43000BDF9802149420143B820C9B2800100F0F2
:10E44000E5F910BD012A05D008231943DFE737336A
:10E450001943DCE717331943D9E7C04610B5040068
:10E46000B820800100F0A2F90121382382110A406E
:10E4700003402270202B17D0382B10D01A00002117
:10E48000103AD2B26170102A10D80122083BA27053
:10E49000DBB20A4ADA4001231340E37010BD0023C7
:10E4A0006170A3700023F8E76170EEE7083BDBB210
:10E4B000A170182BF6D80023EBE7C046010001013C
:10E4C00010B50400B820800100F070F9430650D563
:10E4D000012C26D038231843C1B2B820800100F0A7
:10E4E00095F9B820800100F061F97F210140B82042
:10E4F000800100F08BF9B820800100F057F98021ED
:10E5000049420143B820C9B2800100F07FF9B82028
:10E51000800100F04BF9382303405A4253415842DE
:10E5200010BDC723302118400143B820800100F0FE
:10E530006DF9B820800100F039F97F210140B82041
:10E54000800100F063F9B820800100F02FF98021EC
:10E5500049420143B820C9B2800100F057F9B82000
:10E56000800100F023F9302303405A4253415842BE
:10E57000D6E701204042D3E770B50C000F2800D940
:10E58000E4E0744B80001B589F46FFF765FE0020B7
:10E5900070BDB820800100F009F938230340303BFA
:10E5A0005A4253412370F2E7B820800100F0FEF890
:10E5B000012303402370EAE7002900D1C4E00831B9
:10E5C0002000FFF785FEE3E7A820400100F0EEF809
:10E5D0000500B820400100F0E9F8F02203021540E0
:10E5E0005B192380D3E7F023A820098840010C0A97
:10E5F000194000F00BF9E30700D59FE0A30700D511
:10E6000096E0630700D58DE0230700D584E0E3069C
:10E610007CD4A30674D463066CD4E411B7D0BA20BA
:10E620001F21800000F0F2F8B1E7B0200D88400112
:10E63000097800F0EBF8C020290A400100F0E6F864
:10E64000A5E7B020400100F0B1F80500C02040016E
:10E6500000F0ACF803025B19238098E79820098842
:10E660004001090A00F0D2F8A0202178400100F012
:10E67000CDF88CE79820400100F098F80500A02024
:10E68000400100F093F82D02401920807FE7324BC3
:10E690009A780A70DA784A701A798A705A79CA7048
:10E6A0009A790A71DB794B7100238B716FE7B8207F
:10E6B000800100F07BF87F210140B820800100F04C
:10E6C000A5F8B820800100F071F88021494201438B
:10E6D000B820C9B2800100F099F858E70800FFF7A8
:10E6E00085FE54E70800FFF7B9FE50E70878FFF70A
:10E6F000E7FE4DE7B2201F21800000F087F88CE78D
:10E70000AA201F21800000F081F884E7A2201F21A9
:10E71000800000F07BF87CE79A201F21800000F049
:10E7200075F874E792201F21800000F06FF86BE706
:10E730008A201F21800000F069F862E782201F21F3
:10E74000800000F063F859E7002139E701204042DA
:10E750001EE7C0464CF105101007002010B50178E7
:10E760000400D820400100F051F8C8206188400121
:10E77000090A00F04BF8D020A178400100F046F8DB
:10E7800010BDC04670B50500D820400100F00EF85D
:10E790002870C820400100F009F80400D020400192
:10E7A00000F004F824020019688070BD70B50500FF
:10E7B000154C82B0E368984763699847636A280CF0
:10E7C0002E0AC0B2F6B2EDB2002B0AD0A26A002A1D
:10E7D00007D001AB1870032118005E709D70904740
:10E7E00007E0236A98473000236A98472800236A85
:10E7F0009847E36998470500A369984723699847B4
:10E80000280002B070BDC04610070020F0B5174DBB
:10E8100083B0EB6804000E0098476B6998470422A8
:10E82000AB6A2243200C240AC0B2E4B2D7B2002B58
:10E830000FD024023F042043360638433043019072
:10E84000042101A89847AB6998472B69984703B002
:10E85000F0BD2B6A984720002B6A984738002B6A36
:10E86000984730002B6A9847EDE7C0461007002014
:10E87000F0B5C646040000B5214E82B0F3680D0025
:10E880001700984773699847230ADBB29846736A62
:10E89000200CC0B2E4B2002B16D0B26A002A13D00A
:10E8A000414601AB18705970180003219C709047C5
:10E8B00039002800736A9847B369984733699847C5
:10E8C00002B080BCB846F0BD336A98474046336A10
:10E8D00098472000336A98470024002FECD0F36952
:10E8E00098470134A4B228700135A742E4D0F369F7
:10E8F00098470134A4B228700135A742EFD1DBE775
:10E9000010070020F0B5C64600B51D4E82B0F36872
:10E9100004000D0017009847736998470421B26AF4
:10E920002143230CC9B2240A8846DBB2E4B2002A90
:10E9300011D001A803708170447003219047390001
:10E940002800B36A9847B36998473369984702B07B
:10E9500080BCB846F0BD1800326A90472000336A88
:10E9600098474046336A98470024002FEBD0013483
:10E970002878336AA4B298470135A742F7D1E2E775
:10E9800010070020F0B5144BC6469846134B0026DE
:10E990009C4600B54701B84467444046FFF706FF70
:10E9A00005023800FFF702FFADB24419A4B2002CF3
:10E9B00005D1002EF1D1300080BCB846F0BD4046F4
:10E9C000FFF7F4FE05023800FFF7F0FEADB246197E
:10E9D000B6B2B442E1D1EEE7082000000821000001
:10E9E000F0B5144BC6469846134B00269C4600B51E
:10E9F0004701B84467444046FFF7D8FE0502380097
:10EA0000FFF7D4FEADB24419A4B2002C05D1002EFC
:10EA1000F1D1300080BCB846F0BD4046FFF7C6FEDD
:10EA200005023800FFF7C2FEADB24619B6B2B442D5
:10EA3000E1D1EEE70826000008270000F0B54F46B8
:10EA4000D64646461400C0B50F00002A2AD08300DF
:10EA500099465D1C9023ED009B01EE183000FFF7F6
:10EA6000A5FE94239B019C46824665442800FFF73F
:10EA70009DFE53461B02C01883B298464B46981C15
:10EA8000434622001B02C0004444C0183900A4B20F
:10EA9000FFF738FF3000210AFFF7B8FE2800E1B287
:10EAA000FFF7B4FEE0BCBA46B146A846F0BDC0468A
:10EAB000F0B54F46D64646461400C0B50F00002AB2
:10EAC0002AD0830099465D1CA023ED009B01EE181F
:10EAD0003000FFF76BFEA4239B019C4682466544F1
:10EAE0002800FFF763FE53461B02C01883B2984606
:10EAF0004B46D81C434622001B02C0004444C018A9
:10EB00003900A4B2FFF7B4FE3000210AFFF77EFE01
:10EB10002800E1B2FFF77AFEE0BCBA46B146A8464B
:10EB2000F0BDC046F8B50F4B45019C462E0065442C
:10EB300028000F00FFF73AFEA4239B019C460836ED
:10EB4000664404003000FFF731FE2402C019241887
:10EB5000A4B22800210AFFF759FE3000E1B2FFF706
:10EB600055FEF8BD08280000F0B5C64600B582B0D5
:10EB70000400FBF7BBF80600FBF7B8F833003B33A3
:10EB800005005978052C3DD8484AA40012599746EB
:10EB900000225A7000210B20FCF7E0FC02B080BC80
:10EBA000B846F0BD01225A700229F3D1A423DB003C
:10EBB0009C4665442B78002BECD028002AF0A2FA62
:10EBC00081B22800FDF7C4FAE4E702225A70A823B4
:10EBD000DB00EC182378002B1CD1A023DB009C4623
:10EBE00065442B78002B3FD101210B20FCF7B6FCAC
:10EBF000D4E703225A70CDE704225A70CAE70522EF
:10EC00005A70C7E70229C5D1A823DB00EC18237886
:10EC1000002BE2D0FBF76AF88046FBF767F83B234E
:10EC2000F35C07005A1F2000012A25D9042B33D09A
:10EC30002AF068FA210082B20020FEF781FECD376B
:10EC40003B79012BC9D11A4A1478002CC5D1137015
:10EC5000184B1E68F8F744FC002302000121300025
:10EC60000094FAF757FAB8E728002AF04BFA81B275
:10EC70002800FDF76DFAB7E72AF044FA41460E4A3C
:10EC80000E4E4244127821310300009230002200DF
:10EC9000FF3100F0B1F8D2E72AF034FA084B020055
:10ECA00021001800FDF7A2FDC9E7C0468CF1051050
:10ECB00056F10120D86F0020A404000070530020FA
:10ECC000B86F002010B5FBF711F83B30407810BD4D
:10ECD00010B5FBF70BF8E830407810BDF0B5CE4624
:10ECE000474680B583B0FBF701F80400FAF7FEFF52
:10ECF0000021354A01911378002B0DD0F123334DBB
:10ED0000E75CF13463782E881B023B43B34233D96E
:10ED10002B8801339BB22B802D4B2E4918880A88F3
:10ED2000904203D21A88013292B21A802A4E327867
:10ED3000002A1CD01A880B889A4218D3274B1F78B8
:10ED40009846032F2FD0002F0DD000230024994682
:10ED5000234D2878FBF7CEFD4B460134E4B22B70EF
:10ED60000135A742F5D1002342463370137003B03A
:10ED7000C0BCB946B046F0BD002313700122194B48
:10ED800029801A703B23C35C062BC5D8164B01A9FA
:10ED90001868F7F72DFC019B002BBDD08022134B88
:10EDA00052051A60B8E70122114B01A91A70114BE4
:10EDB0001868F7F71DFC019B002BD4D080220B4B69
:10EDC00052051A60CFE7C04652F1012042F10120FE
:10EDD0003CF101205807002051F1012064F101208D
:10EDE000A03D00205AF10120DC6F002004ED00E07E
:10EDF00063F10120E06F002070B51D006B46040038
:10EE000016001A7C74230800E254A1672AF07AF9EC
:10EE10007C23E0520433E6500433E5502000FBF736
:10EE2000E5FB2100020074312000FBF74DFB041EBE
:10EE300007D10948F5F7D4FD0848F5F7D1FD2000C2
:10EE400070BD210001240648F5F74EFE0548F5F790
:10EE5000C7FD6442F3E7C046B0B20510CCB205105E
:10EE600080B20510A0B205101148F0B5C36A002B9E
:10EE70001CD107000F4E040032000F4D0F49104BFC
:10EE8000283703E013691032002B02D09942F9D1E0
:10EE900002C469680435002904D0BC4202D23200A1
:10EEA000074BF3E7002323600133C362F0BDC04684
:10EEB00038110020A4F1051054F2051003130000CE
:10EEC0000213000070B5051E0DD0084C03E0236945
:10EED0001034002B07D0290060682AF0CFF80028F2
:10EEE000F5D1200070BD0024FBE7C046A4F1051059
:10EEF0000200064B064803E003691030002B02D0E5
:10EF00009A42F9D170470020FCE7C0460213000086
:10EF1000A4F10510064B074A03E01A691033002AD2
:10EF200003D09042F9D1586870470348FCE7C046C7
:10EF3000A4F1051002130000D8B2051070B5051E2B
:10EF40000DD0084C03E020691034002806D02900B9
:10EF500060682AF093F80028F5D1206870BD002081
:10EF6000FCE7C046A4F1051010B5007A11F036FB9D
:10EF7000002803D040790007800D10BD0020FCE779
:10EF8000807A072813D006D803280CD904384342C6
:10EF90005841800070470938C3B2012200209A42CC
:10EFA00040414000F6E7431E9841C0B2F2E701201D
:10EFB000F0E7C046807A032804D904384342584118
:10EFC000800070470123834280414042F9E7C046F8
:10EFD000837A042B04D80220984280414042704733
:10EFE00000200322083BDBB29A424041C0B2F6E760
:10EFF000436D0A0010B5002B02D0006D89089847B8
:10F0000010BDC046836D10B5002B06D0006D98472B
:10F01000023843425841404210BD0020FCE7C04640
:10F02000030010B51B6808005C79110063425C4165
:10F03000034B64421C4017F05DFA200010BDC0462F
:10F04000808FFFFFF0B557464546DE464E46E0B599
:10F0500014000D009A469DB0002977D0002A75D083
:10F06000D368002B72D01369526993426ED39B1AF6
:10F07000A26993426AD3080001F0C2FEE3686669A0
:10F0800098462369B0449B46A369070099465B46AE
:10F090004E449E1B8023DB01994500D975E14C222B
:10F0A000C123AA5A9B009A4200D104E1012F5DD9E5
:10F0B00000230993032F4CD0013FFFB2012F45D805
:10F0C0006B68A76999461900781CF2F767FF4B46F1
:10F0D000591A894500D112E14B1CB3423CD8002398
:10F0E0004646C8B2F218D0550133A7699942F9D201
:10F0F000534601377F18B046A761002B26D06A68B7
:10F100006369934228D32E00143631002698D047E5
:10F110008146002822D143466A683100981AF3F7E5
:10F1200003FE10AB6A680293434628000193A3696B
:10F13000310000935030434611F086FD814600288F
:10F140000CD1A369109A934200D104E1904B9946E7
:10F1500004E02F69B74244D98E4B994648461DB00A
:10F16000F0BCBB46B246A946A046F0BDEB68B34230
:10F17000F2D84C22C123AA5A9B009A4200D0C1E087
:10F180002B6999440CAB9B4609935A462100237A7C
:10F19000501C137009310222F3F7C6FD4B46594645
:10F1A0005ABA93B21B0A0B713423CA709C465A4652
:10F1B0000999AC4405326046521AE34613F052FEF8
:10F1C0008146002808D141465846A26913F04AFEFC
:10F1D0008146002800D1AAE0E96810A817F08AF952
:10F1E000BCE76B680C229A46AB68002110A81E0091
:10F1F0000B93F3F793FD29003200143110A8F3F7B5
:10F2000093FD2000230011AA083011781E780133E5
:10F210007140117001328342F7D14C22C123AA5AA6
:10F220009B009A4278D13B004B440A930CAB1E00E2
:10F2300009932100237A02223370701C0931F3F7FD
:10F2400073FD0A9B28005BBAF3709AB22300120A7E
:10F2500032714246183306970593E3680536D31A90
:10F260005A46D31A0493434603934B4602934346AC
:10F270000193099B5246F61A5030009610A911F0DE
:10F2800015FD8146002800D068E70B9B9A450FD0FA
:10F290006369072B00D85FE7404608222100083841
:10F2A000F3F742FD6369083B6361A3690833A36117
:10F2B0000023994652E70F234A4693439B46237AFD
:10F2C000002E00D148E749464246535401239C464C
:10F2D000013EE144B34500D93EE740465A46484422
:10F2E0000021D944F3F71AFD4B46A3611723666941
:10F2F000237223699E1B9B464B46F61AD6E60123D2
:10F300000021EAE60CAB1800082221000993F3F76C
:10F310000BFD0EAB9B4638E70CAB18000822210012
:10F320000993F3F701FD4B460EAE0A9381E7584669
:10F3300010A913F0A7FD8146002800D04CE75846DD
:10F3400013F0D2FDEA68814600280ED0110010A803
:10F3500017F0D0F802E7696862695B18A361099B3E
:10F36000521A6261012BA3D0F0E6A06910A94044B3
:10F37000F3F7DAFCE968A36910A85B18A361761AB1
:10F3800017F0B8F80123099396E6034B9946E5E692
:10F390000094FFFF0096FFFF008FFFFFF0B545468A
:10F3A000DE4657464E460123E0B55B420D00140091
:10F3B0009846C1B0002A00D1ADE1D668002E00D138
:10F3C000A9E113695269934200D2A4E1A1699B1A91
:10F3D0008B4200D29FE12800B61801F011FD0328EE
:10F3E00000D110E10138C0B2012800D993E16B6867
:10F3F000A0699A465B00984200D276E1EB685344DC
:10F400000133984200D270E15146F2F7C7FD8946B8
:10F410000B1E00D069E124339B46AB4452463100B9
:10F420005846F3F781FC524628006369564453441A
:10F430006361A36959469B1A10AAA3619030029296
:10F44000009352463300019611F0FEFB37008246CE
:10F45000002800D0CFE0A669109B9E4200D05AE160
:10F46000BB19013B1878EB6831009B4601331B1830
:10F470000A005A40C91A914313401943C9178843D7
:10F48000431C42469846F31A9C4680238A435B00FD
:10F4900031009E4200D92BE1711A8E422DD90123F1
:10F4A0009A465B460A934346A84605000800614613
:10F4B00094464A46A1460B9309910100099B0C0012
:10F4C0005C40C91AA14323401943C9173B181B7854
:10F4D000AB465C4663405C422343DB170B4351461B
:10F4E0000130994352188642E7D80A9B45469B460D
:10F4F0000B9B4C46984691466246434649465940C6
:10F500000B0059420B43DB179A430021099218A8BC
:10F510003022F3F703FC3022002124A8F3F7FEFB8E
:10F520005B46F31A99464346099A13404A46D31A52
:10F530004C22A3619846C123AA5A9B009A4200D04C
:10F54000D8E02B6914AE43449A46B3465A4621008C
:10F55000237A501C137009310222F3F7E5FB53465E
:10F5600059465BBA9AB2120ACB700A71286C13F032
:10F57000C3FB0A38431E98413F2240429043AB6C84
:10F5800080300D90286C0C9313F0B0FB0B9011A8F9
:10F5900013F078FA0022296C11A813F0D1FA8246F0
:10F5A00000281DD140239C465A46AC446046053293
:10F5B0003100921B0E9013F035FB824600280FD1CC
:10F5C0004B46FF2B00D8AEE0013BFF3B1A00390051
:10F5D0000E989B4613F026FB8246002800D1A5E03A
:10F5E00011A813F055FAE96824A816F083FFE9681A
:10F5F00018A816F07FFF504641B0F0BCBB46B2469B
:10F60000A946A046F0BD6B689A46AB689B46A369C5
:10F610009946DA4578D0072B67D9636937000833F4
:10F62000636108235B429C46E1444B460837A36173
:10F630002B6909934B4558D84A46D31A0B93A361BB
:10F6400030AB18000C2200210A93F3F767FB290066
:10F650005A4624310A98F3F767FB310031AB083181
:10F660001A783078013642401A7001338E42F7D151
:10F670004C22C123AA5A9B009A424FD014AE0822B2
:10F6800021003000F3F750FB16AB9B465A46210091
:10F69000237A501C137009310222F3F745FB5946B7
:10F6A0000B9B28005BBACB709AB2099B120A0A71B5
:10F6B000069310AB0593E2682369BA1A9B1A049368
:10F6C0004B4602935B4605339B1B524600930A99B7
:10F6D000330003970197903011F020FB82460028F9
:10F6E00015D06E4B984200D085E76D4B9A4682E765
:10F6F0001900D1E614AE082221003000F3F714FB04
:10F7000016ABC2469B4621E73700260090E7A26968
:10F71000109B9A4247D0634B9A466CE74B4614AE17
:10F72000B3460B93B2E780235B004DE721210B9A90
:10F7300018A8F3F7F3FA5E46D94500D2ABE00B9B6D
:10F74000BB460F94AA464C460E9F99460A9602E085
:10F750000136B44242D3390011A813F0C7F900288A
:10F760001ED130AD290011A813F07CFA002817D162
:10F7700030004346584043421843C0174B46C043ED
:10F7800000932A00002318A911F08CFBA642DFD2B7
:10F790005B4601223800991913F044FA0028D7D0AB
:10F7A000554682461CE7030043459ED04C22C123A8
:10F7B000AA5A9B009A4202D000239A461BE7A369EB
:10F7C00003E0013BFA5C002A04D1002BF9D1364B4F
:10F7D0009A4610E7A361FB5C2372EDE70A9B5F4644
:10F7E0000A959B465546A1460F9C0A990E9813F020
:10F7F00039FA8246002800D0F2E60E9813F0EAF9B2
:10F800008246002800D0EBE60D9A0C9994460E989B
:10F81000614413F007FA8246002800D0E0E60B9A14
:10F820000E9818A913F0FEF98246002800D0D7E6FA
:10F830000E9818A913F016FA8246002800D0CFE6D9
:10F840000E9813F051FB824611A813F021F953468C
:10F85000E968002B00D0C7E64B46A26924A80191B5
:10F86000009339005B4611F037FBEA6818A924A819
:10F8700011F0CEFA002801D053460993E96824A874
:10F8800016F038FEE96818A816F034FE0023099A2D
:10F8900093428BD129E730AB0A93A6E7009DFFFF87
:10F8A000808EFFFF0094FFFF008EFFFFF0B5C6467D
:10F8B000C36904000F0000B5002B36D0626EE36D03
:10F8C0009B1A1F4A94466344BB4231D38023E558B8
:10F8D0008026AF420FD82DE023682A005B6FC04717
:10F8E00000281ED000281DDB854225D3A5594519C7
:10F8F000A551AF421ED9A36D7D1B002B03D0206DF7
:10F90000984702281AD0236A616E9846A359606A04
:10F91000C9184346002BDFD12A00E3699847002825
:10F92000E0D1084880BCB846F0BD036A002BC5D1C1
:10F930000548F7E70020F5E70448F3E70448F1E756
:10F940004D410000808DFFFF008FFFFF0094FFFFFF
:10F950000098FFFF836970B50400002B2ED0B822F9
:10F960008258002A26D0A026B82506E06259824295
:10F9700022D3121A625107D0A369A159606A891A69
:10F9800098470028F2DC70BD9823E358A4211A00A0
:10F99000180008320B30A251226C6050AC200D339D
:10F9A000043163502350002A04D0516892688A1AA7
:10F9B0009B1823500020E6E70148E4E70148E2E70E
:10F9C0000094FFFF008FFFFF30B5AC25445904348D
:10F9D0001460044A1A60B0231622C2504359002012
:10F9E000197030BDFC3F0000F0B5B42357464546C2
:10F9F000DE464E46E0B5C758C1238DB00391058958
:10FA000004009B009D4200D193E06DBAADB2A023EB
:10FA1000FF22E358904626002A402D0A5A709D7016
:10FA20009C23BC363100E058924608229B46F3F7EF
:10FA30007BF9A421404661587BBA9AB203400B700F
:10FA4000236C120A99464A70002B00D173E0A82358
:10FA50003D48E2588446103BE35807929B1A6344A2
:10FA60000893B423E35804AF0A93AC23E358380057
:10FA70009B1A5A46A158943A0993F3F755F902A9EB
:10FA80008C46112363445D705046B025226818707F
:10FA9000635949463B72D369126A200000923A00CA
:10FAA000FFF7D0FA002838D1099B002B46D1397ACC
:10FAB0000A9F61514546B433E750A4307BBA2058C1
:10FAC0009AB21D40120A05704270A020A825235842
:10FAD00062591970B821D21A6358D2199B18635011
:10FAE000235814399B182350D81C226C6050AC202A
:10FAF000053363512350002A04D0516892688A1A52
:10FB00009B1823500822013AB35C0133DBB2B35493
:10FB1000002B09D1002AF6D10C480DB0F0BCBB4631
:10FB2000B246A946A046F0BD039B012B08D0002099
:10FB3000F3E7074D6BE7B023E15CC6E70548ECE768
:10FB40002000FFF707FFE8E74D4100008094FFFF2A
:10FB5000030300000094FFFFB423F0B50400C64681
:10FB6000C0589846043BE358160000B5162B0FD03A
:10FB7000142B39D1A36B002B36D08023DB019842A4
:10FB800032D831002000FFF72FFF80BCB846F0BD0F
:10FB9000AC23E758021F3D78002D19D0A56B002D2E
:10FBA00022D08025ED01A8421ED8100C7870E058B4
:10FBB000170A8770E058C2700029E2D04246E15827
:10FBC000A36B2000A258DB6898470028D9D0DCE757
:10FBD0008021C901884207D8110C7970E158100AB8
:10FBE0008870E358DA70CCE70048CEE70094FFFF56
:10FBF000B421131D10B543500439415816290CD0B7
:10FC000014291FD1826B002A1CD08022D20193427A
:10FC100018D80021FFF7E8FE10BDAC2141580C7840
:10FC2000002C0CD18024E401A3420BD8130C4B70A0
:10FC3000AC23C158140A8C70C358DA70E9E7846B9E
:10FC4000002CEFD10048E7E70094FFFFF8B504006F
:10FC5000C068E26F00280CD1032A38D9216F4B7895
:10FC60008D781B04C9782D022B430B438421043368
:10FC70006350E66D1E4B37000D303518A918F31888
:10FC80000837994225D8216F280028F0DBFE84210F
:10FC9000E368E26F6158D318E06DE3608B421BD3D9
:10FCA0000022E260320031000D32E26622678022DB
:10FCB0000B31E36767662066A1665202934208D261
:10FCC00000205BBA9AB2120AF3724A70F8BD094872
:10FCD000FCE76E204042F9E70023AD186566E36754
:10FCE000EB1C05352066A3660348E5662567EDE74E
:10FCF0004D410000008EFFFF809AFFFF4268030025
:10FD000010B500201A2A08DC9C6B002C05D0842238
:10FD100018009A58196FE468A04710BD10B5026822
:10FD200004005279836F002A02D1C268002A11D1DF
:10FD3000162B11D0142B17D00020152B09D1E36FEF
:10FD4000022B30D1226F1378022B30D0012B1CD024
:10FD5000194810BD162B28D12000FFF777FF002887
:10FD6000F7D1A36F142BE7D1E36F012B1BD1236FC6
:10FD70001B78012B17D1114B20899C4660444342CC
:10FD800058410F4B40421840E3E75078002810D00C
:10FD9000643843425841CD234042DB011840064BB2
:10FDA0009C466044D5E70748D3E70748D1E70748B2
:10FDB000CFE70748CDE7C0468099FFFFFCFCFFFF77
:10FDC000809AFFFF008EFFFF0089FFFF8088FFFF02
:10FDD0008087FFFFF0B54546DE4657464E468C23EA
:10FDE000E0B5C2580400884689B0002A00D0D1E0AE
:10FDF0008A4B84259B468A4B99466159636F00293B
:10FE000000D17DE0002B00D0EBE0E668E26F002E31
:10FE100000D078E0914200D2ADE0E667665105215E
:10FE20002000FFF743FD002800D080E080239A46A1
:10FE3000E358666E042B00D8D9E0337801AF3B72EB
:10FE4000143B032B00D9D2E073787B72B378BB727A
:10FE5000B37872781B02134322685BBA12889BB294
:10FE60009A4200D2C3E00822216E3800F2F75CFF0C
:10FE700005237B613379F2781B0213435BBA9BB293
:10FE8000591DBB61FE603961002B00D1AFE020003D
:10FE9000FFF70CFD00284AD15346E16BE0500029E2
:10FEA0004DD04C22C1238A5A9B009A4244D03A003A
:10FEB0002000FFF773FA002800D06FE0BB69002B29
:10FEC00000D072E0574B22899A4200D18BE0882201
:10FED000A3580133A350032B6ADC0822216E013A98
:10FEE0008B5C0133DBB28B54002B28D1002AF5D177
:10FEF0004D4809B0F0BCBB46B246A946A046F0BD8D
:10FF0000002B17D0E26F002A00D188E72000FFF70E
:10FF100005FFCD235A46DB01C318134200D16CE71D
:10FF20000028E6D1A36F162B63D00020E1E74845F7
:10FF3000DFD162E7E36772E73B7A142BB7D1802306
:10FF4000BA69DB019A4252D8E36D2366636EDA1C0C
:10FF5000A2665A1DE2663A7AA2671A707A69FB684D
:10FF6000A16E9B182367BB69E3675BBA9AB2120A5A
:10FF70000B704A70CAE7206F521AE267411828F0E6
:10FF800061FDE26FA16E50BA83B21B0A08704B701C
:10FF90006651B8E70022C2500020AAE7234B9842DE
:10FFA00006D01F4B9842A4D127E78823E05094E75E
:10FFB0002368002B13D0B823E358002B29D1B0239A
:10FFC0001522E250133A0433E250083BE158200076
:10FFD0000A70E358123201215A70FFF705FD1348E9
:10FFE00087E7134885E73B7A172B00D16FE7114865
:10FFF0007FE74346012B98D163681A2B95DCA36BEE
:020000041003E7
:10000000002B92D084222000A258216FDB689847F1
:100010006FE72000FFF79EFC04486AE7FFFEFFFF42
:10002000809AFFFF030300008094FFFF808EFFFF94
:100030000094FFFF008EFFFF10B5002819D0036861
:10004000002B16D0B823C358002B0FD1B023152294
:10005000C250133A0433C250083BC1580A70C35807
:10006000263201215A70FFF7BFFC10BDFFF772FC6A
:10007000FBE70148F9E7C046008FFFFF10B50028F5
:1000800018D00368002B15D0B823C358002B0ED10D
:10009000B0231524C4500433133CC450083BC45847
:1000A0002170C35801215A70FFF79EFC10BDFFF765
:1000B00051FCFBE70048F9E7008FFFFFB023142253
:1000C00010B5C250AF3BA0328350083A825801218C
:1000D0001370436801220133DBB24360FFF73CFD3C
:1000E00010BDC04670B501210400FFF773FE051E68
:1000F00017D1A36F142B16D1A36C0822E363636B93
:100100000021A362206EF2F709FEE36D2366636EA1
:10011000DA1C0533E36623676368A2660133DBB24A
:100120006360280070BD2368002B13D0B823E35808
:10013000002B11D1B0231522E250133A0433E250C0
:10014000083BE15820000A70E358083201215A7038
:10015000FFF74AFC034DE4E72000FFF7FBFB014DEE
:10016000DFE7C0460089FFFFA023A422C35810B5D3
:10017000DC1C8450AC240533043283500351002925
:1001800004D04A688968521A9B18035110BDC046B2
:10019000C36D0366436EDA1C05338266C36603676C
:1001A0007047C046C36D1A000832426603660332C8
:1001B0000D338266C36603677047C0469823C358F1
:1001C0009C221900835008310432815003310432DB
:1001D00081500D3304328350043283507047C0463F
:1001E000436F002B01D0C06F70470020FCE7C04672
:1001F0008C2203008058012806D0083A9A58002A19
:1002000003D1586F431E98417047D96F8A42F8D284
:100210000120F9E7A823A021C358026C405810B56B
:10022000181A002A10D0136D002B10D059790C0920
:100230008F290AD8052C0CD8022C08D11B79D2683A
:10024000DB069B0E9B18C01810BD0B2C01D002487A
:10025000FAE71368C018F7E70094FFFFF8B5040049
:100260000E001500002800D1CFE00368002B00D15C
:10027000CBE043681B2B00D09DE0C127616FBF001E
:10028000002938D1A36D002B04D0206D9847013090
:1002900000D169E001212000FFF79CFD002800D07B
:1002A00072E0E26FA36F002A0FD1172B06D0162B36
:1002B00035D0152B00D19EE0554854E00121200097
:1002C000FFF788FD00285FD1A36F162B27D0152BD1
:1002D00000D190E0172BEFD1216F636861671A2B73
:1002E00007DD636D002B04D000220021206D9847AC
:1002F000616F0029C6D0E76FAF4200D92F00002DF3
:1003000000D07AE03900606F16F0F4F8E36F002B4C
:1003100000D06DE08C22A3503800636723E023896E
:10032000BB4252D062D223681B79002B31D0012B03
:1003300003D1236F1B78012BBED1B823E358002BC8
:1003400035D1B02315220121E2500433133AE25093
:10035000083BE258200011706422E3585A70FFF7FE
:1003600043FB0028C4D0F8BD636D002B00D191E79A
:100370002268206D526F9108984701212000FFF7F5
:1003800029FD002800D18CE7224B9842EBD10020B8
:10039000E9E7236F1B78002B00D08DE78433E35807
:1003A000042B00D088E7B823E358002BC9D02000E5
:1003B000FFF7D0FAD5E701F0A7F8174B984200D124
:1003C0005BE7002800D158E7CDE723681B79002BB5
:1003D00000D071E78433E358042B00D16CE7236F1E
:1003E0001B78042B00D183E70948BCE70B48BAE728
:1003F000636FDB1990E70A48B5E73A003000F2F77F
:1004000093FCE36FDB1BE3677CE70648ABE7C04682
:100410000089FFFF808DFFFF0095FFFF0094FFFF25
:100420000097FFFF008FFFFFF8B504000F001600D4
:10043000002837D00368002B34D043681B2B03D02F
:1004400001F062F8002819D1200000F077FE0028A2
:1004500014DB0500B04212D8B823E358002B13D1A7
:10046000B4231722E550043BE250002D13D10121A3
:100470002000FFF7B9FA002800D12800F8BDB82302
:10048000E3583500002BEBD02000FFF763FA00287B
:10049000F4D12800F2E7043B2A003900E058F2F7D3
:1004A00043FCE4E70048E9E7008FFFFF030010B5D5
:1004B000002820D00268002A1DD0426800201A2A95
:1004C00000DC10BDB8229A58002A10D1B0221521A4
:1004D00001249950043213399950083A99580C70F4
:1004E0009A58012150701800FFF77EFAE9E71800CA
:1004F000FFF730FAE5E70148E3E7C046008FFFFF6A
:1005000010B5041E12D0503010F0B6F82000903014
:1005100010F0B2F82000343012F0BAFA2000403067
:1005200012F0B6FAD021200015F0E4FF10BDC0464D
:1005300010B50822C1630021006EF2F7EFFB10BD79
:1005400010B5082201640021BC30F2F7E7FB10BDB2
:1005500052BA93B21B0A0270437070470378407816
:100560000002184340BA80B27047C046902310B5CD
:10057000C25C04000020002A00D110BD2268002ABD
:1005800023D0B823E358002B1BD191231522E15C23
:100590001F33E250133A0433E250083BE058027034
:1005A000E358200059700121FFF71EFA084B9842CA
:1005B000E3D090230022E2540028DED10433E05837
:1005C000DBE72000FFF7C6F9F0E7E0540148D4E785
:1005D0008097FFFF008FFFFF10B590230124C454C4
:1005E0000133C1540333C25010BDC04670B505007D
:1005F0000C001600002915D00C21012015F060FF19
:1006000000281BD0002383602B6804604660002B09
:1006100006D01A009B68002BFBD19060002070BDB3
:100620002860FBE70468002C05D02000A46815F0C2
:100630004FFF002CF9D100232B60EFE70048EEE7D5
:100640000081FFFFF0B5DE4657464E4645460400A2
:10065000E0B597B003A892469846019112F012FABD
:10066000200012F003FA061E00D1A0E012F03EFBBB
:10067000209B0500C718229B01209B46BB4459467E
:1006800015F01EFF041E00D186E0431918004146F4
:10069000209A9946F2F748FB229A2199E019F2F73D
:1006A00043FB3100012203A812F04AFA061E16D0BD
:1006B00003A812F0EDF906AF5946200015F01AFF15
:1006C0003800402115F016FF200015F001FF300022
:1006D00017B0F0BCBB46B246A946A046F0BD524694
:1006E000019903A812F056FB061EE1D1229A209B25
:1006F000944663441A00494603A8984612F0B2FB98
:10070000061ED5D1210003A812F0BCFB061ECFD1D6
:1007100000239946249B06AFA844002B0FD142E04A
:1007200029001800F1F73AFC0A1E3CD02398390042
:100730004844F2F7F9FA249B9A4534D2D14603A8EB
:1007400012F0D2FB00282DD14246210003A812F05E
:1007500089FB002826D1390003A812F093FB00285A
:1007600020D103A812F0C0FB00281BD12A002100D1
:1007700003A812F077FB002814D1210003A812F07F
:1007800081FB00280ED1AA46249BCA449A45C7D8AB
:10079000002DD0D02A00C9E703A812F079F9054E40
:1007A00006AF8DE7060003A812F072F984E7024E47
:1007B0008DE7C0460081FFFF0094FFFFF0B5050004
:1007C00087B010000E0014001F0028F09BFC0E9B49
:1007D000009004930D9B320003930C9B290002931D
:1007E000019723000920FFF72DFF07B0F0BDC04699
:1007F000F0B5050087B010000E0014001F0028F0AF
:1008000081FC0E9B009004930D9B320003930C9B84
:1008100029000293019723000A20FFF713FF07B076
:10082000F0BDC046A323DB009C4610B5806B60443E
:1008300012F0F8F910BDC046034B10B59C46806B12
:10084000604412F0EFF910BD24050000F0B54F46EA
:100850004646D646C0B5060088B005A898460D00A5
:10086000170012F00FF9736B9946002B3AD0119BC9
:10087000002B15D11D4B9A46280012F085FA002254
:10088000010005A812F05CF9041E0CD005A812F0B6
:10089000FFF8200008B0E0BCBA46B146A846F0BD5B
:1008A000134B9A46E8E7290005A812F01FF9041E29
:1008B000ECD1390005A812F0D5F9041EE6D10C22BE
:1008C000B36B0292109A48460192424600929D698B
:1008D00052463B0030212C30A8474146380015F0E5
:1008E00009FED3E7336B9946C1E7C04628B405102B
:1008F00038B40510A323DB0010B59C460C00816BB7
:100900008AB0019220236144009402AAFFF79EFF5F
:100910000AB010BD074B10B59C460C00816B8EB021
:10092000019230236144009402AAFFF78FFF0EB0BA
:1009300010BDC04624050000A323DB009C4670B513
:100940000600806B0C006044150012F06BF9002863
:1009500007D1044BB06B9C462A002100604412F082
:1009600061F970BD24050000F0B5050085B001A84F
:100970000F00160012F086F8280012F005FA002287
:10098000010001A812F0DCF8041E05D001A812F045
:100990007FF8200005B0F0BD290001A812F0A6F8EC
:1009A000041EF3D1390001A812F05CF9041EEDD148
:1009B000280012F0E9F912F099F93060E6E7C04634
:1009C000034B10B59C46806B6044FFF7CDFF10BD14
:1009D00024050000A323DB009C4610B5806B604417
:1009E000FFF7C2FF10BDC04670B504000D0000281F
:1009F0000ED0C06D002806D009F03AF9E06D15F070
:100A000067FD0023E365B2212000490015F072FD67
:100A1000B222290020005200F2F786F9EB6D002681
:100A2000002B11D0CA210120490015F049FDE065D5
:100A3000002811D009F014F9EB6DE06D9A68D968BF
:100A400009F068FE061E01D1300070BDE06D15F0A2
:100A50003FFD0023E365F7E7004EF5E70081FFFF68
:100A600010B5040084B0080011001A00012C0ED04B
:100A7000022C0AD1074C099B0293089B0193079B08
:100A80000093069BA04704B010BD0348FBE7034C4E
:100A9000F1E7C046BD070310808FFFFFF107031089
:100AA00003000020332B01D8014AD05C7047C046B8
:100AB00094F5051003000120332B02D8014AD35CC2
:100AC0009840704794F505104A7A836B0A2A02D041
:100AD000024ADA607047024AFBE7C0462508031065
:100AE0003908031010B5140C130AE4B22402C9B279
:100AF000DBB21B04214312061943836B82B01143FE
:100B000001910422DB6801A9984702B010BDC046DC
:100B1000F0B51D0017001A0CD2B21B0A1202CCB29B
:100B2000DBB21B0414431C432A06836B83B01443BB
:100B3000DB680422019401A906009847002805D12A
:100B4000B36B2A0039003000DB68984703B0F0BD72
:100B5000A323DB009C4670B50400806B604411F059
:100B600097FFA323DB009C46A06B604411F08AFF33
:100B7000A323DB009C46A56B0920654411F076FF9A
:100B800000220100280011F0DBFF002800D070BD1A
:100B9000A323DB009C46A06B604412F01BF80028E6
:100BA000F5D1104BA06B9C46604411F071FF0D4BCA
:100BB000A06B9C46604411F065FF0A4BA56B9C46F8
:100BC0000A20654411F052FF00220100280011F0B4
:100BD000B7FF0028DBD1034BA06B9C46604411F0AB
:100BE000F9FFD4E72405000010B50400D02200214D
:100BF000F2F794F8200050300FF038FD20009030CC
:100C00000FF034FD2000343011F03CFF2000403064
:100C100011F038FF10BDC046B22210B500215200BD
:100C2000F2F77CF810BDC04610B5DC220021F2F7C7
:100C300075F810BD70B504000021FEF7D9F9200049
:100C4000FFF7B0FA2000FFF7B9FA0025882365679F
:100C5000E550043BA567E567E5500833E5500C3BDC
:100C600000211E4AE563E560E06DE550F2F756F8B5
:100C70009023E5542033E5500433E5500433E55028
:100C8000203B0021E058154AF2F748F820000822DE
:100C90000021BC30F2F742F8606C2564002805D0D2
:100CA000FFF72EFC606C15F013FC65640025E06C0A
:100CB000FFF726FCE06C15F00BFCA36BE564002B42
:100CC0000AD09D2636019859FFF71AFCA36B985954
:100CD00015F0FEFBA36B9D5170BDC0464D41000059
:100CE000017170474171704781677047817170472A
:100CF0008163C2637047C046C16102627047C046EB
:100D0000416182617047C046C361009B416282615C
:100D1000036270474167704710B501654265002165
:100D20008365FEF765F910BDC16242628362704758
:100D300010B5041E1BD0002919D0406B002816D016
:100D400023681B79002B12D1A36B1B78012B10D0C9
:100D5000C1234A889B009A4207D0FFF745FE00282E
:100D600002D10122A36B1A7010BD0020FCE70248DB
:100D7000FAE70248F8E7C046008FFFFF808FFFFFC9
:100D8000C160704707230B400361704701647047DF
:100D900010B54430FFF72AFC10BDC0468164C26420
:100DA0007047C046836B034A9A580A60024A9858B3
:100DB0007047C046980A0000940A00009823DB00A0
:100DC0009C4610B5806B6044FFF710FC10BDC04618
:100DD000836B034819509921C9005A507047C04687
:100DE000C4040000826B014BD15070479C0A000084
:100DF000836B99707047C046016142617047C0467D
:100E0000036D002B0FD05B791B09022B0DD00B2B30
:100E100009D894221201DA4001200223104001383F
:100E20009843033070470020FCE70120FAE7C046F2
:100E300010B5007A0FF0D2FB002811D043791B09BE
:100E4000082B0FD00AD80120022B06D0063B5A1ED1
:100E50009341584202239843033010BD0B3BF6E701
:100E60000020FAE70320F8E7102803D8194980008A
:100E700009588F46862040427047174911609022DA
:100E800092011A808023009A5B0000201360F3E730
:100E90008021C904116000221A80009B00201A6082
:100EA000EAE70E491160902292011A808023009A8D
:100EB00000201360E0E70949E0E70749F2E7064947
:100EC00000201160902292011A80C023009A1360C2
:100ED000D2E7C04650F5051000025005004040041E
:100EE000F0B50700C64604000D001600603700B5D7
:100EF0003800683498460BF0D9FE20000BF0D6FE7F
:100F00002900320038000CF0D5F8051E0AD1414600
:100F10002000069A0CF0CEF8051E03D1280080BCF4
:100F2000B846F0BD38000BF0C1FE20000BF0BEFE4D
:100F3000F4E7C046F8B5070004000E00603738003B
:100F400068340BF0B3FE20000BF0B0FE3A00002135
:100F5000300010F0C5FB051E08D122000121300031
:100F600010F0BEFB051E01D12800F8BD38000BF0C3
:100F70009DFE20000BF09AFEF6E7C046C167704761
:100F80000165704700230365416570470023816553
:100F9000C365704700238365C1657047C423C0588B
:100FA000034BC31A5A1E93415B4218407047C04618
:100FB00080B40510F0B5C64604000D0000B5002948
:100FC0002AD0080028F09EF80600FF2835D8C42350
:100FD000E7589846002F0CD01A4B9F4206D0380095
:100FE00028F090F80100380015F090FA00234246EE
:100FF000A3500120711C15F063FAC427E0510028AA
:101000001DD032002900F1F78FFE0022E3599A55D6
:10101000002080BCB846F0BDC423C658094D002E40
:1010200008D0AE4206D0300028F06CF80100300045
:1010300015F06CFAC423E550EAE70348E9E70348F2
:10104000E7E7C04680B40510008FFFFF0081FFFF77
:10105000016342637047C046F0B5C64680460868E3
:101060000F0000B5002814D080260D000024760261
:1010700005E0B44209D268680435002809D028F098
:1010800041F824180138FE28F3D9044880BCB8463A
:10109000F0BD434600201F67F8E7C046008FFFFF02
:1010A000C823C0587047C0460902114301807047E9
:1010B000090211434180704701727047C171704746
:1010C000D023C1500433C2507047C046036B002B7D
:1010D00001D0186E7047436B002BFAD101204042BB
:1010E000F8E7C046002804D0036B002B01D05868F5
:1010F00070470020FCE7C04610B5002806D0006B02
:10110000002802D04068FDF705FF10BD0020FCE775
:101110000389064A934206D00132934201D1044822
:1011200070470448FCE70448FAE7C04603030000A0
:1011300050B40510D8B2051048B40510036C002B4C
:101140000AD04C22985A064B9C466044431E984154
:10115000044B9C46604470478020C001FBE7C046BA
:10116000FCFCFFFFFF3F00008020C0017047C0462D
:10117000002804D0006B002800D0C06D704700200C
:10118000FCE7C04610B504000800002C13D000296D
:1011900011D0216B00290ED023681B79002B0AD1B6
:1011A0000B78012B09D0FFF71FFC002802D1012288
:1011B000236B1A7010BD0248FCE70248FAE7C046EC
:1011C000008FFFFF808FFFFFF8B54746CE46040033
:1011D00080B50D0016001F00002800D177E0042A1A
:1011E0000FD9052228003B49F1F79EFD6388082EA0
:1011F00014D8394A93425FD03848C0BCB946B0468B
:10120000F8BD354B42889A42F6D100239946E36DEA
:10121000002B37D161233B603148EEE76B71637877
:10122000AB71626852BA93B21B0A2B72EA712A4BF5
:1012300062889A42E0D109235B429946B1444B4609
:10124000542B3DD928002100A36820226B720C3159
:101250000A30F1F769FD2800210030222C312A30B4
:10126000F1F762FD5A22236E1BBAAB542A00190A09
:101270005A325170190C1B0ED370E36D91705E35AC
:10128000002B1FD09A68612398461300904458336E
:101290004B450BD8130C2B70130A6B70AA70E36DBF
:1012A000002B03D0D968E81CF1F73EFD434600202F
:1012B0003B604645A1D2AFE7002305359946A6E736
:1012C0000935A4E76122582390460022E0E705484B
:1012D00093E7C046C8F5051003030000808FFFFFA9
:1012E0000096FFFF0094FFFFF0B54646D6464F46F6
:1012F0000500C0B50C001600002800D19BE0042AB0
:101300001ED9052220004E4927F078FB071E00D089
:101310008FE0731F032B13D9C022637992001A4305
:101320006A80A3796B70237AE1791B020B435BBA65
:101330009BB26B60434B9A421AD001339A4215D04C
:10134000414FE86D002806D008F092FCE86D15F0DA
:10135000BFF80023EB65B2212800490015F0CAF858
:101360003800E0BCBA46B146A846F0BD374FE8E7C2
:101370003300093B542BE3D921002800637A202253
:10138000AB600A310C30F1F7CFFC2100280030228D
:101390002A312C30F1F7C8FC21005A235A31E25C83
:1013A0004B781B0213438A7812041A43CB78EF65FB
:1013B0001B0613431BBA2B6633005E3B022B2CD952
:1013C0005E235F22E35CA25C1B04120213436022D3
:1013D000A25C134398461ED03300613B9845AFD8BA
:1013E000CA210120490015F06BF8E865002824D0D7
:1013F00061239946A14408F033FC42464946E86D12
:1014000009F088F98246002809D14B46A4194344C3
:101410009C42A5D094E7612EA2D00B4F9BE7E86DCC
:1014200008F026FCE86D15F053F800235746EB65ED
:1014300091E7074F85E7074F92E7074F8BE7C046D5
:10144000D0F5051003030000008FFFFF808FFFFF22
:1014500000A1FFFF0094FFFF0081FFFF70B5041E95
:101460004ED00368002B4BD0836B002B48D04368D1
:101470001B2B45D0FEF76EFA051E01D0280070BD6B
:101480002000FFF773F8051EF8D123681B79002BA5
:101490000DD16368002B29D0012B14D0C1232289E0
:1014A00020009B009A4224D001F0BCFD0EE0012BED
:1014B00010D0144D9023E35C002BDFD02000FFF709
:1014C00055F80500DAE7200005F0F4FF23681B79E2
:1014D000012B07D1C12322899B009A420CD0200006
:1014E00002F0A8FB0028C9D00500E3E701236360F0
:1014F000C4E704F079FBE9E7200003F0A1FCF1E781
:10150000004DBBE7008FFFFF10B5041E0DD0036830
:10151000002B05D109E02000FFF7A0FF002803D130
:1015200063681B2BF7D1002010BD0148FCE7C046C3
:10153000008FFFFF70B5856B0400002D44D0AA79A1
:101540002B00002A46D10022EA64DA79002A3CD135
:1015500000222A65244A9B58002B02D0A85814F078
:10156000B7FFA323DB00E81811F092FA1F4BE8182D
:1015700011F08EFA2800543010F096FA9723DB0011
:10158000E85814F0A5FF9823DB00EC58002C05D098
:101590002000A46814F09CFF002CF9D1A223DB00EA
:1015A000E85814F095FFB023EB5C002B17D09D2476
:1015B00024012859FEF7A4FF285914F089FFAA2115
:1015C0002800090114F096FF70BD286D14F080FF0B
:1015D000A36BBDE7E86C14F07BFFA36BB3E7AC2310
:1015E000E85816F01BFBE2E7CC09000024050000D8
:1015F000F8B5CE4647460500806C80B5002801D07E
:10160000FEF77EFF6C6B002C0ED0E06D002806D03C
:1016100008F02EFBE06D14F05BFF0023E365B221C0
:101620002000490014F066FFAB6B002B02D02800AD
:10163000FFF780FFAB6C002B00D1D8E06B6B002B69
:1016400000D1DDE0AB6B002B00D1E3E0AA6C002AF7
:1016500000D1E8E0686B002800D1E4E0B22200216C
:101660005200F1F75BFBAA22AC6B002112012000B3
:10167000F1F754FBA323DB00E01811F003FA764BDB
:10168000E01811F0FFF92000744B5430E36010F0C3
:1016900019F80323A370AC6CD02200212000F1F7CD
:1016A0003DFB200050300EF0E1FF200090300EF0A6
:1016B000DDFF2000343011F0E5F92000403011F05A
:1016C000E1F92800FFF744FA071E20D12B689C6D32
:1016D000002C38D02378002B00D1B3E00026300056
:1016E0000136A35D002BFAD10221023014F0E8FE8E
:1016F000002800D1A4E002002300A41919780429CD
:101700000AD0032900D170E014F0E2FE544F3800F3
:10171000C0BCB946B046F8BD182101331180023271
:10172000A342EBD176008619002301223380AB6BF4
:101730009A71D8642B684B4A196891420BD00022E9
:10174000AB6BDA71E3E7AA6BD96D9071D164454A4E
:1017500019689142F3D11C6D002CF0D02368002B46
:10176000D4D04420804640482200002184463F4E89
:10177000033B082B07D84046F3181B5C002B02D014
:1017800004316145C2D853680432002BF0D10129DD
:10179000BCD901200231AE6B14F092FEAD6B306506
:1017A0002A6D002A4CD02368002B19D00326B4469A
:1017B00001264421B1462D48033B082B0CD8C31801
:1017C0005B5C002B08D066461B021BB21E431680D2
:1017D0004E4633435380043263680434002BEBD10C
:1017E000002313800133EB7191E7172195E7D02196
:1017F000012014F065FE6B6BA864002B00D021E77C
:10180000B2210120490014F05BFEAB6B6863002B32
:1018100000D01BE7AA210120090114F051FE031E8C
:10182000A86300D012E70024180014F051FEA86C41
:10183000AC6314F04DFE686BAC6414F049FE6C634D
:101840000B4F64E70221012014F03AFE061E00D07F
:101850006AE7074F5BE7C04624050000390903101B
:1018600080A1FFFF03030303FEFF000094F50510B2
:101870000081FFFF0B682C4A70B5040001609342A1
:1018800005D02A4A934205D0294A934245D14B7943
:10189000012B44D0CB69002B43D00B8898252381A2
:1018A000002301202349635114F00AFEE06500285B
:1018B00013D001201F4914F003FE6051002829D0E5
:1018C0002000FEF76FFC2000FEF778FC2000FFF7F9
:1018D0008FFE051E1CD1280070BD174D982614F0F0
:1018E000F7FDA05914F0F4FD0023A0222360E36566
:1018F000A35163662366A366E3662367A350043A95
:10190000A3500832A3500432A3500432A350E2E79C
:10191000E06DE3E7E06D084DE0E7084DDBE7084DDB
:10192000D9E7084DD7E7C0460403040303030303C4
:10193000040303034D4100000081FFFF80A1FFFF6E
:10194000808FFFFF008CFFFF70B500250368040047
:101950001B8845600381FFF76DF9CC23266BE550AA
:10196000A562E562002E12D0F06D002805D008F0C7
:101970007FF9F06D14F0ACFDF565B221300049003F
:1019800014F0B8FD206B14F0A3FD00232363C823DB
:1019900000222000E250FFF72BFE70BD70B500253D
:1019A000036804001B88002103814560FFF742F9AA
:1019B000CC23266BE550A562E562002E12D0F06DB7
:1019C000002805D008F054F9F06D14F081FDF5659C
:1019D000B2213000490014F08DFD206B14F078FD29
:1019E00000232363C82300222000E250FFF700FEFB
:1019F00070BDC04610B5041E0ED0C06D002806D0C4
:101A000008F036F9E06D14F063FD0023E365B221C0
:101A10002000490014F06EFD10BDC04670B5041ED4
:101A20006DD098254059002804D0354914F06EFD3A
:101A300000236351E06D002804D0314914F066FDA5
:101A40000023E365606C002804D0FEF759FD606C4C
:101A500014F03EFDA36B002B21D02000FFF76AFDA0
:101A6000A06B14F035FDA06CFEF74AFDA06C14F0DD
:101A70002FFD656B002D0FD0E86D002806D008F013
:101A8000F7F8E86D14F024FD0023EB65B22128007F
:101A9000490014F02FFD656B280014F019FDE06C6F
:101AA000FEF72EFDE06C14F013FD256B002D11D018
:101AB000E86D002806D008F0DBF8E86D14F008FDAA
:101AC0000023EB65B2212800490014F013FD206BC0
:101AD00014F0FEFCC423E558002D09D0094B9D42AB
:101AE00006D0280027F00EFB0100280014F00EFDA0
:101AF000C4230022DC212000E25014F0FBFC70BD66
:101B00004D41000080B4051010B58C220021F1F782
:101B100005F910BDF0B50400C5B00E0015001F009A
:101B200001714271002922D102238371013B03819B
:101B30000723013D23616B1E9D41244B9C46654458
:101B400025806380022F2AD1214B21681A00083298
:101B5000E260204A2264204A914233D01F4A6265E3
:101B600000221433A265E365002045B0F0BD0123D7
:101B700003810129DCD180221949520004A8F1F720
:101B8000D3F8184A03AB127820001A70802200960E
:101B9000520004A9FFF7A4F90028C9D0E5E7FDF732
:101BA00063F9114B226823640B4BE0609A420BD01F
:101BB0000E4B63650023A3650D4BE3658023DB00BB
:101BC000E367D1E70B4ACAE70B4BF2E703030000D8
:101BD00014F60510FCFB051003030303ECF50510D8
:101BE00040F6051020C005102CFB051008F6051066
:101BF00030F60510E4F50510F4F5051070B5051E76
:101C000013D060300BF052F8280068300BF04EF81B
:101C10006C6C002C05D02000A46814F059FC002C3A
:101C2000F9D18C21280014F065FC70BD10B501219C
:101C3000040013F01BF803000120002B08D104213D
:101C4000200013F013F8431E98414342032018402C
:101C500010BDC046FD23821E1A4204D00138434203
:101C60005841C0B270470320FCE7C046012804D0A9
:101C7000033843425841800070470120FCE7C046CA
:101C80000138C3B20020052B03D8024AD3182C22F6
:101C9000985C704714F70510C31E0020082B03D86A
:101CA000024AD3184422985C7047C04694F5051048
:101CB000836B002B0ED0DB6C002B03D10AE091422A
:101CC00006D002331A88002AF9D101204042704719
:101CD0000020FCE70368DB6D002BF3D1F5E7C0467D
:101CE000042904D0032917D001204042704718214D
:101CF000836B002B0BD0DB6C002B01D107E0023390
:101D00001A88002AF0D08A42F9D10020EEE7036851
:101D1000DB6D002BF4D1E7E71431E9E710B51828A3
:101D200005D00124172803D08620404210BD00248E
:101D3000002909D060000A4B001940001B18D87810
:101D4000E223DB0103430B80002A06D06100054B30
:101D5000091949005B181B8F13600020E6E7C04695
:101D600048F7051014F70510182807D01738431E38
:101D70009841022340429843033070470420FCE717
:101D8000042807D00338431E984116234042984345
:101D9000173070471820FCE7F0B50700160085B033
:101DA000092919D00A2903D0274C200005B0F0BD1D
:101DB0002F2BF9D901AD280010F064FE0A2010F095
:101DC00055FE00220100280010F0BAFE041E27D0A4
:101DD000280010F05DFEE8E71F2BE5D901AD2800D3
:101DE00010F050FE092010F041FE002201002800F2
:101DF00010F0A6FE041EEBD1A323DB009C46B96BBA
:101E00002800614410F072FE041EE1D13100280068
:101E100010F028FF041EDBD120230A9A1360D7E7B5
:101E20000A4BB96B9C462800614410F05FFE041E0B
:101E3000CED13100280010F015FF041EC8D1302388
:101E40000A9A1360C4E7C0460094FFFF240500000F
:101E5000F8B5CE4647460600150080B5914202D837
:101E6000531A012B09DC30003221384AFEF7B4FB4B
:101E70003648C0BCB946B046F8BD4A780F78806B8A
:101E800012028C1C1743002128222230F0F746FF53
:101E9000A542E8D37BBA9BB22A1B9A42E3D3E3184C
:101EA0009C4246D200211A1B012ADCD0627820789D
:101EB0001202024357BAB8B284462548023481461A
:101EC0003089484516D04A1C132A05D8B06B10310A
:101ED000490041184F801100A342E4D8A542C2D165
:101EE000002928D00022B36B103149005B18002074
:101EF0005A80BEE7D0B2012802D004380228EBD8BD
:101F00000220120A8243012AE6D132689146B26B5E
:101F1000002A02D0D079012814D04A46526D002AF6
:101F200001D1D9E7023210880028D5D08445F9D1F3
:101F3000C9E7A54297D130002821064AFEF74CFB9D
:101F4000044896E7126D002AEDD1E6E7008DFFFF09
:101F5000030300000092FFFFF0B5DE4657464E46F1
:101F60004546E0B50400806BCDB083685B7A0A2BF0
:101F700000D179E0D14DD24AD24B436103788561DB
:101F80000261002B1FD1D04BD049C618D04B41580D
:101F9000C31830200290606BCE4A2C300190402054
:101FA00000903000A847051E07D028004DB0F0BCB7
:101FB000BB46B246A946A046F0BD80213000C9000C
:101FC00014F098FAA06BC24B0CAEC5184022290041
:101FD0003000F0F7A9FE202214A92800F0F7A4FE93
:101FE000BD4BA06B9C46202231006044F0F79CFE64
:101FF0003000402114F07EFA636BA76C58682C33D4
:102000000493A36B99469B690593B14B4B4406938C
:1020100023899A46236852461B7908934C23FA5227
:10202000C1239B009A4569D0FCF762FF051E00D1D1
:1020300060E1007A0EF0D2FA00281BD043791B0928
:10204000082B06D014D801220792022B14D0062B9D
:1020500010D10223EA7A13405A425341DB0008337D
:102060003B610323079307E09C4D9D4A9D4B84E70A
:102070000B2BEED000230793287A0EF0AFFA83469D
:10208000002800D136E1687A10F0F0FC8046002884
:1020900000D12FE180235B000293C03B059D00939C
:1020A0003021914A069B04980196A847051E00D04E
:1020B0007BE75B465B791A07520E0992079A032A5F
:1020C0001ED11D090B3D6B1E9D4107236D429D4393
:1020D0003B690C350C335B1B3B60089B0932F86095
:1020E0007A60BD60002B00D1BEE0089B012B00D1BF
:1020F000C2E080213000490014F0FCF97B4D54E728
:102100005B4638001B790122DB06DB0E414634308A
:102110000A9310F015FD051E07D138000122414633
:10212000403010F00DFD051E05D080213000490023
:1021300014F0E0F939E7404610F0D8FD5B461D7910
:10214000079B6D09AD0080460B90F8607D60002B09
:1021500000D1AFE00A990B0043440793EFF71EFF4D
:10216000079B634A591A39609245C2D16B183B608C
:10217000089B002B00D0EEE043465B00F21807926C
:10218000099AB044944663449A4643460A93BB680E
:10219000B244002B00D0F2E0380009992A005144E3
:1021A0001430F0F7C1FD380009992A00491951444B
:1021B0002430F0F7B9FD0896D023E558002D14D04F
:1021C0000433E058444A454B05994A44994273D038
:1021D0003A4BCB1A59424B415B000293069B00924B
:1021E000019300213023049AA84750239846B8440D
:1021F000594640460EF056FA051E96D19023994650
:10220000B944594648460EF04DFA051E8DD15B463D
:102210005A794046120701230799920D0EF064FA8D
:10222000051E00D081E75B465A795146120700230C
:102230004846920D0EF058FA051E00D075E75B4631
:102240005B791B09022B70D00B9B002B54D1802192
:102250003000490014F04EF91D4BA06B9C46402104
:10226000604414F047F9A0E6099B0A969A460023B9
:10227000B2440B9307968FE7099BB2469C46B44441
:1022800063460793002308960B93099A38009446F7
:1022900007992A0061442430F0F746FD079B380077
:1022A0009C46099A1430511961442A00F0F73CFD0C
:1022B0000A9681E703005AE701238EE7BD07031062
:1022C000D5090310F5080310BC050000BC09000087
:1022D0007C05000058B405109C050000F1070310B0
:1022E000C10903101509031068B405100094FFFF1D
:1022F00003030000234D58E638000B9A0899343048
:1023000010F048FD804600281ED138000A990B9A2B
:10231000403010F03FFD802107004900300014F0EC
:10232000E9F8002F98D03D003FE6404604210EF02A
:1023300019FC8046002807D1042148460EF012FC03
:102340008046002800D17FE780213000490014F04A
:10235000D1F8454629E6089B012B00D0C9E6434643
:10236000099A5B00B0449A46D2184346BD68B21839
:102370000792B2440893002D87D17D6885E71D0040
:102380000AE7C046008FFFFF042909D0052902D0C3
:102390000120404203E0836B034A1A61002070472A
:1023A000836B024A1A61F9E7C1090310D5090310CA
:1023B000F0B54646D6464F46C0B5816B06008B68E1
:1023C0009A7A0A2A3BD8404BD340DB0737D50268BC
:1023D0001379002B3DD13D4BCB5C002B2FD03C4BD8
:1023E000CB58002B5FD01F68002F5FD0394A0723DE
:1023F0009146AC229046E432924619E04246B258E9
:10240000290CD1544246B258290AD218517042467A
:10241000B258DC1CD21843469570F0582A00F9686F
:102420000019F0F781FC5246BF582B19002F1BD022
:102430004A46BD68D21AAA42E0D2274804E00020EA
:1024400073680133DBB27360E0BCBA46B146A8469C
:10245000F0BD012BC3D11E4BCB58002B2BD01F68D6
:10246000002FC3D11D48EFE7DA1F140C100AE4B2A5
:10247000C0B2D2B2AC2175582C71745860717058CA
:102480008271B422B350B0239E3AF25073580B3A83
:102490001A70736830000133DBB273600A3AAB39EB
:1024A000FDF75AFBD0E7536C002B9CD10022002093
:1024B00000240723DEE7536C002BD3D01A68002AD0
:1024C00091D10648C0E7C0469E06000032050000D4
:1024D000BC040000FD3F00000096FFFF0094FFFFDA
:1024E00010B50400FFF726F8A06B13F0F1FF0023EE
:1024F000606CA363002804D0FEF702F8606C13F050
:10250000E7FFA36C63640023A36410BD70B5836B05
:10251000056B04001E78002D11D0E86D002806D050
:1025200007F0A6FBE86D13F0D3FF0023EB65B221A3
:102530002800490013F0DEFF206B13F0C9FF0022D2
:102540002068636B856A23636263002D02D09A68FA
:10255000002A16D12000FEF7EDFFA06B13F0B8FFA4
:102560000023606CA363002804D0FDF7C9FF606CF2
:1025700013F0AEFFA36C63640023A3641B3363609A
:1025800070BD002EE6D11900C06A0C31A847E1E702
:1025900070B50400AC25816CFDF7E6FD2368615938
:1025A0001A79A36B20005B690431984700281FD17A
:1025B000B4231022E250043B0632E2506359023A3F
:1025C0001A70A36B1B78002B13D163680133DBB245
:1025D0006360200008220021BC30F0F79FFBA36C51
:1025E00001222364636B01212000E362FDF7B4FA4A
:1025F00070BD23681B79002B04D0012BE9D109336E
:102600006360E6E70F336360E3E7C04630B5036815
:1026100085B01A7901235A40836B01A95B690400D4
:102620009847051E02D0280005B030BD01212000CA
:10263000FDF7D0FB051E10D1A36F162B12D1206F12
:102640000378142B0ED17033E358102B15D032229F
:1026500002212000FDF712FD194D0C2101A813F0F5
:1026600049FFE0E70A2202212000FDF707FD0C21C7
:1026700001A8144D13F03EFFD5E70C22043001A948
:102680000EF0C6FB051E0FD1A36B1B78002B06D0E6
:1026900023681B79002B0ED10A336360DDE7636882
:1026A0000133DBB26360D8E7332202212000FDF75B
:1026B000E5FC054DD1E7012BCFD10E336360CCE7AC
:1026C000008DFFFF0089FFFF0092FFFFF0B5CE46AF
:1026D000474680B585B01E000CAB914604CB050083
:1026E00018780F00904610F0C1F9040010F0FEFABF
:1026F0004B46186001A810F0C5F92100002201A87E
:1027000010F01EFA040001A8002C0CD010F0C0F943
:10271000502202212800FDF7B1FC200005B0C0BC0A
:10272000B946B046F0BD10F055FA041E09D10F4B62
:10273000A96B9C464022614401A810F073FA041E64
:1027400001D001A8E2E74246310001A810F06AFA80
:10275000041EF6D1390001A810F084FA040001A883
:1027600010F096F9002CD8D0D2E7C0467C050000C6
:10277000F0B5002918D0846B628C002A14D02C2567
:10278000FF270A4E2434100A431EDBB2052B06D85D
:10279000F3185B5D002B02D03A40914205D0023421
:1027A000A31E1A88002AEED10020F0BD14F70510F0
:1027B000002906D08889984203D8C8899042804170
:1027C000704701204042FBE7F0B5DE4657464E46D3
:1027D00045460024E0B51C60914202D8541A052CED
:1027E00006DC3C48F0BCBB46B246A946A046F0BD5C
:1027F000856B8C1DA246AC460468002D06D0ED7991
:10280000012D03D165462D6D002D02D1656D002D82
:102810005DD02C885746002C57D02F4EB04601363D
:10282000B1460689464524D04E4538D06C880235DD
:10283000002CF6D15246BA1A574546D00D2092B216
:102840004870901C40BA52BA0C70887084B290B232
:102850000A71000A7F1A9C22240A4871CC701F60FA
:102860006346202112019B5800200B4361468B5088
:10287000B8E7260A012E02D0043E022ED6D8FD2645
:102880002640012ED2D19742ABD8D61B012EA8DD0F
:1028900066BAB4B2240A3E707C700237C6E70F4EA7
:1028A000B3460F4E26405E45EDD00E4EB442EAD000
:1028B0000D4EB442E7D003D80C4EB442B6D1E2E795
:1028C0000B4EA619022EB1D8DDE70A488AE70A485E
:1028D00088E7C0460096FFFF0303000001040000E4
:1028E000FFFEFFFF010600000305000003040000D7
:1028F000FCF7FFFF0094FFFF80A1FFFF70B504000D
:10290000914202D8531A012B06DC200032211F4AC3
:10291000FDF762FE1D4870BD881C8242F5D34B78DE
:102920000D781B022B435BBA9BB2121A9342ECD870
:10293000C318984211D21A1A022AE6DD8178457826
:102940000902294349BA89B2CD1C9542DDD80278E3
:10295000002A04D040198342EDD80020DBE7A36BA6
:10296000C21C0B481A500B4819502068056B002DEB
:10297000F3D00B00406B2100A8470028EDD02000C9
:102980007021054AFDF728FE0348C4E7008DFFFFCC
:10299000940A0000980A00000088FFFFF8B5454639
:1029A000DE4657464E460368E0B51D6F0400002D15
:1029B0004CD091420BD9200032212D4AFDF70CFE5C
:1029C0002B48F0BCBB46B246A946A046F8BD531AF8
:1029D000032BF0DD8F1CBA42EDD34E780B78360214
:1029E0001E4376BAB6B2D21B9642E4D8BE19B7429D
:1029F0000CD23B005A1C9642DDD31B78B11A8B4295
:102A0000D9D8002B2DD0D3189E42F3D82B689A46E4
:102A1000002B1FD0504626F075FB8146B74217D2D7
:102A20003B0003E043465B449E4211D95A1C1B788D
:102A300090469B469945F5D14A465146404625F079
:102A4000DDFF0028EED1C8235246E2500020B8E74F
:102A50000435DBE720007821064AFDF7BDFD054877
:102A6000AFE720002F21044AFDF7B6FD0248A8E792
:102A7000008DFFFF808AFFFF009AFFFFF8B54746F1
:102A8000CE4680B51F00002399463B60C833060040
:102A9000C0580C001500984600282DD0914204D94A
:102AA0001648C0BCB946B046F8BD26F02BFBC31D86
:102AB00002002D1BAB42F3D84946217010316170E2
:102AC0003B6083B2D91C013349BA5BBA88B2A170AA
:102AD000237199B24346A271000A090AE07061713C
:102AE000E01DF158F0F720F99C228023B16B120110
:102AF00088585B0003438B500020D2E70096FFFF0D
:102B0000F8B5040033481700069E834217D0802191
:102B1000200006F0EFFF051E06D080230125326855
:102B20001B01134333606D42002F20D02A49082235
:102B3000200007F003F8002844D12800F8BD002A3F
:102B400017D18B7A072B23D02BD8012B20D0023B17
:102B5000022B30D88021200006F0CCFF00281DD0A9
:102B60008023012532681B01134333606D421B49EA
:102B7000DDE78021200006F0BDFF051ED6D08023B2
:102B8000012532681B011343134933606D42CEE7C0
:102B90002021200006F0AEFF0028E1D100250F49DA
:102BA000C5E7093B012B06D80821200006F0A2FF4B
:102BB0000028D5D1F2E70021200006F09BFF002875
:102BC000CED1EBE78023012532685B0113433360EC
:102BD0006D42B2E70303000084B4051078B4051019
:102BE000F0B545465746DE464E46E0B504000D00BA
:102BF0001700984689B0002960D00669002E66D07B
:102C0000C4224369A0589C462368002868D06C4AB7
:102C1000821A511E8A4152421040A26B6949515892
:102C20008A46002900D194E09921C9005258012117
:102C30009346894612991B6C049161460296039152
:102C4000666B5A466036019600905146380006F091
:102C5000F9FF23895C4A0600934200D182E0616B50
:102C6000226860311279380000914146FFF748FF31
:102C700000281CD0002E60D1012D1FD04B46002B08
:102C800001D1022D60D0514E636B31221B6ED905EC
:102C900008D4073A590705D4CC21490201320B4226
:102CA00000D179E002212000FDF7E8F907E0012DCD
:102CB00063D04B46002B49D0002EE5D100263000D2
:102CC00009B0F0BCBB46B246A946A046F0BDC4223E
:102CD0000368A0589E6BDB6B9C462368002896D146
:102CE0001A79002A99D19A79022A96D1384EE6E7C4
:102CF00006AB9B46524603CA03C3584612F0BAFBC2
:102D00000238022859D85B465B6820001978FEF724
:102D1000E7FF23890028A2D08022616B5202086E4F
:102D200002430A66002E00D1284E226860311279D3
:102D3000380000914146FFF7E3FE012D24D04B46B9
:102D4000002BA1D1022D9FD1224E9DE7022DB3D1A0
:102D5000FAE79A6C92465146DA6C93464A1E9141C4
:102D6000894667E7CC239A46BA440221504611F0BF
:102D70007DFF0028BCD1238971E7174B9E429DD06F
:102D8000124B9E4298D199E7134B9E4296D00F4B1F
:102D90009E4200D078E791E701210232194200D02B
:102DA00080E7013A980700D57CE7243A1A4053425D
:102DB0005A4152428A43303274E700231B78FFDEC7
:102DC00080B40510C4040000030300000086FFFF68
:102DD00080A2FFFF8089FFFF00D9FFFFF0B5CE463C
:102DE000474680B5836B04009E7883B0032E01D1E3
:102DF000026896799B689A7A0A2A00D992E0704B09
:102E0000D340DB0700D48DE023681B79012B00D170
:102E100093E001212000FCF7DDFF051E00D086E0D5
:102E20002368656B1B79002B0ED08423E358072B96
:102E30000AD1A36F162B07D1236F1A780B2A03D15F
:102E40001A1D1B79002B63D0E86D002806D006F010
:102E50000FFFE86D13F03CFB0023EB65CA21012056
:102E6000490013F02DFB071E00D1A1E006F0F8FE8B
:102E7000A36F162B00D094E0226F13780B2B00D099
:102E80008FE07933E058092800D87CE093795179B4
:102E90001B020B4312795BBA9BB2002A00D072E08E
:102EA0000733984200D06EE007239946454B984679
:102EB0004B460333834266D84A46216F8A5C002A18
:102EC00068D14A468A185578927812022A4352BA33
:102ED00092B27F2A57D99D18A946854253D8380007
:102EE000C91807F017FC050040454AD0364B9842F8
:102EF00041DA364B984229D1502202212000FDF7B9
:102F0000BDF8380006F0B4FE380013F0E1FA0EE028
:102F10005378002B98D19378002B95D140332B66B2
:102F2000012E2CD1002563680133DBB263602800D9
:102F300003B0C0BCB946B046F0BD072AF2D0002E9F
:102F400000D066E78022636B1A66EBE7204B98425D
:102F500013D18423E0588145AAD30022A36B31000A
:102F60009B68200000923A00FFF73AFE051EC8D188
:102F7000636BDF65D6E70028EBD02A22BDE7154D4D
:102F8000D5E72B22B9E7322202212000FDF776F89F
:102F9000114DB6E72B2202212000FDF76FF80F4DEF
:102FA000AFE70A2202212000FDF768F80C4DA8E7E0
:102FB000502202212000FDF761F80A4DB7E7C04614
:102FC0009E06000080DAFFFF81DAFFFF80D7FFFF57
:102FD000D2D9FFFF808BFFFF008DFFFF0086FFFF30
:102FE0000089FFFF0081FFFF10B5002402980460F4
:102FF000002B03D0914205D9094802E00023036069
:10300000002010BD521A052AF6DD0B234B70093B38
:10301000CB70013B0B710C708C704C710533EEE77B
:103020000096FFFFF0B5DE4657464E464546E0B5F2
:10303000436804009FB00F2B01D900F0B8FC954AFB
:103040009B00D3589F460F23436000251FE0FFF7E6
:103050005DFA00251BE00121FCF7BCFE051E16D120
:10306000A36F162B00D0EAE16E33E358042B00D097
:1030700029E2236F1B780E2B00D024E26368002521
:103080000133DBB2636002E0FFF792F9050028002C
:103090001FB0F0BCBB46B246A946A046F0BD856B4A
:1030A000AB689B7A022B00D126E2012B00D047E3CC
:1030B000794B7A4AEE18036830005979FDF748FADF
:1030C0002368774A186AA918DB692E229847051EDB
:1030D000DDD13022A36B734D5A51636BDF6D002F2E
:1030E00000D12DE3CC370121380011F0BFFD0028BD
:1030F00001D100F010FCAC232168A26B086A525980
:103100009846E3580390C96938000291664906332E
:1031100001910EA90091310012F042F9051EB6D1BD
:103120004346E1580E9B58BA82B2120A4A710422F1
:10313000023308710E93D318B422A350B0239E3AE1
:10314000E250A03B0B70636801210133DBB2200029
:103150006360153AFCF700FD050098E7836B9E68F5
:1031600000230B93AC33C758143BC3589846FEF763
:10317000F3FE051E00D08AE7B37A042B00D9FCE1E8
:10318000002B00D1FDE1A36B484A9A5C002A00D1D4
:10319000F7E1474A9A58002A00D185E311680029CF
:1031A00000D1EEE15268002A01D100F015FC2000A8
:1031B0001B690CAA0EA99847051E00D067E7A36BF0
:1031C0009B685D7AAC23E3580A2D00D18DE304227D
:1031D00009251A71A36B002B00D1C8E1344A985815
:1031E000002800D1C3E14068AC23E658FEF71EFD7D
:1031F00000237071A26B0C932368002A00D1B1E107
:103200002B495058002800D1ACE1406800220592BB
:103210001A6AAC260492DB69264A03930BAB02932D
:1032200043469446DB1B63440193A35929000833AA
:1032300000930EAA002311F0B9FF051E00D026E767
:103240000B9BA25958BA81B2090AD171B421083333
:1032500090716350B0239E39E150A13B13706368B5
:1032600001220133DBB2200063601539FCF774FCE6
:1032700005000CE7FCF722FF050008E7FFF788F9D7
:10328000050004E7FCF72EFF050000E7FFF7BEF995
:103290000500FCE660F70510BC0500000303000014
:1032A000BE050000BC090000FA3F00003205000026
:1032B000BC040000454100000121FCF78BFD051E08
:1032C00000D0E4E6A36F276F162B00D0B2E084266F
:1032D000A359292B00D8F6E03B78022B00D0F2E06E
:1032E0003B1D9946236848465979FDF737F9626BCB
:1032F000236820815080197951705A88824200D900
:1033000001E31B88834200D2FDE2CE4BA06B9C46BA
:1033100020226044B91DEFF707FD2623FD5C202D18
:1033200000D9D0E02B00A1592B33994200D82DE1D0
:103330004B465B191A00263210785278120202436B
:1033400052BA92B29246013A022A00D8BBE02A0051
:103350002C325244914200D0B5E01A002332567804
:103360001178360225330E431B7876BAB6B2002B9D
:1033700000D0D3E2A36B30009846FBF7B9FD43467B
:103380009860A36B9968002900D10BE32000FDF73A
:103390009BFBA36B27379B46636B98465B461B786A
:1033A000002B00D1C8E1002D00D0ADE10C23434437
:1033B000069363685A460133DBB2636000231370DF
:1033C00043462A00390006985E609D60EFF7ACFC2A
:1033D0002368DB6805E0626B04335268904200D1D9
:1033E000DDE018680028F6D12F2202212000FCF72A
:1033F00045FE954D4BE6FFF7F1FC050047E6836B74
:103400009E6800230A93B37A012B71D00121FCF747
:10341000E1FC051E00D03AE6A36F162B0AD1256FFA
:10342000B37A2A780C2A00D18CE102229343052B2F
:1034300000D162E10A2202212000FCF71FFE834D29
:1034400025E6836B9B689B7A042B4BD9093B012BA8
:103450004AD801212000FCF7BDFC051E00D016E66D
:10346000A36F162BE6D16368206F0133DBB2636074
:103470000278A56B13000D3B59424B4174496B54C4
:103480000D2A00D00AE28423E15804291BD90379CC
:103490009A1D914217D9C2185579927912022A437E
:1034A00052BA92B2DD1DAD18A9420CD99B18C018B2
:1034B000027AC57912022A4352BA92B209339B1892
:1034C000994200D1C1E5322202212000FCF7D6FD4D
:1034D000604DDCE5012300254360D8E503F0EAFFF9
:1034E0000500D4E5002BB4D1062300256360CEE5AA
:1034F000052300256360CAE5280054300EF0ECF87F
:10350000AC260E90A56B40BAA15982B2120A54356E
:1035100008714A7128000EF0DFF801002068A259F6
:10352000076A0E9B0197C0690632009028000EF0D2
:103530009FF9051E00D0AAE52268A06B156A464BCC
:103540000195D269454900928022C3184118D200E2
:1035500054300EF0BDF9051E00D098E506220E9BF2
:10356000A159E8E5586C002800D04EE64EE62368E5
:10357000586C002800D036E636E6093B012B00D80F
:1035800001E663680133DBB2636080E52B002A3318
:10359000994298D100239A464B465B19DDE6FBF72A
:1035A000A7FC22890100130020002835FFF700F94D
:1035B0002B004B4400283DD1802252019046284ADE
:1035C000A4469146B02212011C0093465346002B9C
:1035D00000D16FE162782078E57812020243A0788A
:1035E0002D0205436DBAADB2291D994200D953E1B0
:1035F000424542D04A4537D05A4512D1002D00D11C
:103600004AE12679721CAA4200D045E1621D002ED3
:1036100071D0961902E00132B2426CD010780128C4
:10362000F9D85D1B2B1F053D6418022DCFD8094D1D
:103630002DE55446282202212000FCF71FFD094DEC
:1036400025E5C0469C050000009AFFFF0089FFFFAA
:1036500032050000008DFFFFBC090000BC05000022
:10366000FF0100000092FFFF012D44D12279002AC2
:1036700041D16246CC201550D3E762461268166FDE
:10368000002E00D19FE1032D00D805E16279207959
:103690001202024352BA92B2A81E824200D0FBE04C
:1036A000A279E81E9246824200D0F5E03768002FEA
:1036B00021D0E21D0794089554460D00E24606927B
:1036C000099303E077680436002FB2D0380025F064
:1036D00019FD8442F6D122003900069825F08EF9B2
:1036E0000028EFD1C82250462900D446079C089DE7
:1036F000099B875095E764469CE78733013AE2507F
:1037000063680133DBB2F4E643460C225B68424453
:1037100006929E4200D04CE643469B689D4200D0F4
:1037200047E62A003900069825F068F9002800D0FD
:103730003FE60C2363604BE60C334344069338E6C4
:10374000BF4DA4E42A1D0A928422A258AD18042277
:103750009343022BF4D1A06B2A0054300AA90DF038
:10376000DBFF002800D03FE6A06B54300DF0B0FF27
:103770002368DB6F984200D236E6B37A023B022B15
:10378000BED8636BDF6D002FDAD00A9B99469D424D
:1037900000D2A2E0EB1A012B00DC9EE0236F4A4628
:1037A00006934B4656781B7836021E4370BA83B296
:1037B000C0B29B46FEF75AFA8246F3B2180007934E
:1037C000FEF75EFA53468046002B01D0002812D146
:1037D000A123DB009E4200D1ECE00133FF339E4287
:1037E00000D1DAE08123DB009E4200D09EE0062378
:1037F0009A46033398460A9BCC3702335146380029
:103800000A9311F033FA002800D1EDE50A9BAA1EB5
:10381000934200D957E65E781A783602164376BA94
:10382000B6B202330A93AD1BAB4200D04BE643461F
:10383000002B85D00EAA9346424601924A46069B2B
:1038400059460433D21A009220000BAAFEF73EFF1D
:10385000051E01D0FFF71BFC5146380011F006FA97
:10386000002800D1E4E05346062B00D1C5E00A9BB6
:10387000029500935A46414638000B9B019611F081
:10388000B5FB0500002D00D13AE7332202212000CC
:10389000FCF7F4FBFFF7FBFB644614E68C230122E4
:1038A0000025E250FFF7F3FB2268526C002A00D09B
:1038B00074E466E66446A36B1B78002B17D1CC2317
:1038C000E358002B01D0FFF7C0FB2368DB79022B04
:1038D00000D1AFE60025FFF7DAFB32212000594A7C
:1038E000FCF77AFE574DFFF7D2FB052271E420006A
:1038F000FEF732FB051EE2D0502202212000FCF729
:10390000BDFBFFF7C4FB462202212000FCF7B6FBFB
:103910004D4DFFF7BCFB4D4DFFF7B9FB2F220221A8
:103920002000FCF7ABFB4A4DFFF7B1FBA36B22680D
:10393000002B02D0D979012941D0536D002B0BD037
:103940001A885946002A07D0914200D153E75A8875
:103950000233002AF8D18B4623893E4A93423ED057
:10396000C1229200934200D03EE558463A4A3B4974
:1039700002408A4200D13EE783225200964200D1A3
:1039800039E7374A964200D135E7364A934500D9A0
:103990002AE59E4200D027E52DE706239A46053307
:1039A000984628E7502220000231FCF767FB2E4D95
:1039B000FFF76DFB06239A46043398461BE71B6D01
:1039C000002BBDD1B9E764466E2202212000FCF72E
:1039D00055FB264DFFF75BFB254DFFF758FB079B7B
:1039E000012B03D0043B022B00D9FDE40223360A4D
:1039F0009E43012E00D0F7E4FDE643460CAD2B704C
:103A000040460FF033F80FF071F90D90002800D107
:103A100096E60A9B290002930B9B3A0001935B46B2
:103A2000504600930396434611F050FB050029E7EA
:103A3000282202212000FCF721FB044DFFF727FB81
:103A40000094FFFF008DFFFF8091FFFF0093FFFFB9
:103A5000808FFFFF03030000FFFEFFFF0104000053
:103A60000503000003050000008FFFFF008BFFFF30
:103A7000008AFFFFF0B5DE46574645464E46E0B5A4
:103A8000050089B008001700FBF732FA041E00D1C8
:103A90008CE02B8982899A4202D8C2899A4207D245
:103AA000002009B0F0BCBB46B246A946A046F0BD16
:103AB000FBF78EFA002808D09723AA6BDB00D358B7
:103AC000002BEDD01B88002BEAD02000FBF758FA22
:103AD0009823AA6BDB00D35881469846002B4ED022
:103AE000002845D000239B464346BA46A0464F4691
:103AF0001C00A9465B4620683900CC30059311F0C4
:103B0000B5F8002843D005AB206800220093414659
:103B1000294BFEF7F5FF0390002838D1042F1ED162
:103B20004B469A6B972306ADDB00D6582A002368D4
:103B3000CC3303CB03C2280011F09CFC02380228CE
:103B400036D8079B30881D78002804D11FE0708884
:103B5000023600281BD0FEF707F9A842F7D1230050
:103B6000444698464D4641465746AA6B134BD150A2
:103B70002000FBF71FFA00280DD13C6090E70028D9
:103B8000F6D02B685B6C9846002BABD188E7A46815
:103B9000002CAFD184E7FEF75DF801002800FEF7A6
:103BA000E7FD002800D17BE73C6079E7044878E72F
:103BB000039B1B78FFDEC04603030000BC0400002B
:103BC0000094FFFF70B5836B04001B78DAB0012B03
:103BD0001BD0456BAB68002B17D003685B6A002BCA
:103BE00013D001A8FDF718F829002368AA68D86A3D
:103BF0005E6A0C3101ABB047002803D16A68029BB2
:103C00009A4204D001A8FDF7F5FE5AB070BD280015
:103C1000FDF7F0FEB22201A952002800EFF784F868
:103C2000B2220021520001A8EFF778F80122A36B1D
:103C30001A70E7E7F0B54E46DE4657464546E0B512
:103C40004668AFB007900F2E01D900F0B4FF954A37
:103C5000B300D3589F460F23079A5360002308935D
:103C600008982FB0F0BCBB46B246A946A046F0BDAE
:103C70000798FEF74BFCF1E70123079A5360EDE745
:103C80008C25079B5B59002B01D100F0EBFB079BB8
:103C90005B6E1B78162B01D000F0E9FC079B9B6E36
:103CA0001A785B781B0213435BBA9CB28C23002208
:103CB0000799CA5007982200036F9846836B4146C4
:103CC000DB68984708900028CAD1032C01D800F07F
:103CD00088FC43461B78012B01D000F0C8FC43460A
:103CE000271F1D1D252F01D800F07BFC079C2800F5
:103CF00023685979FCF732FC636B22682081588075
:103D000012795A70684B984201D000F038FF079B37
:103D10002022986B654B9C4643466044991DEFF703
:103D200003F826234246D45C202C01D900F054FC31
:103D3000230024339F4201D200F04EFC079B202237
:103D4000586B002184600C30EEF7E8FF079B41467A
:103D50005B6B273118009A680C30EEF7E5FF230003
:103D60002333EA185278E95C12020A4351BA89B245
:103D70000D91012901D800F02FFC8C466344D91C19
:103D80008F4201D200F028FCD20501D500F024FCBE
:103D90000233EA5C511E0F2901D900F01DFC9B186B
:103DA0005A1C974201D200F017FC01D900F083FCA5
:103DB000079B5421986B3E4B0AAA1E93002352186E
:103DC0001380223006221EA9EEF7AEFF0023253411
:103DD0002E190D98711CF25C002A04D1CA5CFF2ACE
:103DE00001D100F00CFE02339842F4D8CC2207999E
:103DF0008A580B68012A04D0DA79022A01D100F02E
:103E0000E2FD84229A58002A06D0079C20009047A1
:103E1000002800D0ABE12368079A2648916B002266
:103E20000A502548DD680A501E925B7A012B01D1A9
:103E300000F001FE00232968A9469846002901D117
:103E400000F0C1FD079B4F469946AA460D9D0024F0
:103E500005E00234A54201D800F0ACFD3968331901
:103E60005B78325D1B0213435BBA9BB28B42F0D18D
:103E700048461EAAFFF7FEFD002801D000F0B7FD5E
:103E80001E9A002AE5D05546434607989B0059598B
:103E9000436B5960836B9A6043680133DBB24360C4
:103EA000DEE6C046A0F70510030300007C05000015
:103EB00003020102940A0000980A0000AC23079C48
:103EC000E558236822895979281DFCF741FB2368AE
:103ED000AE1D186A04223100DB699847089000285B
:103EE00000D0BDE6290023681422186A0A31DB6974
:103EF00098470890002800D0B2E62F00C12223681E
:103F00001E3759889200914200D94DE31988914299
:103F100000D249E308223800A049EEF705FFA04B84
:103F2000079C9C46A06B202231006044EEF7FCFE0B
:103F30002000FFF747FEA36B1B78002B01D000F099
:103F40001BFD6368616B0133DBB2636020238B6010
:103F500023682022186A0C31DB69984708900028F2
:103F600000D07DE6079C2E00636B27369A682623D7
:103F7000EA54636B300019009A680C31EEF7D4FEF6
:103F8000636B00219A685B68B6185BBA9AB23370AB
:103F9000F31C98469946CC23B170E358120A72700C
:103FA000012B01D100F0C1FC02270024079B1E94C5
:103FB0005B6B47445868FAF79BFF00281AD0FBF761
:103FC00007F8002816D00122079B9B6B5B781A42EA
:103FD00001D100F0CEFD0B210023797009393B702F
:103FE000BB707B71F9703A7127000837474406347B
:103FF00006331E936B4A390007981EABAA18FEF7CA
:104000003DFD0890002800D02AE61E9FE719002FEA
:1040100008D07ABA023793B2F27047444246B946A2
:104020001B0A53704B46B4225D1BB0230798012135
:1040300085509E3AC250043BC358143A1A70013A54
:10404000FBF78AFD08900BE60798FEF7B1F9089098
:1040500006E600231193079B986B8668B37A0A2BB8
:1040600000D935E2504ADA40D20700D403E30523F1
:10407000079A536000230893F2E5AC220798836BFC
:104080008658A63A996842609A78032A00D1E6E1F8
:104090008B7A042B00D8DDE1093B012B00D9DDE54B
:1040A000002A00D1DAE5012373713F33B3713E3B3F
:1040B0003371079BF71D1A689B6B002B04D0D979CD
:1040C000012901D100F06FFC556D002D01D100F0E8
:1040D00065FD002329889B46002901D100F096FC4C
:1040E000FF339946C1239B0098463300BA465E468B
:1040F0002E4C9B46079F07E0424500D175E2698838
:104100000235002900D185E23800090AFEF73CF9A2
:104110000028F4D13A892B88A242EDD11A0A110065
:10412000012A02D004390229E9D8FD221A40012AC5
:10413000E5D149465BBA9AB20B40514602368B55DF
:10414000130A8A195370DAE7B42304220798C2507D
:10415000043B1232C250043BC358083A1A704368F9
:1041600001220133DBB201214360FBF7F5FC08902B
:1041700076E50798FBF7B6FF089071E50798FEF71C
:1041800045FA08906CE50798FBF798FF089067E5FB
:104190000798FEF7FDF9089062E5C04690B4051057
:1041A0009C050000FC3F0000A20600000303000085
:1041B000079D0121AB6B28009C68FBF70BFE031EDB
:1041C000089000D04CE52A008433D6582D6F936FA9
:1041D000AE19162B00D04AE22B78102B00D046E205
:1041E000A37A022B00D135E3012B01D000F0FFFBB5
:1041F000079A936B9A461EAB9946012349465B4248
:104200000B80089B116811935346002B00D14CE2A0
:104210005246AC4BD358002B00D146E21868002818
:1042200000D146E25B68CC309B4611F0F9F80730CC
:10423000C308AF1D9846BE4201D200F0DCFBC00AA5
:104240002B79C0B2834200D0D5E343466A79DBB212
:104250009A4200D0CFE34346FB189E4200D0CAE307
:104260000121584610F002FD079C2168002801D169
:1042700000F082FC0B6A42460393CB6958460293D6
:104280003023019311AB390000934B4611F06CF8C9
:1042900006002168079B10AD5B6B28005A8849799E
:1042A000FCF756F9320053421A43D2179046119F39
:1042B000302423005F407B421F43FF174A46167895
:1042C0002B785E4073421E43F61753786A781D00C0
:1042D00055406B421D43ED17079B30221B6812A906
:1042E000186ADB6998470890002800D0B8E4404677
:1042F000079B75499A6B3843744B3043D4505144F3
:104300004B462843009412AA0CF0CCFD079C2000D9
:10431000FDF722FE0890002800D0A1E46368013375
:10432000DBB263609CE4079B9B6B9B689B7A042BCE
:1043300000D885E0093B012B00D984E0079B5B6B2B
:10434000DB6D002B00D17EE0079C00212000FBF7F5
:1043500041FD0890002800D082E463682100013309
:10436000DBB26360A36F162B00D080E1236F1A7855
:104370000F2A00D07BE1626BD76D002F00D136E3AE
:1043800084223C008A58CC34052A00D829E11879C7
:10439000FDF776FC061E00D17DE30798036F1979BF
:1043A000FDF7F2FF002800D075E3052E00D113E3DE
:1043B0001EAB9846079D2B6F5879FDF757FC011EE1
:1043C00000D168E3200010F051FC002800D162E326
:1043D0008423EB582800072B00D802E12A6FD579F7
:1043E00091792D020D436DBAADB22A000832934285
:1043F00000D0F6E0836B12AA1B691EA9070098473C
:104400000890002801D0FFF72BFC01953B6F424636
:104410000833009331000023200010F01FFE0890A5
:10442000002801D0FFF71CFC3800FBF767FC089060
:10443000FFF716FC0798FEF7D1FC0890FFF710FC79
:10444000002B00D07AE70A23079A536000230893D1
:10445000FFF706FC002B00D022E6FFF7FFFB036806
:104460009A7915E6079C05212000FBF71FFA0890B2
:10447000002801D0FFF7F4FB636E1B78162B00D0E9
:10448000F5E007998B6E1A785B781B0213435BBAD1
:104490009CB24B59002B01D0FFF708FC8023DB01B5
:1044A0009C4200D9F7E2079D611D2800FBF7FEF949
:1044B0000890002801D0FFF7D3FB8023E850FFF7D6
:1044C000F9FBC046BC040000BC050000BC090000AC
:1044D000AC22079CB421A558143AA2580992042290
:1044E00062509343022B58D10023079C1E932168EE
:1044F0000B6E002B00D14CE28B6E002B00D148E2FA
:104500000A005430683260310DF080F908900028BC
:1045100000D041E2A76B543738000DF0DDF81EAA39
:104520009146AC22924608329046010052464046DF
:1045300023682058A2581218186A0190DB693800C5
:1045400000934B460DF008F90890002800D023E2B4
:104550005346E158434620004746E2581E9C131933
:10456000C351B37A023B022B00D898E20D00119A96
:10457000002A12D0B423079C120AE158481CE050CC
:104580006A54AC21E2586058119D561CE65085547F
:10459000E258119865581218E250B0231622079875
:1045A000C250A43B2B70DAE5186A08223900DB6997
:1045B00098470890002800D1B1E4FFF751FB5B4613
:1045C00001219A6B53780B435370002C04D033793C
:1045D0000133A34200D1A9E0322202210798FBF760
:1045E0004DFDD74B0893FFF73BFBD64AD6491A40FF
:1045F0008A4200D19DE5D54A934200D199E5D44A3B
:10460000934200D195E500D9E9E1D24A934200D026
:1046100075E58EE55B46B3461E005B4659BA1D1D27
:10462000079B57461A685B4689B20933F171090A3C
:104630007970117A7D190027012900D136E1B42261
:1046400016210D20079CAD1BA550043AA150043A39
:10465000A1580870A2582000D754D2183F0A5770AA
:1046600001210122FBF778FA0890FFF7F9FABA4B1B
:104670000893FFF7F5FAAC22079CB421A558143A29
:10468000A25809920422625019009143022900D1D4
:104690002AE7023B022B00D97FE7B04B0893B423F3
:1046A00000220799CA50FFF7DBFA4B6C002B00D0B1
:1046B000B4E5AB4EEEE503339F428DD3A95CAA1857
:1046C000527812020A4352BA92B293469A1897420B
:1046D00082D19A465B46AA44002B01D1FFF768FBC2
:1046E00000230B939F4B0C960993079B0E95564600
:1046F0005D469B460F94032D00D86DE7F478B178A2
:104700007378240232780C431B0264BA1343A4B2B8
:104710005ABA211D894692B2A94200D95CE7102AF3
:1047200000D987E0099B92009B589F464E442B1F5F
:104730001D1BA342DFD10B9B0E9D0F9C002B01D0B4
:10474000FFF744FBFFF734FB311D4E44320058465F
:10475000FEF724F90028EAD00890FFF781FA311D0E
:104760004E4432005846FDF773FB002800D0FEE4AB
:104770000C9B0B93DBE7012C00D82DE77379327982
:104780001B0213435ABA92B20A920232944200D0E8
:1047900022E7DB0500D51FE75B469A6B9723DB001A
:1047A000D358002B00D071E10A9B5B080133984677
:1047B0000E2B01D90E2398460221404611F080FEAF
:1047C000002800D1EEE15B46996B9723DB00C850CF
:1047D0000A9BB71DB144FE18002B17D0320003000E
:1047E0004646AA4690460A941D00012E0CD07C78BD
:1047F0003B7824021C4364BAA0B2FDF7B5FA002846
:1048000011D102374745F2D155460A9C4E468EE7F4
:10481000311D4E4432005846FEF770F8002886D00D
:104820000890FFF71DFA0237AB1C2C80013E47456C
:10483000DAD1E9E74C4A934200D077E7012C00D067
:10484000C1E03379002B00D0BDE05B46CC220536B9
:104850009C506CE7A91D8E4200D2C2E66A792B7982
:1048600012021A4352BA92B28D18AE4200D2B8E682
:10487000079CA06B54300CF0DFFF002800D0B0E69E
:10488000AE4200D0ADE62268A06B156A374B0195A9
:10489000D269374900928022C3184118D20054309F
:1048A0000DF016F8002800D130E59AE60799314856
:1048B000896B08588046002800D1AAE08022D201E6
:1048C0009146FF2292469132B144099600279346C1
:1048D0004646089321E0B46CA3B298464D451FD8D4
:1048E0004B462404240CA21C5B1B934218D3434662
:1048F00051465BBA9AB2120A0B402B706A700235AD
:104900002800F16C2200EEF70FFA5B460237F658EA
:1049100047442D19BFB2002E02D0F369002BDAD123
:104920007FBA089B099EBFB289E60122524207273F
:1049300005247271B371F17133727172FFF736FB36
:10494000008DFFFFFFFEFFFF0104000001060000D5
:1049500003050000030400000089FFFF0094FFFF2F
:10496000808BFFFFE0F70510FF010000BC0900008D
:10497000BC0500009C0A00000C23079A100053603D
:10498000FDF7EAFA0890002801D1FFF7EBFAFFF7EC
:1049900067F98B4B089382E68A4B089A9A4201D1B9
:1049A000FFF75EF97BE61D6D002D01D0FFF791FB4F
:1049B000FFF78AFB01239C4679680437E04400290D
:1049C00001D0FFF744FA282202210798FBF756FB93
:1049D0007D4B0893FFF744F922AB9846EAE47B4A03
:1049E0009A18022A01D9FFF78AFBFFF7A2FB784B3E
:1049F0000893FFF735F9079B764E19684AE4CC23F4
:104A00000799FE3ACA500B68FFF7FBF90923042502
:104A10000CE6883010588046002800D04EE76E48DB
:104A200009588846B94200D048E7926C9046BA428D
:104A300000D104E642E700239A46B046079E474667
:104A4000296800245744002905D118E00134A30047
:104A5000E958002913D07B783A781B0213435BBADC
:104A60009BB28B42F2D130001EAAFFF703F8002858
:104A7000BDD11E9A002AE9D0A046FFF705FA02230D
:104A80009C460D9BE2445345D9D89CE72F22022136
:104A90000798FBF7F3FA514B0893FFF7E1F88F18EB
:104AA000002F00D1F9E5089A30001292FAF768FA5F
:104AB0008346FDF7CFF801000798FDF759FEC0B215
:104AC000FDF7DEF85A460600002A00D1E5E5002889
:104AD00000D1E2E50094079C01903B00494620008C
:104AE00012AAFDF7F3FD0890002800D054E75346C2
:104AF000E2584346E7583000791CE1500794D41936
:104B0000FDF7CAF8424653462070079C5846A758FE
:104B1000E358791CA150DF19FDF79CF83870A36B9E
:104B20002168002B34D02E4A9B58002B30D0586877
:104B3000002830D0B423079CE2580B6A0493CB6959
:104B40000999039311AB0293264B6D1A9B1A5B1BB9
:104B5000AC250193635902329B1800934A463100F9
:104B6000129B10F061FB0890002800D014E76559F3
:104B7000FDE40023FFF73DFA1B4EFFF78BFB4622B7
:104B800002210798FBF77AFA184B0893FFF768F8A9
:104B90004B6C002BCBD1144B089380E5144B08933E
:104BA000FFF75EF8502202210798FBF767FA114BD6
:104BB0000893FFF755F8024B0893FFF751F8C046EA
:104BC000008FFFFF009BFFFF0092FFFFFCF7FFFF3E
:104BD0000094FFFF008DFFFFC4040000009AFFFF58
:104BE000BC0400004B410000008AFFFF8091FFFFE2
:104BF00080A1FFFF0081FFFF41727047F0B54F4673
:104C00004646D64615009C22C0B51F0000230C0066
:104C1000816B120184B006003B608B50AC4202D81D
:104C20002B1B012B06DC814804B0E0BCBA46B14620
:104C3000A846F0BD0323A01C237063708542F2D305
:104C40002B1A1F2BEFDD0C9B002B00D192E02022B2
:104C50007749EEF769F8230022339D42E3D3726B64
:104C6000EB1A9268511C9942DDD823239846013BE8
:104C7000E254716BA0448A68002A00D081E0A84504
:104C8000D1D84346EB1A012BCDDD40464B680021BD
:104C90005BBA9AB203704346120A023342709D42D5
:104CA000C1D9434603339A4681709D42BBD3EB1A68
:104CB000012BB8DD434605339D42B4D3EA1A052AD9
:104CC000B1DD2B2241715A70022391460372336881
:104CD000C171597932890930FBF73AFC4846FBF734
:104CE000E9FE9C21B36B09015A5802435A500B222A
:104CF0000621187F4244914608422ED0A622D200B7
:104D0000995A0C9A002A44D0002900D08BE01B8CC1
:104D1000002B00D185E04D4500D284E74A46AD1A0C
:104D2000052D00DC7FE7002241463320CA72494648
:104D3000487041465BBA4A7302328A739AB2120AC9
:104D4000CB730A74FBF7B6FE9C220625B16B1201E9
:104D50008B5803438B502A004A4450464546131A49
:104D6000023B5BBA99B2090A121BEB70417000203A
:104D70003A6059E72F4B20229C466144EDF7D4FF5F
:104D800069E740460C31EDF7CFFF716B8B689844B3
:104D900075E74D4500D246E74B46EB1A072B00DC82
:104DA00041E7002043464A46D872332353704ABA3B
:104DB00093B29C464346DA73634642461B0A137419
:104DC0000B001D3B13320390012B06D90633022B37
:104DD00003D94B1EFF3B042B21D803AB00933000BB
:104DE0002B0002F02BF9002800D01DE74046039B62
:104DF00059BA8AB21D0004335BBA120A82749AB29D
:104E0000120A4174437382733320FBF753FE9C22D2
:104E1000B16B12018B58083503438B509BE7064852
:104E200002E7064800E7002595E7C0460096FFFF29
:104E300050F905109C0500000094FFFF0092FFFF51
:104E4000F0B5DE4657464E464546E0B54368040099
:104E50008FB01B2B00D1B9E2816B002900D1B5E2E4
:104E60001A2B03D8C14A9B00D3589F46C04D280037
:104E70000FB0F0BCBB46B246A946A046F0BD02F05A
:104E80006FF8051EF3D101236360F0E701230025CD
:104E90004360ECE7002301210A930B930AAA0BABB2
:104EA00001F042FC051EE2D10A9B0B9E9B469F1916
:104EB000BB4200D969E2252E00DC66E2A36B5846AE
:104EC000984623685979FBF749FBAA4B984200D0D2
:104ED0007EE223225A440392974200D255E22223D3
:104EE0005946C85C233E831C0590B34200D94CE26E
:104EF000844613006244110052781B5C1202023196
:104F00008A461343D20500D53FE28F4200D23CE2ED
:104F100052465BBA9BB2591CBA1A914200D934E28C
:104F200053445A1C9946974200D22EE21B78BA1A73
:104F3000991C914200D928E201334B4419000DAB72
:104F400000933A0020000CAB01F010FC002800DABE
:104F50004DE200D124E2012800D117E3C122636BA6
:104F6000920022815A802268200012795A7001F042
:104F7000CDFB061E00D0E4E25B467F482022991C50
:104F80004044EDF7D1FE059A202A00D902E2606B79
:104F9000039982600C30EDF7C7FE43469E60230004
:104FA0005446AA461D00A14500D825E26078237822
:104FB000000218432B6840BADB6880B203E0043378
:104FC000904200D1A0E21A68002AF8D10234EAE740
:104FD0006A4A03689446186A2022DB69614498474C
:104FE000051E00D043E7022120000CAB0BAAFAF704
:104FF000EBFC051E00D03AE70B990C9A00908A183A
:1050000020000DABFFF7FAFD051E00D02FE70D9E27
:105010000221330020000B9AFBF77AFD051E00D019
:1050200025E7320020000C99FAF7E2FD051E00D0BA
:105030001DE7200003F0F6FA051E00D017E718233D
:10504000636014E798230E00DB00CB5822369946A4
:10505000002B00D189E1488C002800D18BE1484B1E
:10506000484F98462368002903D0CA79012A00D105
:1050700060E15A6D002A04D106E0834200D132E19A
:1050800002321388002BF8D170880236002800D134
:1050900071E1A16BE6E78B78032B00D162E1002B75
:1050A00000D15BE101232000CB700BAA0D210CABDA
:1050B000FAF78AFC051E00D0D9E60B9F0C9B0D90D9
:1050C000FA18974200D95DE1022B00DC5AE17B1C03
:1050D000FE1C38709846310020000DABFDF774FBC4
:1050E000051E00D0C3E60D9B0D21F6184346F31AAA
:1050F000023B5BBA7B709AB24346120AF61B5A70A7
:10510000200033000B9AFBF703FD051E00D0AEE62E
:10511000320020000C99FAF76BFD051E00D0A6E6C0
:10512000032300256360A2E602F064F8051E00D0A8
:105130009DE6636BDB6D002B00D12DE1152300256F
:10514000636094E601F038FE051E00D08FE60D2363
:1051500063608CE601F054FE051E00D087E6200057
:1051600003F0ACFB0F23636081E6C04624F8051012
:10517000808FFFFF030300007C0500009C050000FA
:105180000305000078B4051001F092FE051E00D062
:105190006DE6200003F0BCFB051E00D010E19D234E
:1051A000A26B1B01D1582000FBF7C2F9A36BDB787F
:1051B000002B00D1F0E007230025636057E601F0E3
:1051C000B9FE1B230025636051E64B7F002B00D006
:1051D000D1E001F0DFFE051E00D048E600212000EE
:1051E000FBF728FD022120000CAB0BAAFAF7ECFB21
:1051F000051E00D03BE601260B990C9A20008A1868
:1052000000960DABFFF7FAFC051E00D02FE60D9FB0
:1052100002213B0020000B9AFBF77AFC051E00D010
:1052200025E63A0020000C99FAF7E2FC051E00D0B2
:105230001DE6A36B00255E771A23636017E69D23A6
:105240001B01C958FBF77CF9082120000CAB0BAA05
:10525000FAF7BAFB051E00D009E60B9E0C9BF2186C
:10526000964200D98EE0012B00DC8BE0B71C3900A0
:1052700020000DABFDF702FC051E00D0F7E50D9BED
:105280000821FF18BF1BBB1E5BBA9AB2120A33700B
:1052900072703B0020000B9AFBF73AFC051E00D011
:1052A000E5E53A0020000C99FAF7A2FC051E00D0B3
:1052B000DDE50523A26B127F134200D199E008338C
:1052C00000256360D3E501F093FA051E00D0CEE51A
:1052D0000B236360CBE501F043FE051E00D0C6E55D
:1052E00013236360C3E5434504D01CD8C04A9342EE
:1052F00000D0C9E64D468021286804F0FBFB002859
:105300000DD108223900286804F018FC002806D1C5
:1053100029683088CC3101F011FC00280FD1AD682C
:10532000002DE8D1B0E6B34A94466344022B00D97D
:10533000AAE6DFE70A6D002A00D0A2E699E6AE4BA6
:10534000A26BD5502B68002B15D0200001F068FB14
:10535000051E00D08BE50923636088E58022636B1E
:105360001A66DDE603689B7999E603685B6C9946EB
:10537000002B00D06FE628212000A04AFBF72CF973
:105380009E4D74E59E4D72E53C00322120009D4A01
:10539000FBF722F99B4D6AE50B230025636066E568
:1053A0002368C12259889200914211D2964A1B88E3
:1053B00093420DD98C230122E250944B238156E570
:1053C000282120008D4AFBF707F950E5904D4EE566
:1053D000462120008F4AFBF7FFF88E4D47E53C0041
:1053E0005746012800D18CE0002800DB88E005004A
:1053F0003DE5002563603AE52C00554643469B6831
:10540000002BB8D01B68626B53604B461B78012B96
:1054100000D03BE14B465A78002A00D036E1042305
:105420004B449A469F42B0D34B469978DB781B0297
:105430000B4351465BBA9BB27F1ABB42A5D853447B
:1054400004934346744903925A505B46AB46554613
:105450000993049BAB4200D8E6E0A36B6E495B7FE7
:105460005A1E93416D4A5B429446424652588021EF
:105470009B0B9B03890163440A4200D006E1049917
:105480004A1B032A00DC80E72A1D9246914200D283
:105490007BE7EE78AA7836021643524676BAB6B261
:1054A0008A1A964200D970E76A78297812020A436C
:1054B0005146914652BA92B28F19200001210592AD
:1054C00001F062FE00283AD180235B0199452FD07C
:1054D000059A102A00D93CE1A0231B01994500D16F
:1054E000E4E0D0231B01994500D1F1E14B46002BAC
:1054F00006D13A0051462000FDF700FA00281ED1DF
:1055000003983D000390A4E7F9F7F2FC2A8906000E
:10551000010013002800FDF74BF9002800D055E5E5
:10552000002E00D152E543462C009E60554665E7AB
:105530003A0051462000FDF731FA0028E0D006007D
:105540005D46002E20DB022E00D129E7842322684D
:10555000D358002B04D020009847002800D046E7FD
:105560000022A36B2E4920005A502E495A5003F0B6
:105570003DF8002800D03AE7002E02D102236360F4
:1055800075E41223636072E4350070E40C9A0D9B9D
:105590009A4200D3F9E6561CB34200D2F5E61278DF
:1055A0009B1B9A4200D9F0E6B3180493049BB342C4
:1055B00000D80DE7049B9B1B012B00D1E5E6236877
:1055C00030005979FAF7CAFFC122023692009042A0
:1055D00000D1C3E40D4B9842E8D123685988914229
:1055E000E4D2094A1988914200D9DAE6DEE7C046DA
:1055F00003040000FCF7FFFFBC0400000092FFFF63
:105600000096FFFF008DFFFF020300000303000070
:10561000008FFFFF8091FFFFC4090000FFFFF71F0D
:10562000940A0000980A0000099BAA465D469B4622
:1056300053465A469F1A3A0001212000FBF752FABE
:10564000061E00D07DE743463A0059462000DB683D
:105650009847061E00D074E7022223681B69134294
:1056600006D0A16B9F4BCB589F490B408B4215D066
:105670006D2120009D4AFAF7AFFF9C4DFFF7F7FB25
:105680004346984A9B589B0300D539E72F212000B9
:10569000964AFAF7A1FF954DFFF7E9FB4346200034
:1056A00099681A77FBF710FA039E4FE7BA4500D9BD
:1056B0006BE6012E00D868E6AE1DB74200D264E664
:1056C0002B796D792D021D436DBAADB2BB1B9D4286
:1056D00000D95AE600227519B9462F00A36B1A8427
:1056E000B74200D8F2E0BB1B012B00D14DE6737826
:1056F00032781B021343A26B5DBAA8B20236002AAD
:1057000000D1DDE0D26C002A01D1D9E0023211884B
:105710000029E5D08842F9D1754A76499A180A409D
:1057200092B2002A00D1A2E0B8225201934200D1E5
:105730009DE00132FF321940914200D197E00138DB
:10574000FF380428CCD8A36B1A8C002AC8D11D843A
:10575000C6E7A4239B01994592D0CC239B01994590
:1057600000D0CDE6BA4500D90FE6012E00D80CE6F0
:10577000AB1D9F4200D208E66A79297912020A43DA
:1057800052BA92B2F91A8A4200D9FEE5A621002542
:105790009146BA462700A06BC900455299449945E5
:1057A00000D882E04A46D21A032A00DCECE5DD7814
:1057B0009A782D021543991C6DBA1A1D0891ADB245
:1057C000914500D2E0E54946891A8D4200D9DBE5D2
:1057D00052190592BA6B3968002A61D0D26C002A3E
:1057E0005ED05E78197836020E43694673BACB8371
:1057F0009CB202E09C4205D002321388002BF9D102
:10580000059BCCE73A4BF2183A4B1A4092B20692FB
:10581000002A32D0B822520196422ED00132FF32F5
:105820003340934229D0631EFF3B042BE8D8A623C4
:10583000BA6BDB00D35A002BE2D1C0222D4B5201B0
:105840003340934203D0013CFF3C042CD8D83800AD
:105850000899AA1C01F0C2FB002800D0BFE56946E8
:10586000A623BA6BC98BDB00D152059B97E7FCF7E7
:105870007BFA002800D133E765E72000FCF774FAD3
:105880000028BDD0A623BA6BDB00D35A002BB7D1BA
:10589000069B002BDBD0B8235B019E42CDD1D6E71F
:1058A000CA6D002A9DD1059B79E73C00A623A26B17
:1058B000DB00D05A574643425841039B184320E629
:1058C0002268D26D002A00D021E709E74F4617E68B
:1058D0003A0051462000FCF7BBFA002800D10FE641
:1058E0002DE6C046C409000030004000009AFFFFCA
:1058F00000E3FFFFFFFEFFFFA62370B5826BDB0016
:10590000D35A0400002B19D019001D39012906D9DA
:105910000631022903D9013BFF3B042B0ED8AC25ED
:10592000505912F07BF9002802D1A36B585170BD79
:105930000722034B034919F05DFDF8E70248F6E73B
:10594000B9F30410041306100094FFFFF0B54E469F
:1059500099464546DE465746002390464A46E0B5FE
:1059600087B0136004000F0000F0D0FE051E07D0C2
:10597000280007B0F0BCBB46B246A946A046F0BD21
:10598000C123A26B9B0092889A4271D209260423FC
:1059900047456BD84246D21BB24267D300223A70C9
:1059A0002B327A703B715A1CC1239B009A4652BA23
:1059B00091B2090ABA70F9701A000021781DFAF73D
:1059C000C7FDA36B9B88534500D2B9E02B20FBF7A2
:1059D00071F8A36BBE199A469C231B019B46534644
:1059E0005A4659469B58524603435350A223DB0064
:1059F000D15800292BD0B04538D3744BD25A4346E6
:105A0000901D9B1B984231D8002333702C33737048
:105A1000931C5BBA98B2000AF07050BAB37083B2AC
:105A20001B0A30717371B01DEDF77EF95246674B5A
:105A30002C20D35A06330393FBF73CF85946A26B4C
:105A40005358924603435350039B9C466644062298
:105A500023681969114203D14B46F61B1E6087E784
:105A6000B04503D34246921B052A04DC584D7FE71C
:105A7000072602238CE7B21D0392A6225146D200CC
:105A80008A5A93461D2A00D184E0172A00D184E067
:105A9000182A00D184E0192A00D184E01E2A00D1FE
:105AA0008CE0013AFF3A042A50D800230593039B67
:105AB0009845DBD34246D31A032BD7DD0A22924600
:105AC00005ABB2440093524643465946200001F0CC
:105AD000B5FA00286AD15A46059B51BA8AB2B1710B
:105AE00003999A44120A5BBA4A7099B2090A717210
:105AF00051463372039BFF22C91A9A4563D0307016
:105B0000332089B28B1C5BBA707098B21340B370AB
:105B10004BBA99B21A40090AA623717159463271DB
:105B2000A26BDB00000AF070D1523320FAF7C2FFFB
:105B30009C22A16B12018B58564603438B508BE776
:105B40000021244AF81DFAF703FD3FE7CA6C92468C
:105B5000002A10D12CE0172B1FD0182B20D0192B86
:105B600021D01E2B2AD05B46013BFF3B042B9CD946
:105B700002239C46E24453461888002821D0002284
:105B80000021FCF7CBF853461B889B460028EAD13E
:105B90001D2BE0D11D239B4687E717239B4684E7F7
:105BA00018239B4681E719239B467EE70500DFE625
:105BB000DB6D9A46002BDED1074DD9E61E239B46AE
:105BC00073E7064DD4E6064DD2E6C0461405000044
:105BD0000096FFFF0303000080A1FFFF808FFFFFFF
:105BE0000094FFFF00207047F0B54E46DE46574652
:105BF0004546E0B5466804008DB0172E03D8CC4A60
:105C0000B300D3589F46CB4D28000DB0F0BCBB4627
:105C1000B246A946A046F0BD01F0A2F9051EF3D197
:105C200001236360F0E701F045FC0500ECE7002389
:105C300002210893099308AA09AB00F075FD051E1F
:105C4000E2D1099B089F9846FA18974200D952E280
:105C5000222B00DC4FE2390022318A4200D24AE294
:105C600022234046FB5C22380433834200D942E2BF
:105C7000A06BC9180BAB8146009320000AAB00F063
:105C800075FD002800DA88E200D03BE23800AA491E
:105C900007221A3022F0B2FE4B469988002800D124
:105CA0004BE2C1239B00994200D34FE28C23012297
:105CB000E250A24B3A002381022143462000FAF72A
:105CC00027FF8346031E0BD12268063312691A424E
:105CD0009AD02000FFF710FE8346002800D193E7FA
:105CE0005B46002B00DA54E3022B00D18CE7099BC2
:105CF000089F9946A36BB8469A465B46C844012B59
:105D000001D102267642474500D9F4E14B46252BC6
:105D100000DCF0E1236838005979FAF71FFC874B63
:105D2000984200D0C2E25B46012B00D02AE33B0040
:105D30002233984500D29CE223239C46BC44634610
:105D40000393434500D994E22223FF5C4B46233B57
:105D50009F4200D98DE2606B83689F4200D0B1E31F
:105D60003A0003990C3022F049FE002800D0A9E344
:105D7000039B9C466744474500D9BCE14346DB1B77
:105D8000012B00DCB7E17B783A781B0213435BBA46
:105D90009BB218009946F9F7ABF8039022890100ED
:105DA00013002000FCF704FD002800D0CEE123689A
:105DB000DB681A68002A00D1C8E14946043305E0CF
:105DC00004331A1F1268002A00D1BFE19142F7D1B3
:105DD0005B468946012B08D053465B7F002B04D0DD
:105DE000636B5B68994500D0B0E1039B2000994646
:105DF0001900FAF769FE53464A469A60BB1C98455B
:105E000000D878E1BA78002A00D09FE1FB1C434516
:105E100000D970E14146C91A012900DC6BE1791D06
:105E20008946414500D966E13B79F9781B020B436D
:105E3000484641465BBA9BB2091A8B4200D95AE1E7
:105E400051464B4404933E4B0795CA505B46013B79
:105E50005A1E93413B4A5B4213408322D20394462D
:105E6000634406936E234D46B246A1465B420393BC
:105E7000049BAB4200D820E2049A531B032B3DDD68
:105E80002E1DB2423AD3EF78AB783F021F437FBA60
:105E9000BFB2931B9F4231D86B782A781B02134301
:105EA0005ABA984651464846069B92B201F06CF9A0
:105EB000F4190390002800D088E3B0239B01984593
:105EC00000D150E3CC239B01984500D100E3AC23E3
:105ED0009B01984500D05FE1A6420FD8012F0DD954
:105EE0004B461B6830005979FAF738FBC1239B00F9
:105EF000984200D031E30635AC42B9D04C46FAE0C6
:105F000001F078F9051E00D07EE6092363607BE688
:105F10000021F9F75FFF051E00D0BDE08C230122B0
:105F2000E250A36F162B00D1D2E0032344E0C04619
:105F300090F80510008FFFFFF0F805100303000034
:105F4000C40900000020FFFF9D23826B1B01D15874
:105F5000FAF7F6FAA26BCA4BD35C002B00D0A3E091
:105F60000B2329E000F044FC051E00D04CE60D2375
:105F7000636049E600F09CFF051E00D044E6200067
:105F800002F09CFC051E00D03EE60E2363603BE65B
:105F900000F036FF051E00D036E6200002F0B8FC07
:105FA0001623051E08D028212000B64AFAF714FB54
:105FB0002AE600F0BFFF1B230025636024E60821CA
:105FC0000BAB0AAA866B00F0AFFB051E00D01BE6E8
:105FD0000A9B0B9A99188B4200D98CE0012A00DCAD
:105FE00089E0981C8346814200D284E05F7818786B
:105FF0003F0207437FBABFB2023A97427BD8A36BF6
:106000005F449A465246A04BD550BB4500D308E2A8
:10601000A0465C468B4604963B1B032B00DC26E126
:10602000211D8F4200D222E1E378A2781B021343A4
:106030005BBA9EB203917B1A9E4200D917E1637846
:1060400022781B0213435BBA9DB22A000821404606
:106050008E4B01F099F8002800D09EE003998A1930
:10606000102D00D197E1974200D8CEE11400D3E77C
:1060700000F0A2FE051E00D0C6E50B236360C3E559
:1060800000F06EFF051E00D0BEE507236360BBE590
:106090000F2391E701238FE7002800DAB4E50128F8
:1060A00000D142E77A4DAFE5200000F0B9FC051EB3
:1060B00000D0A9E5A36B002B4FD0764A9B58002B4C
:1060C0004BD01A681523002A00D075E70B2373E71D
:1060D000236F1B780D2B00D027E70D2120000BAB81
:1060E0000AAA00F021FB051E00D08DE50A9D0B9A3F
:1060F000AE18B54253D332212000674AFAF76CFA42
:10610000654D81E5636B228964495A802268B81C19
:10611000904612795A704A465B4BD550202222F0A5
:106120006DFC00281FD0099B089F9946A36BB846B9
:106130009A460023C8449B46E5E52123C122FB5C27
:106140009200914202D2012B00D9AFE52F2120000D
:10615000534AFAF741FA524D56E523685B6C002B1F
:10616000AFD10B2328E74B465B7F002B00D095E196
:106170004246062312691A42E8D04A46053B537745
:10618000099B089F9946A36BB8469A4602260123AD
:10619000C8449B467642B6E53D48050034E5A36B0E
:1061A0002F7899460135002F13D0AE42A3D3013A80
:1061B0009742A0D83900012010F082F94A46394BA5
:1061C000D050002800D14AE129003A00ECF7ACFD9C
:1061D000ED19AE428FD3731B012B8CDDAB1C98469F
:1061E0009E4288D36F782B783F021F4343467FBA85
:1061F000BFB2F31A9F4200D97DE7002249464744C7
:10620000B346A2464646B8461F4BCA50B04500D8D2
:1062100028E143469B1B032B00DCF4E0371DB84507
:1062200000D2F0E0F578B3782D021D4343466DBAF5
:10623000ADB2DB1B9D4200D9E5E0747833782402CF
:106240001C4364BAA4B222000D215046164B00F044
:106250009BFF0028A1D17E190D2CD7D13200390027
:106260005046FBF7F5FD0028D0D00500CCE44446AD
:1062700041E732212000084AFAF7AEF966E7C04646
:10628000320500000092FFFFC4090000D64D001047
:106290000094FFFFBC040000008DFFFF50F90510C3
:1062A000009AFFFFCC0900002902AC0F4621200014
:1062B000CA4AFAF791F9C94DA6E4039B4C46079DDB
:1062C000002B00D04BE15B46012B36D00221200091
:1062D000099B089AFAF71CFC002800D05DE7802192
:1062E000A66BBF4BBF4AF358C90313408B4247D03C
:1062F000934243D080229201934205D10123337708
:10630000226812691A4201D1B74D4CE6200002F012
:106310006DF9002804D1200002F084F9002801D092
:10632000050040E69D231B01F1582000FAF700F913
:10633000636BA3621323636066E4200000F02AFE0F
:10634000051E00D060E402212000099B089AFAF79C
:10635000DFFB051E00D057E400212000FAF76AFC9D
:106360002000FFF7C9FA051E00D04DE4A26B636B55
:10637000926812685A601723636045E40423BEE7FD
:106380000223BCE799482022B91C5044ECF7CCFC0E
:10639000CDE45D4638E443461B681D6F002D00D1F7
:1063A00031E4914200D962E7012E00D85FE7A01DD9
:1063B000824200D25BE761792379090219434BBA23
:1063C0009BB2023EB34200D951E7C318984200D9AC
:1063D0004DE7002900D14AE7E11D03918B4200D22D
:1063E00045E7A6795B1A9E4200D940E791462C68A2
:1063F000002C01D1FFF707FC200022F083FE86422B
:1064000054D00435F3E7544675E65046744B59466C
:10641000C358774844469346049E0340834200D1C4
:1064200094E6594500D066E6B268636B12680821AD
:106430005A6020000B9B0A9AFAF76AFB051E01D0EE
:10644000FFF7E2FBA36B1A7F052313405A42534127
:1064500007225B4293430D336360FFF7D5FB654D25
:10646000FFF7D2FBB0465E465446464500D042E6B2
:106470004A465B4BD3589B0600D43CE60121A26BF5
:106480005D4B2000D1540B9B0A9A0C31FAF740FB6C
:10649000051E01D0FFF7B8FB03238DE50A2120007C
:1064A000564AFAF799F8554DFFF7AEFB3200210036
:1064B000039822F0A3FA0028A3D1C82341464A46F4
:1064C000CC50D0E52F2120004D4AFAF785F83DE663
:1064D0004B4606221B681969114200D1D0E05A468A
:1064E000012A00D090E04A46926B002A00D1D0E009
:1064F000D26C9046002A00D1CBE0A64200D9FDE440
:10650000012F00D8FAE46E792B7936021E4376BA51
:106510004746B5B207E00633022B0BD90138FF38E6
:10652000042810D902373888002816D003001D3BF4
:10653000012BF0D800221100FBF7F0FB863002D0CF
:1065400038888542EAD04B469A6BA623DB00D15AA5
:10655000A94202D02500D6528AE44C46F6E56E25C3
:106560006D42FFF751FBA64200D9C7E4012F00D8C6
:10657000C4E4AE1DB44200D2C0E46B792A791B0298
:1065800013436A465BBAD382D78AA31B9F4200D9C2
:10659000B4E44A46956BA222D200A85890460FF068
:1065A00097FF0023174A39000120AB520FF088FFF4
:1065B0004146685000280DD03A003100ECF7B4FB9A
:1065C0006A46104BD28AEA52250051E4039805002E
:1065D000FFF71AFB07480500FFF716FB8091FFFF46
:1065E000C4090000002040000092FFFF9C0500004D
:1065F000040000100081FFFF320500000089FFFF4A
:10660000009AFFFF14050000A64200D976E4012F8E
:1066100000D873E448462A796B79A91D856BA620BA
:106620001B021343C0005ABA285A92B290421ED19C
:106630001C4A1D4D9A182A4092B2002A0DD0B82249
:106640005201934209D00132FF322B40934204D0D1
:106650000138FF38042800D99EE54846621A00F048
:10666000BDFC002800D098E52500FFF701FC4C4652
:10667000282120000D4AF9F7AFFF0C4DFFF7C4FAAF
:106680004C466E2120000A4AF9F7A6FF084DFFF795
:10669000BBFADB6D9846002B00D02EE705480500BD
:1066A000FFF7B2FA00E3FFFFFFFEFFFF0092FFFFDC
:1066B000008BFFFF80A1FFFFF8B5140007000D005D
:1066C0004022202120001E00ECF728FB069B002B17
:1066D00011D1200021220B494030ECF725FB61232A
:1066E000002220003900E25462302A006235ECF7C3
:1066F0001BFB3560F8BD2000212203494030ECF738
:1067000013FBECE75FFA051080FA051010B516F0E0
:10671000D7F90722024B034918F06CFE10BDC046A2
:10672000B9F3041004130610F8B50D00002104009D
:1067300017001E00F9F74EFB00280CD1A36F162B93
:106740000AD1236F1A78AA4206D104333B6084230E
:10675000E358043B3360F8BD20000A21024AF9F7F0
:106760003BFF0148F7E7C0460089FFFFF8B500246A
:10677000069D1C602C60914235D005D932211B4A00
:10678000F9F72AFF1948F8BD541A012CF6D08C1CD1
:10679000A242F3D30E784978121B0902314349BA59
:1067A00089B29142EAD861188C421CD20A1B032A92
:1067B000E4DD261DB142E1D3E278A77812023A4324
:1067C00052BA92B28F1BBA42D8D825786778B418DB
:1067D000AC223F022F4392019742E5D11E60069BF7
:1067E00001201C60CFE70020CDE7C046008DFFFFF1
:1067F000F0B5DE4657464E464546E0B50021D7B0D7
:106800000400F9F7E7FA071E4DD1A36F162B00D04D
:10681000D2E0256F2B780F2B00D0CDE08423E658F3
:10682000A36B20009B680DAA597A09AB0093402303
:10683000FBF7B2FA071E3ED12368099999461B79E6
:106840000DA85A4253412DAA009308ABFFF734FF1D
:106850002F1DAB199846BB421FD3331F9B46012BFC
:106860001BDD6B792A791B02134358BA9A46AB1D7C
:106870000693A36B80B2002B03D0DA79012A00D1F2
:106880008EE04B465B6D002B03D182E0904218D026
:1068900002331A88002AF9D17BE032212000574ABE
:1068A000F9F79AFE554F380057B0F0BCBB46B246D8
:1068B000A946A046F0BD50212000514AF9F78CFEB0
:1068C000F1E7089BC0B20793FBF7D0F95346814626
:1068D000D8B2FBF7D5F94B460590002B4DD0059B60
:1068E000002B4AD08023059A9B041A439246636B7F
:1068F0004946D86DCC300EF0B9F9002849D0069938
:106900008845CAD3B31F012BC7D908239C46AC4482
:1069100063460693E045C0D34B78AA791B02134324
:106920005BBA9DB2083EB542B7D80AAB019340238B
:106930001DAE009350463300079A2DA911F0A0FE1A
:10694000002826D14B460021062B4AD0636B4846CF
:10695000DA6D069BCC3202930A9B03950193009655
:10696000059B0EF0B3FB002813D13A005B460F21C4
:106970002000FAF7CDF8070095E7A123DB009A4540
:1069800013D00133FF339A4524D08123DB009A458D
:1069900019D0332120001B4AF9F71EFE194F82E758
:1069A0001B6D002B00D074E76BE7174B9A460A2348
:1069B0000593043B99469AE70A212000134AF9F708
:1069C0000BFE124F6FE7124B9A4609230593033BC8
:1069D00099468CE70F4B9A460B230593053B994646
:1069E00085E7059B0BA90B700B4B5344102B02D86A
:1069F0000A4A9B00985848600BA9A7E7008DFFFF43
:106A00000094FFFF0092FFFF0A0000020089FFFFD1
:106A1000090000020B000002FDFFFFFD0CF905104C
:106A2000F0B5D6464F464646C0B582B06A460B2101
:106A300001AB0400F8F7C8FF002805D002B0E0BCA5
:106A4000BA46B146A846F0BD009D019AAB189846DB
:106A5000A36B002B5AD035495E58002E56D03668AD
:106A6000454551D83249595C894601318A424BD358
:106A7000304A6F1C99584B462B70002B4BD1B845B0
:106A800042D34346DB1B022B3EDDF81C002E48D0D0
:106A9000804539D3B36899465A1D43461B1A9A421A
:106AA00032D84B461B0C03704B461B0A43704B46B7
:106AB0008370C31C1800F1684A469A46ECF734F913
:106AC000C82350465B00F6580023484403704370C7
:106AD0000230002EDCD1C31B033B19141A12C9B2B9
:106AE000D2B2DBB23970BB70451B7A702B000B2120
:106AF0002000009AFAF70CF800289FD12A00200005
:106B00000199F9F775F899E70B4897E721684E6CFA
:106B1000002EA4D1A4E738004A46ECF705F94F440B
:106B2000ADE7002300220021DCE7C046BC040000E2
:106B3000C8090000CC0900000096FFFF70B50600F0
:106B400008000C00FBF772F8050020000EF068FC4E
:106B50000300012D12D00020032D0ED1C0225200BF
:106B6000934218D00E4A934210D00A3AFF3A934209
:106B700003D10C4BF0184342584170BD0A4B002022
:106B80009C4602226644B2424041F6E7074BF018A9
:106B900043425841F1E7064BF01843425841ECE7B5
:106BA00009020000FDFBFFFFFCF7FFFFFDF9FFFFFF
:106BB000FDFAFFFFF0B54E4657464546DE46E0B5C6
:106BC0001F000023856BD9B004000E0091460D9381
:106BD0003B60002D19D0694BEB58002B15D05B683A
:106BE0009846002B15D0AB682000597A0BAB009368
:106BF0000FAA4023FBF7D0F800280CD059B0F0BC06
:106C0000BB46B246A946A046F0BD23685B6C002B8C
:106C1000E5D15B48F2E723680B999A461B792FAAC6
:106C200000930FA80CABFFF747FD4E4528D84B4605
:106C30009B1B032B24DD688C002800D197E04A467B
:106C4000504BB1469B46331D0893D31A5246BA4661
:106C500022350993A36B002B02D0D97901296ED07C
:106C6000536D002B03D105E090420BD002331A88FC
:106C7000002AF9D168880235002878D02268E9E72F
:106C80004148BBE7584503D054D8404B9842F1D116
:106C90004146FFF753FF0028ECD028782F88FAF7F9
:106CA000E5FF0600380AFAF7EBFF0790002E01D047
:106CB000031E48D1364B9F424ED0364B9F4246D0A2
:106CC000354B9F42A5D109230626344807930EABC6
:106CD000019340230C9A00932FA91FAB11F0D0FC15
:106CE00000283ED1236841461A6A30000592DB69CC
:106CF000079A04930DAB0393099B0293089B01939E
:106D00000E9B00931FAB0EF0CDFA0028B2D12B885A
:106D10004E465746002B2AD05BBA9AB233700D9B71
:106D2000120A59BA72708AB2120A0433B170F27040
:106D30003B6063E71A4BC318022B9BD8A8E71B6D77
:106D4000002B94D18CE7802080041843BFE70B23ED
:106D5000062614480793BAE70A2306261248079323
:106D6000B5E70722114B124918F044FB46E7200013
:106D70002821104AF9F730FC0E483FE7BC04000018
:106D80000094FFFF030500000096FFFF03040000CE
:106D900005080000060800000408000009000002C1
:106DA000FCF7FFFF0B0000020A000002B9F3041019
:106DB000041306100092FFFF30B585B00F2102AB1F
:106DC00001AA0400F8F700FE002801D005B030BD8C
:106DD0000199029A20008A1803ABFFF7EBFE002806
:106DE000F4D1039D0F212B002000019AF9F790FEAA
:106DF0000028EBD12A0020000299F8F7F9FEE5E718
:106E0000F0B5002183B00400F8F7E4FF00281AD1A0
:106E1000A36F162B2FD1266F3378142B2BD18423FD
:106E20001F4AE75894462268AF231579A16B6A423E
:106E30005541DB00CB18402220006144009501F051
:106E40009FFA002801D003B0F0BDA36B144A043FA1
:106E5000991843329B589F4214D104363A003000AF
:106E600009F0D6FF002814D13B0032001421200085
:106E7000F9F74EFEE7E720000A210A4AF9F7ACFBD2
:106E80000848E0E720003221074AF9F7A5FB064849
:106E9000D9E720003321054AF9F79EFB0348D2E7E2
:106EA000350500000089FFFF008DFFFF0092FFFF06
:106EB0001E4AAF23944630B50268816B127985B0C3
:106EC000DB00CB18009261444022040001F058FA24
:106ED000002801D005B030BD1421200003AB02AA68
:106EE000F8F772FD0028F5D10298039BC218904272
:106EF00019D8AF22A16BD2008D58AB4213D30B4BE4
:106F00002A009C466144EBF70FFF2B001421200060
:106F1000029AF9F7FDFD0028DCD12A002000039930
:106F2000F8F766FED6E70248D4E7C046350500000C
:106F30000096FFFF10B50400C16CF9F7F9FA2000C4
:106F4000E16CF9F7FDFA206B002804D0FAF752FD46
:106F5000206B0FF0BDFA636B23630023636310BDE6
:106F600070B5836B04009B7F002B10D10125AC33DF
:106F7000C35814221D70B423C550043B0021C250D5
:106F8000F8F732FD002801D1A36B9D7770BD00207A
:106F9000FCE7C04610B5836B94B09B6804AA597A8D
:106FA00002AB009340230400FAF7F6FE002801D05C
:106FB00014B010BD6A46FE239381029B9073D37375
:106FC000200004330293F9F7C3FD0028F0D1A36B2E
:106FD0002000029ADB6803A99847E9E78B1870B58F
:106FE000994201D8012A05D83221114AF9F7F4FA59
:106FF0000F4870BD8D1CAB42F6D34C780B78240241
:107000001C4364BAA4B2023A9442EDD88023DB0058
:107010009C420AD8866B220030002900B130EBF781
:1070200083FE044B0020F450E3E70348E1E7C04649
:10703000008DFFFFB40400000092FFFFF0B54F4643
:107040004646D646C0B51600826B8EB00C00904600
:107050006946002205004A8020000192023101AAFF
:107060009F1BFAF75BFE43425841013C3C4B4042B8
:10707000FF3C1840A4B28146042C64D8394BA400CC
:107080001B599F468021802389005B016846364A50
:10709000019342803548924681468F425CD3A422B8
:1070A000414650468852AA6BA82502AC5351002194
:1070B000182208A8EBF732FE1822200008A9EBF7E7
:1070C00033FE8023DB01A3604B46E36053462380FD
:1070D0004346274A5B59934200D9264B414620003C
:1070E000AC31638015F0A0FC00281CD1AC234246D3
:1070F0003100D0583A0008AB10F0D8FE002812D169
:10710000089B169A13600EB0E0BCBA46B146A8467A
:10711000F0BDC021C02349001B01B7E780218023B7
:1071200049001B01B2E70722134B144918F062F91A
:10713000E9E780218023C9009B01A7E7C021C02384
:1071400089005B01A2E76B465B889A46002B05D05D
:10715000019BD91DC908A0E70948D4E70948D2E72F
:1071600000000209F8F80510037200000000010990
:10717000F8FF0000FFFF0000B9F30410041306102D
:107180000096FFFF0092FFFF70B5050010000C0095
:107190001E00F9F78FFC020006421BD0A86B1149B4
:1071A00002344358134343500D2C0AD80E4BE3408E
:1071B000DB0706D59C231B01C3580020134202D0D5
:1071C00070BD0020FCE728006E21084AF9F704FA98
:1071D0000648F5E728002F21054AF9F7FDF904488C
:1071E000EEE7C046C409000011240000008BFFFF39
:1071F000009AFFFFF0B5DE464E4657464546E0B5DD
:10720000002185B00400F8F7E5FD061E15D1A36F37
:10721000162B00D0B6E0256F2B780B2B00D0B1E0F9
:107220008423E6582F1DAB199846BB420DD232215C
:107230002000954AF9F7D0F9934E300005B0F0BC24
:10724000BB46B246A946A046F0BD331F9B46032B62
:10725000EDDD6B79AA791B0412021343EA7913431B
:1072600099462B79002BE2D180235B029945DED22F
:10727000A36B0393636BD86D9A46002807D002F086
:10728000F7FC636BD86D0FF023F9636B9A464B469E
:10729000002B1ED153464A46DA65082EC7D1A36B90
:1072A000997803295FD023681B79012B5ED00022D7
:1072B000002B6ED0002320000093FBF791FC061EEC
:1072C000BBD15B463A000B212000F9F721FC0600F8
:1072D000B3E7CA21012049000FF0F2F85346D86500
:1072E000002800D1ABE0636B0835D86D02F0B8FC24
:1072F000A8459CD3083EB14599D8A9444D4596D29E
:107300004B465B1B022B92DD2E786B7836041B02FA
:107310001E43AB7803351E4332005C4B803A9A42E1
:1073200000D984E7A94500D281E74B465B1B9E420A
:1073300000D97CE7636B3200D86D290003F0EAF9CD
:10734000534B984274D0534B984229DA524B98428F
:1073500067D0524B984225D0060002002A21200017
:10736000F9F73AF969E7236899799DE752463F337F
:1073700013660129A5D029212000494AF9F72CF9E3
:10738000474E5AE70A212000464AF9F725F9454EAB
:1073900053E729212000444AF9F71EF9424E4CE7F1
:1073A0000028D9D1AE19B14500D240E74B469A1B0F
:1073B000012A00DC3BE7B51CA94500D237E732784B
:1073C00076785B1B3602164376BAB6B29E4200D977
:1073D0002DE70022354B0399A246CA502B00AE1967
:1073E0009E4237D9F21A032A32DD1D1DAE422FD339
:1073F000DC789A782402144364BAA4B2721B9442D3
:1074000026D819785A78822312020A4352BA0B21DD
:10741000504692B29B00FFF7B7FE002816D12B19F9
:10742000DEE70600020050212000F9F7D5F804E756
:10743000060002002B212000F9F7CEF8FDE65021CE
:1074400020001B4AF9F7C8F8194EF6E60600F4E6E4
:107450005446ECE61D005446994500D950E798453E
:1074600000D0E4E600280CD1A36B9978636B9A46B0
:10747000DA6D032901D123689979002A00D019E730
:1074800011E7064ED9E6C046008DFFFF7FFF0000E2
:1074900080DAFFFF81DAFFFF80D7FFFFD2D9FFFF3D
:1074A000808BFFFF0089FFFF8088FFFFC409000079
:1074B0000081FFFFF0B54546DE4657464E46E0B533
:1074C000456B040091B0002D00D1C1E1816B0A78B9
:1074D000002A00D071E1026852888A804A7F002A1F
:1074E00000D171E12389D64AA968934200D17DE198
:1074F000C1229200934200D182E1012120000EAB13
:107500000DAAF8F761FA002800D068E10E9B0D9DE6
:107510009A46A36BA84699469A88C123D0449B00FB
:107520009A4200D383E12389C64E9E42B6417642F9
:10753000C1220027920093427F41454500D97DE159
:107540005346012B00DC79E1236828005979BC4AB5
:10755000F8F7FEFFA81C804500D26FE15346023BBE
:107560001F2B00D86AE1B84920224944EBF7DCFB25
:107570002B002233984500D260E1636B9A68534632
:10758000511C223B994200D958E12223EA54636BF3
:1075900019009A6823239A46AA440C315046EBF707
:1075A000C3FB636B9968002351440F93884500D255
:1075B00044E143465B1A012B00DC3FE123688A1C4F
:1075C000DB6803921A680592002A37D004330493CB
:1075D000002305932300AA468B4614001D0006963F
:1075E0002000F7F785FCAA6B060001002B89280014
:1075F0009288FBF7DDF8002815D13000F7F7E8FC9A
:10760000039A904500D219E143469B1A012B00DCF6
:1076100014E1059B64BA03430593A3B21B0A53709C
:10762000931C14700393049B04330493043B1C6861
:10763000002CD5D12C0059465546069E039A9045FC
:1076400000D2FBE043469B1A012B00DCF6E000234E
:1076500013709A46013B537013005B1A5BBA98B2E1
:107660000232000A0B704870511A0F91904500D2F7
:10767000E4E041468A1A012A00DCDFE00123039A94
:107680009C219370131D9B4653465046D3704B4626
:1076900009015850D84500D2D0E0434658461B1A3D
:1076A000012B00DCCAE0931D20000493F9F776FC5F
:1076B00053460F93504546D0049B984500D2BDE0F9
:1076C000069021F01FFD092381469C46CC44634669
:1076D000020018004346049907905B1A984200D9AB
:1076E000ACE05146039B9971049B597093B2FF2201
:1076F000591D49BA88B21140039A000A117250729A
:10770000FF22D91C49BA88B21140039A000A91722B
:10771000D072100052465BBA027399B2FF32134026
:10772000090A43734A46817306990F30EBF7FCFA56
:1077300007980F905046F9F7BDF99C21A26B0901FB
:10774000535803435350049A2168914600220F9BDB
:10775000096F99448A4613000F92914200D196E036
:10776000C8456BD3434649465B1A052B66DD10239B
:107770004B704B4606330A700493069453461868C0
:10778000002867D0049B984558D321F0BBFC040027
:10779000421C40460499431A9A424FD853460C70F3
:1077A000481C02CB22009A460490EBF7BDFA0498DD
:1077B0008446A44463460493E0E76A8802818A8091
:1077C0004A7F002A00D08DE61F4B22689C46106A33
:1077D000D369614420229847002800D182E611B085
:1077E000F0BCBB46B246A946A046F0BD0B00103B1C
:1077F000102B15D9002900D17FE60023AB607CE671
:10780000202900D179E620232900AB6023682022BB
:10781000186A0C31DB699847002800D16DE6DEE775
:10782000A36B1B78002B00D067E6AB6065E60026F3
:1078300000279A4200D080E6238979E60348CEE704
:1078400003030000020300007C0500000096FFFF18
:10785000A948C4E74A464846049B069C9B1A0F93D6
:107860009BB29A1F043B5BBA52BA027191B29AB2B0
:10787000090A120A41718370C2701020F9F71AF9CF
:107880009C22A16B12018B5803438B500F9B4B44DE
:107890009A46002F00D0BAE0002E00D17EE0059A73
:1078A0003B00002A60D001221343A26B002A57D06C
:1078B000D26C0492002A53D000210F91D045BDD341
:1078C00042465046121A052AB8DD5246049806323E
:1078D000884200D10EE102200995A14615000691CB
:1078E000013118400B40079008930A960B92049BB5
:1078F0001888002800D1A2E0079B1C1E15D00300A9
:107900001D3B012B00D8EDE00200173A0023022AAC
:1079100000D8E7E00426421E069CFF3A92B2964247
:1079200064411C43089B002B04D00300123B0C2B2A
:1079300000D8D1E0002C0FD0A84500D27EE7434606
:107940005B1B012B00DC79E7049B1B885BBA9AB2B6
:10795000120A2B706A700235049B02330493C6E747
:107960002268D26D0492A7E7002E17D00FAF3B001C
:10797000424651462000FAF727FF002800D02EE7A4
:107980000F9B9A44424651462000059B0097FBF707
:107990002BFB002800D022E70F9B9A4453465A46FF
:1079A0009A1A931E022A06D0D3465BBA03999AB25A
:1079B000120A0B714A715B465D1B2A0001212000EF
:1079C000F9F790F8002800D009E7A36B2A002000FF
:1079D0000D99DB689847002800D000E72A002000B6
:1079E0000E99F8F705F9002800D0F8E60223636045
:1079F000C123A26B9B0092889A4200D9EFE62289AC
:107A00009A4200D2EBE62000FEF7ECF8E7E64246A9
:107A1000514620000FABFDF799FF002800D0DEE6AD
:107A20000F9B21689A4406230A691A40002E4ED003
:107A3000059B002B47D1002A31D0022335E74C4665
:107A4000A9464B460B9A0A9E099D9B1A914500D167
:107A5000FEE652469BB210700A3050709A1C52BA21
:107A600091B28C4651468A706246110A5246D170D4
:107A700051465BBA0B719AB24B46120A5B1A4A71B5
:107A80000F93F9F717F89C22A16B12018B5803434F
:107A90008B500F9B9A44002F00D165E721680B693A
:107AA0009B0700D460E70FAF3B00424651462000E1
:107AB000FAF78AFE002800D091E60F9B9A44002E28
:107AC00000D16BE75EE7531E9A415300EBE60223B9
:107AD000002A00D0E9E6E2E7FAF746F9002800D1EB
:107AE00028E729E7FAF740F903005A1E9341049A60
:107AF00010880FE7014872E60094FFFF80A1FFFFA6
:107B000070B5022486B00C401D0063425C4105AB99
:107B100000930E23E100160008316B4404AAF9F724
:107B2000A3F9002807D10C2305990731C908316052
:107B30002B6006B070BD0722024B034917F05AFCB8
:107B4000F7E7C046B9F3041004130610F0B5454634
:107B5000DE4657464E4691468822E0B5414C824665
:107B6000A544E49C88469200002152A89B46E69DCD
:107B7000EBF7D4F8F92C00D971E0402D00D96EE074
:107B8000FF23E89A9B019A4269D8FE235246DB05FF
:107B900013408022920493425FD1A31D01AE2F1D9A
:107BA000B370FF186B46E89A2F4952BA3280D81D3D
:107BB0000622EBF7B9F80D236B4418002200594652
:107BC000EBF7B2F80D236B4418190570002D3ED168
:107BD0005246FF2325491340194352A814F03AFA9C
:107BE000041E15D052A813F09BFB390030000EF094
:107BF00081FC072220001E4B1E4917F0FBFBDB23F4
:107C00009B009D44F0BCBB46B246A946A046F0BDD1
:107C100002214B464246FF3152A814F05BFA041E83
:107C2000E0D13B003200144952A814F053FA041E6C
:107C3000D8D1E89AE79952A813F066FE050052A839
:107C400013F06EFB0400002DCFD02C00CDE72A00EE
:107C5000E5990130EBF768F8BAE70848CFE708483C
:107C6000CDE7C04694FCFFFF9CB40510000500085A
:107C7000B9F304100413061003020000008FFFFF85
:107C80000094FFFFF0B5DE464E46454657469846FF
:107C90000023E0B59FB005008946934600211822D5
:107CA00008A80793FF26EBF739F88024344B2E40C1
:107CB0009C460023A404344364449A46102C03D801
:107CC000304BA400E3589A46FE238022DB052B406C
:107CD0009204934252D15246049200220EAF029275
:107CE000019208320092494652462800264B0397DB
:107CF000FFF72CFF041E0ED007980FF08FFF4021D6
:107D000038000EF0F7FB20001FB0F0BCBB46B246B7
:107D1000A946A046F0BD8023DB00E0240A93882317
:107D20006A465B01A404138434435246390007AB0E
:107D300008A80B9410F010F900280BD1289B5A4684
:107D400002935346019343462100009307985346FC
:107D500010F0FCFF0D4E0E4D33000722290017F0E6
:107D600049FB040007980FF059FF002CC7D13300DE
:107D70000722290017F03EFB0400C0E7054CC2E7CC
:107D8000FDFFFFFD70F90510B4F90510B9F30410FB
:107D9000041306100094FFFFF0B557464E464546C3
:107DA000DE46E0B51D002C4B87B09946109B129F14
:107DB0000493002302930193033390469A46009361
:107DC0002A004B46039704000E00FFF7BFFE002871
:107DD00006D007B0F0BCBB46B246A946A046F0BDEF
:107DE00003234B449B46119B029004933B0040337A
:107DF00003930223019000932A005B463100200088
:107E0000FFF7A4FE0028E4D1109A3B0004925246EA
:107E1000203303930290019000924B462A00414682
:107E20002000FFF793FE0028D3D1119A0223049279
:107E30003A00503203920290019000932A005B4670
:107E400041462000FFF782FE0028C2D1109B3B660E
:107E5000119B7B66BDE7C046D9F90510F0B54746D2
:107E6000CE4680B597B01F00209B04009846219B0A
:107E70000D001600002B1AD1FF22802302409B0424
:107E80001343204A944663440022102B2ED906AB9C
:107E9000994620AB019300924B46424620001F9921
:107EA00010F0EEFB002825D1209B984609E04346C0
:107EB000402B25D806AB424618001F999946EAF791
:107EC00033FF239B32000493229B290003934346F4
:107ED00002934B4601931E9B200000933B00FFF74B
:107EE00035FE17B0C0BCB946B046F0BD064A9B008F
:107EF0009A58CCE70722054B054917F07BFAF0E7C3
:107F00000448EEE7FDFFFFFD70F90510B9F304101A
:107F1000041306100094FFFFF0B5D64646464F46C0
:107F2000C0B5464C0500A5440F00160000214022B4
:107F300006A89846EAF7F2FE4022002116A8EAF7C2
:107F4000EDFE88220021FE24920026A8EAF7E6FE34
:107F50008023E4052C409B049C4200D06CE0FF236E
:107F60002B401C439946364B9C46002364449A465A
:107F7000102C3AD9002F11D05246059206AA04922D
:107F80000022039202920192073200923900524677
:107F900028002C4BFFF762FF041E49D1002E21D090
:107FA0004346002B1ED04B46274926A8194314F000
:107FB00051F8041E1ED026A813F0B2F920000722A3
:107FC000224B234917F016FA0400402106A80EF0B0
:107FD00091FA2000AE239B009D44E0BCBA46B14616
:107FE000A846F0BDD04616AEDDE71A4BA400E35814
:107FF0009A46BFE75346184906AA26A814F06AF81D
:10800000041ED8D1022143463200FF3126A814F0C5
:1080100061F8041ECFD15246B69926A813F074FC1D
:10802000040026A813F07CF9002CC7D10400C5E792
:1080300026A813F075F9C8E7084CCAE748FDFFFF0A
:10804000FDFFFFFD58FA051000040008B9F3041005
:108050000413061070F9051002020000008FFFFFE4
:10806000F0B54E4645465746DE468024E0B51D0035
:10807000FF23A40403401C43294B06009C46002315
:1080800064440F009046994697B0102C03D8254BB6
:10809000A400E3589946FE238022DB053340920476
:1080A00093423BD140229446209B63449B46402D03
:1080B00034D806AC2A0041462000EAF735FE1A4BB8
:1080C0004A469A464B4604935B4603930B2339007A
:1080D00000933000534602950194FFF737FD0028C6
:1080E00006D017B0F0BCBB46B246A946A046F0BDCC
:1080F0002A0041462000EAF717FE4A460492209AD9
:108100005346803203920C223900009230004A46D6
:108110002E3302950194FFF719FDE2E70348E0E7EB
:10812000FDFFFFFD70F90510F6F905100094FFFF43
:10813000F0B54E4645465746DE468024E0B51D0064
:10814000FF23A40403401C43274B06009C46002346
:1081500064440F009046994697B0102C03D8234BE7
:10816000A400E3589946FE238022DB0533409204A5
:10817000934237D1402D35D806AC2A004146200025
:10818000EAF7D2FD1A4B4A469A464B460493209B87
:10819000390003930C2330009B460093029553460D
:1081A0000194FFF7D3FC002806D017B0F0BCBB4603
:1081B000B246A946A046F0BD2A0041462000EAF793
:1081C000B3FD4A460492209A5346403203925A46DF
:1081D0003900009230004A46233302950194FFF79C
:1081E000B5FCE2E70348E0E7FDFFFFFD70F905108D
:1081F000DEF905100094FFFFF0B54E4645465746A0
:10820000DE468024E0B51D00FF23A40403401C4388
:10821000334B06009C46002364440F009046994669
:1082200097B0102C03D82F4BA400E3589946FE2397
:108230008022DB053340920493424ED1402D4CD82E
:1082400006AC2A0041462000EAF76EFD264B4A465E
:108250009A464B460493209B390003930C2330002D
:108260009B460093029553460194FFF76FFC00284C
:1082700006D017B0F0BCBB46B246A946A046F0BD3A
:108280002A0041462000EAF74FFD4A460492209A10
:108290005346403203925A463900009230004A4613
:1082A000233302950194FFF751FC0028E1D12A0005
:1082B00041462000EAF738FD4A460492209A534688
:1082C000803203920A223900009230004A4650332D
:1082D00002950194FFF73AFCCBE70448C9E7C04692
:1082E000FDFFFFFD70F90510EAF905100094FFFF8E
:1082F000F0B51E008024FF234746CE460340A40469
:108300001C431B4B80B59C46002364440F000500B2
:108310001100984697B0102C03D8164BA400E358D0
:108320009846FE238022DB052B40920493421CD109
:108330001E9CC034402E18D806AB32001800994657
:10834000EAF7F2FC424604924A4601920A223900B8
:10835000009228004246084B03940296FFF7F6FB72
:1083600017B0C0BCB946B046F0BD0448F8E7C046F7
:10837000FDFFFFFD70F9051030FA05100094FFFFB6
:10838000F0B5CE464746802580B59946836B0E00F2
:108390009968214C497AAD040D432C1995B0102CE5
:1083A00025D91E4A90461C9A9844002A30D003AB27
:1083B00004AF00933A004023F9F7EEFC041E08D105
:1083C0004B463A000093414633002800FFF75AFC21
:1083D0000400404640210EF08DF8380040210EF098
:1083E00089F8200015B0C0BCB946B046F0BD0C4FAE
:1083F000A400E459094FB8461C9F9844002F02D1AD
:10840000084FB84698449442D1D9074C04AFE0E7EE
:10841000044A90469844CAE7FDFFFFFD540A000055
:1084200070F90510140A00000096FFFFF0B50D006A
:108430008024FF21C6462940A4040C43254900B5E9
:108440008C4664440027A8B0102C02D82249A4000E
:108450006758FE218020C90529408004814236D119
:1084600018AE002128000096FFF756FD041E2BD100
:108470002E9B012B26D0194B08AA049290460A2263
:10848000039402940194009231003A002800059769
:10849000FFF7E4FC041E08D107AB00934146280017
:1084A000309B2F9AFFF7EEFB0400402130000EF0C6
:1084B00021F8402140460EF01DF8200028B080BC75
:1084C000B846F0BD064BD7E708AB9846EDE7054C3C
:1084D000F3E7C046FDFFFFFD70F9051044FA0510F3
:1084E0004EFA05100094FFFFF0B55746DE464E46A3
:1084F0004546E0B5050083B010008A461F00F6F738
:10850000F7FC061E6AD0007A08F068F8041E65D0F1
:1085100050239846A8440100404608F0C3F80028BC
:1085200006D003B0F0BCBB46B246A946A046F0BD9B
:1085300090239946A9442100484608F0B3F8002842
:10854000EFD15346012B3CD0002B49D120339C4620
:10855000BC4463460193502339009B46BA464031E0
:10856000BB4428007A6E1430EAF7DEFB2800594637
:108570007A6E2430EAF7D8FB62790123120751465C
:108580004046920D08F0B0F80028CAD16279002365
:10859000120748460199920D08F0A6F80028C0D1AC
:1085A000F37A9B0717D51821082300222B617B6ED5
:1085B000EA60C1226B60AB604C239200EA522960F2
:1085C000AFE71F339A46203339009B46BA440197E0
:1085D0005031BB44C5E720211023E6E70148A0E75E
:1085E00001489EE7008FFFFF0094FFFF00B5836BFB
:1085F00083B09A68002A0ED08020527A80041043FB
:10860000064A002194466344009300220023FFF7AA
:1086100083FC03B000BD0248FBE7C046D40900005C
:108620000094FFFFF0B54546DE4657464E4680248F
:10863000E0B5856BB7B0AB6805905B7AA4041C43CA
:10864000002306220C932B7F1A4200D18CE0A62334
:10865000DB00EB5A1A001D3A012A00D881E00632ED
:10866000022A00D87DE0013BFF3B042B00D900E14A
:10867000844B98461CAF002118223800EAF74EFBC5
:10868000AC233900E8580FF0EDFA002800D07DE067
:10869000798801200731C9080C910DF011FF81463E
:1086A000002800D1E3E0AC22774BA95892460CAAEF
:1086B000EB5802920C9A009001922A004046B13287
:1086C00013F06CFE00285AD15346E8580FF0A6FA72
:1086D000002854D153466D4AE850A91820004A4654
:1086E0000C9B0091FFF718FC040048460C990DF014
:1086F0000DFF002C24D1059B0AAA9B6B0A94984677
:108700009B680B94D97A187A99460BABFFF7F8F966
:10871000041E15D14B46597A80239B040B4399467E
:1087200000225B4B92464B44102B35D9059E09AB7A
:108730000093300040230CAAF9F72EFB041E30D022
:10874000682138000DF0D6FE0023984640460DF013
:10875000BFFE200037B0F0BCBB46B246A946A046DB
:10876000F0BD4C4B984685E7484B2000E9180022A5
:1087700000230091FFF7D0FB1CAF0400B9E70722EC
:10878000454B464916F036FE0400AEE70722424B41
:10879000424916F02FFE7BE7414A9B009B589A46C0
:1087A000C4E7404B394943449B465A4648460092E9
:1087B000099B0CAA4144FFF7BBFC041EC0D1D02387
:1087C000F3581E1E4FD0D421374B384A05984344E6
:1087D0004244405807920294019206935A460093ED
:1087E000D1395346B047D4213148059E069B844673
:1087F00070580093D023079AE04401920294F458F1
:1088000042465346D039A0470B9B424601930A9BF0
:1088100059460093484653460297FFF7BDFA041E97
:1088200000D08DE7D02101200DF04AFE80460028BF
:1088300022D0AB6805981A680368197900903B004C
:108840004046FFF751FE041E08D19D2342461B01FE
:1088500068213800EA500DF04DFE7AE768213800B3
:108860000DF048FE72E7124B9C46E044CCE7114CF9
:1088700066E7114C1CAF63E7682138000DF03AFE43
:108880000C4C63E700000109B4040000D4090000A7
:10889000FDFFFFFD00000209B9F3041004130610E8
:1088A00070F90510140A00007C0500009C0500000A
:1088B000540A00000081FFFF808FFFFFF0B5876B37
:1088C00095B0BB6804AA5E7A03AB009331004023E5
:1088D0000500F9F761FA041E02D0200015B0F0BDC2
:1088E0000A4B80209C466A6B674464328004009285
:1088F0003900039B304304AAFFF7FAFC041EECD1B5
:10890000402138000DF0F6FDE7E7C046D40900002D
:10891000F0B5DE46574645464E46E0B58027836BA8
:10892000714A050099189B68B5B0587ABF040023B6
:10893000002238430091FFF7EFFA041E0FD06821A0
:108940001AA80DF0D7FD002630000DF0C1FD200063
:1089500035B0F0BCBB46B246A946A046F0BD6B6B35
:10896000AE6B9846B3680890D97A099008AA187A2D
:1089700009ABFFF7C5F8041E00D08CE0B3680022F5
:10898000597A5A4B0F43BB465B449146102B1AD978
:1089900007AB0093280040230AAAF9F7FDF9041E4B
:1089A00016D0534BA86B9C46402160440DF0A2FDAD
:1089B00040210AA80DF09EFD1AAF682138000DF085
:1089C00099FD0026C0E74B4A9B009B589946DFE77C
:1089D000642343449A465246434900925846079BB3
:1089E0000AAA7118FFF708FC041EDAD1A4239C46DA
:1089F000099BE0440193089B1AAF009342464B4603
:108A0000514658460297FFF7C7F9041E59D1D023A3
:108A1000EB589B46002B1CD0354B374A9C46B44440
:108A200063469446D4226644A858052152460294CF
:108A30000593009301964B46D847D422059BA8582E
:108A40000093D02302940196EC5842464B460621EF
:108A5000A047274BA86B9C46402160440DF04AFD7F
:108A600040210AA80DF046FDD02101200DF028FD7F
:108A7000061E32D0AB6B9B681A682B6819793B00D5
:108A80000095FFF731FD041E16D168213800EE6411
:108A90000DF030FD5BE7164BA86B9C46402160440F
:108AA0000DF028FD40210AA80DF024FD68211AA828
:108AB0000DF020FD002647E7682138000DF01AFD73
:108AC00042E70B4BA86B9C46402160440DF012FD21
:108AD00040210AA80DF00EFD6FE7682138000DF067
:108AE00009FD064C30E7C046D4090000FDFFFFFD3C
:108AF0007C05000070F905109C0500000081FFFF57
:108B000070B500250378303BDBB2092B08D8441C34
:108B100001202278303AD2B2092A0ED8002B02D195
:108B20000120404270BD9E009B195B009B18421CB7
:108B30009BB202200134032AEBD1FF2BF0D84B5516
:108B4000032D08D02378601C01352E2BDAD0EDB22E
:108B50000400042DE4D12078431E98414042E1E70F
:108B6000F0B55746DE4645464E460123E0B55B422A
:108B700085B088469B4600242027EA460022002133
:108B800006783300303BDBB2092B07D93300BB43F7
:108B90001D00413D052D1BD8373BDBB212011A43A6
:108BA000013192B201300429EAD16100037852BA4E
:108BB00051440A805646621C002B30D02E2B50D0D8
:108BC0003A2B23D1431C082A1AD018001400D5E7E9
:108BD0000029EAD15B465D1C18D13A2E16D14378A4
:108BE000002C04D0002B4DD0A3460130C6E73A2B11
:108BF0000CD18378002B47D0002302309B46BDE781
:108C00004378002B02D15B465D1C23D001204042FB
:108C100005B0F0BCBB46B246A946A046F0BD5B46D7
:108C2000013338D0062AF1DC59465B460824490056
:108C300051448946D31AA41A5A4506D05A005B46B5
:108C40001819400050441FF0FDFE00214846620004
:108C5000EAF764F8102231004046EAF765F8002090
:108C6000D6E7062AD2DC031F9C46814601380378EA
:108C70003A2B13D08445F8D1002BC7D15B46013382
:108C8000D2D1C3E7072CC1D06300994608236E46B2
:108C9000E9441C1BD9E7082ADCD0B7E74846FFF7B0
:108CA0002FFF002804D15B46A21C0133BAD1ADE7E7
:108CB0004B461B78002BA9D15B4622000133B3D170
:108CC000A4E7C04670B5050082B008000C000CF0A7
:108CD000D1FB01281FD006281DD00238C0B20228BF
:108CE00002D90120404214E06B46684606CC06C318
:108CF0000CF0C0FB0238022814D8019B1B78002B13
:108D0000EFD00122013B9A40A868104043425841ED
:108D1000404202B070BD20000CF082FBEB6898422C
:108D20008041F6E700231B78FFDEC046F8B505005A
:108D30000C002A6823689A422CD163686A689A42B8
:108D400028D1A168A8681FF059FE002822D1EE683A
:108D5000E768BE422FD00C2E01D0132E1AD10C2F53
:108D600001D0132F16D126692B69B34212D1636942
:108D70006F699C46002E13D000226146BB5C895C63
:108D8000180048408B4208D0202803D18343413B40
:108D9000192B02D901204042F8BD01329642ECD194
:108DA0002A7F237F9A42F5D1AD69A469002D0DD0A9
:108DB000002CBED1EEE723692A699A42CBD16169C2
:108DC00068691FF01BFE0028C5D1E9E7631E9C41BE
:108DD0006042E1E7F8B5456806000C00954232D0E4
:108DE000200020F08FF9022D26D9B66833782A2B7F
:108DF00022D173782E2B1FD100281DD0002302E032
:108E00000133984218D0E25C2E2AF9D1002B13D0FE
:108E1000013DC01AA8420FD10022013BE4180132E3
:108E2000B35CA15C180048408B4208D0202803D1D5
:108E30008343413B192B02D901204042F8BD9542A2
:108E4000EDD10020FAE783689C46002DF9D000217F
:108E50006046635C405C1F004740834205D0202F82
:108E6000BED1BB43413B192BBAD801318A42EFD165
:108E70000020E3E7F0B55746DE464E464546E0B5EE
:108E8000B5B00A93409B0C929A46012200230B91A5
:108E900000213F9C0700236032A81EAB524219609C
:108EA0005A6008339842FAD10A9B002B00D193E212
:108EB0003E9B002B25D03E9820F024F9AC233D00AA
:108EC0005B00FB588046060070359B0604D58DE29A
:108ED000AD69002D00D17DE26B68032BF8D1AB6842
:108EE0001A78552AF4D15A78042AF1D19B78032BA9
:108EF000EED1280032003E990C30FFF76BFF0028BE
:108F0000E6D100263D00CC3528000CF0B3FA00284D
:108F100000D1DFE20123013883400A9A52681A42E5
:108F200000D1D7E229000A98FFF7CCFE002802D032
:108F300080235B021E4300231F931FAB99465346B9
:108F400000224093C423099201321E9708920D9685
:108F50003F945B00FB5C002B00D13CE10122013B14
:108F60009A4013000A9A12681A4200D133E18A2308
:108F7000FF33FB5C002B00D137E10122013B9A401B
:108F800013000A9A52681A4200D12EE1089B012B65
:108F900000D135E10B9B002B00D1A3E11C00012384
:108FA0009A464F339C46BC4463460593B0267600F0
:108FB0002500703529000598FFF7B8FE06900028B7
:108FC00000D086E15346002B00D16DE1E369022B0E
:108FD00000DD69E1A359002B05DD089A0999521AB1
:108FE000934200D275E1C4235B00F85C09F03EFDBA
:108FF000804609F07BFE7A690790B96940460EAB5E
:1090000009F050FE002800D0A5E1CC2398468A2321
:10901000A044FF334046F95C9B460BF027FE002836
:1090200000D198E1C6225200B9585A46B85CC02215
:10903000C4235200BA585B00FB5C0392C222520068
:10904000BA580292079A01920EAA009242460CF078
:109050003DF85346002B00D183E1002800D038E1D1
:10906000089BAB46012B00D055E141460A98FFF71B
:1090700029FE002806D04B461A6880235B02134362
:109080004A4613600C9B1E1E00D1A1E14B4605937E
:10909000534607930A9BA2469946B369002B00D119
:1090A0002DE1300059463430FFF740FE002800D053
:1090B00025E1AC22534652009B58553AFF3A1342E1
:1090C0000AD0B22352465B00D3589A0700D44FE12E
:1090D000CB4A134200D04BE1E823F05C002800D1DA
:1090E00064E1421EE73B93404A4612681A4200D1AF
:1090F0005CE1E923F35C002B00D151E10122013B4B
:109100009A4013004A4652681A4200D148E109F0D9
:10911000ADFC050009F0EAFD326904007169280020
:109120000EAB09F0BFFD002800D021E141464846C2
:10913000FFF7C8FD002804D08023069A5B021A437B
:109140000692EC22E823B158033AB05C093AB258CF
:10915000F35C0392E422B258019402920EAA0092A8
:1091600042460BF0B3FF002800D001E13400843404
:1091700003E0E46B002C00D1C1E02369002B00D197
:10918000BDE07A6A9A42F4D16169B86A1FF036FC90
:109190000028EED1059B02229946079B54469A4629
:1091A000069D15434B464A461B6854602B4313608B
:1091B00000239360089B0133089308239C46534681
:1091C000E144002B00D0FCE0C42327005B00FB5CE3
:1091D000002B00D0C2E680234A46DB0113608A23BD
:1091E000FF33FB5C002B00D0C7E64B461A68802398
:1091F0001B0213434A461360089B012B00D0C9E6AB
:109200004F339C463900BC44604670310590FFF7EF
:109210008DFD002800D0BDE60B9C002C62D0BD68FF
:1092200005E0C8235B00E458002C00D1C4E0A3682B
:109230009D42F6D12A00E168F8681FF0DFFB0028A4
:10924000EFD1409B00259A460D9E3F9C1F9B5746A1
:1092500033431F936B4B089E9C461EAB66449C4653
:10926000F600664400E0013D72680E92002F08D0BF
:109270002A00316841980EABB847002800D0B0E012
:109280000E9A2368083E13432360002DEBD118008B
:10929000431E98415C4B4042184035B0F0BCBB4681
:1092A000B246A946A046F0BDAE235B00E358002BB2
:1092B0000FD0AC2204235200A2581A4200D189E6F2
:1092C000B2225200A258134203D04D4B1A4200D191
:1092D00080E6C8235B00E458002C00D068E65346C3
:1092E000002B4ED0C8235B00FC5800239A46002C6C
:1092F00047D050339C46BC446346059356E6F02362
:10930000F658002E00D0C8E6059B54469946079BA8
:10931000069D9A4646E75646390005987031FFF794
:1093200005FD43425841099B9C468444634609938A
:109330005346002B03D1089B082B00D9A0E0002E38
:1093400005D14B4608221B6813434A461360CC23C1
:109350009846A04489E65346002BBAD1AB46002676
:1093600002E0AB4646424641089B012BE7D0D3E7DB
:109370001022059B069D9946079B544615439A4625
:1093800010E71EAA94460821409B0D9E9A46089B12
:109390003F9C5D1EEB0063445A680A435A6055E7E0
:1093A0008023069ADB021A430692B0E68023069ACF
:1093B0009B021A4306929CE6903BFF3B9A460B9C0D
:1093C000F4E5409B0D9E9A46089B3F9C5D1E3DE741
:1093D0000025E7E6042695E50C4801235B4223605F
:1093E0005BE7094B9842F8D10948F6E700233E00B5
:1093F0009B46F83605931F333500994619E0C04661
:1094000001800000FFFFFF1F00D9FFFF00D8FFFF12
:1094100000D0FFFF072B30D0022B07D14246280097
:109420003E99FFF7D7FC002800D16AE5ED68002DD2
:1094300009D04A462B681340062BEBD10123ED6877
:109440000593002DF5D15B46002B1ED1059B1F25F2
:10945000002B03D1BEE7F668002E14D033682B40F2
:10946000062BF8D173689845F5D14246B0683E990D
:109470001FF0C4FA0028EED143E501239B46D5E74F
:109480003F9C1A48A9E704363CE53A213E981FF074
:109490003BFB0EAB9946190000281FD03E98FFF702
:1094A0005FFB0028D2D110239B46350002E0ED6817
:1094B000002DCBD01F222B681340072BF7D16B68F0
:1094C0009B45F4D15A464946A8681FF097FA0028F0
:1094D000EDD116E580231B021E4323E53E98FFF7DE
:1094E0000FFB0028B2D104239B46DEE700D0FFFF2C
:1094F000F0B54E464546DE465746E0B593B00E0001
:1095000015001C1E0B900A9100D186E1DB69CE4A42
:1095100000932B00EBF778F8002800DA91E10A9924
:10952000884200D38DE10B9B091AC84A18182B00FA
:109530000A910B90EBF768F8002800DA81E10A99AC
:10954000884200D37DE122000B9B091A20321818B3
:109550000A910B9001F0BCFE002800DA71E10A9933
:10956000884200D36DE10B9B091AB94A18182B00E9
:109570000A910B90EBF748F8002800DA61E10A99AC
:10958000884200D35DE122000B9B091A5032181863
:109590000A910B9001F01CFD002800DA51E10A99B4
:1095A000884200D34DE10B9B091AAA4A18182B00D8
:1095B0000A910B90EBF728F8002800DA41E10A99AC
:1095C000884200D33DE122000B9B091A7032181823
:1095D0000A910B9001F0FCFC002800DA31E10A99B5
:1095E000884200D32DE10B9B091A1818A423E358D5
:1095F000994A0593A023E3580A9104939C23E358C6
:109600000B9003939823E35802939423E358019318
:109610009023E35800932B00EAF7F6FF002800DAC6
:109620000FE10A99884200D30BE10B9B091A181825
:10963000BC23E358894A0593B823E3580A9104935D
:10964000B423E3580B900393B023E3580293AC2365
:10965000E3580193A823E35800932B00EAF7D4FFC3
:10966000002800DAEDE00A99884200D3E9E00B9B7C
:10967000091A7B4A18182B000A910B90EAF7C4FFCD
:10968000002800DADDE00A99884200D3D9E00B9B7C
:10969000C622091A18188A235200A2580A910B9060
:1096A000FF33E35C0192C4225200A25C00922200CC
:1096B0002C3201F07FFE002800DAC2E00A9B9842BB
:1096C00000D3BEE027001B1A0A930B9BCC371B1854
:1096D00038000B930BF0C2FE122102000DA801F01E
:1096E000DBFE002806D013B0F0BCBB46B246A9464C
:1096F000A046F0BD0B9B380098460A9B99460BF09C
:109700008FFE0DAB0190009349462B004046554A11
:10971000EAF77AFF002800DA93E00A9FB84200D304
:109720008FE00B9B3F1A9B4683445B460B93AC2315
:109730005B00E3580A97DA0521D5AE235B00E358B6
:10974000002B00D11AE1484B009339002B005846FA
:10975000464AEAF759FF002873DB0A9FB84270D2E5
:109760000B9B3F1A9B4683445B460B93B0235B00E5
:10977000E3580A97002B5BDCAC235B00E3589A06A6
:1097800000D585E0DA0300D5A3E05A0700D5D2E082
:109790001A0500D5F4E01B0700D4BFE02B00390008
:1097A0005846334AEAF730FF00284ADB0A9FB8429E
:1097B00047D20B9B2F4D9B4683445B460B932E4B0E
:1097C0003F1A9A460CAB99462C4B493498462C4B81
:1097D0000A9707932B00FF345D46B34656469A46D8
:1097E00012E00C9B00934246330039002800EAF750
:1097F0000BFF002825DBB84223D2E468079E3F1AFE
:109800002D18002C00D185E0494620000AF0AEFA60
:109810000028E6D053460C93E4E71A4AEAF7F4FE30
:1098200000280EDB0A9B98420BD2F31A18185AE74D
:1098300039005846144A013BEAF7E6FE002800DBEF
:10984000E4E012484FE7C046DCB40510F8B4051058
:1098500010B5051028B5051040B5051078B50510F0
:10986000B0B50510C8B50510A8B40510DCB50510D5
:109870007CB60510B8B4051080B4051070B605109C
:1098800078B60510BCB40510FCB5051080D6FFFFF6
:109890002B0039005846694AEAF7B6FE0028D0DBAB
:1098A0000A9B9842CDD222001B1A0A930B9BF832D6
:1098B0001B180B930AA92B000BA802F009F800282B
:1098C00000D010E7AC230B9A5B009346E3580A9F45
:1098D00058E72B0039005846594AEAF795FE002808
:1098E000AFDB0A9B9842ACD21B1A0A930B9B0AA9C6
:1098F0001B180B93BC235B00E25C0BA802F08AF9F7
:10990000002800D0EFE6AC230B9A5B009346E358A7
:109910000A9F3AE75E46AB460A970B9539005846D0
:10992000484AEAF771FE00288BDB0A9B984288D2EE
:10993000F61A3018D7E62B0039005846424AEAF7A3
:1099400063FE002800DA7CE70A9B984200D378E7A0
:109950001B1A0A930B9B0AA91B180B93B2235B00DB
:10996000E2580BA802F0FEF9002800D0BBE6AC23B9
:109970000B9A5B009346E3580A9F09E7334BE3E6F3
:109980002B0039005846324AEAF73EFE002800DA3A
:1099900057E70A9FB84200D353E70B9B09969B46B3
:1099A00083445B460B93B4235B009A46294BA24445
:1099B0005646AA461D0023000CAA9146264A3F1A85
:1099C0009046264A5C460892254A9B460A9707928B
:1099D00013E00C9B009342462B0039002000EAF76D
:1099E00013FE002800DA2CE7B84200D329E7F66816
:1099F000079D3F1A2418002E14D0494630000AF063
:109A000093F90028E5D0089B0C93E3E70A9FB8423E
:109A100000D316E70B9B3F1A9B4683445B460A978D
:109A20000B93A9E65B46A3461C005B460B93AC2355
:109A30005B005546099EE3580A97ACE610B6051040
:109A400028B605106CC2051040B60510B0B405105C
:109A500058B6051080B4051070B60510B8B40510DE
:109A600078B60510F0B54F464646D64690461C4A95
:109A7000C0B58A4607000E0091461D00194C1A4BCE
:109A800082B022682A420ED000934A4643463100F3
:109A90003800EAF7B9FD002813DBB04211D2236881
:109AA000361A3F185D40E3680834002BE9D1002DD9
:109AB00009D15346981B02B0E0BCBA46B146A8464D
:109AC000F0BD0A48F7E7434631003800084AEAF794
:109AD0009BFD0028F5DBB042F3D2361AE9E7C04619
:109AE000C0B6051044FB051098B6051080D6FFFFE0
:109AF000C8B605100300AC20400010B51C58042265
:109B000020001040144210D06132FF329858084BA8
:109B10000B401A000240934208D1064B884318407C
:109B2000431E9841044B4042184010BD0248FCE7D8
:109B3000FE7FFFFF0180000000D8FFFFF8B5AC23D7
:109B40005B001600C2588023040010001B010F00A8
:109B500018401A4211D06934FF3404E0042D0DD0AE
:109B6000E468002C19D06568B542F7D1320039009D
:109B7000A0681EF043FF0028F0D1F8BDA3681A7852
:109B8000552AEDD15A781D2AEAD19A78252AE7D1AB
:109B9000DB78002BE4D10020EFE70148EDE7C04679
:109BA00000D8FFFF843170B505000C0002E0E46BC3
:109BB000002C0DD02369002B0AD06A6A9A42F6D194
:109BC0006169A86A1EF01AFF0028F0D1012000E0A8
:109BD000002070BD70B50D003A2104001EF094FF06
:109BE0002900002806D02000FEF7BAFF4342584162
:109BF000000170BD2000FEF783FF43425841800002
:109C0000F7E7C04630B585B00A9D064C0395099D1F
:109C100000930295089D23000195FFF72BF905B0ED
:109C200030BDC0462CFB051010B584B0099C0394D0
:109C3000089C0294079C0194069C0094FFF71AF973
:109C400004B010BD10B584B0099C0394089C029424
:109C5000079C0194069C0094FFF70CF904B010BD1A
:109C6000CA2210B500215200E9F758F810BDC046CD
:109C7000F0B5C646060000B5002841D0C6235B00FB
:109C80000400984688270FE0C823CA215B00200003
:109C90004900E5580CF02EFCA64202D020000CF042
:109CA00017FC002D2CD02C002000CC300AF082FFB5
:109CB0004346E0580CF00CFCA06E02F031FCE05979
:109CC00002F02EFCBA235B00E05802F063FB822313
:109CD0005B00E05802F05EFBAA235B00E05802F054
:109CE00059FB96235B00E05802F054FBE068002823
:109CF000CAD02368002BC7D0A1680CF007FCC3E7CB
:109D000080BCB846F0BDC046F0B55746DE46454675
:109D10004E46E0B580468A4617009B46A1B0002813
:109D200000D1C7E1002900D1C4E1C8250400002604
:109D30006D0004E063592600002B6ED01C00E3691F
:109D4000002BF7D114AB0C22002118000293E8F786
:109D5000E5FF17AB0C22002118000393E8F7DEFFA4
:109D60001AAB0C22002118000493E8F7D7FF5346E2
:109D700039000F93514430230EAA0FA80E9702F01A
:109D800057F9071E00D099E10E9A0F9B914699440E
:109D90004A465146511A5A46A160002A00D043E172
:109DA00052462060E260A361494630230EAA0FA804
:109DB00002F03EF98346002800D02CE10F9A0E9B5A
:109DC00092469A445246A3695146D31A63611DAA2A
:109DD000A0230FA802F02CF9002849D0BA4BC518CF
:109DE000623000D13AE1002D52D02000FFF740FF51
:109DF000002E03D0C82300225B00F2502F00A045A4
:109E000003D020000CF064FB2F00380021B0F0BC20
:109E1000BB46B246A946A046F0BDCA210120490072
:109E20000CF04EFB6051002800D145E1CA22002110
:109E30005200E8F773FF63590C22994614AB0021D6
:109E400018000293E8F76AFF17AB0C2200211800F4
:109E50000393E8F763FF1AAB18000C220021049368
:109E6000E8F75CFF4B46002B00D1FCE04C467EE758
:109E700022000F9D1D9B1C32ED1829000FA802F037
:109E80005BF9002800D0E6E00F9B9D4200D0E8E09F
:109E90002200514620320FA800F0F2FC051EA4D18A
:109EA0002C239B46A3445A465146029B0FA800F020
:109EB0001DFD051E99D1E369022B00D9CFE10133C5
:109EC000E361230022008D33FF338932009358462B
:109ED0000299033BFF3201F00DF8051E00D084E724
:109EE0000F9B514623640EAA30230FA802F0A0F85E
:109EF000051E00D0BBE022000F990E9B5032C918FE
:109F00000FA800F00FFE051E00D06EE7226C0F9B1D
:109F100051469B1AE3631DAA30230FA802F088F86C
:109F2000002800D1AAE0694BC518002D00D05CE7DD
:109F30000F9BE364514630230EAA0FA802F078F875
:109F4000051E00D093E00E9B002B09D022000F9934
:109F50007032C9180FA800F0E5FD051E00D044E7D7
:109F60000F9AE36C5146D31AA364C823E25022002F
:109F70000FA8CC329B460CF045F8051E00D034E704
:109F80005A46C421A2580F9B9A1A6250E269023ABB
:109F9000012A00D8A8E09A4538D14946039B049A83
:109FA0000FA800F0A3FC051E00D01EE70499226B49
:109FB0004B689A4200D057E18968606B1EF01EFD25
:109FC000002800D050E1149A179B9A4200D04BE130
:109FD0000298039942684B689A4200D044E1002AF3
:109FE00006D0896880681EF009FD002800D03BE19A
:109FF00022007D324946FF320FA800F059FF051EAE
:10A0000000D0F2E60F9B994500D1FEE62000FFF755
:10A010002FFE2F4DECE62000FFF72AFE2A4D5D446F
:10A02000002D00D1F1E6E3E601200CF049FA0F9093
:10A03000E060002800D110E15146A268E8F774FE04
:10A0400001230F99A268894623600E9B9144D31A7D
:10A05000CB180F93A7E61F4BC518C4E65B46E36118
:10A0600016E71D4DC1E6635100241C4DC9E62000D2
:10A07000FFF7FEFD144B9C466544D1E70F9A1D9BEC
:10A08000934622009B44594690320FA800F0ECFD05
:10A09000051E00D0A9E622005946A8320FA800F0FC
:10A0A000E3FD051E00D0A0E60F9B9B4500D140E7D5
:10A0B0000B4D9AE6094FA8E60A4FA6E62000FFF7E7
:10A0C000D7FD014D94E6C04680DEFFFF00DCFFFFB8
:10A0D0001ADEFFFF00DEFFFF9ADDFFFF00D8FFFF63
:10A0E0009ADBFFFF80D7FFFF9A4500D155E71A782A
:10A0F000D423E250220025005146333BD8320FA82A
:10A10000D43501F095FF002800D1B2E0030062339E
:10A1100004D0BA4BC518002D00D066E60F9BE2694B
:10A12000023A012A00D936E79A4500D135E71A7874
:10A13000E023E2502200250051463E3BE4320FA8C6
:10A14000E03501F075FF002800D101E10300623322
:10A1500004D0AA4BC518002D00D046E60F9BE2693B
:10A16000032A00D017E79A4500D116E722000323FF
:10A170005146EC320FA800F001FF051E00D034E676
:10A18000F423E258043BE358D3180F9A0A939346FA
:10A19000934200D89AE04B4607935346C246059433
:10A1A00006960893099700230A991D931E931F93FF
:10A1B0001193129310AA30330FA801F039FF002831
:10A1C00000D07BE2109B0F9D1EAAED1829000623EC
:10A1D0000FA801F02DFF002800D05FE206231E9A91
:10A1E0001D930F9B29001F930FA89B1811AA0F9373
:10A1F00001F05EFF002803D00300623300D04DE27F
:10A200000423290010AA0FA801F012FF002800D093
:10A2100044E20F9B109E9C4666440B93B54200D0CF
:10A2200051E112A91DA809F05DFD002827D02A9A46
:10A23000119B002A51D00F9A059900922B982A9CC5
:10A2400001961DAAA047031E32D0119A002A2FD0D2
:10A250001D00D046059C069EC7E5694DC8E5200057
:10A26000FFF706FD674DC3E52000FFF701FD664DD2
:10A27000BEE50F9B6A68AB609B180F934FE7AC205D
:10A28000129B059C1900400022581140134200D037
:10A29000AEE01A432250202B27DC002B00DCC5E166
:10A2A000013B1F2B00D9C1E1584A9B00D3589F4660
:10A2B0000F960A9BB34200D975E7079BD046994693
:10A2C000089BB3469A46059C069E099F0A9A0F9BD7
:10A2D0005A4500D15FE64E4D87E50F95002BE8D03B
:10A2E000D046059C069E4B4D7FE58022120193428D
:10A2F0006BD08022520293425ED080225200934261
:10A3000000D093E1AE23059A5B00D1500433D150C5
:10A31000313BFF3B290013AA0FA801F089FE031E61
:10A3200046D10F9A964211D0059D31005D35FF351B
:10A330002A000FA801F0BCFE00281ED003006233E3
:10A340000CD0354BC318002B82D10F9A1600B0E702
:10A350000F9B6A68AB609B180F9300E72A003100DF
:10A360000FA801F0E9FE0028EBD1AE2305995B00B0
:10A37000CA58002A01D00122CA500F9A9642E5D04D
:10A38000059A31006132FF320FA801F0D5FE031E9D
:10A390000ED10F9A964200D095E0B021059C49005D
:10A3A00063581E4883421ED001331600635080E775
:10A3B000194A94466344C6E7059A29007932FF3268
:10A3C0000FA801F0A9F80300BDE7059E0623693632
:10A3D000FF36320029000FA801F0E6FF031EE7D187
:10A3E000B368002BB1D1D046059C069E0C4DFCE411
:10A3F000D046059C069E084DF7E4C04680DEFFFF70
:10A4000080D7FFFF80DAFFFF80D9FFFFA4FA051095
:10A410009ADAFFFF9EDAFFFF00DBFFFFFFFFFF7FFF
:10A420009CDAFFFF13AB98463100302342460FA859
:10A4300001F0FEFD031E00D091E00F9D139AA918B4
:10A440008E4240D1002A3ED0A34AB3469146060030
:10A45000059F4937FF37AB457AD9302342465946E5
:10A460000FA801F0E5FD00284FD1139B0F9D424638
:10A47000ED18290006230FA801F0DAFD002844D1C9
:10A48000139B0F9C0C930D94042B6CD0934EBB68C4
:10A49000002B0BD0FB68002BAAD1102101200CF05F
:10A4A0000FF8F86000281ED007000F9C06233B60C1
:10A4B0000D9BBB600C9B7B60139BE4180F94A54223
:10A4C00016D8AC42C7D0059CD046069E844D8CE47D
:10A4D000059A3100F8320FA801F0CEF9031E00D022
:10A4E000B6E60F9A32E7D046059C069E7D4D7CE489
:10A4F0003023424629000FA801F09AFD002804D11C
:10A500000F9C139BE4180F94DBE75E46764BC31851
:10A510000F9A002B00D119E7704A934200D097E6BA
:10A520002A9B002B0BD00B9B059900932B98119B1A
:10A530002A9C01961DAAA047002800D105E7119B7F
:10A54000002B00D101E7D046059C069E634D4CE4EC
:10A55000330000225E46FA60AE42D9D0B3E7624AC9
:10A5600094466344D4E70422210048461EF046FA8C
:10A5700000288BD18BE7059A31006532FF320FA896
:10A5800000F0EEFF031E00D062E60F9ADEE6002325
:10A590002900139313AA04330FA801F049FD031EE9
:10A5A00000D005E7059C842221000420139B09317B
:10A5B000FF3152004B60A0500F9A8A60D2180F9260
:10A5C000954200D080E7160073E60023139313AB87
:10A5D00098463100302342460FA801F029FD031EA2
:10A5E00000D0E5E60F9B139A9B189E4200D06AE7C5
:10A5F0008023424631000FA801F01AFD031E47D107
:10A60000059C139B21000F9A1531FF318A604B6026
:10A610008A2104204900D21860500F9213009642FC
:10A620000BD89E4200D04EE7160042E6119B002B4D
:10A6300089D132000F9616003BE6A1234246310035
:10A640000FA801F0F5FC031E00D0B1E6059A139B9C
:10A650000F992132C918FF320FA801F08BF8031EA1
:10A6600000D0F5E58233424631000FA801F0E0FC4E
:10A67000031E00D09CE60220059B13990F9A153308
:10A68000FF335A6252181962D8610F921300C8E75B
:10A690000200623200D08BE60F9ABFE7079BD046DC
:10A6A0009946089B059C9A460F4B069E099FC51824
:10A6B000002D01D0FFF799FB0F9B6CE4079BD04660
:10A6C0009946089B05009A46074B059C9C46069EAA
:10A6D000099F6544ECE7C0463CFB051080DFFFFFA7
:10A6E0009ADAFFFF96DAFFFF00DBFFFF002300B5D9
:10A6F00083B001930093FFF707FB03B000BDC04692
:10A7000010B582B0059C0194049C0094FFF7FCFAFC
:10A7100002B010BD002300B583B001930093013354
:10A72000FFF7F2FA03B000BDF0B557464546DE46E6
:10A730004E46E0B50C00070015008DB0002800D192
:10A7400080E0002900D17DE0002A38D08B18013B41
:10A750001B78002B33D13C4B2000190099461EF08A
:10A76000A1FB00282BD0012D27D0002305930693B1
:10A77000364B00209B4608AB9A4600230797984625
:10A78000070009A809F07EFE5346029343465A4645
:10A79000019300934946230009A809F079FE061E9B
:10A7A0001DD02B4B984249D02A4B984237D1069B5B
:10A7B0003800002B40D1002F0AD1274808E00023A1
:10A7C0002A0001930093210038000133FFF79CFA1F
:10A7D0000DB0F0BCBB46B246A946A046F0BD089BF2
:10A7E000019000900A9A09990798ED1AE41801233C
:10A7F000FFF78AFA060009A809F0D2FF002E09D057
:10A80000164B9E421AD0002F1AD1059B37000133F8
:10A81000059301E001230693012DB2D8C7E709A8EB
:10A8200009F0BEFF089BED1AE418002F00D1370095
:10A83000059B01330593EFE70598C9E73000C7E7AB
:10A840003E00E2E70648C3E7F4B6051010B705106E
:10A8500080EBFFFF80EFFFFF80D8FFFF80D7FFFF77
:10A8600000D8FFFFAC235B00C358DB0503D5AE2344
:10A870005B00C05870470148FCE7C04600DBFFFFA3
:10A88000036870B515000400CA1A002A1ADD7F2279
:10A8900018780240022A01D00B4870BD5A1C226071
:10A8A0002A001B78200008C201F03CFB002805D1DB
:10A8B00023686A68AB609B182360EEE7034B9C46F5
:10A8C0006044EAE70248E8E71EDDFFFF80DDFFFFA6
:10A8D00020DDFFFF10B501F0E1FD002802D0024BA2
:10A8E0009C46604410BDC04600DDFFFF10B501F07E
:10A8F00079FD002802D0024B9C46604410BDC04642
:10A9000000DDFFFFF0B54746CE4680B51F000523AA
:10A910008FB00B7013700F333B6003680D0016008F
:10A92000302B00D0EDE08368446801931C19A342EA
:10A930003DD02100A02302AA01A801F079FB011E4D
:10A940003BD0724BC018623132D1019B98464445CE
:10A950002DD0A123210002AA01A801F069FB031E4A
:10A9600043D06A4A8018623322D1019DAC421ED086
:10A97000A223210002AA01A801F05AFB031E00D164
:10A9800093E0624A8018623312D1019DAC420ED02E
:10A99000A323210002AA01A801F04AFB002800D14C
:10A9A00099E0030062335ED1019B9C421BD10020E1
:10A9B0000FB0C0BCB946B046F0BD019A029B9046AC
:10A9C000984405AB1A00414601A8994601F066FD7E
:10A9D000002842D12900484609F0E8FA002842D16F
:10A9E000019B4345B3D04A48E2E7029B019D01A881
:10A9F000ED1805AB994629004A4608AB01F0F2FC78
:10AA0000002862D14B465B68092B78D14B4609225E
:10AA1000996840481DF0F2FF002870D1089A099902
:10AA20000A9B302A6DD188469844039343456AD2E5
:10AA30001B7841460B930CAA062303A801F0F8FAF1
:10AA4000002814D0314B9C4660440028B0D1019BB3
:10AA5000AB4200D18AE72E48AAE72C4B9C466044C3
:10AA60000028B7D0A4E7294B9C466044A0E7039B8D
:10AA70000C9A0D9331009B180BA8039309F096FADA
:10AA80000028DFD1039B9845E1D00523414604AA65
:10AA900003A801F0CDFA0028D4D1049B002B2CD1BF
:10AAA000039B9845D3D01A4882E7019D029B3A0048
:10AAB000ED18290001A801F03FFB0028D3D1019B2C
:10AAC000AB4200D162E7124872E7104B9C466044EB
:10AAD000002897D06CE7019D029B0BAAED18290076
:10AAE00001A801F029FB0028BDD1019BAB4200D099
:10AAF00079E70B9A012A00D157E7044858E706483E
:10AB000056E7064854E7064852E7C04600DDFFFF17
:10AB10009ADCFFFF0CBB051052DFFFFF9EDCFFFF3E
:10AB2000A0DCFFFFF0B5454657464E46DE46484B93
:10AB3000E0B58A46050091461400984683B031235B
:10AB40006A465146280001F073FA002800D078E0E8
:10AB50002E68009B0127F6183DE02A68019BD1185A
:10AB60008B46002B64DD13782200280008C20623E0
:10AB700001F05EFA002836D12B686268A3609B184A
:10AB80005A462B60D21A002A52DD1A781E2A52D851
:10AB90004146D1400F424ED05A1C2A6022001B78F9
:10ABA00059462800E360103201F0BCF900281AD1A0
:10ABB0002B68226963619B182B609B453ED1A06185
:10ABC0009E4219D02021012027770BF079FCA0614B
:10ABD00000281CD0040030233100280001AA01F015
:10ABE00027FA0028B9D01B4B9B4683445B46002BB9
:10ABF0000FD12B689E42E5D1B24526D020210120FD
:10AC00000BF05EFCA061002801D0040097E7124B16
:10AC10009B464B46986901F083FC00234A469361AA
:10AC2000584603B0F0BCBB46B246A946A046F0BDAC
:10AC30000A4B9B46EDE70A4B9B46EAE7094B9B46CE
:10AC4000E7E7044B9B468344E3E700239B46E7E7A3
:10AC50000810585080DCFFFF80D7FFFF20DCFFFF8B
:10AC60001EDCFFFF1ADCFFFFF0B55746DE464E46FE
:10AC70004546E0B503681400070085B0CA1A002AEB
:10AC800000DC0AE11A78172A00D1DBE0182A00D08C
:10AC900001E10426013338003B6003AA01F042F9C8
:10ACA000051E00D0C3E0B31E591E8B4102210800CF
:10ACB0005B421840039A0C30904200D1C8E00B4030
:10ACC0000D339A4200D09FE03B689A18511E0978D4
:10ACD0005A2900D098E03A601A785878303A3038DB
:10ACE000092A00D9C0E0092800D9BDE091008918DF
:10ACF000490009182160042E00D187E03127632222
:10AD00008F42BF419743FA22D20094466744BB4624
:10AD10008B445A4622609978D878303930380929DE
:10AD200000D9B2E0092800D9AFE08A0052185200D9
:10AD3000121862601979587930393038092900D9E8
:10AD4000A6E0092800D9A3E08E0076187600361810
:10AD500030277F42B846A6609979D8793039804447
:10AD6000092900D989E04046092800D985E08800F2
:10AD7000411849008844302741467F42B946E16086
:10AD8000197A587A30398144092900D979E048463E
:10AD9000092800D975E088004118490089444946CE
:10ADA0002161997AD87A30393038092961D809284F
:10ADB0005FD88B005B185B009A4682445346636100
:10ADC0000C2A21D80123934035490B423ED1A521BD
:10ADD00009010B4238D1022A16D15A461C23920788
:10ADE00006D164215846E7F7D9F81D23002932D04F
:10ADF000013E9E4208D24346172B05D84B463B2BBB
:10AE000002D853463B2B15D9264D13E064279A7878
:10AE1000981CDB78303A4F43303B092A24D8092B61
:10AE200022D8910089184900C91803006FE71D4B0B
:10AE30009C466544280005B0F0BCBB46B246A94616
:10AE4000A046F0BD022625E71E23D1E71F23CFE74A
:10AE50003B681A183FE791315846FF31E7F79EF8F3
:10AE60004B424B411C33C3E701235B420D4D236032
:10AE7000E0E701235B429A46A0E701214942884668
:10AE800079E701214942894689E70122524250E788
:10AE9000012676425CE7044DCCE7044DCAE7C04684
:10AEA000AA15000000DCFFFF9EDBFFFFA0DBFFFF19
:10AEB00070B503681500040082B0CA1A002A12DDBA
:10AEC00001AA1E7801F040FA002808D12368019AEF
:10AED000AB609B182E606A60236002B070BD034BAC
:10AEE0009C466044F9E70248F7E7C04680DBFFFF75
:10AEF00020DBFFFFF8B51D00069B0E001B68170046
:10AF0000002B27D12A00390008F06EFF041E0CD157
:10AF10002B78062B0DD03368052B01D0002B20D1C8
:10AF20007368002B1DD12000F8BD104B9C46644473
:10AF3000F9E7082101200BF0C3FA051E13D0020027
:10AF4000031D39003000FFF7DDFC061E04D1069B0F
:10AF50001D60E8E7064CE6E728000BF0B9FA34007C
:10AF6000E1E7044CDFE7044CDDE7C04600DAFFFF11
:10AF700000D8FFFF00DDFFFF80D7FFFF70B5A026E0
:10AF80001E43140082B033000432050001F050F873
:10AF9000002804D00C4B9C46604402B070BD2B6866
:10AFA0002660A360646828001C192100302301AAD0
:10AFB00001F03EF80028EDD12B68019A9B189C42C5
:10AFC000EBD00248E9E7C04600DBFFFF9ADAFFFF5B
:10AFD000F0B54546DE4657464E469246802200234F
:10AFE000E0B5C9B008AD060088462800002152002F
:10AFF0000593E7F793FE5346002B00D14DE14746FA
:10B000005346D3460022039700935B469B68002B70
:10B0100000D13AE1009B5B450FD0002A00D0BEE092
:10B02000A04A39003000E9F7EFFA002800DA9FE083
:10B03000B84200D39CE03F1A36185B46DB68162BFB
:10B0400000D920E1984A0124DA40012314405C40F1
:10B05000E4B2584605A908F023FE002800D08FE08E
:10B0600039003000059B914AE9F7CEFA00287FDBD2
:10B07000B8427DD23B1A02935B46B1461B698144BC
:10B0800098461A00002C00D09CE00027002B36D0F8
:10B09000874B9A46874B01935B465B69DE5D002ECA
:10B0A00000D1F6E0310050461DF02EFD002841D0C1
:10B0B000631CFE2C5CD05C222A553200203A5E2AAA
:10B0C0004CD9DC1CFE2C53D85A1C94465C22310906
:10B0D000EA540F200A003040023337329F2E00D846
:10B0E000073A61466A5402003732092800D8073A05
:10B0F000EA545B461B69013798469F42CCD3002334
:10B100002B55029C2B00210048466B4AE9F77CFA3C
:10B1100000282DDBA0422BD25B461A7F9B69271AA1
:10B12000484406009B465B46002B00D06DE7039B1E
:10B13000D81B1EE0002F05D1310001981DF0E4FC62
:10B140000028B5D14246013A2300BA42B5D1202E9B
:10B15000B3D10133FF2B0BD05C222A55EE545C1C7B
:10B160005B461B6901379846BB42C8D9FF2C93D177
:10B17000524849B0F0BCBB46B246A946A046F0BD15
:10B180005A463900300008F06DFF002809DC0B300A
:10B19000EED0390030004A4AE9F736FA66E7494A04
:10B1A0003FE73F1A361839003000474AE9F72CFAD2
:10B1B0000028DDDB8742DBD93B1A02935B46B146B0
:10B1C0001A698144232304A98C462B70153B6344E0
:10B1D000604606A9049301F0C3F9061E5FDB5B46D7
:10B1E00006A91A7B04A801F013FA002857DB0623EE
:10B1F00084191B1B002C4ED0600006AAD1182A18F7
:10B200002B0090460F2484460A7826001009070078
:10B21000164037379F2A01D83030070032005F7060
:10B220003732092E00D8073A9A7002330131984517
:10B23000EAD16046441C5B461B69002B00D15EE7E7
:10B240000F2100238C462A1919E0594649696046A6
:10B25000C95C0F093E00084037369F2900D8073ED9
:10B260000100167002343731092800D807395170AF
:10B270005946096901330232994200D83FE7611CFF
:10B28000FE29E2D974E70124E3E65B469B699B460D
:10B2900049E70E486DE70124CDE7002069E76E20FD
:10B2A000404266E778B60510001048001CBB051048
:10B2B00028BB051034BB05103CBB051080D6FFFF32
:10B2C00024BB051018BB051020BB051080DCFFFF58
:10B2D000F0B557464E464546DE46E0B5536885B064
:10B2E00007000E00924698460391202B0BD8002BA6
:10B2F00054D043469268012B08D129491378002580
:10B300008B46284A0AE01C23984692681378002B43
:10B3100020D0234900258B46039E234A009231000A
:10B320005A463800E9F770F9041E19DBB04217D20B
:10B33000331A013599463F185346454518D29A6845
:10B34000535D4246013A4E46AA4201D8154AE5E706
:10B35000154AE3E7039B01259946114B9B46EFE70E
:10B36000124805B0F0BCBB46B246A946A046F0BDA7
:10B370005B6843450ED0494638000D4AE9F744F969
:10B380000028EDDB4845EBD2039BA41B9C4620180C
:10B390006044E6E7039B841BE018E2E70020E0E757
:10B3A00038BB051080B40510ECBB051080D6FFFF3C
:10B3B00040BB0510F0B5C64600B584B01F000AAB0F
:10B3C0001B780600984600230D00100003A9039384
:10B3D00008F0E8FC002810D029003000294AE9F7DD
:10B3E00013F90400002C43DBAC4241D2062F0CD0F1
:10B3F000200004B080BCB846F0BD29003000039B9B
:10B40000214AE9F701F90400ECE743460B9A033BB4
:10B410001278DBB2033AD2B2082B1ED81B499B002C
:10B420005B58082A15D892005158002B25D00029C6
:10B4300025D030190B9E2D1B7668154A0091019678
:10B440002900E9F7E1F8002812DBA84210D204191C
:10B45000CEE7002B0ED00B49EBE7082A04D80B4BA4
:10B460009200D158074BE2E7064A13001100E0E7CB
:10B47000084CBDE7034B1900DBE7024BD7E7014A55
:10B480001100D6E7B8B405103CBB05105CFC0510F4
:10B4900048BB051080D6FFFF10B50C00084913000B
:10B4A0000A002100E9F7B0F8002806DB0023A042DB
:10B4B0005B415842034B184010BD0248FCE7C046B0
:10B4C00060BB051080D6FFFF0268436852025B0133
:10B4D0001A43836810B51A4304000B6848685B027E
:10B4E0004001034388680343D01A9A420ED1E068B2
:10B4F000236900039B01184363690A691843CB68F9
:10B5000092011B0313434A691343C01A10BDC0467E
:10B51000002070470020704710B584B0002314004D
:10B520006A46137201AA0193039300F055FE0028A6
:10B530000BD1019B002B06D0012B0AD1039B1B785A
:10B54000237004B010BD2070FBE7034B9C466044A1
:10B55000F7E70248F5E7C04600DBFFFF9CDAFFFF94
:10B56000F0B585B0002314006A46137201AA019356
:10B57000039300F031FE002812D1019E2060002EBE
:10B580000CD000220023039FF95CDD00A9400133A9
:10B590000A4322609E4201D0042BF5D105B0F0BDD4
:10B5A000014B9C466044F9E700DBFFFFF0B5CE4657
:10B5B0004746DF2280B5036804001340803B0D003E
:10B5C0008DB0072B03D8654A9B00D3589F4664482B
:10B5D0000DB0C0BCB946B046F0BD83684468029364
:10B5E0001C192100062301AA02A800F021FD002851
:10B5F00000D0A0E0029B9846019B9946082BE6D11B
:10B600000822414657481DF0F9F90028DFD14B4682
:10B61000062703AE039773604346B3600833029373
:10B620002100A02301AA02A800F002FD002800D0FA
:10B6300081E0029B019A9B189C422CD1302321006F
:10B6400001AA02A800F0F4FC002874D1029B019A20
:10B650009B189C421FD10623210001AA02A800F0DA
:10B66000E7FC002867D1029B019A73619B18326145
:10B67000029321000423F76001AA02A800F0D8FC7D
:10B68000002858D10423019AB361029BF26133620E
:10B690009B189C4256D034489AE70E1D2422002164
:10B6A0003000E7F73BFB01232B600C222100300028
:10B6B000E7F73AFB00208BE70E1D24220021300023
:10B6C000E7F72CFB0223EFE786680F1D24220021F9
:10B6D00038000396E7F722FB042361682B6071189A
:10B6E0002C3302AA03A800F0A3FC002800D06FE7C7
:10B6F0000399029B3A00C91803A8FFF713FA002820
:10B7000000D065E7002063E70E1D242200213000F1
:10B71000E7F704FB0623C7E70E1D242200213000B3
:10B72000E7F7FCFA07232B606368042BBDD0102BCE
:10B73000BBD00E484CE70E4B9C466044002800D01E
:10B7400046E703AE282200212800E7F7E7FA242283
:10B750003100281DE7F7E8FA002039E71CFC051046
:10B7600080DFFFFF6CBB05109ADAFFFF00D8FFFFF8
:10B7700000DBFFFFF0B54E465746DE464546E0B5D6
:10B78000076891B0060089460192B94247D9C023A3
:10B790009A46344B15009B4603AC17E0AB68002B70
:10B7A0000AD0EB68002B51D1102101200AF088FE4D
:10B7B000E86000284CD005002B00220083CA83C318
:10B7C00037686368FF1837604F4529D22822002167
:10B7D00006A8E7F7A3FA3B780137494630003760FF
:10B7E00002AA236000F09EFB8046002829D1524621
:10B7F0003368A360029B636023681340802B23D1CE
:10B80000200006A9FFF7D2FE071E01D0584521D11E
:10B81000069B042BC2D10D9800F082FEBEE7019D6D
:10B820000023EB604B46DB1B5A1E93410E4F5B42DD
:10B830001F40380011B0F0BCBB46B246A946A04636
:10B84000F0BD0A4F4744F4E7094FF2E7074FF0E72E
:10B85000084FEEE7019CE06800F09CFD4246E26084
:10B86000E7E7C04680DFFFFF9ADAFFFF00DBFFFF5C
:10B870009EDAFFFF96DAFFFF70B582B01600302324
:10B8800001AA04000D0000F0D3FB00280BD12368AF
:10B89000019A9B189D420AD1320029002000FFF72F
:10B8A00069FF02B070BD034B9C466044F9E7024853
:10B8B000F7E7C04600DBFFFF9ADAFFFF036810B529
:10B8C000042B00D010BDC06900F02AFEFAE7C04684
:10B8D000F0B5454657464E46DE46E0B58A46160068
:10B8E00098460D6804689FB0002A5BD0B54B83462C
:10B8F0001093B54B14AF9946B44B11919A4614E08E
:10B90000B34B984200D132E1B24A434629002000AD
:10B91000E8F77AFE002800DAAEE0A84200D3ABE0F8
:10B920002D1A2418F668002E39D00021282238005C
:10B93000E7F7F4F939003000FFF738FE0028DFD1CF
:10B940003B68072B00D9A0E049469A008A589746E1
:10B95000022B00D10DE1A04B0093290043462000AB
:10B960009E4AE8F751FE002800DA85E0A84200D39D
:10B9700082E0BA682D1A2418AA4200D30AE12000F6
:10B98000F968E7F7D1F9BB68E418ED1A3B68042BB6
:10B99000C8D11B9800F0C4FDF668002EC5D1119BDC
:10B9A00058469A460023237053461D6000250460C4
:10B9B00063E0434629002000894AE8F725FE002875
:10B9C0005ADBA84258D2BB682D1A2418082BDDD1A7
:10B9D0000822F96883481DF011F80028D6D14346A3
:10B9E00029002000804AE8F70FFE002844DBA84227
:10B9F00042D22D1A24184346290020007B4AE8F73A
:10BA000003FE002838DBA84236D22D1A241829005C
:10BA1000200018AA08F026FB00282DDBA8422BD214
:10BA20002D1A2418434629002000714AE8F7ECFD3E
:10BA3000002821DBA8421FD23B6A2D1A2418002BB4
:10BA4000A4D06C4A002312925A46B34613922600A1
:10BA50001C0008E0A8420FD23B6A01342D1A3618A8
:10BA6000A34200D8A4E07B6A290030001B5D129A33
:10BA7000E8F7CAFD0028EDDA5F4D28001FB0F0BCE2
:10BA8000BB46B246A946A046F0BD43462900200069
:10BA9000109AE8F7B9FD0028EEDB8542ECD92D1AA3
:10BAA000241873E7554B29000093200043464B4A66
:10BAB000E8F7AAFD0028DFDBA842DDD2BB682D1A1B
:10BAC0002418AB4266D2F968042B54D0102B6BD1EA
:10BAD000C87B0B780E90887B494A0D90487B0C9070
:10BAE000087B0B90C87A0A90887A0990487A089067
:10BAF000087A0790C879069088790590487904906B
:10BB000008790390C87802908878019049782000DD
:10BB100000912900E8F778FD0028BEDAACE743463B
:10BB200029002000374AE8F76FFD002800DB1DE7F9
:10BB3000A2E74346524629002000E8F765FD0028A9
:10BB40000DDBA8420BD22D1A24182900200015AABB
:10BB5000FFF73EFA002820DB24182D1A16E7149B65
:10BB6000042B00D088E71B9800F0DAFC84E7154A24
:10BB7000CBE6254BF0E6C8780B7802908878234A0C
:10BB800001904978200000912900E8F73DFD002848
:10BB900083DA71E7002323706EE7149B0500042B02
:10BBA0000BD00023237068E70023194D237064E74E
:10BBB000139B34005E469B46E8E61B9800F0B0FC01
:10BBC000EFE7C0468CBB05103CFC0510C4BC05105B
:10BBD00080DFFFFFA4BB051080BB051074BC0510FF
:10BBE000B8BB05106CBB0510CCBB0510F0BB051035
:10BBF0001CBC051048BC051080D6FFFF84BC051096
:10BC00009CBC051050BC051078BB051090BC0510FD
:10BC100000D8FFFFF0B5C64653B2070088461500AE
:10BC200000B50C680668002B00DA75E0424B6A0626
:10BC300012D4AA061ED4EA062AD42A0736D46A07E2
:10BC400042D4AA074ED4ED075AD4434600201C60C4
:10BC50003E6080BCB846F0BD21003000374AE8F7AE
:10BC6000D3FC002866DBA04264D2354B241A361878
:10BC7000AA06E0D521003000324AE8F7C5FC0028CA
:10BC800058DBA04256D22E4B241A3618EA06D4D5D9
:10BC9000210030002C4AE8F7B7FC00284ADBA0421C
:10BCA00048D2274B241A36182A07C8D5210030005D
:10BCB000264AE8F7A9FC00283CDBA0423AD2204BF8
:10BCC000241A36186A07BCD521003000204AE8F74C
:10BCD0009BFC00282EDBA0422CD2194B241A3618CC
:10BCE000AA07B0D5210030001A4AE8F78DFC0028D9
:10BCF00020DBA0421ED2124B241A3618ED07A4D521
:10BD000021003000144AE8F77FFC002812DBA04233
:10BD100010D2241A361898E721003000064B0F4A3B
:10BD2000E8F772FC002805DBA04203D2044B241A7A
:10BD300036187CE70A488CE780B40510ECBC051087
:10BD400078B60510FCBC051004BD051018BD051023
:10BD500024BD051030BD05103CBD0510DCBC051030
:10BD600080D6FFFFF0B5C64607008846150000B52F
:10BD70000C680668130619D44D4B6A0625D4AA062A
:10BD800031D4EA063DD42A0749D46A0755D4AA0714
:10BD900061D4EA0700D56DE02D0400D579E0434673
:10BDA00000201C603E6080BCB846F0BD2100300021
:10BDB0003F4B404AE8F728FC002876DBA04274D2CB
:10BDC0003D4B241A36186A06D9D5210030003B4A6B
:10BDD000E8F71AFC002868DBA04266D2364B241A2A
:10BDE0003618AA06CDD521003000354AE8F70CFCFC
:10BDF00000285ADBA04258D22F4B241A3618EA06E4
:10BE0000C1D5210030002F4AE8F7FEFB00284CDBAB
:10BE1000A0424AD2284B241A36182A07B5D5210049
:10BE20003000294AE8F7F0FB00283EDBA0423CD274
:10BE3000214B241A36186A07A9D521003000234A5D
:10BE4000E8F7E2FB002830DBA0422ED21A4B241A7E
:10BE50003618AA079DD5210030001D4AE8F7D4FB0B
:10BE6000002822DBA04220D2134B241A3618EA07FE
:10BE700000D491E721003000164AE8F7C5FB0028FE
:10BE800013DBA04211D20C4B241A36182D0400D417
:10BE900085E721003000104AE8F7B6FB002804DBF4
:10BEA000A04202D2241A361879E70C487BE7C04634
:10BEB00080B4051050BD051078B6051064BD05109E
:10BEC00078BD05108CBD0510A0BD0510B0BD0510D6
:10BED000C0BD0510CCBD0510DCBD051080D6FFFF30
:10BEE000F0B5C6461E004368040098469B680D00E6
:10BEF000170000B5002B0FD0102101200AF0E0FA46
:10BF00004346D860002809D08760466005606060BD
:10BF1000002080BCB846F0BD4046F5E76A204042AC
:10BF2000F7E7C0460368F0B5CC1A002C28DD0025E1
:10BF30005D571E78002D08DB5F1C07601B781360BF
:10BF4000C91B99421CD30020F0BD7F253540AC466B
:10BF5000013D032D17D8644512DD002414606446AA
:10BF60005F1C651C5D193C000023076026781B02DE
:10BF70003343013413600460AC42F7D16744DFE718
:10BF800060204042E0E764204042DDE7F0B51E005B
:10BF90000368040083B0C81A002845DD187882427F
:10BFA0003CD101332000236001AAFFF7BBFF00282A
:10BFB00030D1019A002A34D000232168CB560D7865
:10BFC000002B2EDB002307E00131013A2160002A1B
:10BFD00022D0170001230D78002DF5D0002B00D0C2
:10BFE0000197042A1DD803D123681B787F2B18D80A
:10BFF0000023019D33606B1E0193002D0AD00021A8
:10C000002268551913780902194301323160226000
:10C01000AA42F7D103B0F0BD0192E9E762204042A5
:10C02000F8E764204042F5E760204042F2E7C0466E
:10C03000F0B504680D1B002D33DD25789D422DD110
:10C04000631C0360CB1A002B2BDD01256557667836
:10C05000002D08DBA71C076063781360C91B994299
:10C060001FD30020F0BD7F253540AC46013D032D98
:10C070001AD8634515DD002313606346A71C9D1C79
:10C08000651900233C00076026781B023343013406
:10C0900013600460AC42F7D16744DFE7622040429E
:10C0A000E0E760204042DDE764204042DAE7C04636
:10C0B0000368F0B5CC1A002C38DD1C78012C32D185
:10C0C0005C1C04600C1B002C30DD01255D575E7884
:10C0D000002D0FDB9D1C05605C78491BA14225D318
:10C0E000012C26D12B780135591E8B411360056038
:10C0F0000020F0BD7F253540AC46013D032D18D80A
:10C10000644513DD64469E1CA51C5D1900243300A4
:10C1100006601F78240201333C4303609D42F8D13E
:10C1200035006544D9E762204042E2E760204042A2
:10C13000DFE764204042DCE710B513000222FFF77E
:10C1400025FF10BD10B513000A22FFF71FFF10BD19
:10C15000F8B507003B681000CA1A002A36DD1A78C5
:10C16000022A30D15C1C3C600C1B002C2EDD01220D
:10C170009A565D78002A0DDB9D1C3D605C78491B5A
:10C18000A14223D32200290000F094FF3B681B1931
:10C190003B60F8BD7F222A409446013A032A18D812
:10C1A000644513DD64469A1CA51C5D190024130028
:10C1B0003A601E782402013334433B609D42F8D13B
:10C1C00062441500DBE762204042E2E76020404223
:10C1D000DFE764204042DCE7036870B51500040027
:10C1E0000E00CA1A002A20DD1A78032A17D101335B
:10C1F0002A000360FFF796FE00280FD12A68002A64
:10C2000013D0531E2B6023681978297107290FD882
:10C21000591C9B18A9602360B34203D170BD6220F2
:10C220004042FBE766204042F8E760204042F5E7E5
:10C2300064204042F2E7C046F0B557464E46DE461F
:10C240004546E0B585B099460EAB1B7890469A46B8
:10C250000FAB1B7806009B4603680F00CA1A002A22
:10C2600067DD1A78302A61D10133036003AAFFF732
:10C2700059FE051E52D13368039A9A18974260D12D
:10C28000BB424BD24246804600920EE09A1C32607E
:10C290005C780394BB1AA3424BD353460B405B45D7
:10C2A0002DD013193360BB4237D25A1C3260197833
:10C2B00000980840484539D1B81A002839DD0124D2
:10C2C0001C575A78002CE1DA7F242240541E032C9C
:10C2D00034D890422DDD981C84463060901C18188C
:10C2E00000246346009D01911978240201330C4318
:10C2F00033609842F8D1019900956244C9E7109BD8
:10C30000002BCED023001198109DA847002813D1F0
:10C31000326813193360BB42C7D34546280005B0C5
:10C32000F0BCBB46B246A946A046F0BD62256D42B0
:10C33000F4E760256D42F1E70500EFE764256D4203
:10C34000ECE766256D42E9E7036870B51500040067
:10C35000CA1A002A1BDD1A78032A12D101332A00D7
:10C360000360FFF7DFFD00280AD12B68002B0BD0FC
:10C37000013B2B6023681A78002A05D10133236022
:10C3800070BD62204042FBE768204042F8E7602031
:10C390004042F5E710B5041E05D02000E4680AF01D
:10C3A00097F8002CF9D110BDF0B587B005000E004C
:10C3B00005921000002110221C000493E6F7AEFC49
:10C3C000074A04AF02920022310001920092280035
:10C3D000E3B20397FF32FFF72FFF07B0F0BDC0466F
:10C3E000E1BE0310F0B5C6460E0000B501689846E0
:10C3F0000400170082B0731A002B4CDD0B78302B31
:10C4000043D10131016001AA3100FFF78BFD051E08
:10C410002FD12168761A002E3DDD3A000B7808C234
:10C42000019BCE18002B36DD0B78062B2DD1013168
:10C43000216020003100FFF775FD051E19D123682A
:10C440007A68BB609B182360B34219D042461978C2
:10C45000013302C2200031002360FFF763FD002892
:10C460000CD142462368936052689B182360B34204
:10C470000ED1280002B080BCB846F0BD0500F8E738
:10C480000C2140460AF036F8F3E762256D42F0E7EA
:10C4900066256D42EDE760256D42EAE770B5040060
:10C4A0000D00160084B00C22002101A8E6F736FC2E
:10C4B00032002900200001ABFFF794FF002807D1CC
:10C4C000019B052B01D0002B04D1029B002B01D135
:10C4D00004B070BD68204042FAE7C04610B5041EA3
:10C4E00009D0806809F0F4FF606909F0F1FF2021AC
:10C4F000200009F0FFFF10BD70B504680500002C96
:10C500000DD0A369A0682B6009F0E2FF606909F013
:10C51000DFFF200009F0DCFF2C68002CF1D170BD9A
:10C5200010B5041E05D02000A46909F0D1FF002C2D
:10C53000F9D110BD70B504000E001500002803D11C
:10C540000CE0A469002C09D06368AB42F9D12A0041
:10C550003100A0681CF052FA0028F2D1200070BD12
:10C5600010B504007F2A14D91300012001301B0AE2
:10C57000FCD12368591A81420FDB013B23601A70FA
:10C580002368120AF9D10200013B7F3223601A703E
:10C5900010BD0368591A002902DC6C204042F7E7FD
:10C5A000013B236001201A70F2E7C046F8B5050090
:10C5B0000F00002007E0013C2C60461C2270121284
:10C5C000002A07DD30002C68E11B0029F3DC6C2019
:10C5D0004042F8BD2A6811787F2907D9D11B00296C
:10C5E000F5DD0021013A2A60861C11703200390005
:10C5F0002800DCB2FFF7B4FF0028E8DB2B68013627
:10C60000DF1B002FE3DD013B2B6080191C70E0E78E
:10C610000368591A002904DD013B036001201A70E8
:10C6200070476C204042FBE770B5060000680D00C3
:10C630001C001100A8420CD3451B9D4209D3C01A0F
:10C640003060002B01D1200070BD1A00E6F76CFBB2
:10C65000F9E76C204042F7E7F8B5060010000D003E
:10C66000170000F005FD041E00D101343168A94215
:10C670002CD34B1BA34229D3091B22003800316065
:10C6800000F03CFD002818D10422BB5E012B03D131
:10C6900033681A787F2A11D8220029003000FFF76A
:10C6A0005FFF002812DB336801345D1B002D0DDDB8
:10C6B0000222013B336020181A70F8BD5A1B002A71
:10C6C00004DD013B336001341870E5E76C20404223
:10C6D000F3E7C04603685A1A002A0DDD0022013B29
:10C6E00003601A700368591A002905DD013B0360D5
:10C6F000022005321A7070476C204042FBE7C046AA
:10C7000070B5060000680D001C00110085421CD8A1
:10C71000431B9C4219D8001B3060002C11D1220011
:10C7200029003000FFF71CFF00280EDB33680134BE
:10C730005D1B002D09DD0622013B336020181A70B5
:10C7400070BD2200E6F7F0FAE9E76C204042F7E717
:10C75000F8B5069D0F00060011001C00002D2ED01C
:10C760003068874240D8C31B9C423DD8001B3060D4
:10C77000002C35D1220039003000FFF7F1FE0028EF
:10C7800032DB33680134DA1B002A2DDD0622013B3F
:10C7900033601A70201811D42D182A003900300087
:10C7A000FFF7DEFE00281FDB33680135DF1B002F9B
:10C7B0001ADD3022013B336028181A70F8BD036877
:10C7C000DA1B002A10DD013B03601D700368DA1BD1
:10C7D000002A09DD0522013B036002251A70BFE72C
:10C7E0002200E6F7A1FAC5E76C204042E6E7C04622
:10C7F00070B51C00059B0E0005001100002B45D0F4
:10C80000049B002B2FD02868864246D8831B9C426D
:10C8100043D8001B2860002C3BD1220031002800A7
:10C82000FFF79EFE002838DB2B6801349A1B002A94
:10C8300033DD0622013B2B601A70201812D4049BB2
:10C8400031001C1822002800FFF78AFE002824DB94
:10C850002B6801349E1B002E1FDD3022013B2B6014
:10C8600020181A7070BD03689A1B002A15DD049AFF
:10C87000013B03601A7003689A1B002A0DDD052234
:10C88000013B03601A7002230493BCE70023049366
:10C89000B9E72200E6F748FABFE76C204042E1E73B
:10C8A000036810B55C1A002C16DD541EA241013B32
:10C8B000524203601A7003685A1A002A0CDD0122E2
:10C8C000013B03601A700368591A002904DD013B1B
:10C8D000036003201A7010BD6C204042FBE7C04685
:10C8E00010B50223FFF762FE10BDC04610B50A2343
:10C8F000FFF75CFE10BDC046F8B5060000680D00ED
:10C9000017001900069C85421CD8421B944219D876
:10C91000001B3060002C11D1220029003000FFB232
:10C92000FFF71EFE00280DDB336801345D1B002D70
:10C9300008DD013B336020181F70F8BD2200E6F7C8
:10C94000F3F9E9E76C204042F7E7C04670B506000E
:10C9500000680D001C00110085421CD8431B9C423E
:10C9600019D8001B3060002C11D1220029003000A2
:10C97000FFF7F6FD00280EDB336801345D1B002D48
:10C9800009DD0C22013B336020181A7070BD2200B3
:10C99000E6F7CAF9E9E76C204042F7E770B5060010
:10C9A00000680D001C00110085421CD8431B9C42EE
:10C9B00019D8001B3060002C11D122002900300052
:10C9C000FFF7CEFD00280EDB336801345D1B002D20
:10C9D00009DD1322013B336020181A7070BD22005C
:10C9E000E6F7A2F9E9E76C204042F7E770B50600E8
:10C9F00000680D001C00110085421CD8431B9C429E
:10CA000019D8001B3060002C11D122002900300001
:10CA1000FFF7A6FD00280EDB336801345D1B002DF7
:10CA200009DD1622013B336020181A7070BD220008
:10CA3000E6F77AF9E9E76C204042F7E7F0B54646B9
:10CA40004F46D6460400D81DC0B50D0006001100A3
:10CA500007229643F31A26689846C708AE4234D395
:10CA60007B1C9946731B4B452FD3072819D8434687
:10CA7000013E26604A46290020003370FFF770FD12
:10CA8000002822DB236802375D1B002D1DDD0322F9
:10CA9000013B2360C0191A70E0BCBA46B146A846F3
:10CAA000F0BD012340469A4683407A1E885C5B4273
:10CAB0000340013E2660337053462068DB1BC018DC
:10CAC0002060E6F731F92668D1E76C204042E3E7C1
:10CAD0008C46F8B5002B1BD00725DC1DE108013979
:10CAE0005618AC43515CE41A2141C9B24C08C9073D
:10CAF0000ED40721012708E0194201D1013E347804
:10CB00003D0025406408002D02D1013B002BF3D1EC
:10CB10006146FFF793FFF8BD70B5060000680D0091
:10CB20001C00110085421CD8431B9C4219D8001BD5
:10CB30003060002C11D1220029003000FFF710FDD9
:10CB400000280EDB336801345D1B002D09DD042253
:10CB5000013B336020181A7070BD2200E6F7E4F83C
:10CB6000E9E76C204042F7E7F0B5C646070000B59C
:10CB70000068884615001E00FFF7DCFC041E28D064
:10CB8000069B002B1ED00369069A93420BD1002E00
:10CB900005D0456931002800069AE6F7C5F820005F
:10CBA00080BCB846F0BD1100012009F089FC051ECB
:10CBB0002CD0606909F08CFC069B65612361002E16
:10CBC000E8D1ECE7406909F083FC069B63612361CF
:10CBD000E5E72021012009F073FC041E16D0456012
:10CBE0002900012009F06CFCA06000280BD02A006D
:10CBF0004146E6F799F8069B2361002B08D13B6874
:10CC0000A3613C60CBE7200009F062FC0024C6E78A
:10CC10001900012009F054FC051E606105D03B6835
:10CC2000A3613C60002EB5D1B9E7A06809F050FCC3
:10CC3000200009F04DFC0024B1E7C046F0B5160015
:10CC4000C388CA8883B09A4227D1012583885B10A4
:10CC50002B401F007B421F43FF178B885B102B402C
:10CC60005C422343DB1700680968009001912800AB
:10CC700029007B401C006B463840B9438900800086
:10CC8000C958C05802F0B2FB3B0043402340434028
:10CC900000201D40356003B0F0BD04204042FAE79B
:10CCA00000230360013343607047C04610B5041E83
:10CCB0000AD00068002803D0E188890009F026FC2A
:10CCC000002323600133636010BDC046114B70B573
:10CCD00005000C00994219D8C3888B4201D300206B
:10CCE00070BD0421200009F0EBFB061E0ED0296860
:10CCF000002908D0EA889200E6F716F8E988286843
:10CD0000890009F003FCEC802E60E8E71020404227
:10CD1000E6E7C04610270000F8B50F00C9880500F7
:10CD20001400FFF7D3FF061E01D03000F8BD6342A8
:10CD30001C43E4170423E95E0422BB5E0131220098
:10CD400001331340D2430A401A43013AAA80FA88B9
:10CD500039682868230002F07FFBF988E888E243FD
:10CD60008142E2D22D688C002B59013113402B51A6
:10CD70008142F8D3D9E7C04670B505000E0088425D
:10CD80002BD0140063421C43E417C988FFF79EFFB1
:10CD9000002824D13000E988FFF798FF00281ED131
:10CDA0000422AB5E0421725E0133210001320A408D
:10CDB000C943194011430139A9800422B15E220000
:10CDC00001311340D2430A401A43013AB280230092
:10CDD000EA883168286802F055FB002070BD1020F9
:10CDE0004042FBE770B504000D1E19D0C2880068F0
:10CDF0008A420DD0002802D0910009F087FB002361
:10CE000023600133290020006360FFF75FFF70BDDE
:10CE100000219200E5F782FF0123A3800020F6E7BE
:10CE20000028FBD00068002803D0E188890009F0C1
:10CE30006DFB00232360013300206360E7E7C046F9
:10CE40001B4B70B5050099422ED8C2888A4226D95C
:10CE5000531E012A26D0046802E0013B002B03D0B8
:10CE60009A00A258002AF8D001330C00994214D33A
:10CE70000421200009F024FB061E15D02968002992
:10CE800007D0A200E5F750FFE9882868890009F07B
:10CE90003DFB0020EC802E6070BD1C00E8E7FFF732
:10CEA00015FFF9E70123E0E710204042F4E7C04610
:10CEB00010270000F8B505000E00884221D0C9886F
:10CEC000C28800291FD04B1E012925D0316802E0FD
:10CED000013B002B20D09C000C59002CF8D05C1C8E
:10CEE0000421735EAB80A2421CD221002800FFF710
:10CEF000EDFE00281FD1A7003A0028683168E5F749
:10CF000013FF0020F8BD002AFBD00123920083808C
:10CF10000068E5F703FFF4E701240421735EAB80AA
:10CF2000A242E2D32868A700121B00219200C01978
:10CF3000E5F7F4FEE0E710204042E3E730B50C00EF
:10CF4000050083B0010008226846E5F7EDFE2100E8
:10CF500008222800E5F7E8FE082269462000E5F7E8
:10CF6000E3FE03B030BDC04670B5C28804000E00B9
:10CF7000002A10D00568920000212800E5F7CEFEB7
:10CF8000F117236872184A401A6001230020F11734
:10CF90001943A18070BD0421012009F091FA051EFA
:10CFA00010D02168002908D0E2889200E5F7BCFE85
:10CFB000E1882068890009F0A9FA01230422E380AE
:10CFC0002560D9E710204042E4E7C046C3885B01F2
:10CFD0008B4209D91F2200684B099B001B580A404D
:10CFE000D3400120184070470020FCE7F8B5060048
:10CFF0000D0014004F09012A1BD8C3885B018B4226
:10D0000006D8002A10D0791CFFF760FE00280DD149
:10D010001F210120294088408C403268BF00D2196E
:10D02000136883431C4314600020F8BD1020404265
:10D03000FBE704204042F8E710B5C288002A0ED072
:10D040000024016802E00134944207D2A300C858CA
:10D050000028F8D0E4F774FF6401201810BD002008
:10D06000FCE7C04610B5C188006802F07DF910BD2C
:10D0700010B5C188006802F077F90730C00810BD0C
:10D08000F8B50F00032111404B1E99410C00910887
:10D09000611806001500FFF7A5FE002806D12B0039
:10D0A0003A00F188306802F0F3F9F8BD10204042F0
:10D0B000FBE7C046F8B50F00032111404B1E994114
:10D0C0000C009108611806001500FFF78BFE002880
:10D0D00006D12B003A00F188306802F009FAF8BD59
:10D0E00010204042FBE7C04610B50C001300C18879
:10D0F0002200006802F02CFA10BDC04610B50C00EA
:10D100001300C1882200006802F068FA10BDC04612
:10D1100070B504000D00C188006802F025F9E188AF
:10D1200028184B0183420BD21F2101404B1E99410D
:10D13000400909182000FFF7C9FD002806D1E18841
:10D1400020682A0002F0DAFA002070BD1020404268
:10D15000FBE7C04610B50A00C188002901D10020B4
:10D1600010BD006802F078FAF9E7C04630B5C38810
:10D17000CA88002B30D00568043D02E0013B002B3B
:10D1800003D09C002C59002CF8D0002A1DD00D682B
:10D190002C1F02E0013A002A17D0910061580029A3
:10D1A000F8D09A420FD314D80D4A006894466344CD
:10D1B0009B0004E091420CD3043B1A1D0ED0C158D1
:10D1C000EA589142F6D9012002E01800431E984126
:10D1D00030BD01204042FBE7002AD8D10020F7E70C
:10D1E000FFFFFF3FF0B5C3880600CA88002B32D08E
:10D1F0000568043D02E0013B002B2CD09C002C591B
:10D20000002CF8D0002A2DD00F683D1F02E0013A13
:10D21000002A24D094002C59002CF8D09A4221D313
:10D220000420095E48429A4214D80422B05E0028C5
:10D230001BDD002920DB114A3468944663449B00BF
:10D2400004E0914216D3043B1A1D06D0E158FA5867
:10D250009142F6D9F0BD002AD6D10020FAE700208D
:10D26000002BF7D00423F05EF4E70029E3DD00286B
:10D27000E1D001204042EDE70120EBE7FFFFFF3F57
:10D280000B0000B5C9175A1885B04A400192012217
:10D29000DB17934302A901338B8001ABCA80029351
:10D2A000FFF7A0FF05B000BDF0B5C64607001600A9
:10D2B00000B5904245D0884203D0FFF7FBFD00281F
:10D2C00041D10123BB80F488002C36D03168043969
:10D2D00002E0013C002C30D0A5004B59002BF8D0C7
:10D2E00021003800FFF7F2FC00282CD13B6832689F
:10D2F000984623004146404602F03CFA29000600C9
:10D300004144002806D118E00B68F31808C1B34265
:10D3100013D20126FB8825000134AB42F4D821004A
:10D320003800FFF7D3FC00280DD13968AD0049194A
:10D330000B68F31808C1B342EBD3002080BCB84699
:10D34000F0BD0E00BDE710204042F7E7F0B5C6463D
:10D3500000B5D4880F0006009046C988002C0BD079
:10D360001568043D02E0013C002C05D0A300EB58F9
:10D37000002BF8D08C423BD83000FFF7A7FC051EED
:10D3800039D1FB88A34211D8F2889A421DD843466E
:10D3900039681A683068230002F024FA021E1DD191
:10D3A0000123B380280080BCB846F0BDB742EBD063
:10D3B0001B1B9A0030683B68A10040185918E5F71C
:10D3C000B3FCFB88F2889A42E1D93068D21A9B00FC
:10D3D00000219200C018E5F7A1FCD8E73068A3004F
:10D3E000C018F38801001B1B02F052FE0028D7D0A2
:10D3F0000A256D42D6E710256D42D3E7F0B5C64643
:10D40000150000B50C0004228F5E04216A5E060040
:10D410007A435343002B16DA29002000FFF7A6FEBB
:10D4200003008046013317D02A0021003000FFF7A7
:10D430008DFF002804D14346002B17D00020B78071
:10D4400080BCB846F0BD2A002100FFF72DFF002860
:10D45000F4D010204042F3E7220029003000FFF70B
:10D4600075FF0028ECD17F42B780E9E70127E5E7A7
:10D4700010B50123FFF7C2FF10BDC046012310B550
:10D480005B42FFF7BBFF10BD10B5D4171300121994
:10D4900062400124DB1784B0A3430192013302AA46
:10D4A000938001AB02930123D480FFF7A7FF04B060
:10D4B00010BDC04610B5D4171300121962400124E4
:10D4C000DB1784B0A3430192013302AA938001AB1E
:10D4D000029301235B42D480FFF790FF04B010BD9C
:10D4E000F0B557464E464546DE460123E0B51700E7
:10D4F000002287B0060088460292039304920593A7
:10D50000884200D16FE000239946BE4200D177E007
:10D510004346DC88002C0CD01A68043A02E0013C37
:10D52000002C06D0A300D358002BF8D000239A4635
:10D5300001E001239A46FD88002D0BD03A68043A99
:10D5400002E0013D002D05D0AB00D358002BF8D0F0
:10D55000611902E0012321009A463000FFF7B6FB73
:10D56000002806D101213000FFF7B0FB83460028D8
:10D5700003D010235B429B4616E0F2880021920004
:10D580003068E5F7CBFB5B46306842460360012319
:10D590001168B38022003B68009502F09DFA524664
:10D5A0000123002A19D0B3804B46002B05D004ABD1
:10D5B000D9884846890008F0A9FF0298002804D0BD
:10D5C0006B46D989890008F0A1FF584607B0F0BC26
:10D5D000BB46B246A946A046F0BD4346BA889B88E2
:10D5E00053439BB2DFE7010002A8FFF763FC00286A
:10D5F00010D102AB984600239946BE4200D087E77F
:10D60000310004A8FFF756FC049B99460028B0D1CE
:10D6100004AF7DE710235B429B46CEE7F0B5C646DC
:10D6200000B5CC8806000F00904682B0002C26D0B2
:10D630000D68043D02E0013C002C20D0A300EB5813
:10D64000002BF8D04346002B19D03000611CFFF7A7
:10D650003DFB002819D139003000FFF72BFC0028D2
:10D6600013D14346013B3A68F188306800932300A8
:10D6700002F0D2F8002002B080BCB846F0BD012113
:10D680003000FFF723FB041E02D010204042F2E7D7
:10D69000F288002130689200E5F740FB33681C6097
:10D6A0000123B380E6E7C046F0B557464E464546EF
:10D6B000DE460B00E0B5023B07008846914689B084
:10D6C0000E2B00D9FFE0012304AEB3801378002BAA
:10D6D0005FD0012201922D2B04D12C3B9C46023BB2
:10D6E000E144019348461BF00DFD4346050004004C
:10D6F000102B1BD18023DB05984200D3E3E00723E6
:10D7000003405A1E9341810049093800C918FFF7A8
:10D71000DDFA002800D17DE010246442200009B029
:10D72000F0BCBB46B246A946A046F0BD0121380078
:10D73000FFF7CCFA051EEFD1FA8800213868920075
:10D74000E5F7ECFA012338680560BB80002C00D1B6
:10D75000BCE0A34600234D46CB441C00B9461F0045
:10D760002B781A00303AD1B2092951D9113A052A39
:10D7700049D9203A052A1BD9A1460624BA46644253
:10D780005346002BCAD04B465046990008F0BEFEC7
:10D79000C4E700280AD00068002803D0F98889006F
:10D7A00008F0B4FE00233B6001337B600024B5E742
:10D7B0005722524292469A44D045DDD942464946C4
:10D7C00030003760F480FFF729FF3768F4880028BD
:10D7D00070D153460393404B3100079303AB06933C
:10D7E0004846012306AAFFF709FE002867D1013544
:10D7F0005D45B5D1019BBA464F46A14604000133B1
:10D80000BED1386848E03722524292469A44D3E764
:10D810009246D1E701213800FFF758FA041E00D0E4
:10D820007AE7FA88002138689200E5F777FA012351
:10D8300038680460BB80002D48D01B33A04600210F
:10D8400004009C46BA464846013D435D1A00303A02
:10D85000D6B2092E08D9113A052A29D9203A052A23
:10D8600024D90624644259E7130067468E003E40DF
:10D87000B340CA089200A2181668013133431360FE
:10D88000002DE1D1019B200057464446013300D0D2
:10D8900044E7002399469A46F98801F065FD00287F
:10D8A00002D001235B42BB80002469E7573BDCE7E1
:10D8B000373BDAE7A1461024BA46644260E7A14646
:10D8C000BA4604005CE70424644227E7019B013365
:10D8D000DFD0002422E7C04601000100F0B5454634
:10D8E00057464E46DE461C000023E0B59FB09A46E0
:10D8F0001993C74B060001911C93200019AB1BA97B
:10D90000150098461B93FFF76DFC002800D1B5E188
:10D9100001270EAB1F811F821F831F84BD4B210077
:10D92000189328001BAB1793FFF720FC013027D179
:10D93000002E12D001213000FFF7C8F9041E03D0D9
:10D9400010235B4299466BE0F28800213068920018
:10D95000E5F7E4F933681C60B780019B002B05D024
:10D9600029000198FFF7A6FA0028E9D1002399467B
:10D9700048461FB0F0BCBB46B246A946A046F0BD23
:10D98000534652460F9329000EAB0FA85A81FFF75A
:10D9900091FA0F9B9A460EAB5B890293002834D113
:10D9A0000EAB58821190210011A8FFF783FA119B4A
:10D9B00003930EAB5B8A0493002836D000239B466A
:10D9C000069307930593103B99465346002B04D0CA
:10D9D000029B5046990008F099FD039B002B04D050
:10D9E000049B0398990008F091FD0598002803D046
:10D9F000079B990008F08AFD5B46002B10D0069B20
:10DA00005846990008F082FD0AE05346002B97D053
:10DA1000029B5046990008F079FD10235B4299461D
:10DA20000C211BA808F066FDA2E70EAB1F821F8128
:10DA3000E98813905883023113A8FFF747F90028AB
:10DA40000AD0139B05930EAB5B8B079300239B4679
:10DA50000693103B9946B8E7002113A8FFF784FA14
:10DA6000139B05930EAB5B8B07930028EED1E988DF
:10DA70000EAB58841590023115A8FFF727F9159BB6
:10DA80009B460EAB5B8C0693002800D0F2E0049915
:10DA90000398089101F068FC1F2318401F2800D14B
:10DAA000F0E01B1A19000FA81F000993FFF730FBC5
:10DAB0000F9A92460EAA52890292002800D0D9E00D
:10DAC000390011A8FFF724FB119B03930EAB5B8A6F
:10DAD0000493002800D0CDE008930B93049B029F91
:10DAE00011A8FA1A51019146039A0A9111920EAAAD
:10DAF0005382FFF70DFB119A0EAB03925B8A0493DE
:10DB0000002800D0B6E04B4605989B0019008446DB
:10DB10003B0061445746A146AA460C960D001600EC
:10DB20001C000FE02B680FA901332B6001230800B4
:10DB30005B4211AAFFF762FC0EAB0F9F5C890028C5
:10DB400000D0A4E0049A0EAB11A90FA80F975C8136
:10DB500011965A82FFF746FB0028E3DA049B5546EC
:10DB60000D94BA464C460C9E002B00D00EE10B984B
:10DB7000029A431E511E0A910B93994200D82CE140
:10DB80000399254A8C469B00634494461F00089BDA
:10DB90000C9563449B008C461A00204962448C46D5
:10DBA000029B059963448C461B1A9B0063440D99A4
:10DBB00091460D941D005C460896069E02910A9BB4
:10DBC0009B009B46D3445A46043B11683A68534431
:10DBD0000693914206D218680023E4F71DFA030069
:10DBE000002901D001235B422B600A9B012B00D14D
:10DBF000CAE05B46083B1B681B93069B1B681C9393
:10DC00005B461B681D932A680B9B01329B4621E0F3
:10DC10000100010001000300FEFFFF3FFFFFFF3F87
:10DC20005A460023002A01D04B461B6823603B68FC
:10DC300015A9636008002A68FFF7F0FC0EAB159C7D
:10DC40005E8C002827D117A915A8FFF7CBFA2A6800
:10DC5000002823DD013A2A600EAB002115A8159497
:10DC60005E84FFF781F9159C0028D9D0A3460EAB3E
:10DC70005B8C069310235B429946A6E60C235B421D
:10DC8000994675E6049B0B930023099326E7BA4651
:10DC90008146029499E6A3460696EBE7039B049916
:10DCA00011930EAB598215A811A9FFF7B7FC0028F4
:10DCB00000D09FE0059B15A8EB1ADB0019009B46DE
:10DCC000FFF726FA0EAB159C5E8C0028E3D1534675
:10DCD000029A0F930EAB5A8101230FA95B420800F1
:10DCE00015AAFFF78BFB0F9B9A460EAB5B8902933D
:10DCF000002875D14246414B0E901A930EAB414617
:10DD000013600FA8FFF76EFA002845DB0A9B0B9AF9
:10DD1000013B0A93043D9A4200D250E7A34606967F
:10DD20000C9D089E0D9C002E0ED0059B079A139308
:10DD300030000EAB13A95A83FFF7BCF8002899D125
:10DD4000AB88A2885343B380019B002B19D0029B60
:10DD5000002B49D1AB880EAA138153460F931300B1
:10DD6000019C029A0FA920005A81FFF7A3F8011E17
:10DD700000D07FE72000FFF783FA002801D10123BC
:10DD8000A3800023994620E6002335E719000A9A6C
:10DD9000039801F061FCEAE611A915A8FFF78AF8DB
:10DDA000002827D1594615A8FFF7B2F90EAB159CEC
:10DDB0005E8C002800D06EE70FA90123080015AA89
:10DDC000FFF71CFB0F9B9A460EAB5B890293002862
:10DDD00006D12B68013B2B6098E70D9B0293A2E7CD
:10DDE000A34681460696F0E519005046099A01F0CF
:10DDF00033FCAFE7159B9B4639E7C04601000100A5
:10DE000030B5DD171C005B196B400125E41785B0A8
:10DE1000AC430193013402AB9C8001ACDD800294E1
:10DE2000FFF75CFD05B030BDF0B54746CE46002398
:10DE300080B5244E85B00400884601AF100002A9C9
:10DE40001500019303960297FFF7CCF9002834DB05
:10DE50002B00424621000020FFF740FD81460028AC
:10DE600023D1804607E001232A0021002000FFF78C
:10DE7000C5FA00281FD14346200002A9019303964A
:10DE80000297FFF7AFF90028EDDB08E001232A0035
:10DE9000210020005B42FFF7B1FA00280BD12900D6
:10DEA0002000FFF79FF90028F0DA484605B0C0BC13
:10DEB000B946B046F0BD8146F7E70A235B42994672
:10DEC000F3E7C04601000100F0B5DE464E46454688
:10DED0005746E0B58DB005930023169C9B460993E9
:10DEE0009A4B060004910B93200009AB0AA9150078
:10DEF0000A93FFF777F9002800DC12E1012223687A
:10DF000092461B68134200D10BE128000AA9FFF7D3
:10DF100069F9002800DA04E1E9882868802701F01F
:10DF200023FABF01B84200D9FBE0E188206801F084
:10DF30001BFAB84200D9F4E0E988002900D171E069
:10DF4000E08802F07BF80421070008F0B9FA814666
:10DF5000002800D16CE05B460A9353460B93BB004C
:10DF60009846179B002B00D175E0179B1B68002B70
:10DF700036D0E1881798FEF7A9FE002840D1179AFD
:10DF80000AAB03CA03C330000499FEF793FF0028CD
:10DF900036D1012321003000B380FFF723F9002898
:10DFA00006DB220031003000FFF73EFF071E07D1DD
:10DFB0003000E188FEF78AFE071E60D010277F42FE
:10DFC0004146484608F0A2FA179B002B1ED10A983A
:10DFD00000281FD004ABD98B890008F097FA19E00C
:10DFE00021000AA801F06AFF071E2FD1179B0AAA79
:10DFF00003CA03C330000499FEF75CFF0028C8D0B1
:10E0000041464846102708F081FA7F42179B1B685B
:10E01000002BDCD038000DB0F0BCBB46B246A946A0
:10E02000A046F0BD30000131FEF750FE071E02D0C1
:10E0300010277F42EEE7F288002192003068E4F773
:10E040006DFE524633681A60B280E3E741464846A7
:10E0500008F05CFADAE721000AA801F02FFF071E9A
:10E0600062D130000499FEF725FF002800D190E727
:10E0700010274146484608F049FA7F42A7E7206842
:10E0800001F056FD49468346E388306822680291D4
:10E090000A99019159460091010002F01DF8236888
:10E0A0002A689A46E38806920793294B30689C4673
:10E0B000059BEA880A9963453BD04B460393069B30
:10E0C00002910192009352460100079B01F0BEFFAE
:10E0D00049463068E3882268019159460091010061
:10E0E00002F008F8049B04229B5E013300D067E72E
:10E0F0002B681B68DB0700D462E7F188306801F009
:10E10000DBFF002302220340C043104018430138C4
:10E11000B0800123320021003000FFF76FF90700C3
:10E120004EE704277F4275E74146484608F0EEF97E
:10E130004DE74B460393069B029101920093524692
:10E140000100079B01F092FFC2E7C04601000100F9
:10E150002A2A2A2AF0B54546DE4657464E46E0B5FD
:10E160009FB00693012305920EAA9383938418AA65
:10E17000938090460EAA9386924A12AD1D9211AAE0
:10E180001C92002204900A911193010012921393A1
:10E190002800023B1CAAFFF731F9129BE988061EF2
:10E1A0009A4602910ED0002B04D0029B5046990053
:10E1B00008F0ACF930001FB0F0BCBB46B246A9462F
:10E1C000A046F0BD002900D187E100241A0003E039
:10E1D00001348C4200D3EAE0A300D358002BF7D0DF
:10E1E00018009246E3F7ACFE640123180E93002357
:10E1F0000EAA290014A81493D383FEF75BFE149B88
:10E2000008930EABDB8B0C93002800D09BE1002B16
:10E2100000D075E10A9B002B00D18CE10027002380
:10E22000D346B9460D9309930B9307930F9320237D
:10E230009A46049BDE88B3000393002E00D1A7E02A
:10E240003C00BE4200D19AE04B46002B03D048462A
:10E25000B90008F05BF90023310018934046013300
:10E260001993FEF733FD189B99464346DF883C001F
:10E27000002800D05AE1069B390000934846059BD0
:10E28000039A01F037FE002800D021E12100484622
:10E2900001F06AF802990600584601F065F8B042AC
:10E2A0000ED20122484B01389C467B1E5B01C01AEE
:10E2B000524282406444A4004C4423689343236048
:10E2C00001235B429C46E2445346002B00D1D2E03E
:10E2D0004B4618934346DF805B462B60029B290028
:10E2E0004046EB80FEF77EFF0028A2DA0123354C82
:10E2F0001193404611AB1CA91D941C93FEF772FFAD
:10E30000002896DD089B0C9A14930EABDA83099BC8
:10E310000D9A1A930EABDA861AAB0193049B414611
:10E3200000934046002314AAFFF7CEFD189B9946A0
:10E330004346DF881A9B09930EABDB8E0D930028B2
:10E3400000D0C5E029004046FEF74CFF00280AD067
:10E350000123404611931CA911AB1D941C93FEF799
:10E3600041FF002826D10F9B0A9A01330F939A424E
:10E3700000D05CE73C00DA464F46002680E0BA0059
:10E3800000214846E4F7CAFC434601229A8072E71E
:10E390004B46002B03D04846B90008F0B7F8434677
:10E3A00001229A8000230024994600276EE79246B6
:10E3B0000E931CE701239A460E9B0126012B31D8B0
:10E3C0003EE0C04601000100FFFFFF3F079B0B9AA4
:10E3D00016930EABDA844146424616A8FFF780F842
:10E3E000169B07930EABDB8C0B93002800D09CE0B0
:10E3F0004046049A16A9FFF717FD189B9946434615
:10E40000DF88002864D15346404611931CA911AB04
:10E410001D941C93FEF7E6FE002811D00E9B0136DA
:10E420009E420DD04B4618934346DF805B462B60DF
:10E43000029B29004046EB80FEF7D4FE0028C5D1A0
:10E440004B4618934346DF805B462B60029B2900B6
:10E450004046EB80FEF7C6FE00280CD10123119345
:10E46000584B40461D931CA911AB1C93FEF7BAFEF6
:10E47000002800D077E70E263C00DA464F46764269
:10E480005346002B04D0029B5046990008F03EF8FA
:10E49000089B002B04D00C9B0898990008F036F8D4
:10E4A000079B002B04D00B9B0798990008F02EF8CF
:10E4B000002F03D03800A10008F028F8099B002B9A
:10E4C00000D177E60D9B0998990008F01FF871E6D6
:10E4D0003C00DA464F460600D2E7029B0EAA29000E
:10E4E00014A81493D383FEF7E5FC149B08930EAB9A
:10E4F000DB8B0C93002838D100220E92002B04D025
:10E500000E9A0C99089801F0A7F80A9B002B00D0EE
:10E5100084E65346002B35D10898002800D149E6FF
:10E520000C9B990007F0F2FF44E63C001026DA4607
:10E530004F467642A4E70024002600270B930D9354
:10E54000099307939FE7029B5046990007F0DEFF6F
:10E55000089B002B27D00023002700240B931026B4
:10E5600009930D930793764295E75346002B1DD1EF
:10E570000898002817D010260C9B7642990007F0C7
:10E58000C5FF17E6029B5046990007F0BFFF089BA6
:10E59000002B00D10EE600231F001C000B930993F3
:10E5A0000D93079377E71026764203E60021504645
:10E5B00007F0ACFF089B002BF5D000231F001C00C8
:10E5C0000B93CCE701000100F8B5CE4647468146E3
:10E5D00080B516000F00002A36D038DB012A29D07A
:10E5E000CD88002D26D00B689846022A24D0194BDE
:10E5F00000219C466544AD0045442C680904200C6C
:10E6000008433100E3F7CAFC20040904000C084366
:10E610003100E3F7C3FC2B00043D9845EDD1042203
:10E62000BB5E002B0CDB4B4600201960C0BCB9461A
:10E63000B046F8BD0021F6E7196801231940F2E75A
:10E640000029F0D0711AEEE70C204042EEE70A20D4
:10E650004042EBE7FFFFFF3FF0B557464E464546C9
:10E66000DE46E0B51D008BB08B1E06000F00029247
:10E670000E2B00D9EDE0C188006800F075FE032F75
:10E6800069DC012304309843854200D2E4E004228F
:10E69000B35E013300D1D5E0029B0193002306ACA9
:10E6A00006933100013320000793FEF703FC069B1D
:10E6B0009A46E3889946002800D0A6E00422A35E8B
:10E6C0009B46013301D101239B46019A2B009446BE
:10E6D00063441E0003930FE03033DBB2337000233A
:10E6E0000593604B20000993434608A90893FEF761
:10E6F00079FD002800D18EE0019B9E4200D187E089
:10E70000534623605B46A3804B463A00210004A891
:10E71000E380FFF759FF051E67D1524B2200099392
:10E7200005AB08939846002108AB20000597FFF73A
:10E73000D5F8236805009A460422A35E9B46E38829
:10E740009946002851D1049A013ED3B2092AC3D96F
:10E750003733DBB2C2E7102F01D0400891E7012325
:10E76000800804309843A84200D975E00422B35EC3
:10E7700001335AD00298F38800259C46002B59D0CB
:10E78000FF239846384B9A460F2399466346182133
:10E790009F00043F1C1D33684246DB59CB401A40A2
:10E7A000154301D1022C09D155461211AA5C027001
:10E7B0004A461340EB5C01254370023008390B00D8
:10E7C000013C0833E7D101235B429B46DC446346AE
:10E7D000002BDBD1002399469A46002300250370C5
:10E7E000029B0130C01A149B18605346002B04D0C2
:10E7F0004B465046990007F089FE28000BB0F0BC4C
:10E80000BB46B246A946A046F0BD10256D42ECE7D6
:10E8100008256D42E9E7039B019D9C1B2200310006
:10E8200028001AF00FF92819D7E72D23029A501C57
:10E830001370A0E70370029B0130C01A149B0025DF
:10E840001860DAE7029A013D531C01932D231370DF
:10E8500024E704256D42D0E70825149B6D4218601B
:10E86000CBE7C04601000100F0BD0510F0B503681C
:10E8700006001B6885B0DB0729D5164C0325270049
:10E88000A73707E0009B002B0DD023780134ED184B
:10E89000BC4206D02A0031006846FFF795FE0028EA
:10E8A000F0D005B0F0BDEA17AB1853400193012337
:10E8B000ED1702A99D43CB80300001AB01350293D7
:10E8C0008D80FEF78FFC03000120002BE9D00E2085
:10E8D0004042E6E780FC051010B582B0049C00932E
:10E8E00001940023FFF7F0FA02B010BD10B582B01A
:10E8F000049C00930194024BFFF7E6FA02B010BDAE
:10E900002A2A2A2AF0B54F464646D6461C000B0056
:10E91000C0B516005A1E934104339946002388B0AF
:10E92000049305935B4B07000D000793300005AB84
:10E9300006A90693FEF756FC002800DA8AE02100BB
:10E940003000FEF74FFC002800DD83E0E3889846A6
:10E95000002B00D17EE022680123126811001940CB
:10E960008A461A4200D175E0002D00D170E02000E7
:10E9700006A90593FEF736FC002800D16AE0A642FE
:10E9800000D167E0A54265D0BC4263D00023069366
:10E9900001330793002F66D041463800FEF796F901
:10E9A000804600283ED1E188002D33D02800FEF7B4
:10E9B0008DF9002836D1E0884946800007F080FDB7
:10E9C000814600282ED029683268E388F088002A22
:10E9D00044D08246984244D24E463868029601930B
:10E9E00023680093534601F095FB0123BB80FA880E
:10E9F000E088002D39D0AB80824241D8EA8882423B
:10EA000014D98300121A286800219200C018E4F774
:10EA100085F90BE08800494607F052FD0021814648
:10EA20000028D1D100239946103B9846069800282B
:10EA300004D06B46D98B890007F068FD484607F083
:10EA400047FD404608B0E0BCBA46B146A846F0BD16
:10EA5000A6429BD104235B429846F2E704AA98425F
:10EA6000BAD39A46B8E706AF96E78242DED93B684A
:10EA7000121A8000002192001818E4F74FF9D5E728
:10EA80008300121A386800219200C018E4F746F992
:10EA9000E088B3E701000100F0B54E46DE46574678
:10EAA00045460124E0B587B004AB9C80994600231D
:10EAB000019002A8029316000394FEF7FBF902AB43
:10EAC000029FDD88002800D0C2E04B463100D8808C
:10EAD00004904846FEF7EEF9049B98464B46DE88C4
:10EAE000002872D19C806B46311C9C81002E70D016
:10EAF00089B202A8FEF7EAF802AB029FDD8800287F
:10EB000063D129004846FEF7E1F8049B009098463F
:10EB10004B460400DE88002857D12900380001F058
:10EB2000CBFA2300984200D170E03100404601F05A
:10EB3000C3FA009B98424ED00024002D03D180E000
:10EB40000134A5426BD9A300FB58002BF8D0180064
:10EB50006401E3F7F5F9A3468344002E00D181E078
:10EB60000024424602E00134A6425AD9A300D358F9
:10EB7000002BF8D09A469046002D5CD15046640197
:10EB8000E3F7DEF9A246824452463100404600F0E7
:10EB900063FD2A003900404600F028FC2A000300EB
:10EBA0004146380000F06EFC4B460021019802AA55
:10EBB000FFF7A8FE002830D15146594500D95946E3
:10EBC0000198FEF7A5FA00280BD010235B420093B2
:10EBD00007E001218CE7019802A9FEF76BF90028F4
:10EBE000F3D1002F03D03800A90007F08FFC434673
:10EBF000002B03D04046B10007F088FC009807B016
:10EC0000F0BCBB46B246A946A046F0BD49460198B5
:10EC1000FEF750F90028E4D0D7E70090E1E79B46E3
:10EC20009BE79A469046002DAED05A462900380000
:10EC300000F012FDA8E75A462900380000F00CFD4C
:10EC40009CE700239B46002E00D089E79A46A0E768
:10EC5000002F03D03800A90007F058FC10235B42B6
:10EC60000093CBE75A462900380000F0F5FC00235A
:10EC70009A468EE7F0B50D0003212940C646984616
:10EC80004B1E99410C0000B5A90882B0611806001E
:10EC90001700FEF7A7F800280DD1002D07D0434636
:10ECA000F18830682A0000933B0001F023F902B09C
:10ECB00080BCB846F0BD10204042F8E7F0B5070030
:10ECC0000C0015001E0087B000291BDB104B0391C0
:10ECD0000593100003AB04A90493FEF783FA002800
:10ECE00010DD3800E988FEF77DF800280DD10C9979
:10ECF000FB882A68386801910096210001F036F9F6
:10ED000007B0F0BD04204042FAE710204042F7E788
:10ED100001000100F0B5D6464F464646C0B588B062
:10ED200001276B469F820023060002A8150002936C
:10ED30000397FFF779F8041E0ED00298002804D03C
:10ED40006B46D989890007F0E1FB200008B0E0BCE0
:10ED5000BA46B146A846F0BD6B4602AAD8820490D6
:10ED60002B00110004A8FFF7CDFD049B040098467A
:10ED70006B46DD8A029B9A466B46DB8999460028E2
:10ED800010D1134B06A9079304A801AB0197069372
:10ED9000FEF728FA002815D1300002A9FEF78AF8FC
:10EDA000041E12D15346002B04D04B465046990006
:10EDB00007F0ACFB4346002BC7D04046A90007F044
:10EDC000A5FBC2E70E246442ECE710246442E9E7A5
:10EDD00001000100F0B54E464546DE465746E0B517
:10EDE0008DB008AB984601239946170043464A4622
:10EDF0009A80002306AD029007920E000A002800B8
:10EE000039000693FFF710F8041E0ED0069800286C
:10EE100003D0E988890007F079FB20000DB0F0BC31
:10EE2000BB46B246A946A046F0BD43460890D880EE
:10EE30002A00330029004046FFF764FD089B0400C8
:10EE40009A464346DB880193069B9B46EB880393D7
:10EE5000002825D14B462B4C0593404605AB0AA90B
:10EE60000B940A93FEF7BEF9002841D13A0029001D
:10EE70002800FEF735FB00283DD14B46059305AB36
:10EE80000A93012329005B4228000AAA0B94FEF78B
:10EE9000B5FA069B04009B46EB880393002810D02C
:10EEA0005B46002B04D0039B5846990007F02EFBCD
:10EEB0005346002BB1D0019B5046990007F026FB2A
:10EEC000ABE733002A0000214046FEF707FD089B10
:10EED00004009A464346DB8801930028E0D10123D1
:10EEE0004246390002985B42FEF788FA0400D7E7F1
:10EEF0000E246442D4E71024069B64429B46EB88B0
:10EF00000393CDE701000100F0B546464F46D646D3
:10EF10000123C0B586B0984602933B4B06000D0016
:10EF200002AF100004A9140005930497FEF75AF9E4
:10EF3000002862DDE388002B04D0424623681B686A
:10EF4000134253D1EB88002B40D001222B6890460E
:10EF50001B6813423AD00023290003923800220094
:10EF60000293FEF761FF029B05009A46FB889946D3
:10EF700000281CD143460193234B3800059304A974
:10EF800001AB0493FEF72EF9002839DB21D10121D2
:10EF90003000FDF79BFE051E25D1F288002192006E
:10EFA0003068E3F7BBFE424633681A60B2805346CE
:10EFB000002B04D04B465046990007F0A7FA2800D2
:10EFC00006B0E0BCBA46B146A846F0BD0E256D427B
:10EFD000F5E7220039003000FFF7FCFE534605003C
:10EFE000002BE7D1EBE710256D42E0E72900220076
:10EFF0003000FFF78FFE0500E1E704256D42DEE7F4
:10F000000E256D42D3E7C04601000100F0B5C646AB
:10F01000012500B586B002ACA5801F00C3888846D4
:10F02000E380036804A9029300230193174B200097
:10F03000059301AB16000493FEF7D4F8002822D004
:10F04000200004A90195FEF7CDF800281BD002236B
:10F05000200004A90193FEF7C5F8002808D020007D
:10F06000FFF704FC002807D0431E0343DB171840BA
:10F0700006B080BCB846F0BD3B00320041462000DF
:10F08000FFF768F8F4E70E204042F1E701000100C5
:10F09000F0B557464546DE464E46E0B50F009A4667
:10F0A0008DB09A4B11000492FA1E05009A4200D9C5
:10F0B00028E100230893013309931E333B405A1E75
:10F0C00093417A099B180A00920755D40221904A6D
:10F0D0000291974205D88F4A01310291974200D898
:10F0E000DAE09E005B010393DB1B05930123B2086A
:10F0F0009146321F9846140049462800FDF772FEDB
:10F10000002800D0F3E0002E09D0169BE98828687B
:10F1100032000093534600F0EDFE00281BD1286812
:10F120007D4A03599342E7D9039B9F4202D2E98863
:10F1300000294DD14246036804991A4302604246B1
:10F140000A4251D1169B524628000299FFF75EFFF2
:10F1500003000E33D0D0040008AE0898002803D076
:10F16000F188890007F0D2F920000DB0F0BCBB4651
:10F17000B246A946A046F0BD0421684A02919742D2
:10F18000AFD8674A013102919742AAD80131953A26
:10F1900002919742A5D25F4A013102919742A0D8CD
:10F1A000604A0131029197429BD80531F93A0291A8
:10F1B000974296D2D93AFF3A0292F92F00D990E7B6
:10F1C00017320292952F00D88BE70B3A029288E70C
:10F1D000059A00F041FA42462868049903681A43E8
:10F1E000026042460A42ADD0032213430360290065
:10F1F00006A8FFF7E9F9041E77D1069B002B66D01D
:10F20000012B7DD008AE29003000FDF753FE002809
:10F210006ED1F18800296ED10C239946424B544699
:10F2200098461DE003000E3334D14B460793434606
:10F2300007AF0B932900012328000AAA0A97FEF7BB
:10F24000DDF8002826D106230793434631000B93AF
:10F25000300001230AAA0A97FEF7D0F8002819D136
:10F260002800FFF703FB0028DCD13000FFF7FEFA8F
:10F270000028D7D122002800169B0299FEF76AFFCA
:10F280000028CFD122003000169B0299FEF762FFC2
:10F290000028C7D1040060E7244A01310291974257
:10F2A00000D91EE72C3A0431FF3A0291974200D36D
:10F2B00017E7533AFF3A0292F92F00D911E70F32BC
:10F2C0000292952F00D80CE7093A029209E7083319
:10F2D0000793154B29000B9307AB0A9328000123D2
:10F2E0000AAAFEF78BF8041E8CD008AE35E708AEEC
:10F2F0001024644231E70122089800F0ADF98BE751
:10F300000333E5E7042464422EE7C046FD1F0000F6
:10F31000130500005103000033F304B5A9050000F4
:10F320007D040000ED0200000100010089020000E0
:10F33000F0B5002A12D000271E0004680D68354081
:10F34000F64326402E4340C01D000E682C40ED437E
:10F3500035402543013720C19742EDD1F0BDC0466D
:10F3600010B5E2F7E7FD10BD020010B54C1E02D546
:10F370000BE0013C08D3A300D0580028F9D0E2F7F5
:10F38000D9FD01346401201A10BD0020FCE7C046FD
:10F3900000290ED0074BCB189B00C318984208D801
:10F3A0001968026809BA12BA02C0043B5A6098424E
:10F3B000F6D97047FFFFFF3F70B50B681C00444053
:10F3C0001B1AA34320400343DB170025D843012A1F
:10F3D00009D90124A300CB585E423343DB17013423
:10F3E0001D43A242F6D1284370BDC046F0B5CE46BB
:10F3F0004746002584468846A94680B52B002E0046
:10F40000002A22D0134BD118890043465C5863462A
:10F410005B5825001F0028007840ED1B85430740FE
:10F420003D43ED1735431E0066401B1BB34334407C
:10F430002343DB171C004846AC4320432B43013ACF
:10F4400081461E000439002ADFD14846C0BCB946B7
:10F45000B046F0BDFFFFFF3F8C46F0B5884210D0AC
:10F46000002A0ED00025002764461E004159645929
:10F470003440F6430E402643013746510435BA4224
:10F48000F2D1F0BD10B5884201D0FFF751FF10BD99
:10F49000F0B51E0003233340C64690465A1E9341E2
:10F4A000B2089B18070000B58B421ED8002818D060
:10F4B0008A000021E3F732FC002E12D00323002142
:10F4C0009C4618200C0063469C434346CA005B5C84
:10F4D000024093403C19256801311D4325608E424E
:10F4E000F0D1002080BCB846F0BD08204042F9E7CA
:10F4F000F8B5050003201E001840431E9841B308CC
:10F50000C0181700884220D8002901D10020F8BD7A
:10F510008C00220000212800E3F700FC002E0DD112
:10F52000043C2A199542F1D811682B6809BA1BBA14
:10F5300002C5043A53609542F6D9E7E7A01B3200B2
:10F5400039002818E3F7F0FBEAE708204042DEE73D
:10F55000F8B5CE464746994680B5890017009942CE
:10F5600015D337D9FF221C009046032302E0013453
:10F57000A1422AD022001E009A4385582640F60058
:10F58000F54042462A42F2D00820404212E08C4622
:10F59000002913D000240322250016009543455965
:10F5A0002640F600F5403D5501346445F4D3494505
:10F5B00004D30020C0BCB946B046F8BD4B4678180D
:10F5C0005A1A0021E3F7AAFBF3E74B46002BF0D0D1
:10F5D000CC46DFE79C46002BDCD1EAE7F0B5C64617
:10F5E000060010008A00904600B59A4216D3FF210B
:10F5F0001C0003228C46984503D816E00134A04530
:10F6000013D021001700914375582740FF00FD409B
:10F6100061462942F2D00820404219E09A1A841823
:10F620000021E3F77BFB20004346002B0FD0013B7A
:10F63000C41821000325631A1A00AA43B2582B40AC
:10F64000DB00DA400B000A7001399842F3D1002048
:10F6500080BCB846F0BDC046F8B51F250C000600BA
:10F6600051091540A14231D82ED01F2A15D90022A8
:10F67000671A890043184942186801325850043308
:10F68000BA42F9D3BC4233D97B1C04229C4227D214
:10F69000B80000213018E3F741FB002D13D0002CF7
:10F6A00011D020270022144B7F1BE118890071180C
:10F6B0000B6814001A00EB40234308000B60BA40AB
:10F6C0000439B042F4D1F8BD002D05D0002130003E
:10F6D000A200E3F723FBF6E71F2AF4D90027D3E7BC
:10F6E000E21BB800002192003018E3F717FBD4E7C3
:10F6F000002DD6D1E7E7C046FFFFFF3FF8B51F2436
:10F7000006000F00550914401F2A15D98D422AD230
:10F71000174B021FCB189B00C318A900A80089181B
:10F7200040421A58043B5A609942FAD12A000021FB
:10F7300030009200E3F7F2FA002C13D0BD4211D250
:10F7400020231B1B9C460021AA00BF00B218F619FB
:10F75000136808001900A3406546034308C2E94046
:10F76000B242F5D1F8BD0029FCD00A00DFE7C0465F
:10F77000FFFFFF3FF0B50700002B13D09B009C4616
:10F78000002600208C59955920182B18A042A4411E
:10F79000AB42AD4164426D42BB5104362819B445B9
:10F7A000F0D1F0BD0020FCE7F0B50700584203435C
:10F7B000DB17002A14D09200944600260020BD5981
:10F7C0008C5928181C400219A842AD41A242A441FC
:10F7D0006D426442BA5104366019B445EFD1F0BDB0
:10F7E0000020FCE7F0B50700002B13D09B009C46DF
:10F7F000002500204C5953598442B641241A9C429A
:10F800008041E41A764240427C5104358019AC456F
:10F81000F0D1F0BD0020FCE7F0B5DE4657464E467D
:10F820004546E0B585B000920022019003920A009F
:10F83000994200D91A008B1A07219C46D30811401F
:10F840005A1E8B469246002B01D1F8E09A4600984A
:10F850000199039A0E9B1C0CA1461C04240CA04683
:10F8600040C8370C3604360C444674434B465E435E
:10F870004D467D4343465F43330CED183B0CED187A
:10F88000A418002255413304E41855413B04E41800
:10F8900055410B68E4186A4110C140C8370C360462
:10F8A000360C444674434B465E434D467D434346C7
:10F8B0005F43330CED183B0CED18A41800225541A2
:10F8C0003304E41855413B04E41855410B68E4182F
:10F8D0006A4110C140C8370C3604360C44467443A4
:10F8E0004B465E434D467D4343465F43330CED1824
:10F8F0003B0CED18A418002255413304E41855417F
:10F900003B04E41855410B68E4186A4110C140C833
:10F91000370C3604360C444674434B465E434D4622
:10F920007D4343465F43330CED183B0CED18A418A0
:10F93000002255413304E41855413B04E418554175
:10F940000B68E4186A4110C140C8370C3604360C05
:10F95000444674434B465E434D467D4343465F43B6
:10F96000330CED183B0CED18A4180022554133045C
:10F97000E41855413B04E41855410B68E4186A410A
:10F9800010C140C8370C3604360C444674434B460D
:10F990005E434D467D4343465F43330CED183B0CBD
:10F9A000ED18A418002255413304E41855413B04D6
:10F9B000E41855410B68E4186A4110C140C8370C7F
:10F9C0003604360C444674434B465E434D467D43F5
:10F9D00043465F43330CED183B0CED18A41800228E
:10F9E00055413304E41855413B04E41855410B6874
:10F9F000E4186A4110C140C8370C3604360C44463E
:10FA000074434B465E434D467D4343465F43330C50
:10FA1000ED183B0CED18A418002255413304E418EE
:10FA200055413B04E41855410B68E4186A4110C184
:10FA30000392019100905346013B00D306E7012356
:10FA40005B425B449A465B46002B01D12CE09A4610
:10FA500000980199039A0E9B1C0CA1461C04240CCF
:10FA6000A04640C8370C3604360C444674434B4617
:10FA70005E434D467D4343465F43330CED183B0CDC
:10FA8000ED18A418002255413304E41855413B04F5
:10FA9000E41855410B68E4186A4110C103920191C2
:10FAA00000905346013BD2D2634662460398013B25
:10FAB000002A0AD0019A1168401801C203998842AD
:10FAC000804140420390013BF5D205B0F0BCBB46FB
:10FAD000B246A946A046F0BDF0B54F464646D646CA
:10FAE000C0B582B098460A9B16009946D2180F00FE
:10FAF000920000210500E3F711F94B46002B10D0CE
:10FB0000731C9A4600244246A300D05851460090E8
:10FB1000330028003A000134FFF77EFE0435A1458A
:10FB2000F1D102B0E0BCBA46B146A846F0BDC0462D
:10FB3000082203680220991C49000A40D2181100CB
:10FB40005943411A51431A004A43821A4A435343C4
:10FB5000181A50437047C046F0B55746DE46454632
:10FB60004E46E0B585B00F9F9046FA008A46039056
:10FB70000021119804329B46E3F7D0F8002F60D0A3
:10FB8000BB1C0F971F000F9B00259946119E5246E4
:10FB9000AB00D3584246146832685C43A418109AEC
:10FBA000390054433000424600935B46FFF734FE71
:10FBB0004B46300039000E9A0094FFF72DFE2B00C3
:10FBC00001350436A945E2D1119A4F4694460425E1
:10FBD000BF009B0063443E1D6D421A1DED1AF618CE
:10FBE0000E9BD0599C46039BAC44984645442B0041
:10FBF00014006546119284460022B8461800236816
:10FC00002F59934289419B1ABB429241DB1B4942C7
:10FC10005242035104345218A642F0D1604647467E
:10FC2000504043421843C0170023119A039900978C
:10FC300001F038F905B0F0BCBB46B246A946A04673
:10FC4000F0BD119B1868ECE7F0B5DE464E46454620
:10FC50005746E0B58DB01D000792974B189A834622
:10FC60000E009A4200D105E10027179B5B014F2B44
:10FC700000D9FAE002230B93013B0A932C000A9B64
:10FC800008229C401A9BA4009C46AB006444984602
:10FC900023000799434408930B68991C49000A40C4
:10FCA0009A18100002215843081A42431000584382
:10FCB000081A424353435B1A5343604642460021AD
:10FCC0000993E3F72BF801231A98089A0360079920
:10FCD000099B03920293199A2B0000910195010050
:10FCE000FFF73AFF1A9B31004344180042469A46F8
:10FCF000E3F71AF8062399460B9B5646022B18D0B9
:10FD00004B46B9464746A0461C00089B310003936A
:10FD1000099BF6190293079B5246009330002B0073
:10FD20000195013CFFF718FF002CEED14446B84680
:10FD30004F46424658461A99E2F7F6FF0023C2465C
:10FD400099469846089B5A460393099B5946029345
:10FD5000079B5846009301952B00FFF7FDFE0123FA
:10FD60009C464346E1445E00002F0DD1179B169A36
:10FD7000013B17939B009B58DB0F334398460A9B2C
:10FD80004B4569D01F37DDE7179B169A9B009B58A0
:10FD9000013FFB4001221340334398460A9B4B45E9
:10FDA00004D0002FCED1179B002BCBD10023424A89
:10FDB0009946189B1A9E934244D053460B9AAC46E0
:10FDC000069335003B004F4691463E004246564062
:10FDD00072421643F617A54216D06246002A13D087
:10FDE000F6439A4600220020330005971F00A658CC
:10FDF000A9583940FF4337400F430130A750043220
:10FE00008445F3D15346059F069A013792465544DF
:10FE10004F45DAD11F006546089B22000393099BDA
:10FE200059460293079B5846009301952B00FFF714
:10FE300093FE002F02D1179B002B0FD00023984672
:10FE400099467FE7534646465E431A9B524620003A
:10FE50009919E2F769FFDFE71F27A7E70DB0F0BCAC
:10FE6000BB46B246A946A046F0BD08230B93053B0E
:10FE70000A9303E7179B5C1E1AD4169A01E0013C13
:10FE800013D3A300D358002BF9D018001793E2F72F
:10FE900051F801346401231A844200D101231F2741
:10FEA0005A091F4017925301E1E601271793E1E633
:10FEB000002301271793DDE62A2A2A2A70B50D00B0
:10FEC00001210400FDF750F8002800D070BDE9883A
:10FED00020008901FDF71CF90028F7D12A00210034
:10FEE0002000FDF7A1FF0028F0D12000E988FCF7F1
:10FEF000A7FFEBE7F0B54F464646D646C0B503260A
:10FF000016409A46731E9E419308F618B400A31A31
:10FF100005000F00904699468E4224D81A00002111
:10FF2000E2F7FCFEBA1B002192002819E2F7F6FE68
:10FF30004B4642460898E918D04700280ED1002EBB
:10FF40000CD0043C2C19A54208D821682A6809BAAB
:10FF500012BA02C5043C6260A542F6D9E0BCBA46BA
:10FF6000B146A846F0BD04204042F7E7F0B5574639
:10FF70004546DE464E461C000123E0B58A46050094
:10FF8000904685B05B420023661E02D551E0013EDB
:10FF900046D3B300D358002BF9D018009046E1F7B0
:10FFA000C9FF01367601301AC21D1E27D308272A41
:10FFB00039D907219B4653468A43121A9146BA46BD
:10FFC00003931AE04A4621002800FFF745FB01236E
:10FFD0005B429C46E2445346002B26D02200290077
:10FFE0000398FFF7E9F92200070041462800FFF7D0
:10FFF000FDF933003840834209D10F9B5A460093E4
:020000041004E6
:10000000210028000E9BFFF775FF061EDAD0B346CD
:10001000584605B0F0BCBB46B246A946A046F0BD66
:10002000904600200722FA27C3E70E235B429B4637
:10003000EEE7002000230722FA27BAE7052349014B
:100040004F2900D9063358430130704710B586B0A8
:100050000B9C04940A9C039400240294099C019430
:10006000089C0094FFF7F0FD06B010BD10B586B0F7
:100070000B9C04940A9C0394044C0294099C0194E4
:10008000089C0094FFF7E0FD06B010BD2A2A2A2A3A
:10009000F0B50700002B0CD0100000249B000D5978
:1000A0002E1AB542AD413E5104346842A342F6D106
:1000B000F0BD1000FCE7C04600290BD0890003000A
:1000C0004118002004CB10438B42FBD1434218431C
:1000D000C01770470020F9E710B584B0089C009263
:1000E0000394069C079A02940193FFF735FD04B030
:1000F00010BDC04610B5012486B00594099C01933B
:100100000394089C00920123029405AAFFF724FDA2
:1001100006B010BDF0B557464E464546DE46E0B542
:100120008BB001911100169A159D9246AA00904637
:1001300057464744BE186A00521992000792424639
:100140008346A946B4189D4200D9994648464B4675
:1001500082001000EB1A9B000293019B5044049014
:10016000002B00D1F6E1A446C444634650460393F5
:10017000E2F7DAFD0021029A0498E2F7CFFD149B22
:100180009B4504D0424658461499E2F7CDFD4246BD
:1001900000210198E2F7C2FD424600210398E2F7F0
:1001A000BDFD0123039A13604B46EB185B010893D6
:1001B00000D194E14346043BE318069300230593E2
:1001C000534601211B680B405A421343DB175A4622
:1001D00012680A4051420A43D21719009343114052
:1001E00089460293002D00D185E0B4460021564691
:1001F0000022AA465D46C346A0466B5874589342F7
:1002000080419B1AA34292411B1B404252427B50A9
:10021000043112188B45F0D14446D846AB465546BA
:10022000B2466646424639003000E2F77DFDB245EF
:1002300016D0BC4600222F0000204D46A146534652
:100240002900B4589B580B40C94321401943013041
:10025000B15004328742F2D14C46A9463D00674670
:10026000424651462000E2F75FFDA34500D13DE143
:100270005B46BC46B3462F000022002025001E002E
:10028000AC58B35802990B40C9432140194301307F
:10029000A95004328742F3D133005E469B46079B48
:1002A0002C003D006746984517D04B46AC46B146FA
:1002B0000022002025001E003100AC58BB580B4026
:1002C000C943214019430130A95004328445F3D178
:1002D00033002C004E46654699460021AC46069AEE
:1002E0000D0013681000D9075B082B431360043A14
:1002F000A042F5D16546424631005046E2F714FD72
:10030000424621005846E2F70FFD2A005146584662
:10031000FFF76CF80490DA4505D02A00594650469C
:10032000049BFFF705F8019B002B00D1D0E0002DC6
:1003300000D1FEE01595159A454600210023A446FC
:1003400090460996039E019A745852589A428041E9
:10035000D21AA2429B41121B40425B427A500431A6
:100360001B188D42EFD14246A846099E14993800C9
:10037000644615001592FFF717FA4246390030001F
:10038000E2F7D2FC039B9E4200D1B4E0BC460022BF
:100390002F0000204D46A146039B2900B4589B58CE
:1003A0000B40C943214019430130B1500432874208
:1003B000F2D14C46424620000399A9463D006746CB
:1003C000E2F7B2FC019B9C4200D1ADE0B4460022B2
:1003D0002E00002025000997029F019B3900AC5890
:1003E0009B580B40C943214019430130A9500432A6
:1003F0008642F2D1079B2C00099F3500664698453E
:1004000015D04B46AC46B1460022002025001E0008
:100410003100AC58BB580B40C9432140194301304F
:10042000A95004328445F3D12C004E466546012282
:10043000236813405A421343DB179C4600231900DC
:1004400063461595159AB44645460020B946904630
:100450001E00149B22581B58511833405F189142BC
:1004600092419F429B4152425B422750043099186F
:100470008542EED143464F4666468946A84600214E
:100480009C46069A15930D0013681000D9075B0867
:100490002B431360043AA042F5D14B466546D90779
:1004A000069A039813680B43136031004246E2F743
:1004B0003BFC019B2100994642461800E2F734FCC0
:1004C00049460398814203D02A00049BFEF730FF7F
:1004D000059B089A01330593934200D070E60BB058
:1004E000F0BCBB46B246A946A046F0BD079B984566
:1004F00000D0DAE6F1E6424631002000E2F714FCD3
:10050000019B9C4200D061E7079B984500D078E7AB
:100510000122236813405A421343DB179C46002DE7
:1005200000D08BE70021BBE7079B984500D068E728
:100530007DE70023002238001499FFF735F9039B6B
:100540009E421AD00122236813405A421343DB17FC
:100550000021A5E75046E2F7E7FB0021029A049844
:10056000E2F7DCFB149B9B4504D0424658461499A5
:10057000E2F7DAFB0023039316E6019B9C42E1D1EC
:10058000C6E7C046002806D0002A04D01160002229
:1005900000201A6070470148FCE7C046009FFFFF3B
:1005A00030B50B4D2B68002B01D00A4830BD0A4AEC
:1005B000084814780100002C05D008320C6014782B
:1005C0000431002CF9D100230B6001332B60EDE7DF
:1005D000681100206C11002030FD0510064B010051
:1005E0005868002804D106E0D8680833002802D0F3
:1005F0001A788A42F8D1704730FD051070B5061E92
:1006000010D0094C6568002D04D109E0E568083474
:10061000002D05D03100286818F030FD0028F5D1F4
:10062000280070BD0025FBE730FD0510F0B50D4C2E
:1006300006006068002814D00B4F03E0E06808341F
:1006400000280ED07C25C3792B40FB581B78B34281
:10065000F4D145792B079B0D9942EFD12D09954295
:10066000ECD1F0BD30FD051028FD051010B540227D
:100670000021E2F753FB10BD10B5041E0ED0C06B75
:10068000002807D07C212268054BD2790A40D35834
:100690009B6998474021200005F02CFF10BDC04603
:1006A00028FD051070B505000C1E12D04022002157
:1006B000E2F734FB7C21E279084B0A40D3585B69AE
:1006C000002B03D09847E863002804D000202C605A
:1006D00070BD0348FCE70348FAE7C04628FD051053
:1006E000009FFFFF809EFFFFF8B5DCB2012C26D8EB
:1006F0000568002D23D0EC79A407A40F012C19D98B
:100700007C270372EE790F4C3E4042603459C06B37
:10071000012B0CD06B790F251E00AE43302E06D076
:100720001F25AB43402B02D02369984701E0E368C3
:100730009847F8BD6C792407A40D9442E0D0024894
:10074000F7E7C04628FD0510009FFFFF036870B55E
:100750000500002B2AD0102A26D8DC79E4070DD416
:100760001C796409A400A24220D30F205B79834343
:10077000602B09D0002C10D1002070BD0F205B79B8
:1007800014008343602BF5D108242C571300E86B29
:100790000A00210001F01CFEEFE7280022002830AB
:1007A000E2F7C2FAAC63E7E70148E6E70148E4E7AD
:1007B000809FFFFF009FFFFF0368002B03D00023F3
:1007C0004362002070470148FCE7C046009FFFFFDE
:1007D000036810B5002B0AD00F245B79A343602B6C
:1007E00003D1C06B01F084FE10BD0248FCE7024853
:1007F000FAE7C046809FFFFF009FFFFFF0B5574616
:100800004E464546DE46E0B51500026804000E007F
:100810001F0085B0002A00D1A0E000230E990B60D4
:100820001379DB06D90E8A46002B00D1DAE00F21BE
:1008300053798B439946102B6FD0602B00D1BDE0CC
:10084000BE4200D180E04B46202B00D0C8E00823F8
:10085000626AE3569146002B22D153469B1A9B466F
:10086000E368002B2ED05D4520D9002A00D07BE024
:1008700059462800E1F792FB8946002900D1A7E0FC
:100880004B462000ED1A4A4671191430E2F74CFA33
:10089000636A4B446362002D12D00821615624E044
:1008A000012B11D153469B1AAB420DD94846143047
:1008B0002A0031002018E2F737FA636A5B19636295
:1008C00000203AE05D45F1D34B46002B48D1002D86
:1008D000F6D051462800E1F761FB89460029CFD1C7
:1008E00008216156002900D174E02300283398467E
:1008F0007C23E06B24683D4AE47901971C40A258B0
:100900000096946843462A00A047002815D10E9B04
:100910000E9A1B685B1913600FE0554564D17C2467
:1009200008210E9BD2791D60304B2240D35841568E
:100930005C6832003B00C06BA04705B0F0BCBB4612
:10094000B246A946A046F0BD436A002B06D15146E7
:100950002800E1F723FB002900D174E72448ECE7E5
:1009600053464A469B1A9B46484614305A46310025
:100970002018E2F7D9F908211C4B615603937C2318
:100980002268E06BD27901971A40039BD35822006A
:10099000143200929B685246984623002833C04781
:1009A0000028CAD10E9B0E9A1B684D445344136015
:1009B0005346574460625E44ED1A88E70E9BC06B55
:1009C0002A00019331003B00009501F03FFEB4E79F
:1009D000D94655E7E368002B00D186E7D1464FE7BB
:1009E0000448AAE70448A8E70448A6E728FD05103C
:1009F000009FFFFF809FFFFF809CFFFF809DFFFF08
:100A0000F0B54746CE4680B5056804008946170014
:100A1000984685B0002D00D189E00023136042463E
:100A200013606B790F221E009643202E24D0602E77
:100A30001CD00CD93300DF22703B134216D0A02EFD
:100A400014D0AB794C3B012B10D93A480FE01F2250
:100A50009343402B0AD0302E08D0AB794C3B012B6E
:100A600004D9102EF1D1436A002B1BD1002005B010
:100A7000C0BCB946B046F0BD0369002B57D0AB7976
:100A80004C3B012BF2D908214156426A01292ED054
:100A90002B79DB06DB0E934206D0C368002B01D115
:100AA000002AE3D02448E2E706001436234BED7910
:100AB00003937C231D40039BE06BEB584D4600964F
:100AC00001959D6823002833A8470028CFD108222C
:100AD000A2562368002A1ED12469002B25D019793B
:100AE000C906C90E43463A004846A047BFE7C36857
:100AF000002BD5D00600816B1436002902D129794C
:100B000049098900300098470821256861562A79EB
:100B1000D206D20ECAE7002B04D01B79DB06DB0E0F
:100B20003B60A3E700233B60A0E70021DAE704482D
:100B30009DE7C046809FFFFF809DFFFF28FD0510B9
:100B4000009FFFFF002300B583B0019301ABFFF7C7
:100B500057FF002804D1C4230198DB01184040420C
:100B600003B000BD0368002B0ED00F225B799343C6
:100B7000202B09D1042905D10023C360034B036155
:100B8000002070470248FCE70248FAE78505041098
:100B9000809FFFFF009FFFFF10B5036884B0002B0C
:100BA00014D008240457012C10D15B790E34A343D0
:100BB000602B09D1C06B03AB019200910022002190
:100BC00001F052FE04B010BD0148FBE70148F9E70F
:100BD000809FFFFF009FFFFFF0B503680E00140029
:100BE00089B0002B0AD008228256002A06D15B79F0
:100BF0000F329343602B19D1102C03D90F4D2800CD
:100C000009B0F0BD04AFC06B002200210194009731
:100C100003AB01F029FE051EF1D12200390030009E
:100C200000F0F6F8051E03D0054D01E0054D04AFB8
:100C30002100380005F05EFCE1E7C046009FFFFFA1
:100C4000009DFFFF809FFFFF70B584B005001E0070
:100C50000A9CFFF77BFD00280CD12B68002B20D0CD
:100C6000686231002800099B089A0094FFF7C6FDCE
:100C7000002801D004B070BD2368099A0390D118F0
:100C8000280003AB02AAFFF7BBFE0028F2D12368BD
:100C9000029A03989B182360C423DB01184040424A
:100CA000E8E70148E6E7C046009FFFFFF0B5C6460B
:100CB00000B588B0149C1700109A139E1519129C49
:100CC000A54225D8119C0568A0460F246D79904453
:100CD000A543602D1AD14446C06B32600694149C23
:100CE00001930594119C0B0004940F9C0121039423
:100CF0000E9C0097029401F045FE149A33689446C6
:100D00006344336008B080BCB846F0BD0148F4E7E6
:100D10000148F7E7809FFFFF009FFFFFF0B587B016
:100D20000D00129C0E99A14224D3091B109CA142D4
:100D300020D80F270D9C661804686479BC43602C8A
:100D400016D1119CC06B21600F9C009305940D9CE3
:100D500013000494129C2A0003940C9C02960194A4
:100D600001F03EFE0300123300D1034807B0F0BD8E
:100D70000248FBE70248F9E7009DFFFF809FFFFF65
:100D8000009FFFFF10B5040001F064FE200005F095
:100D90009FFB10BDC42110B50120490005F090FB58
:100DA000041E01D001F0D8F9200010BD10B51300C9
:100DB0000A00022101F0D8F910BDC04610B50400A8
:100DC00013F060FB200005F083FB10BD8C2110B5F3
:100DD0000120490005F074FB041E01D013F04AFB0A
:100DE000200010BD10B513F087FC10BD10B513F036
:100DF00051FB10BD10B582B0059C0194049C009479
:100E000014F0EAF902B010BD10B514F0D3F910BD1A
:100E100030B5002A0BD00300821800201C780D7812
:100E200001336C40204301319342F7D130BD0020A3
:100E3000FCE7C046F0B54746CE468446884680B5B6
:100E4000002924D08B1A994600274E1E66443D0087
:100E50004B462A005A40ED1A954313401D43ED17A7
:100E60004346012B17D06246140011782B00013243
:100E700010781940DB4303400B43DBB223709642EA
:100E8000F2D1337801372B403370B845DFD1C0BC85
:100E9000B946B046F0BD63461B781D4063461D70E1
:100EA000F5E7C046F0B5040005982700FF43002B86
:100EB00010D000280DD0E4B2A4460024FFB266464C
:100EC000155D35401E5D3E4035430D550134A04251
:100ED000F5D1F0BD0B00ECE7F0B54F464646D646DF
:100EE0009C46C0B5089B61440400904699460E009C
:100EF000099F9C451CD860464346584043421843CE
:100F0000C017C0430500ED43002F0BD00021C0B235
:100F1000EDB2735C625C03402A40134363540131B9
:100F20008F42F6D101239A46D4440136E145E2D2FC
:100F3000E0BCBA46B146A846F0BDC046C043002A50
:100F400007D0C0B28A180B7803400B7001318A4277
:100F5000F9D17047F0B54E464546DE465746C023A8
:100F6000E0B5674C8146A5440D0014005B009A4231
:100F700000D9C2E0D0220021520060A8E1F7CEFEE5
:100F8000902123BA64933023FF3102AA52181370C0
:100F90002900220066A8E1F7C7FEC62302AA9446EC
:100FA00080229B00E3186344893BFF3B1A700023B7
:100FB00006A90B7001330131202BFAD11AA813F0C6
:100FC00059FA802206A952001AA813F063FA051EE6
:100FD0006ED10EAB9B469A461934019402AF102293
:100FE00000213800E1F79AFE60AB9846019E64ACA0
:100FF00039004246086808CA434008C1A242F9D1F4
:1010000010239C463300E044102E00D910233A00F0
:101010000121F61A1AA83B0014F0CCF8051E4AD19B
:101020001034002EE4D153463A0013CA13C3126899
:1010300002A91A607C2202ABFF329B181B788A1827
:101040000133137010239C461AABE2445345C6D1BA
:10105000802259461800520013F01CFA051E2AD1AE
:101060004E464C46303616AB1A0001211AA814F031
:10107000A1F8051E1FD12000102216A91034E1F797
:1010800053FEB442EFD11AA813F0FCF9D02160A8A6
:10109000490005F02FFA5846302105F02BFA06A832
:1010A000202105F027FA1021380005F023FA1AE074
:1010B0000EAB9B4602AF1AA813F0E4F9D02160A84A
:1010C000490005F017FA3021584605F013FA20219F
:1010D00006A805F00FFA1021380005F00BFA3021B0
:1010E000484605F007FA2800C9239B009D44F0BC40
:1010F000BB46B246A946A046F0BD38256D42F2E790
:10110000DCFCFFFFF0B5CE46474680B58DB004004D
:101110008946302200216846E1F700FE08232700B7
:1011200098466E462037A044637B227B1B02134304
:10113000A27B12041A43E37B1B0613431BBA013341
:101140001ABA110A22736173110C120EA173E273A1
:10115000002B1BD14246537811781B020B43917828
:1011600009041943D3781B060B431BBA013319BA80
:10117000080A11705070080C090E9070D170002B85
:1011800004D1131F944201D01A00E4E73300220077
:101190000121380014F00EF8051E16D110360CABE4
:1011A0009E42C1D16B464D461A78297801354A4096
:1011B0001A7001330CAA9A42F6D18022694638008F
:1011C000520013F067F9051E09D06846302105F07A
:1011D00091F928000DB0C0BCB946B046F0BD102250
:1011E000200008A9E1F7A0FDEFE7C046F0B54646AC
:1011F0004F46D646C0B51600C0228769040088460F
:101200001D00E0B05200974254D8D31BAB4251D3DB
:10121000531BDB1BB3424DD300216846E1F77EFD33
:101220009E235B009A46E058043B99463A00694683
:10123000E3589847002840D1A769002D0AD05346AB
:101240003900E0584B462A00E35869449847002883
:1012500033D17F194346002B01D0002E1BD13A0019
:1012600069466846FFF776FE051E0BD0C02168462A
:10127000490005F03FF9280060B0E0BCBA46B1462D
:10128000A846F0BD69462000FFF73CFF051EEDD1E2
:1012900001232361EAE73800320041466844BF1960
:1012A000E1F742FD3A0069466846FFF753FE051E26
:1012B000DCD1E7E738256D42DDE734256D42DAE71A
:1012C000A02210B5040000215200E1F727FD200004
:1012D000203013F0CFF801235B422361014BE3611F
:1012E00010BDC0461027000010B5041E0CD02030E1
:1012F00013F0C8F8A0212000490005F0FBF8034BCB
:10130000E36101235B42236110BDC046102700004A
:1013100041617047816170479C235B00C358002B7B
:1013200006D18133FF33994205D80161002070470F
:1013300034204042FBE738204042F8E7C161704763
:1013400030B5050000248DB0002A02D120000DB078
:1013500030BD6846FFF7FEFD041E04D16946280033
:10136000FFF7D0FE04003021684605F0C3F8EDE732
:1013700010B50023FFF73AFF10BDC046F0B589B0A5
:10138000040015000F002022002168461E00E1F72E
:10139000C5FC9C235B00E7500433E550A369256935
:1013A000002B14D13033A361002D17DB80222000E5
:1013B00069465200203013F06DF8002805D12B004B
:1013C000310020000E9AFFF711FF09B0F0BD002D8B
:1013D000ECDA2F2B02D801335D08E7E70025E5E7BB
:1013E000F0B54746CE461500802280B504000E00B9
:1013F0001F0091B0D200954200D98FE08022189B47
:101400005200934200D986E0D03A00216846E1F7C5
:1014100085FC2269E3699A4202DC6369002B68D08B
:10142000390000232000189AFFF7E0FE071E5AD16A
:1014300020239846183B9946A044A144002D45D04E
:10144000637B227B1B021343A27B12041A43E37BC0
:101450001B0613431BBA01331ABA110A22736173B4
:10146000110C120EA173E273002B1BD14A46537864
:1014700011781B020B43917809041943D3781B069A
:101480000B431BBA013319BA080A11705070080CCB
:10149000090E9070D170002B04D1131F944201D01B
:1014A0001A00E4E72200012140460CAB13F082FE53
:1014B000071E14D12F00102D00D9102730003A003C
:1014C0000CA9E1F731FCF619ED1BB9D169462000F2
:1014D000FFF718FE071E02D1236901332361402163
:1014E000684605F007F8380011B0C0BCB946B046F0
:1014F000F0BD189B002B9BD039001A006846FFF7FF
:1015000029FD071EEBD169462000FFF7FBFD071EF2
:1015100000D18DE7E3E738277F42E4E736277F42B3
:10152000E1E7C046002300B583B00093FFF758FF02
:1015300003B000BD70B50D000968531A012B17DD0B
:101540004C780B7824021C4364BA0231A4B229609F
:10155000521AA2420CD32200FBF7ACFD002803D1A3
:101560002B681B192B6070BD024B9C466044FAE748
:101570000148F8E700CFFFFF80CFFFFF30B50C0038
:1015800083B005006846FBF78BFB2100022268460A
:10159000FBF790FF041E05D06846FBF787FB200091
:1015A00003B030BD02212800FBF76AFE002805DBEE
:1015B00069462800FBF716FE0028EDDD004CEBE73E
:1015C00080CFFFFF10B504004830FBF76FFB200011
:1015D0004030FBF76BFB20003830FBF767FB200047
:1015E0003030FBF763FB20002830FBF75FFB200067
:1015F0002030FBF75BFB20001830FBF757FB200087
:101600001030FBF753FB20000830FBF74FFB2000A6
:10161000FBF74CFB5021200004F06CFF10BDC046CE
:10162000F0B5C64600B50D0082B0002104001600DA
:101630009846FBF725FE00283DD0002D3BDB20001F
:10164000FBF716FD270043461037A84219D9320090
:1016500029003800FDF70EFB00281ED125002300CD
:1016600021003033183500933A0023002800083158
:10167000FDF732F9002810D121002800FFF77EFF86
:101680000BE000932200330003213800FDF716FB26
:10169000002806D003000E330BD002B080BCB84641
:1016A000F0BD012239003800FBF704FF03000E33C0
:1016B000D2D10248F1E70248EFE7C04680CEFFFFF3
:1016C00080CFFFFF10B550220021E1F727FB10BDAE
:1016D00010B5FBF7C7FC10BD10B5FBF7C9FC10BD7A
:1016E00010B504001000052910D8094A8900535884
:1016F00021009F462831FBF7DDFB10BD2031FAE7C2
:101700000831F8E71031F6E71831F4E70148F4E75B
:1017100000FE051080CFFFFFF8B504000D00160095
:10172000FFF708FF002800D0F8BD20003200290094
:101730000830FFF7FFFE0028F6D1270020373200DF
:1017400029003800FFF7F6FE0028EDD1210038000F
:10175000FFF714FFE8E7C046F8B557464546DE46B2
:101760004E46E0B515001F000A9A0B9B0400FFF7D8
:1017700057FF00280BD003007F3302DB224B9C462F
:101780006044F0BCBB46B246A946A046F8BD200066
:10179000FBF76EFC08239A46A24406005046FBF76E
:1017A00067FC18239B46A34480465846FBF760FC21
:1017B00032008146A91C2000FBF7A0FC0028DAD1EA
:1017C000330A6E700236AE19424650462B70B11C79
:1017D000FBF794FC0028CED143461B0A33704346E6
:1017E00073700233F6184A465846B11CFBF786FC64
:1017F0000028C0D14B461B0A33704B46737002332E
:10180000F3185B1B3B60BCE780CEFFFF70B50400A4
:101810001500FBF74FFB002803D0064B9C466044A5
:1018200070BD200029000830FBF744FB0028F7D0EA
:10183000F3E7C04680CAFFFF70B504000E00151E16
:101840000FD0FBF715FC85420BD820002A00310091
:101850002030FBF72FFC002802D0034B9C4660444D
:1018600070BD0248FCE7C04600CEFFFF80CFFFFFFF
:10187000F8B504000E0017001D1E1ED0FBF7F8FB84
:1018800085421AD8079B31002000069AFFF7C8FE50
:101890000C4B984213D0002806D003007F3302DBA4
:1018A000094B9C466044F8BD20002A0039001830DE
:1018B000FBF724FC0028F6D0EFE70448F3E70248E2
:1018C000F1E7C04680CEFFFF80CDFFFF80CFFFFF56
:1018D000F0B557464E464546DE46E0B585B01F009A
:1018E0000E9B05000E001400002B00D1D5E0FBF785
:1018F000BFFB844200D2D0E020239846A8442900B0
:101900004046FFF73BFE041E07D0200005B0F0BCA8
:10191000BB46B246A946A046F0BD02A8FBF7C0F9F7
:1019200010232C0099464834A94421004846FBF76F
:1019300059FC00280DD020004946FBF7BBFA041ED5
:1019400000D195E002A8FBF7B1F9554B9C466444E1
:10195000DBE738239A46AA4401215046FBF790FC66
:10196000002861D10F9B2A000093032150460E9B53
:10197000FDF7A4F9041EE5D1012251465046FBF7BC
:1019800099FD041EDED140239B46AB442B005246FA
:1019900059460020FCF7B6FF041ED3D12B0030338C
:1019A00000934A462B0059465846FCF795FF041E03
:1019B000C8D15246414602A8FBF792FD041EC1D190
:1019C00002A92A000800FCF72FFA041EBAD1282326
:1019D00098462B00A844303300934A462B004046DB
:1019E00002A9FCF779FF041EACD15A464146404695
:1019F000FBF776FD041EA5D12A0041464046FCF7C0
:101A000013FA041E9ED14046FBF732FB3100020060
:101A100038604046FBF772FB040002A8FBF746F96A
:101A2000002C00D171E790E7524651465046FBF733
:101A300057FD041E00D085E72A0051465046FCF7AA
:101A4000F3F9041E00D07DE740239B46AB445A4681
:101A500059465846FBF744FD041E00D072E72A00A1
:101A600059465846FCF7E0F9041E00D06AE7A0E7A3
:101A700038239A46AA4401215046FBF775FA041E02
:101A800000D05FE740239B46AB4401215846FBF75B
:101A90006BFA041E00D055E78BE7024C35E7C046D1
:101AA00000CDFFFF80CFFFFF10B5002801D0FFF76A
:101AB00089FD10BD70B58EB005000BA80E00059213
:101AC00002F0E0FC0599002912D13100302307AA69
:101AD00008A80896FAF7ACFA041E1FD0324B0BA8E0
:101AE0009C46644402F05CFE002C41D1002444E09A
:101AF00071184B1E1B78002BE8D105A802900193AA
:101B000000932A4A33002A490BA802F0C1FC041EA4
:101B100036D10C990B9E05917118D7E7089E079B4B
:101B20002A00F618310008A8FAF712FB041ED5D1D6
:101B30002A003100083208A8FAF70AFB041ECDD1AA
:101B4000089BB34223D009A8FBF7AAF8310009AAE1
:101B500008A8FAF7FDFA040009A8FBF7A7F8002C7B
:101B6000BCD1089B0BA8B34216D002F019FE114C51
:101B7000002D02D02800FFF725FD20000EB070BD1B
:101B80000D4B98420CD00BA802F00AFEF0E70BA810
:101B900002F006FE0024F0E702F002FE0024ECE76B
:101BA0000599711892E7C04680CCFFFF70BE051002
:101BB0008CBE05101ACCFFFF80EFFFFFF0B5D646B4
:101BC0004F464646C0B505008A4690461F0092B073
:101BD000402B33D8DBB202AE514601AA5370EB68FA
:101BE00091461170002B10D10B2000F03FFF002216
:101BF0000100280000F0A4FF041E0DD1280000F011
:101C0000E9FF041E08D10123EB60022249462800A7
:101C100001F008F8041E0AD03000402104F06AFCEC
:101C2000200012B0E0BCBA46B146A846F0BD3A006A
:101C30004146280000F0F6FF0400EDE70B2002AE5D
:101C400000F014FF33003A00414601F02BF8041E67
:101C5000E2D14023B0464027BEE7C046F0B54F462C
:101C6000D6464646C0B503690700A2B0002B3EDD4C
:101C700002AB040098460023002600259946143440
:101C800004E03B69013514349D4223DA236941465F
:101C9000013B5A4253411E434B4601932368802225
:101CA0009A46606801ABD0478246002814D1019B58
:101CB000002BE6D042463800E9B2FFF77FFF00284C
:101CC0001BD1A368019A01359B18A3603B691434AA
:101CD0009D42DBDB002E0CD08021404604F00AFC44
:101CE000504622B0E0BCBA46B146A846F0BD02ABB1
:101CF00098463D235B429A46EEE78246F0E7C046AF
:101D000070B500250400C822002105611430E1F7F8
:101D100005F82000E56000F0B5FE2269092A0CDC18
:101D200093009B1805499B00E3185961202101325B
:101D300019621F399D615962226170BD21C802106C
:101D400010B5041E0ED0C36801330BD000F0A0FE06
:101D5000002320002361C821143004F0CBFB0123B1
:101D60005B42E36010BDC04630B50569092D0CDC4F
:101D7000AC006419A40004192362039B013561615E
:101D8000A26163620561002030BD3E204042FBE756
:101D900010B513000A000A21FFF710FF10BDC0465E
:101DA000036910B5002B02D0FFF758FF10BD40208B
:101DB0004042FBE7F0B557464E46DE464546E0B5A5
:101DC00093B08A4691460090402A00D992E00223BF
:101DD0000769FF3300250193002F00D186E00098AA
:101DE000FFF73CFF041E23D1009A1769002F00DC87
:101DF00074E01C23944698460022E04443469346F0
:101E000001212E0058681A6882426E41986831405C
:101E1000012800D1934401341433A742F1D10029A1
:101E200013D1019B013B0193002BD8D13C24644288
:101E300002AD4021280004F05DFB200013B0F0BC8F
:101E4000BB46B246A946A046F0BD5B463F2BE8D94B
:101E500002AD402200212800E0F760FF009E29002B
:101E6000300000F0FFFE041EE3D1300000F010FE51
:101E7000300000F007FE0B2000F0F8FD002201000A
:101E8000300000F05DFE041ED3D1300000F0A2FE51
:101E9000041ECED140222900300000F0C3FE041EF3
:101EA000C7D10B2000F0E2FD2B004022290000F0FA
:101EB000F9FE041EBDD1326900230021002A07DD8E
:101EC00040460160142084460133E0449342F7D138
:101ED0004A4629005046E0F727FFAAE7019B013B4D
:101EE0000193002BA2D0002F00D078E7402402AD50
:101EF00064429EE73C2464429FE7C046F0B55746E3
:101F00004E464546DE4692460F22E0B5CB7B89B071
:101F10001A401201524402919168D7688C4642CA15
:101F20000A0793463A0791466246120990464A4686
:101F300044460500224306925A463F093A43079217
:101F4000564A0F249346624614405A4637070909F9
:101F500004A839430491190903006400145B36098D
:101F6000240474400901446051441A780C7801310A
:101F700062401A70013308AA9A42F6D10E229446A2
:101F8000029B0395634498460F239946C5684346D0
:101F90002F07BC4666461B7881681A0901920268C1
:101FA0000F0937432D0916072E434D4629405D463C
:101FB00044684900695A120925072A4302604A46C3
:101FC000134002000904240961401B018760C660B8
:101FD0004160534411781C78013361401170013223
:101FE00008A99142F6D1C468036827071D07240990
:101FF00025434C4682684168160922405C465200DF
:10200000A25A1B090C0723430360019B0909120410
:102010004A40190103003E438660C5604260514456
:102020001A780C78013162401A70013308AA9A427A
:10203000F6D14346029A013B424501D09846A5E7B6
:102040004268039D12BA049B110A1BBA2A70697078
:10205000110C120EEA701A0A6A711A0CAA71C2687F
:102060002B711B0E12BAEB718368A970110A1BBA8F
:102070002A726972110C120EEA721A0A6A731A0233
:102080002B73120E1B0EA972AA73EB7309B0F0BC6E
:10209000BB46B246A946A046F0BDC04618FE051094
:1020A000F0B5DE4657464E464546E0B585B01E00C3
:1020B0000F9B0D009946010000236131039303AB90
:1020C000009393462B001022FF3180460E9FFEF7AF
:1020D00095FB824600283AD1C02342465B00D35C80
:1020E000002B0AD159467131FF314144CA5CF85C7A
:1020F0004240CA5401339E42F8D12A0000245A4477
:102100003B5D155D5D404B461D5523000134A642E5
:10211000F6D1C022414652008A5C012A07D05046BF
:1021200005B0F0BCBB46B246A946A046F0BD594634
:102130007131FF31414400220F004846B95C805C98
:102140004140B954110001328B42F6D1E7E710212A
:10215000280004F0CFF9E2E7C42210B500215200B4
:10216000E0F7DCFD10BDC046F0B51C004E4645460C
:10217000DE465746904640232200E0B59A430600CB
:1021800089B00800802A04D080235B009C4200D0E4
:102190001AE101222100FEF749FA051E00D113E1E0
:1021A0000379DB06DB0E102B00D00DE13000FEF7CB
:1021B00063FA29003000FEF775FA8346031E07D044
:1021C000584609B0F0BCBB46B246A946A046F0BD91
:1021D0002200414630000133FEF786FA834600288C
:1021E000EED11022002104A8E0F798FD5B4603938E
:1021F00003AB009304AB102219003000FEF7FEFA87
:1022000083460028DCD18223FF33F0543300049846
:102210000599C033186059600698079900229860A4
:10222000D960002332647364B264F36401239C4672
:102230001D3303240420984642014032B218517ADB
:10224000177A09020F43917A031D09043943D77A9B
:102250001B013F060F43117B3FBA89464D46517B18
:10226000F31809020D43917B013C09040D43D17B16
:1022700040100906294309BAFD077F083FBA4908FB
:1022800029433D0A5D723D0C9D7209BA3D0EDD7217
:102290000D0A19735D730D0C090E1F729D73D973AE
:1022A000D179C901394319725178177809020F435E
:1022B000917809043943D7783F060F4311793FBA23
:1022C00089464D46517909020D43917909040D4320
:1022D000D1790906294309BAFD077F083FBA4908A1
:1022E00029433D0A5D703D0C09BA9D703D0EDD70BD
:1022F0000D0A19715D710D0C090E1F709D71D97158
:102300006146D27B0A40414652428A437A401A7063
:10231000002C91D108200434031D1B01F3185968C7
:102320001A6809BA0D0A5D700D0C9D701D001970B8
:1023300012BA090ED970110A1A715971110C120EC4
:10234000DA710201B2189971916CD26C09BA12BAA1
:102350001A72130A6B72130CAB720B0A120E2973EA
:102360006B73013C0B0C090EEA72AB73E9734010FE
:10237000002CD1D103239946013B98463E339A461F
:10238000B2444346012B14DD4346181D00013518A5
:102390004038310084465031D44400234418EA5C6C
:1023A000CF5C7A40E2540133102BF8D110318C45C8
:1023B000F3D143465B00984601235B429C46E144CF
:1023C0004B46002BDDD1FBE614235B429B46F7E630
:1023D000F0B546464F46D646C0B51F00002388B02C
:1023E00080460D0016000393002F00D17CE004000E
:1023F0006134FF34102200212000E0F78FFC4046BA
:10240000713010220021FF30E0F788FCC0234246E3
:102410005B00D5544346002000214133FF33186050
:1024200059609860D9600C2F53D00822002104A86D
:10243000E0F774FC7B0F1BBA06938223FF339946A7
:10244000423BFF3B43449A46FA0012BA07923D00D2
:10245000102F00D910250021635C725C5340635437
:1024600001318D42F8D143464A469B5C002B24D073
:102470007F1B7619002FEAD1220004AB117818785F
:1024800001334140117008A901328B42F6D18223F9
:102490004246FF33D35C002B15D0434603AA513389
:1024A0000092210010224046FF33FEF7A7F908B042
:1024B000E0BCBA46B146A846F0BD52462100200015
:1024C000FFF71CFDD4E7210020004032FFF716FD86
:1024D000E3E70C2231002000E0F726FC7023012204
:1024E0004146FF33CA54D8E714204042DFE7C046D4
:1024F000F0B557464E464546DE46E0B50700002398
:102500004937FF3705000C00386879689146121882
:102510004B41BA4683B0994200D993E000D18EE096
:102520005E0F00D08EE00F36B046474606400742A9
:1025300029D010239B1B98464B4500D9C8464346DB
:10254000002B12D0310000237131FF316918CA5CB1
:10255000E05C4240CA5401339845F8D1330043440B
:10256000102B5DD053461868596842464B469B1A5B
:102570009946002316001F004A46002392197B410A
:1025800012184B41444451460A604B604B460F2B96
:102590002AD910235B424B4401931B0901331B01D1
:1025A00098468223FF339A46423B2E00FF3B9B46D0
:1025B00027007136A044FF36AB440023F25CF95C7F
:1025C0004A40F2540133102BF8D15346EB5C002BF8
:1025D00020D010374745F0D10F22019B1034934390
:1025E0001C194B46134099464B46002B0AD07135B7
:1025F000FF3500232E00F25CE15C4A40F2540133C7
:102600004B45F8D1002003B0F0BCBB46B246A9460A
:10261000A046F0BD5A4631003000FFF76FFCD8E706
:102620008223FF33EB5C002B9CD12E002A007136F5
:10263000FF36310030004032FFF760FC92E79042F5
:1026400000D86DE714204042DDE7C046F0B54546AE
:10265000DE464E465746E0B587B004008846150072
:102660000021102202A89946E0F758FB109BAB42CC
:1026700000D2EDE0119B1D60002D4CD0C84552D317
:10268000A0235B009A46A24453462E00186859685E
:10269000002736184F41B9424AD800D1E0E00F2F49
:1026A00046D800D1D7E003000B4344D00F231A00D3
:1026B00002409346034244D01026B61AAE4200D9D7
:1026C000B5E04B46019343465A4600932000330041
:1026D00002A9FFF7E5FC00281ED15B46F318102B7A
:1026E00000D1A6E0320000235146AD1B08684968BE
:1026F000002780185941B044B1442E005346801938
:102700007941186059600F2D20D8002D69D1102112
:1027100002A803F0EFFE002007B0F0BCBB46B246B3
:10272000A946A046F0BD4B4642469B1AAB42A7D2F3
:1027300014204042F0E723004933FF331B681B0796
:1027400041D153461E605F600F2D4AD92600822377
:10275000B6276D36FF339A46FF367F0006E010231A
:102760009C46103DE044E1440F2DCED97378E25DE4
:102770001B021343B278200012041A43F37802A913
:102780001B0613431BBA01331BBA1A0AE3557270B6
:102790001A0C1B0EF3704B46B27001934346002295
:1027A00000931023FFF77CFC0028B5D15346E35C6F
:1027B000002BD4D1200022007130FF3001004032C4
:1027C000FFF79CFBCBE78223FF33E35C002BB8D100
:1027D000200022007130FF3001004032FFF78EFBF5
:1027E000AFE7B620400022185378215C1B020B4350
:1027F000917809041943D3781B060B431BBA0133A4
:102800001BBA190A2354517019021B0ED3704B4680
:10281000090E9170019343460022009320002B0083
:1028200002A9FFF73DFC002800D170E774E72E00F5
:1028300047E78223FF33E35C002B00D052E7200000
:1028400022007130FF3001004032FFF757FB49E7AB
:102850001620404260E73300203300D823E767E7C3
:10286000B04200D81BE763E7F0B557464E464546F1
:10287000DE460022E0B585B01A6003004133FF3325
:102880000CCB8046510FDF0049300F43FF30D100A1
:10289000894642C80F9D480FF6000643C80082468D
:1028A000281F83460E9C134354D109073FD15B4632
:1028B0000C2B4CD8414651312A00FF312000E0F763
:1028C00033FA3A004B46514632430B43134326D06A
:1028D00036BA0BBA0096464601934B4671361BBA80
:1028E000FF36039331006B463FBA02970F781A7890
:1028F0000133574004AA0F7001319342F6D182236D
:102900004246FF33D35C002B36D0002D07D0002386
:10291000E25CF15C4A40E25401339D42F8D1002070
:1029200005B0F0BCBB46B246A946A046F0BD822326
:102930004246FF33D35C002BB9D140467130FF30A3
:1029400001004032FFF7DAFA5B460C2BB2D91420B3
:102950004042E5E70C28FAD81207ABD08223424662
:10296000FF33D35C002BA5D140467130FF3001000E
:102970004032FFF7C3FA9DE7310030004032FFF7E5
:10298000BDFAC2E770B584B015001A00089B0400B8
:10299000FFF71EFD002801D004B070BD20000A9A88
:1029A0000999FFF7A5FD002816D103AE2A002000E3
:1029B0000C9B0B9901960095FFF748FE0028EBD180
:1029C0000D9B002201930E9B0021009320003300F9
:1029D000FFF74AFF0028DFD014204042DCE7C04662
:1029E000F0B50D0089B000210400FFF7F1FC0028CC
:1029F00001D009B0F0BD20000F9A0E99FFF778FDC5
:102A0000002824D103AE2A002000139B12990196BE
:102A10000095FFF71BFE0028EBD1119B04AF01933B
:102A200000223300002120000097FFF71DFF00283F
:102A30000DD13900119A1098FEF7EAF90028D8D084
:102A40001398290003F056FD12204042D1E71420CC
:102A50004042CEE710B5041E06D0FDF70DFEC4219E
:102A60002000490003F046FD10BDC0460338C0B247
:102A7000082803D8024B8000C05870470020FCE7AC
:102A800038FE051010B50C220021E0F747F910BD03
:102A900010B5041E1ED00368002B1BD04068002810
:102AA0000CD01B780A2B1CD019D8032B13D0092B60
:102AB00002D10FF0A7FA606803F00AFDA0680028B1
:102AC00004D023689978490003F020FD0C212000F0
:102AD00003F010FD10BD00F05FFA6068ECE70B2B0F
:102AE000EAD110F0B1F96068E6E7C04610B50028F9
:102AF0001DD00368002B1AD0002918D00A68002ABC
:102B000015D0934213D11B780B2B10D8092B09D861
:102B1000032B0ED0092B0AD1496840680FF07AFACE
:102B2000002010BD4968406810F096F9F8E70348A6
:102B3000F7E74968406800F037FAF1E700AFFFFFB8
:102B400070B504000D001600002833D0002931D0E4
:102B50000023436083600B7801600A2B13D010D8E8
:102B6000032B29D0092B25D16821012003F0A8FCD3
:102B7000606000281CD00FF03FFA002E0ED100201C
:102B800070BD0B2B16D1D821012003F099FC606099
:102B900000280DD010F052F9002EF0D00220A978B4
:102BA00003F08EFCA0600028E9D12000FFF770FF41
:102BB0000648E5E70648E3E75821012003F080FCDA
:102BC00060600028F4D000F0E1F9E5E780AEFFFF97
:102BD00000AFFFFF10B5002816D00368002B13D0FC
:102BE0001B780A2B16D008D8032B0FD0092B0BD13A
:102BF000002140680FF014FA07E00B2B04D10021EC
:102C0000406810F02FF900E0054810BD406800F062
:102C1000D1F9FAE70121406810F024F9F5E7C04640
:102C200000AFFFFF10B5002813D00368002B10D0B1
:102C30001B780B2B0DD8092B07D8032B0BD0092B96
:102C400007D140680FF0D8FF02E0406811F0B8F8F3
:102C500010BD0348FCE7406800F05AFFF8E7C046A3
:102C600000AFFFFF10B5002813D00368002B10D071
:102C70001B780B2B0DD8092B07D8032B0BD0092B56
:102C800007D1406810F006F802E0406811F0FCF847
:102C900010BD0348FCE7406800F042FFF8E7C0467B
:102CA00000AFFFFF10B50400080011001A00002C4F
:102CB00011D024780A2C13D007D8032C0DD0092C5E
:102CC00009D1002310F07AF806E00B2C03D1002381
:102CD00011F0F8F900E0044810BD00F08FFFFBE7A9
:102CE000012311F0EFF9F7E700AFFFFF002801D053
:102CF000407870470020FCE7002801D0007870473A
:102D00000020FCE710B50422024B03490CF072FBD3
:102D100010BDC046B9F304102013061000487047D8
:102D20005CFE051070B5051E15D00C4E0C48340025
:102D3000383403E0A0680834002804D0290016F0D5
:102D40009DF90028F6D12379033BDBB2082B02D88A
:102D50009B00F05870BD0020FCE7C04638FE05100F
:102D6000ECBD051000280BD003220178054B03E0D1
:102D70001A7B0833002A01D09142F9D118687047B4
:102D80000020FCE770FE0510002801D000687047A5
:102D90000020FCE7F0B5CE46474680B50D000700A1
:102DA000914691B0002858D00368002B55D0846814
:102DB000002C52D09A78E8464A452ED3362120007E
:102DC000A618DFF7ABFF3B685C219A783000DFF78D
:102DD000A5FF4A460023002A10D0E15CEA5C51407E
:102DE000E154190001339945F7D10023F25CE85C06
:102DF0004240F2541A0001338A42F7D13800FFF7FB
:102E0000E9FE061E21D04021404603F073FB30004E
:102E100011B0C0BCB946B046F0BDFFF7DBFE061EE0
:102E2000F1D14A4629003800FFF7FCFE061EEAD120
:102E300069463800FFF716FF061EE4D13B686D4671
:102E40005A78BC6891469A78B8E73B682100380008
:102E50009A78FFF7E7FE0600D5E7014ED7E7C046B0
:102E600000AFFFFF10B5002808D00368002B05D085
:102E70008368002B02D0FFF7D5FE10BD0048FCE7A9
:102E800000AFFFFFF0B504000D0091B0002827D07F
:102E90000368002B24D08668002E21D069469F78D5
:102EA000FFF7E0FE002801D011B0F0BD2000FFF7D1
:102EB00091FE0028F8D1236820009A78F119FFF7D5
:102EC000B1FE0028F0D12368694620005A78FFF748
:102ED000A9FE0028E8D129002000FFF7C3FEE3E7A0
:102EE0000048E1E700AFFFFF70B5041E10D0036893
:102EF000002B0DD08568002D0AD0FFF76BFE00284F
:102F000005D12368290020009A78FFF78BFE70BD59
:102F10000048FCE700AFFFFFF0B504000D0016000D
:102F20001F0085B000282BD00C22002101A8DFF75C
:102F3000F5FE2100012201A8FFF702FE041E05D0C4
:102F400001A8FFF7A5FD200005B0F0BD3200290063
:102F500001A8FFF71FFF041EF2D1019B002B11D027
:102F6000039B002B0ED039000A9A01A8FFF75AFEE6
:102F7000041EE5D10B9901A8FFF784FF0400DFE7E9
:102F8000014CE0E7004CDBE700AFFFFF10B5582233
:102F90000021DFF7C3FE10BD10B5002802D0582174
:102FA00003F0A8FA10BDC04610B55822DFF7BCFEEA
:102FB00010BDC046002303604360054B8360054B92
:102FC000C360054B0361054B436100207047C04659
:102FD0000123456789ABCDEFFEDCBA9876543210F9
:102FE000F0B5DE4657464E4645464A780B78120203
:102FF0001A438B78E0B51B041343CA78ABB01206B2
:103000001A43039216924A790B7912021A438B796A
:1030100084461B041343CA7912061A4316001792FA
:103020004A7A0B7A12021A438B7A1B041343CA7A28
:1030300012061A43049218924A7B0B7B12021A431F
:103040008B7B1B041343CA7B120617004A7C1F4369
:103050000B7C12021A438B7C19971B041343CA7C06
:10306000120615001D4305951A954A7D0B7D120227
:103070001A438B7D1B041343CA7D120615004A7E3A
:103080001D430B7E12021A438B7E06951B041343CD
:10309000CA7E1B9512061A4307921C924A7F0B7F29
:1030A00012021A438B7F1B041343CA7F12061A4372
:1030B00001921D92212220238A5CCB5C12021A43CA
:1030C0002223CB5C1B04134323228A5C12061A437F
:1030D00008921E92252224238A5CCB5C12021A439A
:1030E0002623CB5C1B04134327228A5C12061A4357
:1030F00009921F92292228238A5CCB5C12021A4370
:103100002A23CB5C1B0413432B228A5C120610007B
:103110002D2218432C238A5CCB5C12021A432E23E7
:10312000CB5C02901B0413432F228A5C2090120672
:103130001A430A922192312230238A5CCB5C12021C
:103140001A433223CB5C1B04134333228A5C1206DE
:103150001A430F922292352234238A5CCB5C1202EE
:103160001A433623CB5C1B04134337228A5C1206B6
:103170001A430B922392392238238A5CCB5C1202C9
:103180001A433A23CB5C1B0413433B228A5C12068E
:1031900010003D2218433C238A5CCB5C12021A4388
:1031A0003E23CB5C0C901B0413433F228A5C24908B
:1031B00012061100604619430D91456925918168F9
:1031C000C4680B001590016928000D0041400A00F9
:1031D0009C4600942240FD4C0399644412938C4613
:1031E00023001924424029006344D318A246E34136
:1031F000009C0E96A44661400A00634484461A402F
:1032000029006A40F24D139165442C00B4461426FF
:10321000009D64441419B146F4412E005E40320012
:103220008C46E41822406A40EA4D0F266544290086
:10323000049DB046AC4661445118F1411E00664001
:10324000320009190A401600BC465E401490300056
:1032500010970A27009DE04EAD1965444519BC46FC
:10326000FD4127004F403A00059FDC4EBB465E44BF
:10327000B34656466D182A405B446240D218F2416C
:103280000E005019069A6E4093463300D44E079AAA
:103290005E44B3465C44934603404B401B194C4686
:1032A000D04EE3415E44B3462C000600019A5944D7
:1032B00093461B18444047461C405E406C406418CF
:1032C0003100C94EFC415E44B3461E00089A674671
:1032D0005D449346E4182140664041404919350059
:1032E000C24EF9415E44B346060009190D405E44E2
:1032F0005D40AD1926000998574683464E4032007E
:10330000BB4EFD415E44B3460E0002984F465B44FF
:1033100083466D182A406E406240D2183300B54E85
:10332000FA415E44B346521913405C444B401B19AA
:103330004446E3419F180A9B2C009B46AE4E5440E6
:103340005E44B34602973C40674659446C4064185B
:10335000FC41029F1600BB460F9B5C449B467E408F
:103360003100A64E21405E44B34651405D444919A8
:1033700055460B9BE9419A463D00A14E091956441A
:10338000B24665400C9B0D407D404F4699465244E5
:10339000AD189C4EFD4122004E44B1460E006D1802
:1033A000029B4A402A404B446E4062404746D21836
:1033B00033000D9EFA41B046934F52194744B84628
:1033C000134044444B401B196446E34114009B18CE
:1033D0005C402C405440A4460E9C1B26A0468B4FBC
:1033E000B24647447C186444F4411E00E418664029
:1033F000310011400E0007995E408B46B446844E62
:10340000069F5E44711917256144E941A9462500CC
:103410000A9E0919B3464D401D406540AC467D4D9E
:103420007D4E5D44AA1812256244EA41A8460D006B
:103430005218554025404D40AC46039D0290AB4686
:103440005E44F5180C266544F541B4461600BB46AB
:10345000AD186E403300714E0B405E44B34653408E
:103460005C441B195446E3412E0083465C196C4FA3
:10347000664033005F44BB464E46134059446B40A0
:103480005B18F341260019194E4033000D9E654F1D
:10349000B3465F44BB462B405A4463409B184246A8
:1034A000D3410E00059F5A18BB46564033005E4E6E
:1034B00023405E44B3464B405D4409985B19654622
:1034C0008346EB41594E15005E44B3469B185D4060
:1034D0000D405C4455400C9E2D195446B346E541C1
:1034E000534F1C005F44BB46ED186C4014405944D8
:1034F0005C40109F64184946BB46CC414D4E2900A4
:103500005E44B3466419614019405A446940089EBC
:1035100089184246B346D141474822005844834661
:1035200009194A402A405B4462400B98D21863460E
:103530008346DA41414E0B005E44B3465218534075
:1035400023405D444B40049F5B195546BA46EB410E
:103550003B4E15005644B2469B185D400D40554009
:103560005444019F2C194D46BB46EC4135481D0083
:1035700058448146E418654015405D4049440F9E1B
:1035800069184546B346E9412F482500584481460D
:1035900009194D40A8461D404A446540AD18624691
:1035A000D541069A294E93465E44F21843466D185B
:1035B0006B40D3181C229446D3410A00089E5B1925
:1035C000B3466A405A409046214A43E078A46AD7FD
:1035D00056B7C7E8DB702024EECEBDC1AF0F7CF537
:1035E0002AC68747134630A8019546FDD8988069BA
:1035F000AFF7448BB15BFFFFBED75C892211906BA4
:10360000937198FD8E4379A62108B44962251EF670
:1036100040B340C0515A5E26AAC7B6E95D102FD606
:103620005314440281E6A1D8C8FBD3E7E6CDE121DB
:10363000D60737C3870DD5F4ED145A4505E9E3A93C
:10364000F8A3EFFCD9026F678A4C2A8D4239FAFF42
:1036500081F67187E14E5A44121915244244E24121
:1036600093462A009B4420005C465A4062400A9CD4
:103670001190A1464E44741812190C9910248A46D0
:10368000A146E241D64E5C465644711909265A4479
:103690005C4054406118F1418A460E99D14E8846EB
:1036A000924446445C46F1185546534654405340B4
:1036B0006C4064181900059B65469846CA4EEC415B
:1036C000464433005B44BB4654446140C748C91874
:1036D000073DE9415346584483464D460919634026
:1036E00002985A444B409B18EB418346C04F5A18EE
:1036F0005F442300BB4609274B40D34453405B44FF
:10370000FB410F009B1857405F40BA460B9FB94ED4
:10371000BB465E44B3466546039E5C44B346544490
:10372000EC41B54FA2465F44BB46109E5944B34698
:103730009A4414005546B1485C40584483466C4056
:103740001525079F5A44BB466418EC4151464D4627
:10375000AB48544458448346594061408918E94174
:103760005246099809275B448346091962404A403A
:10377000D218FA41A34F23005F44BB466546521856
:103780004B40D34453405B44EB419C460B00944474
:103790000F986546834653406B409B4D0D9F5D449B
:1037A000AA46152554441B19EB416546BB465540B6
:1037B0002C00964D63445D44A8464D4641445C4010
:1037C0006418EC416546A0465D409844049F29007A
:1037D0004546BA46092769408D4D5544AC1809192C
:1037E000F9410D00DA4344468A49454489462A4353
:1037F0006240039C884F4C44644414191A22944636
:10380000D4414246B946D2430199641922434944FE
:103810006A40C91851181622804FD141BA46EB436D
:1038200091460C9A09190B435244634042449A183A
:103830001123DA419846E343794F5218BB461343AC
:103840004B409A46069BCF435B445B190B25534480
:10385000EB419B181F435740BA46724FBB46584432
:10386000834667465C445444FC41D743E4182743ED
:103870005F40BA4637006C4E0298B3465F44BB4681
:103880004F4659445144F941DF4309190F436740FA
:10389000BA46664F0E9EBB465844834640465A443D
:1038A0005244C24192468A445046E2430243604831
:1038B0004A4083465E44B3465B44D218EA41CB4358
:1038C00056465C485244834613437340089E0D9805
:1038D0005E44B3465C441B196446574EE341B3460D
:1038E00054465844E44383469B181C435944534E62
:1038F000544064184946B346079FCC415F44D143C6
:10390000BB464646E4182143D34459404C4F5944E2
:10391000F141BB46DE430B9809190E4358448346D8
:103920006640B2465A445244EA4192468A44574657
:10393000E2433A43434F059EBB465E44B3464A408A
:103940005B44D2186346DA41CB4356465244134394
:1039500073403D4E0A9FB4466744BC4664441B19FD
:103960004C463A4FE341BC465446049EE443664409
:10397000B44647469B181C43614454406418FC41BC
:10398000334F099EBC46D1436644B446E4182143F4
:10399000D44459406144E941129D0919AC46009D47
:1039A00027916F181399269262448C461598289493
:1039B00064448260C76002000461149829938446BD
:1039C000634416A85021536102F094FD00202BB0EF
:1039D000F0BCBB46B246A946A046F0BD22619D6D33
:1039E0000C38E5FD44EABEA4A9CFDE4B604BBBF624
:1039F00070BCBFBEC67E9B28FA27A1EA8530EFD4F3
:103A0000051D880439D0D4D9E599DBE6F87CA21FDE
:103A10006556ACC4442229F497FF2A43A72394ABEC
:103A200039A093FCC3595B6592CC0C8F7DF4EFFFFA
:103A3000D15D84854F7EA86FE0E62CFE144301A380
:103A4000A111084E827E53F735F23ABDBBD2D72A78
:103A500091D386EBF8B53F244746CE46036880B540
:103A60001C409B1805008846160003609A420FD937
:103A7000436801334360002C32D040273F1BBA42D9
:103A800031D21835320041462819DFF74DF915E0DB
:103A9000002C17D13F2E37D94446A7192100280002
:103AA0004034FFF79DFA3B1B3F2BF7D83F23002400
:103AB0003340B609B601B044002B09D1C0BCB946A9
:103AC000B046F8BD40273F1BB7420CD9331EF5D096
:103AD0001E001835320041462819DFF725F9EDE7B9
:103AE0003F2AD9D8CDE718239946A9444B464146E9
:103AF0003A001819DFF718F9403E49462800FFF749
:103B00006FFAB844A619C5E733000024D4E7C046CD
:103B100010B5002A01D0FFF79DFF002010BDC04660
:103B20003F2270B5040003680D001340581C413259
:103B3000E3181A7638284ED82600483A1836121A52
:103B400000213018DFF7EAF822686368510FDB00C4
:103B50000B435021D2006254100A01316054100C02
:103B600001316054120E013162545422190AA354D7
:103B70000132A15456211A02120E625457221B0E12
:103B80003100A3542000FFF72BFA237A20002B707A
:103B9000637A58216B70A37AAB70E37AEB70237B66
:103BA0002B71637B6B71A37BAB71E37BEB71237C2C
:103BB0002B72637C6B72A37CAB72E37CEB72237D14
:103BC0002B73637D6B73A37DAB73E37DEB7302F0AB
:103BD00091FC002070BD260040221836121A0021E8
:103BE0003018DFF79BF831002000FFF7F9F9382291
:103BF00000213000DFF792F8A6E7C04670B596B016
:103C000006000C001500002158226846DFF786F8F0
:103C10000C4A0D4B029203930C4A0D4B04920593F0
:103C2000002C04D0220031006846FFF713FF290062
:103C30006846FFF775FF6846582102F05BFC0020DC
:103C400016B070BD0123456789ABCDEFFEDCBA9895
:103C500076543210F0B5002314001D00E40901333E
:103C6000002CFAD10468091B994216D37F21114018
:103C70006155D209012B0BD9802702217F423E00DA
:103C800005685C1A164301312E55D2099942F6D9BE
:103C90000268D31803600020F0BD0B204042FBE710
:103CA000F8B506000F00002815D045680B4C0C48ED
:103CB00003E06069143400280BD06368AB42F8D18C
:103CC0002A00B16814F09AFE0028F2D123693B6003
:103CD000F8BD2E38FCE72E204042F9E758020610C6
:103CE000A4B40510F8B506000F00002815D04568EB
:103CF0000B4C0C4803E06069143400280BD0636857
:103D0000AB42F8D12A00B16814F078FE0028F2D155
:103D100023693B60F8BD2E38FCE72E204042F9E7CE
:103D2000A4010610ACBE0510F8B506000F0000286F
:103D300015D045680B4C0C4803E02069103400286E
:103D40000BD06368AB42F8D12A00B16814F056FE7C
:103D50000028F2D1E3683B60F8BD2E38FCE72E2046
:103D60004042F9E72401061078B40510002802D07B
:103D70004368042B02D02E204042704783681A7893
:103D8000552AF8D15A781D2AF5D19A78202AF2D1ED
:103D9000DB78002BEFD1024B00200B60EDE7C04633
:103DA000B0BE0510F8B506000F00002815D0456814
:103DB0000B4C0C4803E06069143400280BD0636896
:103DC000AB42F8D12A00B16814F018FE0028F2D1F5
:103DD000E3683B60F8BD2E38FCE72E204042F9E74F
:103DE00070000610BCBE0510F0B5C6460600884639
:103DF000170000B500281AD045680E4C0E4803E0A5
:103E000060691434002810D06368AB42F8D12A00EE
:103E1000B16814F0F3FD0028F2D14246237C137000
:103E2000637C3B7080BCB846F0BD2E38FAE72E208C
:103E30004042F7E770000610BCBE051070B50A4C92
:103E40000A4D03E065691434002D0AD0667C864271
:103E5000F8D1267C8E42F5D11560626800201A6088
:103E600001E02E20404270BD70000610BCBE05105F
:103E7000F8B506000F00002815D045680B4C0C481B
:103E800003E06069143400280BD06368AB42F8D1BA
:103E90002A00B16814F0B2FD0028F2D1237C3B70F7
:103EA000F8BD2E38FCE72E204042F9E7B0FE0510A1
:103EB000C8BE051030B5094B094C03E05C691433EA
:103EC000002C07D01D7C8542F8D100205B680C6077
:103ED000136030BD2E204042FBE7C046B0FE051007
:103EE000C8BE0510F8B506000F00002815D04568BB
:103EF0000B4C0C4803E06069143400280BD0636855
:103F0000AB42F8D12A00B16814F078FD0028F2D154
:103F1000237C3B70F8BD2E38FCE72E204042F9E7A9
:103F200000FF0510D4BE051030B5094B094C03E065
:103F30005C691433002C07D01D7C8542F8D1002029
:103F40005B680C60136030BD2E204042FBE7C0462A
:103F500000FF0510D4BE05102E2040427047C04619
:103F60002E2040427047C046F8B506000F000028DA
:103F700015D045680B4C0C4803E0606914340028E8
:103F80000BD06368AB42F8D12A00B16814F036FD5B
:103F90000028F2D1237C3B70F8BD2E38FCE72E20A0
:103FA0004042F9E73CFF0510E0BE0510F8B50600F9
:103FB0000F00002815D045680B4C0C4803E06069E1
:103FC000143400280BD06368AB42F8D12A00B168E2
:103FD00014F014FD0028F2D1237C3B70F8BD2E387C
:103FE000FCE72E204042F9E7B4FF0510E8BE0510BB
:103FF00030B5094B094C03E05C691433002C07D041
:104000001D7C8542F8D100205B680C60136030BDD8
:104010002E204042FBE7C046B4FF0510E8BE051065
:10402000F8B506000F00002815D045680B4C0C4869
:1040300003E06069143400280BD06368AB42F8D108
:104040002A00B16814F0DAFC0028F2D1237C3B701E
:10405000F8BD2E38FCE72E204042F9E71800061084
:10406000F4BE0510F0B557464E464546DE46E0B56F
:1040700089460700904683B0002966DB130052682A
:10408000002A5FD00E009968314B00259B46314BCA
:1040900000249A464B5D002C1DD07F20E40118407F
:1040A0005BB20443002B31DBB1453FD13223503C9E
:1040B0005246310038000094E0F7A6FA012822DDCC
:1040C000B04220D243465A680135361A3F1895420D
:1040D00035D299684B5D802B1FD07F241C405BB28A
:1040E000002B13DBB14521D14F2CDFD83023272CF7
:1040F000DED9283C52463100380001330094E0F705
:1041000083FA0128DCDC0B20404208E00135AA429A
:1041100013D980239B049C42BCD36820404203B047
:10412000F0BCBB46B246A946A046F0BD23005A46A5
:1041300031003800E0F768FAC0E7002C02D14B46A6
:10414000981BECE760204042E9E764204042E6E744
:1041500098BC051000BF0510F0B54646D6464F4640
:10416000C0B50C00060082B08D18002A00D1A7E06F
:104170000A000021137801322E3B58424341C918EE
:104180009542F7D14B1E7E2B00D999E08F00B8469F
:1041900088444046012102F093F9B060002800D124
:1041A000C9E00190AC421DD26827674B00229C46B3
:1041B0007F420AE0624515D893009B185B00303BB4
:1041C000013400275A18A5420CD021780B00303B4F
:1041D000092BEFD9002F05D1022A03D8A54201D916
:1041E0002E290DD068277F4202F072F90023B360B8
:1041F0007360380002B0E0BCBA46B146A846F0BDD4
:104200000134AC4200D399E000239A46683B9946BA
:104210004D4B9C460DE0E245E4D853469B00534489
:104220005B00303B9A4601348A44A5424FD00023BC
:10423000994621780B00303B092BECD94B46002BDB
:10424000D0D1022A6BD05346272BCBD8A54244D9D4
:104250002E29C7D193009A180134D20040448146D8
:104260000100524401A8FFF7F5FC002824D1364B89
:104270009846A5423CD96820002240420AE04245C7
:1042800021D893009B185B00303B01345A18A5429B
:104290000CD0002021780B00303B092BEFD90028EF
:1042A00011D1A54202D92E290DD10134494601A8C8
:1042B000FFF7D0FC0028DCD00B27B0687F4293E7E3
:1042C00068277F4295E76827B0687F428CE7022A1B
:1042D0002BD05346272B00D984E7010093009A186E
:1042E000D2005244414401A8FFF7B4FC0028E3D1B6
:1042F000019CB3680121E41A200002F0E1F8051ED8
:10430000B0681DD0010022002800DEF70DFDB06866
:1043100002F0DEF80623B5607460336069E7A542F9
:1043200003D92E2900D05DE7013453465022513382
:1043300000D957E792E76A277F425AE7683F53E779
:104340006A277F4250E7C04699999919F0B5CE4641
:10435000474680B5D9B0070012A80D001600984650
:1043600010F088F803A8FEF78DFB0320FEF77EFB14
:104370000022010003A8FEF7E3FB040003A8002CC1
:1043800014D0FEF785FB102106A802F0B3F80AABA3
:10439000994612A810F076F84846290002F0AAF8CB
:1043A000200059B0C0BCB946B046F0BDFEF712FCC3
:1043B000041E06D1619A609903A8FEF733FC041E1F
:1043C00001D003A8DDE70822390003A8FEF72AFC84
:1043D000041EF6D106A903A8FEF744FC041EF0D182
:1043E0000AAB99461022180006A9102D27D0DEF737
:1043F0009BFC03A8FEF7EEFB041E3BD1102206A98E
:1044000003A8FEF70FFC041E34D1619A609903A83B
:10441000FEF708FC041E2DD10822390003A8FEF780
:1044200001FC041E26D106A903A8FEF71BFC041EEE
:1044300020D10822202D00D1921806A90EA8DEF75F
:1044400073FC03A8FEF724FB102106A802F052F823
:104450004946EA0012A810F04FF9041E00D098E770
:104460003B00424600210196009612A810F0B4FECF
:1044700004008EE703A8FEF70BFB102106A802F04C
:1044800039F886E710B50C220021DEF747FC10BD95
:10449000F0B546464F46D646C0B50D0006009146DB
:1044A000984688B0002800D159E1180014F0FAFCB1
:1044B000071E00D144E14946404614F0F3FC0400D5
:1044C000874200D33CE1280014F01CFE3B5C3D1801
:1044D000202B01D16B7801350D2B01D16B78013583
:1044E0000A2B00D02CE1484614F00CFE225C6F1C15
:1044F0002318202A01D15A7801330D2A01D15A7884
:1045000001330A3A51424A419B1842469B1A129A79
:104510001360E31B152B58DC002398469946A742ED
:1045200000D314E1E41B3B0000210020009403AA07
:1045300010F0EEFF2C3000D10FE10399002900D1DB
:104540000DE1012001F0BCFF051E00D101E13B009F
:104550000399009403AA10F0DBFF039907000800F9
:10456000002F00D0ABE04B46002B25D0109B002B3A
:1045700000D1E7E04346052B00D1B0E0062B00D187
:10458000C4E0072B00D1CFE0002900D1E9E06B188F
:10459000013B1A7891420AD3881A81420CD904004F
:1045A00002E00134A14207D92B5D9342F9D06E4F4E
:1045B000280001F0ABFF01E035607060380008B002
:1045C000E0BCBA46B146A846F0BD1622380067499D
:1045D00014F014FA00289FD1EB7D0D2B54D0172234
:1045E0009146A9440A2B00D0B1E04B465D1C671BE5
:1045F0000D2F00DCAFE00E2228005D4914F0FEF91B
:10460000002800D0A7E0152F00DCA4E01622280027
:10461000584914F0F3F9002858D0162228005649BA
:1046200014F0ECF900286ED016222800534914F03B
:10463000E5F9002800D08EE0072398464F4617374B
:10464000E31B1F2B6EDD04AD102200212800DEF7D6
:1046500065FB012300229A46B95C0B00303BD8B2BF
:10466000092807D9113B052B03D90B00613B052B0A
:1046700058D80A33514611420BD15108685C1B01CE
:1046800003436B540132E7E7182399462B7EA94474
:10469000A8E751088C46695C01320B4361466B54B4
:1046A000202AD9D137234A46D35C0D2B11D04F464F
:1046B00037370A2B4BD1093B994601372FE72800A2
:1046C00001F024FF2E4B9C46674477E7052398466C
:1046D000B4E74F4638234A463837D35CE9E7119BA5
:1046E0002A000193109B04A800930B001021FFF7F0
:1046F0002DFE04000399002C00D145E7280001F0AD
:1047000005FF27005AE70623984697E7119B2A00E2
:104710000193109B04A800930B001821FFF716FECD
:104720000400E7E7174F49E7119B2A000193109B0C
:1047300004A800930B002021FFF708FE0400D9E72E
:10474000114F3BE7280001F0E1FE104F36E70C4F18
:1047500034E70F4F32E70F4F30E70F4F2EE70F4F81
:104760002CE7074F24E7C04680ECFFFF34C9051053
:104770004CC905105CC9051074C905108CC9051019
:1047800000EFFFFF00EEFFFF80EFFFFF00EDFFFFF8
:1047900080EEFFFF80EDFFFFD4EEFFFF80EBFFFF19
:1047A00010B5041E0CD00068002802D0616801F02A
:1047B000ADFEA06801F08CFE0C21200001F09AFEF5
:1047C00010BDC046F0B5254C0E88A5440C00002154
:1047D00015000391049100282ED00368002B2BD0E4
:1047E0001B78012B11D0023B022B25D8476805917D
:1047F000387805A90AF052FE8223DB0103439E426A
:104800001CD01748174B9D44F0BD174B9E42F8D162
:10481000FFAB1C33406803AA06A903930BF056FBB9
:104820000028EFDB0200039904902B00200003F026
:1048300093FB0AF0F1FDE5E70C48E3E78023DB009A
:1048400000930021380006AB04AA13F00FFC0028E7
:10485000D8DB06AB1900049A0393E6E7E4FBFFFFFD
:1048600000C1FFFF1C0400000140000080C1FFFFE9
:10487000F0B5C64600B52F4C1500A5440C00002825
:104880003AD00368002B37D01B78012B17D0023B9E
:10489000022B31D8002746680B88307801A998464A
:1048A00001970AF0FBFDE223DB010343984525D085
:1048B000214E3000214B9D4480BCB846F0BD204BBA
:1048C0000A889A42F4D11F4F40686F4402AA03A994
:1048D00002970BF0A9FB061EEBDB02992B007F1A57
:1048E0003A00200003F038FB0AF096FD390006007C
:1048F000029801F0FFFDDCE7134EDAE76623F35A76
:10490000002BD5D03000302303AA02A9029713F060
:1049100089FB061ECDDB03A92B00029A200003F0C1
:104920001BFB0AF079FD0299060003A801F0E2FDE5
:10493000BFE7C046B8F6FFFF00C1FFFF480900000F
:10494000017000004709000080C1FFFFF0B54F462D
:104950004646D646C0B5854C0600A54403AD0C00BE
:104960001700002118222800DEF7D8F9002C00D10A
:10497000F6E02900300003F075F9002800D0EFE0E0
:10498000002F4FD009AF39003000794A02AB03F055
:104990008DFA002800D0A7E0764B2E881E40764B7B
:1049A0009E425AD06B8832009A46FF239A43904623
:1049B0008223DB01984500D0D2E02368002B00D091
:1049C000D0E06E4B99465B6A002B04D0984760603C
:1049D000002800D1C8E04B4651462360F0B20AF0EF
:1049E0006DFD0100200000F04FFD061E0AD1E223FC
:1049F00039002000029ADB01984500D19DE000F0CB
:104A0000AFFD0600280008F00DFE3800584901F0FF
:104A100071FD300096231B019D44E0BCBA46B146AF
:104A2000A846F0BD09AF39003000514A02AB03F08F
:104A30006FF9002858D12E88514B9E4258D04E4BCA
:104A40009E420AD06B8832009A46FF239A43E223A3
:104A50009046DB019A42B0D0AAE72368002B00D031
:104A600080E0484E736A002B3BD098476060002876
:104A70007AD0266033783900013B5A4253415B4279
:104A8000029A18400BF0F0FB0600002EBAD12A7BE8
:104A9000EB68002A05D0802189040A433A498A42FA
:104AA00059D0DAB2FF21180088433849884237D0FC
:104AB0003749194088463749884531D036498842B8
:104AC00002D036498B429DD12068002804D003785B
:104AD0000020012B00D1606800210BF07DFB060057
:104AE00090E760682660C5E70AF096FC060089E753
:104AF00023689846002B35D1224E736A002B2CD0A8
:104B00009847606000282FD026603378012B00D1B1
:104B1000804639004046029A0BF008FC0600B4E7D4
:104B20002068002804D003780020012B00D16068A1
:104B300001210BF051FB060064E700F0DFFC061ECC
:104B400000D05FE7009039002000154B029A00F07A
:104B5000F5FC060056E70022A4E760682660D4E76B
:104B6000104E56E70F4E4DE70F4E4BE7A0F6FFFFF6
:104B70003B090000FFCFFFFF014000009C0406102E
:104B800001700000CC040610FF00000200030007C3
:104B900000EFFFFF0003000600020006000200070E
:104BA000E1F4041080C1FFFF80C0FFFF0023036019
:104BB0004360704710B5041E0BD00368002B04D06F
:104BC0009B6A002B01D0406898470821200001F023
:104BD00091FC10BD0138C0B2032803D8024B8000FD
:104BE000C05870470020FCE7FC03061070B50500B4
:104BF0000C1E0CD00368002B09D14B6A002B03D08C
:104C000098476860002804D000202C6070BD0248DE
:104C1000FCE70248FAE7C04680C1FFFF80C0FFFF03
:104C2000F0B5C646040000680F001600984600B5AF
:104C3000002810D10A4D6B6A9847606000280CD09C
:104C4000434625608360069B07604660C360002082
:104C500080BCB846F0BD0348FAE70348F8E7C04611
:104C60000C04061080C1FFFF80C0FFFF030010B5D9
:104C70000800002B05D01B68002B02D0DB6898478A
:104C800010BD0020FCE7C046F0B54646D6464F466C
:104C9000C0B580460D00160082B0002800D195E016
:104CA0000368002B00D191E080221C78D200914251
:104CB0002BD080225201914200D181E080229200CB
:104CC000914200D184E0032780220F4312019142D8
:104CD00004D080229201914200D007E1042C60D8D8
:104CE000012C00D98EE000D070E0002B00D1ECE068
:104CF0001B78012B00D0E8E043465C68A946200001
:104D00000BF03EFC0025904B1FE0042C49D8012CF1
:104D100000D9B6E05AD1C022120191460122924632
:104D20008A4F1C000025002B05D01B780024012B86
:104D300001D143465C6820000BF022FC5346002B57
:104D400000D1C8E000285BD1814B338043461B680B
:104D5000002B00D1C8E09B68404698477D4B9842A5
:104D600000D895E07C48708020000BF04BFA0128B9
:104D700000D18FE0794B013D1D40794B9C46654445
:104D8000F5604B46DB0402D54B46764F1F43BB0410
:104D900002D580231B011F4300230020B76033612D
:104DA00008E0053C631E9C416F4B604218406F4B0E
:104DB0009C46604402B0E0BCBA46B146A846F0BD8D
:104DC000042CEED8012C00D987E067D06848F1E7C1
:104DD000042CE6D8012C69D8F8D1446801252000BC
:104DE0000BF0CEFBC0239B009946624FAAE7624AB4
:104DF0006249AA180A423BD080225201954237D01C
:104E00005F48D7E70022A9469246002B00D197E0E1
:104E10001B78023B022B00D992E0434666225B6876
:104E200001A99A5A18789046002201920AF036FB9E
:104E300080220300920195421AD0D8D98022D20153
:104E40009542DDD1042CDBD04E4A5146002913D0C7
:104E500041460029D4D0E220C001184380B2019B12
:104E60003C4930808B4200D93B4B7380F26088E72D
:104E7000032CC5D0444AE8E78220C001184380B221
:104E8000EDE7C022120191460122304F9246BCE765
:104E900080B268E7002D10D13C4D71E7C02292012D
:104EA0009146012200259246394F3EE7C0229200EA
:104EB000914601222F4F9246AAE720000BF0A4F959
:104EC000FF23344D03401D435AE70020A9460BF051
:104ED00057FB002400251C4B37E7C0229201914666
:104EE00001222B4F924690E700203CE74A1EFF3AF2
:104EF00011004A1E91418A46042C00D951E7012C29
:104F00001CD800D062E780229200954208D8013A6E
:104F1000FF3A954200D073E7A9461C00012502E73D
:104F200080225201954200D96AE7134A1349AA1810
:104F3000A9460A4200D1F4E611483BE7A94664E7D6
:104F400066231B88FFDEC04601400000030C000002
:104F500001700000F8FF0000FFFF0000FF0000FFED
:104F6000000200070304000000FBFFFF80C6FFFFF4
:104F700080C1FFFF0303000000FCFFFFFFFBFFFFFA
:104F800000C1FFFF00000209FF060006FF13000634
:104F90000330000000030007002370B513600028F1
:104FA00005D00368002B02D01B78052B0DD0E0251F
:104FB00080240B88ED01E4012B40A34202D0FFF7CF
:104FC00057FC70BDFFF7FEFBFBE70148F9E7C04661
:104FD00080C6FFFF10B50022FFF7B8FC10BDC04629
:104FE00010B50122FFF7B2FC10BDC046F0B50500B8
:104FF0000C00160083B0002908D1002B22D0002A13
:1050000002D00268002A10D1124819E0002AFBD011
:105010000268002AF8D0002B07D12000FDF726FDFA
:10502000FDF764FE031EEFD02A681769002F0ED02B
:10503000099A21000192089A280000923200B8478C
:1050400003B0F0BD0368002BE7D10248F8E702483F
:10505000F6E7C04680C1FFFF00C1FFFFF0B50500C5
:105060000C00160083B0002908D1002B22D0002AA2
:1050700002D00268002A10D1124819E0002AFBD0A1
:105080000268002AF8D0002B07D12000FDF7EEFCC3
:10509000FDF72CFE031EEFD02A681769002F0ED0F3
:1050A000099A21000192089A280000923200B8471C
:1050B00003B0F0BD0368002BE7D10248F8E70248CF
:1050C000F6E7C04680C1FFFF00C1FFFFF0B5070053
:1050D0000D0014001E0085B0002B1DD10B9B002B72
:1050E0001AD12368002B1AD03800DB6898470028B3
:1050F0004DD0062F15D0002D11D10D9B0295019397
:105100000C9B3100009320000B9B0A9AFFF76EFF67
:105110000500280005B0F0BD0A9B002BE1D11E4D13
:10512000F7E72368002B2ED01A78012A2BD1002D07
:10513000F5D09B68200098470D9B0730C00883423C
:1051400027D32068002804D003780020012B00D149
:1051500060680C9B310002936B680B9A01932B786B
:1051600000930A9B0CF03CFA051ED2D12368002B59
:105170000BD020009B6898470730C0080D9B8342E6
:10518000C7D9064DC5E7064DC3E70020F6E7054D34
:10519000BFE7054DBDE7C04680C1FFFF00C7FFFF69
:1051A00080C6FFFF00C1FFFF80BCFFFFF0B5050018
:1051B0000C00160087B0002908D1002B28D0002A47
:1051C00002D00268002A10D115481FE0002AFBD047
:1051D0000268002AF8D0002B07D12000FDF746FC1A
:1051E000FDF784FD031EEFD02A685769002F14D005
:1051F000109A210004920F9A280003920E9A0292AC
:105200000D9A01920C9A00923200B84707B0F0BD97
:105210000368002BE1D10248F8E70248F6E7C046F0
:1052200080C1FFFF00C1FFFFF0B505000C001600B4
:1052300087B0002908D1002B28D0002A02D00268AC
:10524000002A10D115481FE0002AFBD00268002A6E
:10525000F8D0002B07D12000FDF708FCFDF746FD34
:10526000031EEFD02A685769002F14D0109A21002E
:1052700004920F9A280003920E9A02920D9A0192BC
:105280000C9A00923200B84707B0F0BD0368002BBB
:10529000E1D10248F8E70248F6E7C04680C1FFFFC7
:1052A00000C1FFFFF0B50C000968060015001F00E3
:1052B00087B000294BD0CB689847002849D0062EEC
:1052C00026D12668002E37D0B368200098470E9B61
:1052D0000730C00883423ED30C9B002B2FD026689A
:1052E000002E04D033780026012B00D166680D9B78
:1052F000300002930C9B119A009310992B00019798
:105300000CF088F8002815D173680F9A136011E02B
:1053100000230593119B3A000493109B29000393EB
:105320000F9B200002930E9B01930D9B00930C9BFF
:10533000FFF73CFF07B0F0BD0C9B002BD7D1280036
:10534000FDF794FBFDF7D2FC0C900028C7D1034871
:10535000F0E70348EEE70348ECE7C04680C1FFFFF3
:1053600000C1FFFF80C7FFFF30B5046885B0002C87
:105370000DD0A469002C0CD00B9D03950A9D0295BD
:10538000099D0195089D0095A04705B030BD0248D4
:10539000FBE70248F9E7C04680C1FFFF00C1FFFFFD
:1053A00030B5046885B0002C0DD0E469002C0CD019
:1053B0000B9D03950A9D0295099D0195089D0095F9
:1053C000A04705B030BD0248FBE70248F9E7C046F8
:1053D00080C1FFFF00C1FFFFF8B50668002E15D0A1
:1053E0000C68002C12D0002A10D0256A002D0FD096
:1053F0002778052F05D0072F01D0A64204D1A84752
:10540000F8BD3478012CFAD00248F9E70248F7E7F2
:105410000248F5E700C1FFFF80C1FFFF80C6FFFF24
:1054200010B5002805D00368002B02D09B68984770
:1054300010BD0020FCE7C046036810B5002B05D066
:10544000DB6A002B04D09847002010BD0148FCE720
:105450000148FAE780C1FFFF00C1FFFF002804D028
:105460000368002B01D0586870470148FCE7C0462C
:10547000A4C90510002804D00368002B01D01878B7
:1054800070470020FCE7C046F0B583B002006B46D1
:1054900005000E0003CA03C36846FFF7EBFF02389E
:1054A0006C46022821D8019F23002A0003CA03C3A7
:1054B0002000FFF7DFFF023802281AD863681B7844
:1054C000002B0CD02300200006CD06C3FFF7D2FF2F
:1054D000023802280DD863681B78B34207D1310027
:1054E000380012F0B7FE03B0F0BD0027DCE7024839
:1054F000F9E700231B78FFDE00C3FFFF70B582B021
:105500006B460D00160006C806C36846FFF7B2FFDB
:10551000023802280DD8019933002A00087812F0C9
:105520002DFD002801D102B070BD034B9C466044A4
:10553000F9E700231B78FFDE00C3FFFF406830B5AA
:1055400002001C000100030083B0069D1C33603282
:1055500068310195009412F007FC03B030BDC046DD
:1055600070B544681300250068350A002000290042
:1055700012F000F9002803D12900200012F04CFAA3
:1055800070BDC046012803D00638434258417047D9
:105590000120FCE7436806480122486018000A70B1
:1055A0000A73044A0830103388600A614B617047FF
:1055B000B0C90510B8C905100238C3B202220020D4
:1055C0009A4240417047C0464368D86B7047C04616
:1055D000022243680A70024A68334A608B6070474F
:1055E000C0C905100238C3B2012200209A424041CE
:1055F0007047C0460438434258417047013843421F
:1056000058417047436810B51868DB689847C00078
:1056100010BDC046F0B5446885B01E002068E36840
:105620000D00170098470C9B18608023DB00984200
:105630000ED80B9B98420DD80A9B206802930197C5
:1056400000962B00A4680E9A0D99A04705B0F0BDF6
:105650000148FBE70148F9E780C1FFFF80C7FFFF72
:10566000F0B54468150083B02068E2680E001F00A2
:105670009047A84209D1099B2068009332003B0063
:1056800064680899A04703B0F0BD0148FBE7C04635
:1056900080BFFFFF10B504000CF088F9200000F077
:1056A00017FF10BD10B57821012000F009FF041E7E
:1056B00001D00AF08BFD200010BDC04610B549682E
:1056C00040680BF079F810BDF0B5476883B038003A
:1056D0001E000D0014000AF09FFD089B1860099B36
:1056E000984209D8230038000B9A0A990196009530
:1056F0000BF0AEFC03B0F0BD0048FBE700BCFFFFC1
:10570000F0B5476885B0380014000D001E000AF09F
:1057100083FDA0420BD10B9B380002930D9A0A9B8C
:105720000C99019600950BF053FE05B0F0BD0148B1
:10573000FBE7C04680BFFFFFF0B5476885B0380083
:105740001D000C0016000AF067FD0C9B18600B9BF7
:1057500098420BD80A9B380002930E9A23000D99A9
:10576000019600950BF00AFF05B0F0BD0048FBE77D
:1057700080C7FFFFF0B5C64600B51E00436882B083
:10578000180098460D0017000AF046FD099B04001A
:10579000984210D8089B3200009329003B004046F5
:1057A0000CF064F8002802D1099B9C4205D302B09A
:1057B00080BCB846F0BD0248F9E70248F7E7C046AA
:1057C00080BCFFFF00C7FFFF10B540680AF01EFD58
:1057D00010BDC04610B5040011F0E4FE200000F03A
:1057E00077FE10BD10B58021012000F069FE041E77
:1057F00001D011F06DFE200010BDC04610B5496803
:10580000406812F041FC10BD10B586B00C9C406899
:1058100004940B9C03940A9C0294099C0194089C98
:10582000009410F071FB06B010BDC04600B583B007
:1058300011001A00059B40680093049B10F0C6FB02
:10584000034B984201D003B000BD0248FBE7C046BD
:1058500000B4FFFF00C7FFFF10B5102100F056FE97
:1058600010BDC04610B51021012000F029FE041E15
:1058700003D010220021DDF751FA200010BDC046F0
:10588000F0B5CE46474680B5254C98464B68A544B2
:1058900006001868DB680D00170098470400706860
:1058A0000AF0B4FCE400A04235D120222A2104A849
:1058B000DDF734FA6C68E3682068984780230500B8
:1058C000DB00984229D80CAB20689946029304ABC0
:1058D000019320230093424600233900A468A04787
:1058E000002805D00F4B9D44C0BCB946B046F0BD62
:1058F000766830000AF090FC040085420BD34B46DA
:10590000202200930021300004AB0BF0AFFF0028F1
:1059100001D1A542E6D90448E4E70448E2E7C046DD
:10592000CCFBFFFF3404000000BEFFFF80C1FFFF7F
:10593000F0B504000D001E0085B00021180017000E
:105940000C22DDF7EBF920003300290001AAF6F75D
:1059500049FD041E05D0134B9C466444200005B04D
:10596000F0BD390001A8FEF783FA03002E330ED0F4
:10597000002815D13B78012BF0D13368052B01D0DD
:10598000002B02D17368002BE8D0064CE6E70A9999
:1059900001A8FEF7E1FA002802D102233B70DDE7FF
:1059A000014CDBE780C5FFFF80C3FFFFF0B5454634
:1059B000DE4657464E46E0B5036804008846B7B059
:1059C000062B00D1E6E006AF380011F057FDA568C0
:1059D000636804951EAEED183200290004A8F6F79E
:1059E000ABFB00283AD11E9B013B022B00D946E1BC
:1059F00005AB9946290030234A4604A8F6F718FB60
:105A0000041E00D0A5E0049A059B93469B444A4699
:105A10000623594604A8F6F70BFB041E00D098E0B5
:105A2000059B072B00D093E0049C07222000C74968
:105A300012F0E4FF002800D08AE007AB07341A0018
:105A4000594604A89A460494F6F782FB002800D130
:105A5000B8E0BF4BC41809AB9B4605E0BC4BC4186B
:105A600007AB9A4609AB9B460BAB01930DAB039377
:105A700013AB0293002C76D105AB9946300011F0A0
:105A8000FDFC11F095FC03780500002B47D054462F
:105A900003E06B780135002B40D0300011F03CFD65
:105AA0003000297812F0D6FB002800D081E0FA6B94
:105AB000F36B9A42EDD13A6C336C9A42E9D12000F3
:105AC0001FA9F7F78FFB0028E3D1584621A9F7F764
:105AD00089FB0028DDD1019823A9F7F783FB002873
:105AE000D7D102982BA9F7F77DFB0028D1D10398D5
:105AF00025A9F7F777FB0028CBD129A911A8F7F73B
:105B000071FB0028C5D100210FA8F7F75FFA00212B
:105B1000824627A8F7F75AFA8245BAD1A246300042
:105B200011F0FAFC4A462B781370002B00D1C5E027
:105B30000298F7F7BBF85046F7F7B8F85846F7F76A
:105B4000B5F80198F7F7B2F8039811F0D7FC29E0FF
:105B5000804C07AB9A4609AB9B460BAB01930DAB50
:105B6000039313AB02930298F7F7A0F85046F7F7A8
:105B70009DF85846F7F79AF80198F7F797F80398C1
:105B800011F0BCFC200037B0F0BCBB46B246A946C1
:105B9000A046F0BD05AB19009946FEF7A3F9002811
:105BA00000D07FE04B4640461978FFF76DFC0400BB
:105BB000E8E7A2460400300011F0AEFC4A462B781C
:105BC0001370D0E75046F7F74DFA049BF8639B45F6
:105BD0006AD130234A46290004A8F6F729FA041EA0
:105BE000B9D1049A059C0423141921004A4604A83B
:105BF000F6F71EFA09AB9B4600283DD11800059A1E
:105C00000499F7F757FA002836D1049B059A21002A
:105C10009B1804934A46042304A8F6F709FA0BAB31
:105C20000193002837D11800059A0499F7F742FA32
:105C3000002830D1049B059A21009B1804934A4602
:105C4000032304A8F6F7F4F9049B002802D1059A6F
:105C50009B1804939C422BD104234A46290004A894
:105C6000F6F7E6F9041E2BD0394B9C460DAB039397
:105C700013AB64440293FDE6354BC418F4E607AB5E
:105C80009A4609AB9B460BAB01930DAB039313AB49
:105C90002F4C029367E72E4BC4180DAB039313AB45
:105CA0000293E7E62C4C6DE709AB9B460BAB0193E7
:105CB0000DAB039313AB294C029354E7284C52E7E6
:105CC0000DAB1C00039321003800059B049A11F0D2
:105CD00051FD002824D0224B9842D8D1049B1B7838
:105CE000023B012BD3D85046F7F7C2F9059B411C64
:105CF00002009942CBD1049920000131F7F7DAF97B
:105D00000028C4D1049B0FA819780239F7F72CF9A1
:105D10000028BCD1012111A8F7F726F90028B6D137
:105D2000049B059A29009B18049313AB1A0004A83E
:105D30000293F6F70DFA041E03D0054B9C4664440B
:105D400098E60298F7F78EF9386497E6E4C90510EB
:105D500000C3FFFF80C6FFFF00C6FFFF9AC2FFFF20
:105D600080B1FFFFF0B5CE4647461D00002380B549
:105D700089B0040005930693079304913033891882
:105D800004A803AAF6F754F9002807D04B4B9C4609
:105D9000604409B0C0BCB946B046F0BD049E039B48
:105DA00002AAF618310004A8F6F7C6F90028EDD1CA
:105DB000029B012B79D13100033303AA04A8F6F723
:105DC00037F90028E2D1049F039B9846FB180493FF
:105DD000B3420AD0A023310003AA04A8F6F728F999
:105DE00000283AD003006233D0D142463900200067
:105DF000FFF784FB0028CCD1049BB3420AD0A12337
:105E0000310003AA04A8F6F713F900280BD0030009
:105E10006233BBD1109B4246009339002B00200017
:105E2000FFF78CFBB5E7049E039B03AAF61831002D
:105E300004A8F6F789FA0028A8D10499039BCB1887
:105E40009E4234D12000721AFFF78AFB0028A0D0AE
:105E50001B4B9842DED019489BE7049A039BD1184C
:105E60008946002B27DD13780593062B01D0302BB4
:105E70001FD1494606AA04A8F6F7DAF800280DD182
:105E8000049B069A07939B18049399450FD1210010
:105E900005A8FFF78BFD0028A7D07AE7074B9C46A3
:105EA0006044002800D074E7F1E7064871E706482F
:105EB0006FE706486DE706486BE7C04600C3FFFF83
:105EC00080B1FFFF80C2FFFF9AC2FFFF9EC2FFFFAB
:105ED000A0C2FFFFF0B5C64600B58CB000241E007E
:105EE0006B468F18050006919C73DC7339003023D4
:105EF00005AA06A8F6F79CF8002806D03C4BC41863
:105F000020000CB080BCB846F0BD0699059B8846C1
:105F10009844414604AA06A8F6F70EF90028EDD1E8
:105F2000049B002B5ED10E220F336B44009341463D
:105F300009AB6A4406A8FFF7FBFC041EE0D104236A
:105F4000414605AA06A8F6F773F80028D6D1059BA6
:105F5000002B4BD06B46987BFEF73CFE011E43D0D6
:105F60002800FEF743FE041ECAD16B469B7B012B23
:105F700020D0023B012B37D8290009A8FFF716FDD6
:105F80008046002811D1129B28000093059A330007
:105F90000699FFF7E7FE8046002806D1069B059A82
:105FA0009B189F42ACD0134CAAE72800FEF702FED4
:105FB0004446A5E707AE33002A0003CA03C33000F6
:105FC000FFF758FA0023012800D1089B1800059A12
:105FD00006990AF0ABF9061EE0D02800FEF7EAFDAC
:105FE00034008DE7044C8BE7044C89E7044C87E7C9
:105FF00000C3FFFF9AC2FFFF80C2FFFF80C3FFFF05
:10600000A0C2FFFFF0B5C64600B58AB00023160057
:106010006A469373D373303304AA0500F6F708F881
:10602000002806D0374BC41820000AB080BCB84600
:10603000F0BD2F68049B0E22FF180F236B440093C2
:106040003900280007AB6A44FFF772FC041EEBD14D
:106050003900280004AAF6F777F900281BD12B682D
:10606000049A9B189F4247D16B46987BFEF7B2FD7E
:10607000011E45D03000FEF7B9FD041ED4D16B4699
:106080009B7B012B1BD0023B012B07D91E4C300000
:10609000FEF790FDC8E71D4BC418C5E7310007A8FF
:1060A000FFF784FC002801D00400F0E729683000E5
:1060B0007A1AFFF755FA2F600028B5D0F4E705AB40
:1060C0009846320003CA03C34046FFF7D3F90023C2
:1060D000012801D143465B68296818007A1A0AF042
:1060E000C3F8002801D12F609EE703006C330C2B0E
:1060F00004D8064BC418CAE7054C95E7034CC6E71D
:10610000014C91E700C3FFFF80C3FFFF00C5FFFF05
:106110009AC4FFFFF0B545465746DE464E46E0B509
:106120000C000700150098468BB0002A00D19AE0B9
:1061300007A8FEF7A7F96B1EE218E35C9146002B57
:106140000BD0169B2A00009321003800159BFFF707
:10615000C1FE002848D100261BE004AB02939A46FA
:10616000149B6E4A019343466D49009307A8230090
:10617000FEF78EF9061E14D06A4B9B46984200D15A
:1061800075E0694B984200D16FE0684B984200D1AE
:106190006FE030000BB0F0BCBB46B246A946A0464B
:1061A000F0BD0120FEF716FD01003800FEF71EFDD0
:1061B000061E12D105AC23003A0003CA03C3200017
:1061C000FFF758F90023012800D1069B1800089A10
:1061D00007990AF0ABF8061E02D03800FEF7EAFC79
:1061E00007A8FEF7DDFAD4E73800FEF7E3FC380035
:1061F000FEF7DCFC0120FEF7EDFC01003800FEF7A5
:10620000F5FC002812D105AE33003A0003CA03C3DF
:106210003000FFF72FF90023012800D1069B2A0048
:10622000210018000AF082F8002894D03800FEF708
:10623000C1FC3800FEF7BAFC0220FEF7CBFC0100DF
:106240003800FEF7D3FC00280AD1169B2A000093E1
:1062500021003800159BFFF785FD002800D17AE763
:106260003800FEF7A7FC324E93E7324E91E7324EEC
:106270008FE74B461B78002B00D062E75346029312
:10628000149B2E4A019343462D49009307A82300EF
:10629000FEF7FEF8061E1ED05845E8D0224B984265
:1062A000E3D0224B9846984200D072E74B461B78C9
:1062B000002B00D045E75046019302900093214AFD
:1062C0002300214907A8FEF7E3F8061E19D0404530
:1062D00000D05EE735E70220FEF77CFC01003800C5
:1062E000FEF784FC061E00D077E7169B380000936B
:1062F000089A0799159BFFF735FD061E00D16FE739
:106300006BE7169B38000093089A0799159BFFF7D7
:10631000E1FD061E00D163E75FE7C046ECC905104A
:106320000CCA051080ECFFFF00EDFFFF80EFFFFFC0
:1063300000C3FFFF00C4FFFF80C4FFFF2CCA05108D
:106340004CCA05106CCA051088CA0510F0B54F4636
:106350004646D646C0B505000E0017008CB0002A90
:1063600000D197E009A8FEF78DF87B1EF218F35CC8
:106370009046002B14D009A8FEF712FA0120FEF770
:1063800029FC011E00D18AE02800FEF72FFC041E24
:106390001BD020000CB0E0BCBA46B146A846F0BD08
:1063A00006A8029001930093814633003D4A3E497E
:1063B00009A8FEF76DF8041E3FD03C4B9A46984260
:1063C00025D009A8FEF7ECF9E3E707AC23002A0083
:1063D000059603CA03C32000FFF74CF800230128E9
:1063E00000D1089B3A001800059909F03DFF041EF2
:1063F000CFD02800FEF7DEFB23006233C9D12A008C
:10640000F11905A80596FFF7FDFD0400C1E7434615
:106410001B78002BAFD14846019302900093244A89
:106420003300244909A8FEF733F8041E28D050454C
:10643000A1D009A8FEF7B4F9ABE7099B01200593A9
:10644000FEF7C8FB011E27D02800FEF7CFFB041E75
:10645000B7D107AC23002A0003CA03C32000FFF70B
:1064600009F80023012800D1089B18000A9A059911
:1064700009F0FAFE041EA4D02800FEF79BFBA0E75B
:1064800009990A9B05912A00C91805A8FFF7BAFDCA
:10649000040096E7084C7CE709A8FEF781F9074C51
:1064A00077E7C046A4CA0510C4CA051080EFFFFFF5
:1064B000E4CA051000CB051000C3FFFF80C3FFFF37
:1064C00010B5024B1B68984710BDC0465C07002002
:1064D00010B5024B5B68984710BDC0465C070020B2
:1064E000014B03C3002070475C0700200020704769
:1064F0007047C04610B50A000400002903D0024BC3
:1065000000211B68984710BDFC04061010B50A0056
:10651000041E05D0002903D0034B00211B689847B7
:106520002000FFF7D5FF10BDFC040610F0B5CE46E5
:106530004746050080B5080091427AD0FF23BA4C47
:106540009843A04200D178E0B84EB04200D1A8E014
:10655000B74EB046B04200D1C1E0B64F4E0A760207
:10656000BE4200D1A5E0B44FB84200D1B1E0B3487B
:10657000864200D19DE0FE230C00A020DB051C40DC
:10658000C004844200D1BAE0C0208004844200D01C
:10659000A3E000201340A3424BD10B00534018004E
:1065A000A74C2040234200D097E0E024A54BA40450
:1065B0000B40A34200D1C8E0F024A404A34238D188
:1065C000E0238024DB01A4012B40A34231D1E0234E
:1065D000DB001D422DD0FC239B03194200D0D0E0EC
:1065E00001276B055B0F9F40B9468026FC241700EE
:1065F000130036023740A403BC4623400E4022421B
:1066000000D1C2E093029B0E002E00D1D8E0484694
:10661000994500D218006446002C00D1DEE0FC222F
:106620000304920313408020854A00020A4013436A
:106630001843C0BCB946B046F0BD14009C432300CB
:10664000844212D07948844247D07948834208D0A6
:106650007A4C900A8002A0423FD0774C0020A3429F
:10666000E7D10B005340FF2B37D8FF231800084019
:106670000B4206D08023744C9B0403431000A342BA
:10668000D7D0FF23180010401342D2D06F4A802386
:1066900094469B04034363445A4253415842084082
:1066A000C7E715009D432B00A54216D08542CCD1EB
:1066B000DBE767481040A0420FD01000984303006A
:1066C0005B488342CDD05D4C900A8002A042C4D189
:1066D000C7E75F481040A0420BD10020A9E75C4DFE
:1066E0001540A542F9D014009C4323008442AFD149
:1066F000B7E71000984303004045A9D1B1E7134024
:10670000A342EAD10B004E4C53400020234200D05C
:106710008FE73F3080250B0C140C0E000340044023
:1067200010002D022E402840294206D0002850D1CA
:10673000A34200D97DE710007BE7002800D178E76D
:10674000A34276417042084073E788235B019D4273
:1067500000D06EE7FC230F009B031F40B94619428F
:106760000FD1FF2480230C409B042343394CA446C3
:106770006344102B00D938E7374C9B001B599946CE
:1067800033E78F02BB0E99462FE7E0272D4CBF045D
:106790001440BC422BD0F027BF04BC4235D0002EA1
:1067A00023D16246002A3DD1994500D041E74B46AE
:1067B0001F04FC2322489B031F400840384338E74E
:1067C0006246002AF0D04A469A427641704208401A
:1067D0002FE7A34200D223001B0424E760464C4667
:1067E000A34240414042104023E7484613E7FF25BB
:1067F00080241540A4042C43164DA8464444102C74
:10680000CDD8164BA400E358FEE68024A401A04690
:10681000E024E4012C404445C1D101236D056D0FF6
:10682000AB40F1E6080004E7000300060013000691
:10683000000200060006000600090006000400062B
:10684000FF7FC0FF0000C07FFF00000201FFFFFDCF
:1068500000EFFFFFFDFFFFFD9005061090050610FD
:10686000FF220B0010B5934300281AD02B48834217
:1068700010D02B48834230D02A4883422DD02A4C56
:10688000480A4002A04228D0284CA34225D0284BD9
:10689000984203D114000C400A4223D18720404281
:1068A00014E01E4883422ED01D4883420FD01D485D
:1068B00083420CD01C4C480A4002A04207D01B4C1B
:1068C000A34204D01A4B984222D0002010BDFF23CF
:1068D0001C000C400B42F8D004E0FF231C000C40CD
:1068E0000B42DBD08023134A9B0423439342D5D031
:1068F000114A9342E9D0114A002094466344022B86
:10690000E4D98638E2E714000C400A42EAD1DCE719
:10691000140000200C400A42D8D0E3E70003000630
:10692000001300060002000600060006000900062B
:1069300000040006FF00000203000002F7FFFFFD55
:10694000FE22A021D20503000240C9048A422AD1B6
:106950001649420A52028A4213D0FF220100914393
:106960000A0013498A420CD0810A124889028142E6
:1069700007D011498A4204D01B04D81786239843B4
:106980007047FF221100002019401A42F8D00B4B2B
:1069900080209C468004084360444342584186233B
:1069A00040429843ECE787204042E9E700020006B6
:1069B00000130006000400060009000601FFFFFDA9
:1069C0000023F0B5456883B004000E00476911004C
:1069D0002800136008F0E8FB002801D003B0F0BDE8
:1069E000280008F0E3FB0028F8D1EDB2002D27D1F4
:1069F000002F2BD1A268184B1A4227D16288174B5F
:106A00009A4226D823793100002B0BD0002008F0C1
:106A100013FB0028E2D13268130062CC62C326CC9B
:106A200026C3DBE701A808F007FB0028D6D13368AE
:106A30001A0062CC62C262CC62C2019A5A61CDE78E
:106A40000021606908F0BAFA0028D3D187204042BB
:106A5000C4E786204042C1E7FC00FFFFF8FF0000CA
:106A6000F0B5C64600B588B004008846170000217E
:106A7000142203A81E00DCF751F988231D4A5B018C
:106A800002AD2B80F300934200D91B4B6B80C022D8
:106A9000A02300215B0120005200AB60DCF73EF92F
:106AA0000123FF216371434680201940134B80046A
:106AB0009C46084360440023102801D8104B1B5CFF
:106AC0002371E02320009B040B4300933A00330022
:106AD0002900083007F096FD061E07D0280006F0B2
:106AE000A1FD300008B080BCB846F0BD0123236092
:106AF000F4E7C046F8FF0000FFFF0000FDFFFFFDC8
:106B0000D405061070B51D002B4B040016009942E9
:106B100012D00333994206D00223FF33994214D096
:106B20008720404270BD8378002B3FD1002D16D1C5
:106B300001230020A370F5E78378032B36D1002DC5
:106B400027D104230020A370ECE78378013B012BBD
:106B50002CD8002D10D103230020A370E2E72900D8
:106B60000120FFF7ADFCE060002822D02A003100B0
:106B7000DCF7DAF82561DBE729000120FFF7A0FC4C
:106B80006060002815D02A003100DCF7CDF8A56040
:106B9000E1E729000120FFF793FC6061002808D09D
:106BA0002A003100DCF7C0F8A561CAE7892040421D
:106BB000B8E78D204042B5E701020000FE2310B582
:106BC000C024DB050340A404A3422BD1E024394BAD
:106BD000A4040340A34221D0F024A404A34221D161
:106BE000E0238024DB01A4010B40A3421AD1E0235F
:106BF000DB00194216D0FC239B03184215D03F231B
:106C0000000C034013703C22104218D001224905A9
:106C1000490F8A409A4205D3002005E088235B0192
:106C200099420FD08720404210BD49054B0F0121EA
:106C30009940CBB21370032901D9402BECD986209F
:106C40004042F1E7FC2304009B031C40184217D08C
:106C50003F21030C194011703C221342EFD0FF2258
:106C6000802302409B041343134A94466344102B31
:106C7000D8D8124A9B009B589942D3D80020D3E71A
:106C8000FF2380210340890419430B4B9C46614438
:106C900010290CD844200A4B5B181B5C1370032B83
:106CA000CDD9064A89008A589A42C6D2BAE71470EA
:106CB000C5E7C0460000C07FFDFFFFFD9005061040
:106CC00090050610036870B50400002B1BD0007DF2
:106CD000C00715D4184D60682840184DA84215D03B
:106CE00087256D42012B03D12000183006F052F9A0
:106CF000D422002120005200DCF710F8280070BDDB
:106D000089256D42EEE789256D42F7E7002AE7D035
:106D1000012B0ED12000183006F0D2F8051E04D148
:106D20000122237D13432375E8E72368002BD9D183
:106D3000E4E787256D42DBE7FF7FC0FF00024005E7
:106D4000F0B504008A4265D08848530A5B0283424A
:106D500029D0FF231000984303008548834222D0A6
:106D6000844D900A8002A8421DD0834883421AD0E5
:106D7000FE230800A025DB051840ED04A8424BD1F6
:106D8000134083424FD113007C4C4B4000202342E0
:106D900008D10B0406D53F23090C120C19401340EF
:106DA0008B424041F0BD71484B0A5B0283420FD0D9
:106DB000FF230800984303006D48834208D06D4CC0
:106DC000880A8002A04203D06B4C0020A342E9D184
:106DD000FF231D0000200D400B42E3D08024A404BB
:106DE0002C43674DAC42DDD14A4093424041D9E744
:106DF000E0208004834276D0F0229204934200D1B6
:106E000094E0080000262840294268D08B029B0E9F
:106E1000BB424ED10120C5E7C025AD04A84202D136
:106E20001340834212D09023564C1B050C409C42C9
:106E30004CD1FE23DB0500201340A342B2D15248BF
:106E400002401343581A43425841ABE713004B4DDD
:106E50004B4000202B42A5D1E0204C4B80040B403E
:106E600083422FD0F020800483422FD1E023802062
:106E7000DB0180012340834228D1E023DB001C4258
:106E800024D0FC251700414BAD032F4013402A426C
:106E9000AED0E0209602B60E8004834236D0F022B7
:106EA0009204934252D0FC2308009B0318401942DD
:106EB00015D000200B0400D474E78902890E8E429D
:106EC00040416FE788235B019C42DAD0002069E7EC
:106ED000FC2308009B0300261840194296D1801B12
:106EE000434258415EE7FF231A4080239B0413432B
:106EF000274A94466344102BEAD8264A9B009E58A2
:106F0000254A9F58294281D13800E8E7FF231A40DB
:106F100080239B0413431E4A94466344102BC2D81B
:106F20002942C6D11C4A9B009858D8E7E02380220A
:106F3000DB01920123409342CAD101266005400F34
:106F4000864030002942CAD037005FE7E023802224
:106F5000DB01920123409342A5D12942A9D101230B
:106F60006005400F83401800B9E7C04600020006E4
:106F7000001300060004000600090006FF7FC0FFA2
:106F8000FF000002FFFF00FF0000FFF60000C07FCF
:106F9000FDFFFFFD9005061090050610E023F0B5FB
:106FA000C646140080220668DB013788050000B55C
:106FB000D2013B40934201D101239943B3680B4076
:106FC00099423BD100239846002C3FD02C4A630ABB
:106FD0005B0293421ED0FF2322009A431300294AEA
:106FE000934217D02849A20A92028A4212D0274A15
:106FF00093420FD0FD22FE2312069446DB05234068
:10700000234A6344134236D1230408D587235B42C5
:10701000984616E0FF231A00224023421AD122008C
:107020003800F168FFF78CFE8046002820D122004E
:1070300038003169FFF784FE002807D185235B42C1
:107040009846002330002B6008F096F8404680BC3C
:10705000B846F0BD80239B0413430E4A9342D5D01B
:1070600022003800F168FFF76BFE80460028DED072
:1070700000239846EAE7074B9C42D0D1C6E7C046BA
:1070800000020006001300060004000600090006C6
:10709000FFFFFFFDFF000002F0B5C6461F00002302
:1070A00000B57C1E84B005000393631E9C412B68D1
:1070B0002402013408001600FF34002B3BD1FE23CC
:1070C000DB0513408022D20493420AD087235B421F
:1070D0000020984608F050F8404604B080BCB846FE
:1070E000F0BD03A908F016F88046002854D13200FC
:1070F000210003A8FFF752FF804600284CD102224E
:107100002B79039C93432B713F4B9E4226D0012148
:107110002B7922880B432B71E0238021DB0189012D
:1071200013408B4253D0394B9A424BD0384B9E423E
:1071300018D10D2317E0892252429046012B03D12A
:107140002800083006F09EF9002303222B602B79DB
:10715000039893432B7108F00FF8BDE72B79013AA0
:1071600093432B7100236B7108239846A84448224F
:1071700000214046DBF7D2FD6168226A636A090A92
:10718000012F0ED000293AD140462100009606F08A
:107190004DF8804600280ED02B68002BCED10398E6
:1071A00098E700292BD140462100009606F034F8DC
:1071B00080460028F0D1012303982B6007F0DCFF04
:1071C000804689E7134A0C239642CCD0AEE70123D0
:1071D0005105490F8B40E021C9000A42A3D00E4956
:1071E0000E483140814208D00D48864205D00D48F6
:1071F000864202D00C48814295D1DBB2B3E78723A7
:107200005B429846C8E7C0460044400404200000A2
:107210000013C00400018004FFFEFFFF0010C00443
:107220000012C00400FF400400404004F0B5CE4608
:107230009946002300B58AB0150002AAD376139BA5
:107240000F005E425E418023DB009C46B60209A926
:10725000664407F05FFF041E2BD131003A0009A8F5
:10726000FFF79CFE099E041E11D102AA94461B231F
:1072700063441A0038003188FFF7A0FC041E06D1D1
:1072800002ABDB7E119A934215D98A246442129B89
:10729000119A1A60002A04D02121119A1098DBF764
:1072A0003DFD300007F068FF20000AB080BCB94601
:1072B000F0BD099EEBE77068316A726A000A1ED160
:1072C0000393109B129802934B4604900193300055
:1072D0003B00009507F092FA041EEAD1119B002BA7
:1072E00008D0129B10991B68119AC818D21A212134
:1072F000DBF714FD099807F03FFF0400D4E787246B
:107300006442C4E7F0B54746CE461E00002380B570
:1073100087B00593036804000D001700002B16D0FA
:1073200089256D42012B03D12000083007F046F972
:1073300000232360A3885B0A5B02A380059807F003
:107340001BFF280007B0C0BCB946B046F0BD0833EB
:107350009946BC228144002152004846DBF7DEFCFE
:10736000734273419B0298468023DB009C462800B1
:1073700005A9E04407F0CEFE051E27D13A0041469C
:1073800005A8FFF70BFE051E20D1059B38001988C4
:10739000221D9846FFF712FC051E17D1012211008D
:1073A0006379314093430B434146637143464968D7
:1073B0001A6A090A5B6A002E0CD000291AD14146CC
:1073C0004846009707F01EF9051E0CD02368002BD5
:1073D000B4D0A7E700290DD141464846009707F0F1
:1073E0005FF9051EF2D101230598236007F0C4FE62
:1073F0000500A6E787256D42E8E7C046F0B5C6461A
:1074000007000E001400002500B5002A22D13B68B9
:10741000012B2AD107339846B84422002900404660
:1074200007F08CF9061E0DD03B68002B0AD0012B0B
:1074300002D1404607F0C2F800233B60BB885B0ADC
:107440005B02BB8028002100FFF760F8300080BCA1
:10745000B846F0BD01211000FFF732F8051E09D033
:1074600022003100DBF760FCD1E787267642002B53
:10747000E8D0E1E78D2600247642E3E7F0B5474601
:10748000CE461E00002380B5040087B030000F00F8
:1074900015000593FFF754FA002800D06EE023682A
:1074A000002B51D1237D1B074ED118239946C822AA
:1074B000A144002152004846DBF730FC7B427B416F
:1074C0001B02984680235B009C46280005A9E044E7
:1074D00007F020FE051E57D13200414605A8FFF7F0
:1074E0005DFD051E059855D1324A3349B3029B0E06
:1074F00032408A424CD1102B4FD8304A0125DA4015
:1075000015424AD04168026A436A090A002F47D0EF
:10751000002942D1256001000096484605F0B8FCDC
:1075200005000598002D35D10388238107F024FE3E
:10753000234B102263600123217D3B401B019143BB
:1075400019430500217513E00020892507F014FE7A
:107550006D422368002B0BD0012B03D12000183083
:1075600005F018FDD422002120005200DBF7D6FBE5
:10757000280007B0C0BCB946B046F0BD8725002042
:1075800007F0FAFD6D42E4E7059807F0F5FDE0E746
:1075900086256D4207F0F0FDDBE787256D42F9E7B0
:1075A0000029FAD1256001000096484605F07CFCD0
:1075B0000500B6E7FF7FC0FF0002400510F10100A3
:1075C000000250050120024B1B7818407047C0464E
:1075D000941100200120024B1B7818407047C046D0
:1075E000941100207F221100434200B519401A4235
:1075F0000BD04842332967DD402900DCB5E0702913
:1076000000D0C1E09320404289E0B14B984200D1C4
:1076100089E0B04B984211DB0300333379DAAE4B8B
:10762000984200D1DAE0AD4B984200DA78E0AC4BFA
:10763000984200D0AAE09520404270E0A94B9842C1
:10764000F9D0A94B984222DAA84B984200D1C5E064
:10765000A74B984247DAA74B984200D17FE0A64B50
:10766000984200DBABE0A54B984200D17AE000DA0B
:10767000ABE0A34B9842DED0C523DB019C466044BF
:1076800043425841022340429843843847E09D4B8F
:107690009842B7D09C4B984248DA9C4B984261D0B4
:1076A0009B4B984200DB7CE09A4B984200D175E0FE
:1076B000994B9842BFD08923DB019C466044431E0E
:1076C0009841000194382AE070221A4200D1AAE0C1
:1076D000222900DD79E02230122800D975E08F4B95
:1076E00080001B589F468E4B984200D176E08D4B10
:1076F000984200DA8BE08C4B984263D08B4B9842D7
:1077000000DAC1E08A4B984200D0DEE0942040428B
:1077100005E043425841434284201840843800BD6C
:10772000844B984254D185204042F8E7824B9842DE
:1077300015D04ADB814B98424DD0814B984200DBFB
:1077400090E0804B984246D0FE239B019C466044CB
:10775000431E98414342092018408D38DFE79620A8
:107760004042DCE797204042D9E7402301205B1AE2
:107770009840754B1842C9D1A023DB001840434202
:10778000584140008638CAE76F292ADD6F4B98427E
:1077900000DA84E06E4B984200D08BE08A204042B1
:1077A000BDE76C4B9842DDD08423DB019C466044EE
:1077B000431E98414342032018408738AFE7664B89
:1077C00098427DD18D204042A9E784204042A6E71F
:1077D000EC239B01EAE787204042A0E78620404255
:1077E0009DE76E29BED06C235B1A0C2BEDD80121CE
:1077F0000A009A4059480242EDD11142CED1023BD3
:107800005A1E934109205B4218408D3887E7544B3C
:107810009842E3D0534B984216DA534B9842D1D05A
:10782000A223DB01C2E70E235B1A0E2BCDD8012267
:107830009A404E490A42CED1063B5A1E9341062039
:107840005B4218408A386AE7494B9842C3D09E236E
:10785000DB019C466044431E984143420620184089
:107860008A385CE7434B9842B5D0434B98422ADABA
:10787000FA23424A9B01C31813405A1E9341032026
:107880005B42184087384AE79C23DB019C466044F2
:10789000431E984143421120184095383FE780230A
:1078A0009843E8239B019C466044431E9841400056
:1078B000863834E77230431E9841400086382EE700
:1078C000C223DB0172E7F223ECE79923DB016DE7CA
:1078D00000C4FFFF01C4FFFF80C5FFFF81C5FFFF9C
:1078E00000C7FFFF00B4FFFF01B4FFFF809FFFFF51
:1078F000819FFFFF009EFFFF019EFFFF809CFFFF17
:10790000009DFFFF80BEFFFF81BEFFFF00BDFFFFA8
:1079100001BDFFFF00BCFFFF80BCFFFF000506109C
:1079200080B1FFFF81B1FFFF80B2FFFF81B2FFFF97
:1079300000B3FFFF80C4FFFF00BFFFFF00C1FFFFD8
:1079400001C1FFFF80BFFFFF5910000001C7FFFF0B
:1079500080C7FFFF80BDFFFF809EFFFF5015000026
:1079600080AFFFFF81AFFFFF80AEFFFF1505000076
:1079700080B0FFFF00C3FFFF01C3FFFFFFFEFFFF5B
:10798000F0B5C64600B5154F05007B780C00022BFC
:1079900004D08920404280BCB846F0BD3B78072B1C
:1079A000F7D1002917D08023DB009846E83703E0A1
:1079B000A41BAD19002C0ED02600444501D9802609
:1079C000F600320029003800F9F7ACFD0028EFD0AE
:1079D000FFF708FEDFE70020DDE7C0469411002036
:1079E000184B98421BD8053B984208D2164B984238
:1079F0000DD0FF3398420AD0862040427047134B87
:107A00009C462923604480B2C340DB07F4D507209D
:107A10000840431E9841862340429843EEE7902356
:107A20009B019842E8D140230A009A43802A07D05C
:107A3000481EFF38431E9841862340429843DDE7A5
:107A40000020DBE7051200000110000000EEFFFF40
:107A5000036A70B504000D00002B08D10120FEF769
:107A60002FFD2062002805D00020656270BD8B20AC
:107A70004042FBE78D204042F8E7C046036A70B5FC
:107A800004000E001500002B0DD111000120FEF79F
:107A900017FD2062002809D02A0031006562DBF75B
:107AA00043F9002070BD8B204042FBE78D2040420F
:107AB000F8E7C046F0B51F000E001500038885B03A
:107AC000002A45D0344AE0249446E022E4011C40D8
:107AD0006444120214421FD05A0439D584212F4A1B
:107AE000C9011A408A4227D08221C9018A4245D061
:107AF0002B4A13402B4A93422AD10C9B2A00029313
:107B00000B9B310001930A9B00933B0006F0B8FFEA
:107B10000400200005B0F0BD0C9AE90018001160C7
:107B2000FFF75EFF041EF4D12A0031003800DBF7B6
:107B3000FBF80B9B1D60ECE78022EB0052019342A7
:107B40000FD008D8184A134080221201934208D05F
:107B500086246442DDE7154A9446154A634413427D
:107B6000F6D10C9B2A0002930B9B310001930A9BD8
:107B700000933B0006F0E8F90400CAE70C9B2A00DA
:107B800002930B9B310001930A9B00933B0005F08D
:107B900079FE0400BDE7C04600F0FFFF00CFFFFF05
:107BA000FFCFFFFF01400000FFFBFFFF00E8FFFFEA
:107BB000FFF7FFFF10B50400006A002802D0616AD9
:107BC000FEF7A4FC002300202362636210BDC046C0
:107BD00070B50500006A002802D0696AFEF796FCBD
:107BE0002B7E012B10D0023B012B14D8EC69013CF9
:107BF000631E9C41962364429C4328002822002156
:107C0000DBF78CF8200070BDEC69631E9C41962365
:107C100064429C43F1E797246442EEE710B5030009
:107C200082B00020002B01D102B010BD180001A9C4
:107C300007F070FA0028F7D10198037E022B0ED1CD
:107C4000013303760379FF3B5A42534184225C425D
:107C5000944307F079FA0028E6D12000E4E797245E
:107C60006442F6E770B5050082B008000C0005F02C
:107C7000D9FC280001A907F04DFA002808D1019885
:107C80002300020062CA62C332CA32C307F074FA28
:107C900002B070BD70B514001D000288E0231648C4
:107CA000DB018446E02013406344000203420FD00E
:107CB000124B1348134083420AD0124B1A40124B06
:107CC0009C46124B62441A4202D0862040420FE08A
:107CD000049B9C420DD822002800DBF725F8049B6A
:107CE00000211A1B2819DBF719F80020059B1C60DE
:107CF00070BD8A204042FBE700F0FFFFFFCFFFFF8F
:107D00000140000000CFFFFF00BFFFFFFFFEFFFFAD
:107D1000F0B5C64600B50F0015001E0084B0002A5D
:107D200042D0002303A9336007F0F4F9041E0FD1F9
:107D3000E02180220398C9010388D2010B409342BD
:107D40000BD08368DB0708D4039407F015FA853C51
:107D5000200004B080BCB846F0BD01212800FEF729
:107D6000AFFB804643460398002B31D04368016A3D
:107D7000426A1B0A1BD1434601960095FFF78AFF12
:107D80000600039807F0F8F90400002F26D04146BA
:107D90002A003800DAF7C8FF29004046FEF7B6FB94
:107DA000002ED5D03400D3E78A246442D0E707F010
:107DB000E3F9002F12D087262A0041463800DAF76F
:107DC000B3FF764229004046FEF7A0FB3400BFE730
:107DD0008D26764207F0D0F93400B9E79724644243
:107DE000B6E7C046F0B51500E022802704881E00E3
:107DF000294BD20183B02340FF012240BA4216D062
:107E0000264A93423BD0264B1C408223DB019C42F6
:107E10001BD08423DB019C4214D1099B2A000193CF
:107E2000089B0093330005F0C7FF03B0F0BD1B4A69
:107E3000934213D01B4A1A4B944623401A4A634478
:107E400013420BD086204042EFE7099B2A000193A2
:107E5000089B0093330005F04BFDE6E7089B9D422D
:107E600016D82A003000DAF75FFF089B00215A1B62
:107E70007019DAF753FF099B00201D60D5E7099BB5
:107E80002A000193089B0093330006F01FFECCE705
:107E90008A204042C9E7C046FFCFFFFF01400000F3
:107EA00000CFFFFF00BFFFFFFFFEFFFFF0B5C6469C
:107EB00000B50F0015001E0084B0002A44D0002336
:107EC00003A9336007F026F9041E1AD10121280006
:107ED000FEF7F6FA804643460398002B37D0038816
:107EE0005B0413D407F048F9002F2AD02A0041463A
:107EF0003800DAF719FF872429004046FEF706FB11
:107F00006442200004B080BCB846F0BD426A016AF9
:107F100043460196009505F091FB0600039807F093
:107F20002BF90400002F0CD041462A003800DAF764
:107F3000FBFE29004046FEF7E9FA002EE1D03400AE
:107F4000DFE797246442DCE78A246442D9E707F03C
:107F500013F98D3CD5E7C046F0B5C6461E00002398
:107F600000B588B007000D00141E0593069333601A
:107F700000D184E080239B059A4200D37CE001215C
:107F80001000FEF79DFA8046002800D17DE0290010
:107F90002200DAF7C9FE380006AA05A9FEF710FD8F
:107FA000051E0FD1059D696A002926D17B681B0A31
:107FB00016D0872521004046FEF7A8FA6D4205E05D
:107FC00087256D4221004046FEF7A0FA059800285B
:107FD00001D0FFF7FDFD280008B080BCB846F0BD19
:107FE0002B6A002B4ED121000120FEF769FA28628E
:107FF00000285AD06C62059D696A6B88786807937F
:10800000000A2B6A24350028DAD107A802900195CE
:108010000091220041463800FFF74CFD051ED1D1EA
:10802000059B079A5988002918D15A8020498A420D
:108030001BD83A88002A02D019889142B9D17A888F
:10804000002A0ED15A6932601A7E012A24D10222F6
:10805000210040461A76FEF759FABCE79142A8D1B2
:10806000E4E759889142EDD0A3E7862521004046F8
:10807000FEF74CFA6D42A9E786256D42ABE78725EE
:108080006D42A8E78B256D429CE78D2500210020DD
:10809000FEF73CFA6D4299E7002397252100404600
:1080A0003360FEF733FA6D4290E78D256D4289E724
:1080B000F8FF0000F0B557464E464546DE46E0B5AF
:1080C0008DB0002306AC01929446220002930393E4
:1080D0008946E0C9E0C2E0C9E0C2624602A9136075
:1080E0000493059307F016F8071E00D07BE0029D6D
:1080F000AB689B469B0717D485270290280007F0A2
:108100003BF8039D7F42002D00D170E02800FFF76F
:108110005FFD029807F030F838000DB0F0BCBB46A8
:10812000B246A946A046F0BD4B461B88002B02D0A4
:108130002A889A4255D14B465B886A88002B01D029
:1081400093424ED12B88628099462380E36848464B
:108150009A46EB6851461A001E00FEF7E7F9804682
:1081600027692D6939002A004846FEF7DFF94146A4
:10817000002904D15146002901D0002E31D1002818
:1081800003D1002F01D0002D2BD15A46A3682061C6
:108190001A404346A260200004AA03A9E360FEF748
:1081A0000FFC039D071EAED102996A684B68120A44
:1081B0001B0A9A421FD163681B0A1FD0200005A921
:1081C00005F036FA039D071E9DD12B6A059C002BF6
:1081D00034D121000120FEF773F92862002834D041
:1081E0006C6287277F42039D002D00D08EE70298A6
:1081F00006F0C2FF90E786277F4287E70B6A4C6A4A
:1082000098462B6A002B19D121000120FEF758F95E
:108210002862002819D022006C624146DAF784FDFA
:10822000039D019A6B6913602B7E012B09D10223F8
:1082300002982B7606F0A0FF07006DE78B277F42A0
:1082400064E7176097277F425DE78D27039D7F4294
:1082500059E7C046036810B50400002B07D0012B76
:1082600007D1083005F0FAFE0023236010BD00207E
:10827000FCE789204042F7E7036870B504000D0071
:10828000002B23D1FE238022DB050B409204934276
:1082900003D087256D42280070BD06000836E02215
:1082A00000213000DAF73AFD2900300005F000FF28
:1082B000051E0ED02368002BEDD0012B03D120002A
:1082C000083005F0CBFE00232360E4E789256D42EA
:1082D000F3E701232360DEE7F0B5C64684220C00F5
:1082E00000B5920005000021BAB01030DAF716FD93
:1082F0002600FF233A4A9E433A4B2340934211D033
:10830000394A630A5B0293420CD0384B9E4209D033
:10831000374B9C4216D08624644220003AB080BC81
:10832000B846F0BDFF231A0022402342F3D0802735
:10833000304BBF041743FB18102BECD82E4A9B0080
:10834000D3589F4620230024AB60E6E720239846BD
:10835000E82200216846DAF7E1FC39006846FFF7B9
:108360008BFF009B0400012B02D102A805F076FED2
:10837000002CD2D11A4B9E421DD01B4B9E4221D0C5
:108380001E4B9E4217D01E4B9C46184B67449E4284
:108390001FD0012FBFD830230024AB60BDE71C23C2
:1083A0009846D5E730239846D2E740239846CFE752
:1083B00014239846CCE7434642461B029B1A0024EE
:1083C000AB60AAE743460024AB60A6E710239846BB
:1083D000BEE7012F9FD801235B420024AB609CE7DE
:1083E0000001000800FDFFFF000400080002000873
:1083F00009060008FDFFFFFD4C05061000050008FA
:10840000F7FFFFFDF8B54746CE4680B50768040084
:108410000E0015000023002F07D09846002A0CD12B
:108420004046C0BCB946B046F8BD9946893B98461F
:1084300039004846FEF76AF8F2E701211000FEF71E
:108440003FF88146002823D02A003100DAF76CFC7F
:108450002368012B15D120002A004946083005F079
:10846000BBFE2F0080460028E2D02368002BDFD01F
:10847000012B03D12000083005F0F0FD002323601C
:10848000D6E72F00002B08D089235B429846F5E7FA
:108490008D235B4200279846E7E789235B42984695
:1084A000C6E7C046F8B54746CE46804680B51400BC
:1084B0000F001D00002A1ED11A600368002B42D055
:1084C000012B3FD1060008362B000022002130008E
:1084D00005F0A6FE43461B680500002B06D0012BC5
:1084E00002D1300005F0BAFD43461C602800C0BC34
:1084F000B946B046F8BD01211000FDF7E1FF061EA8
:1085000032D0002342462B601268002A1ED0012A76
:108510002DD1082343441800994622002B00310036
:1085200005F07EFE43461B680500002B07D0012B9B
:1085300002D1484605F092FD002342461360002F09
:1085400008D118E0026089256D42CFE7002F12D0D4
:1085500089256D42310022003800DAF7E5FB210061
:108560003000FDF7D3FFC1E78D256D42BEE74246DF
:108570001360002FECD197256D42B7E7F0B5CE46DA
:1085800047461600002280B5036893B0050089466F
:108590000192002B6BD0012B3DD1070002AB984616
:1085A000083701AB40224146380005F039FE2B6800
:1085B0000400002B06D0012B02D1380005F04EFD3F
:1085C00000232B60002C2BD1019BB3423AD1002E0B
:1085D00015D10022002741463800F8F719FC402148
:1085E000041E40463ED1FDF785FF38003100FDF7FF
:1085F0008DFF200013B0C0BCB946B046F0BD0121CC
:108600003000FDF75DFF071E24D032004946DAF73F
:108610008BFB019ADFE7892402AB98460260644233
:1086200040214046FDF766FF002600272B68002BFF
:10863000DBD0012B03D12800083005F00FFD00230B
:108640002B60D2E740214046FDF754FF002600276B
:10865000953CEBE78D2440214046FDF74BFF00267B
:108660006442E3E79524FDF745FF6442DEE7892491
:10867000402102A8FDF73EFF002600276442D5E70F
:10868000F0B54F46D6469946002380B583B00B9F80
:1086900014003B60FE238022DB0506008A4603406F
:1086A0009204934248D10025002C16D10A9B002B3E
:1086B00020D10A9B2900019700932200002330005B
:1086C00005F012FE210007002800FDF71FFF38000B
:1086D00003B0C0BCBA46B146F0BD01212000FDF791
:1086E000EFFE051E2BD022005146DAF71DFB0A9B38
:1086F000002BDED001211800FDF7E2FE82460028A3
:108700001ED00A9B2200290001970093030030002D
:1087100005F0EAFD210007002800FDF7F7FE4B46B3
:10872000002B14D0514648460A9ADAF7FDFA504613
:108730000A99FDF7EBFECAE787277F42C7E70024C7
:108740008D2721002800FDF7E1FE7F42BFE7972734
:108750007F42BCE7F0B54746CE461400FE2298465D
:10876000802380B5D20506000F0095B002409B041F
:108770009A4254D10025002C27D103AB019340230A
:1087800004AF3000009322003B00290005F0ACFD4F
:10879000061E25D1039B1C9A934225D000239526C3
:1087A00099461C93764240213800FDF7A3FE210034
:1087B0002800FDF7ABFE48461C99FDF7A7FE3000E8
:1087C00015B0C0BCB946B046F0BD01212000FDF790
:1087D00077FE051E26D022003900DAF7A5FACCE78D
:1087E000002399461C93DEE7002A0BD100230022C8
:1087F000994639004846F8F70BFB061ED3D095265C
:108800007642D0E701211000FDF75AFE814600288C
:1088100010D01C9A4146DAF787FA039AE9E78726CF
:108820007642CCE700238D26994600241C9376429D
:1088300004AFB8E700238D261C937642B3E7C04609
:10884000036870B504000D00002B20D00B68002BCE
:108850001DD10E000836E02200213000DAF75EFA62
:108860002368012B13D1200031002B60083005F064
:108870007DFC041E09D02B68002B06D0012B02D1F1
:10888000300005F0EBFB00232B60200070BD892435
:108890006442FAE7036810B50400002B0BD0012BEB
:1088A0000BD1083005F08AFE00232360A3885B0A01
:1088B0005B02A38010BD0020FCE787204042F3E765
:1088C00010B50123FEF71EFD10BDC04610B50023F4
:1088D000FEF718FD10BDC0460300006810B5002863
:1088E00006D00020002A02D01800FEF787FD10BD38
:1088F00089204042FBE7C046F8B54746CE46040013
:108900000E001500984680B5002A35D10368002B6B
:1089100011D04379DB070DD50379002B0AD04346EC
:108920001A6003680271002B00D1A7E08A2252422C
:1089300091460AE000234246136023712368002B0E
:1089400000D17CE0892252429146012B00D08EE07A
:108950002000083005F032FE002380462360A38803
:108960005B0A5B02A3804B46002B00D1C146484600
:10897000C0BCB946B046F8BD01211000FDF7A0FD0E
:10898000071E00D187E02368002B42D00121080098
:108990006279104011424ED02279002A11D0AA42A9
:1089A00055D8012B6ED1200043463900083005F020
:1089B000D9FE8146002807D143461A68B818AA1A7A
:1089C00008E089235B42994643461D6000232A0044
:1089D000380023712121DAF7A1F92368002B26D072
:1089E000012B38D12000083005F0E8FD002323607A
:1089F000A38880465B0A5B02A380002E23D0390047
:108A00002A003000DAF790F929003800FDF77EFDE2
:108A1000A9E742461560237189232A005B4238008A
:108A200021219946DAF77AF92368002BD8D1002E54
:108A300009D09846E3E743461D602071ECE789239F
:108A40005B42994693E797235B4299468FE78A23D7
:108A50005B429946B8E700232360A3885B0A5B0268
:108A6000A380002EEFD087235B429846C7E7002300
:108A70002360A3885B0A5B02A38078E78A235B42BA
:108A8000994674E743461D6000232371873B2A0003
:108A9000380099469EE743461D6023682071002BED
:108AA00003D08D22524291464FE78D235B42994677
:108AB0005DE7C046F0B54746CE46FF23802680B529
:108AC0000B40B6041E43604B0400F3180027E3B0CC
:108AD000102B01D85D4AD75C6378FF2B4DD0013352
:108AE00063703100A3686268277002A8FDF7B8FFC1
:108AF000029B051E14D16278012A1CD0002B54D091
:108B0000002F3DD024239846A0443A00414602A8B5
:108B1000FEF774FCB946051E1FD0029B002B04D043
:108B2000012B02D104A805F049FD280063B0C0BCA8
:108B3000B946B046F0BDA269002B36D0002A2BD131
:108B40002269E168002A04D002A8FEF757FC051E3E
:108B5000E3D124239846B946A04401AB4A46414696
:108B600002A8FFF7C9FE019B05004B450ED0029BF2
:108B7000012B02D104A805F021FD97256D42D4E711
:108B80000023994624339846A044E6E700280FD0F6
:108B9000029B012BC6D0C8E7616902A8FEF72EFC34
:108BA000029B051EBCD1002BCAD189256D42BCE7B2
:108BB000A3683100626802A8FDF752FF029B051E00
:108BC000AED1002BF1D0002F0DD04A46414602A86D
:108BD000FEF714FC029B002803D00500002B9FD158
:108BE000A3E7002BE1D0A2696169002A07D002A89F
:108BF000FEF704FC029B0028EFD1002BD5D02269A0
:108C0000E168002A06D002A8FEF7F8FB002801D090
:108C1000029BE2E7210001AB4A46643102A8FFF75C
:108C20006BFE029B0400002B05D0012B08D104A889
:108C300005F0C4FC0500002C00D176E7250074E7A0
:108C400087256D42F7E7C046FDFFFFFDD4050610FE
:108C5000F0B5C646040000680E00150000B50028F7
:108C600027D06379DB071ED42779974229D00023C8
:108C70009527984600257F4201284FD120000830D3
:108C800005F09CFC060000232360A3885B0A5B02BE
:108C9000A38029004046FDF739FC002F0FD130009A
:108CA00080BCB846F0BD00238927984600257F4246
:108CB000E2E789260021FDF729FC7642EFE73E0036
:108CC000EDE7002F19D001213800FDF7F9FB8046B0
:108CD00000282DD03A003100DAF726F82368012B5E
:108CE0001FD120002A004146083005F053FD07003F
:108CF00020680028C0D10026CBE700239846012831
:108D0000EFD000232360A38829005B0A5B02404662
:108D1000A380FDF7FBFB87267642C0E787267642D5
:108D2000B1E7002BEDD139004046FDF7EFFBF2E74C
:108D30002068002803D08D2700257F429CE78D26E0
:108D40000100FDF7E3FB7642A9E7C046F0B54746D0
:108D5000CE4680B585B00700884691461C000025A8
:108D60000D9E002B3DD1002E11D1012303930E9BAC
:108D7000414602932A002300380001960096FEF730
:108D800055FA210007002800FDF7C0FB23E0012170
:108D90003000FDF795FB814600282ED00123039378
:108DA0000E9B2A0041460293009023003800019652
:108DB000FEF73CFA210007002800FDF7A7FB0C9BFB
:108DC000002B21D0494632000C98D9F7ADFF310075
:108DD0004846FDF79BFB380005B0C0BCB946B0461D
:108DE000F0BD01211800FDF76BFB051E04D0220029
:108DF0004946D9F799FFB6E700248D2721002800BE
:108E0000FDF784FB7F42E6E797277F42E3E7C04612
:108E1000F0B5C64600B504000D0090461E000027C0
:108E200096B0002B3BD10023039305AB0293402364
:108E3000019306AB2000009398463A0033002900C6
:108E4000FEF7F4F9041E35D1059B1D9A934235D1E6
:108E5000002A18D10022002541462800F7F7D8FF44
:108E6000041E31D140464021FDF744FB310038005B
:108E7000FDF74CFB28001D99FDF748FB200016B0BC
:108E800080BCB846F0BD01211000FDF719FB051E9E
:108E900026D01D9A1C99D9F747FF059ADCE70121D6
:108EA0001800FDF70DFB071E11D032004146D9F71F
:108EB0003BFFB8E7002300251D93D3E7002395244B
:108EC00000251D936442CDE795246442CAE7002340
:108ED0008D241D9306AB0025002698466442C1E709
:108EE00000238D241D936442BCE7C04630B504883E
:108EF0001D4D87B0AC4218D01C4D2C408225ED0191
:108F0000AC422DD11A4D5C0A6402AC4225D10E9CB4
:108F100004940D9C03940C9C02940B9C01940A9C59
:108F2000009404F057FD07B030BD124D5C0A640296
:108F3000AC4205D0FF241D00A5430F4CA5420CD127
:108F40000E9C04940D9C03940C9C02940B9C019425
:108F50000A9C009405F01AFEE5E787204042E2E70C
:108F600086204042DFE7C0460170000000CFFFFFCF
:108F7000000600060002000600130006F0B5170008
:108F8000234A1C005B0A05000E0099B05B02934265
:108F900011D0FF2322009A4313001E4A93420AD0A5
:108FA0001D49A20A92028A4205D01C4A934202D06D
:108FB000862040420FE0FF231800204023420CD1BE
:108FC00007AB019340231F9A00931E9908AB05F04D
:108FD0008BF9002805D019B0F0BD80239B041843FD
:108FE000EEE76B68079A1B0A0FD1229B019204934C
:108FF000219B3A000393209B3100029308AB00931E
:1090000028002300FFF772FFE5E787204042E2E7F0
:109010000002000600130006000400060009000616
:10902000F0B5C6460E0000B58AB075427541984647
:10903000C0236D421B011D408023DB009C4609A913
:109040001700654406F066F8041E42D129003A0074
:1090500009A8FDF7A3FF099D041E07D1E0222B8874
:10906000D201134093420ED0872464422121129AE8
:109070001198D9F753FE280006F07EF820000AB0B8
:1090800080BCB846F0BD296A6A6A002E23D16B689D
:109090001B0AE9D1139B28000493129B0393119B95
:1090A0000293109B0193434600933B00FFF71EFF82
:1090B0000400139B1B68002C0BD11199129AC8183D
:1090C000D21A2121D9F72AFE099806F055F8040092
:1090D000D4E7099DCAE7139B28000493129B0393CE
:1090E000119B0293109B0193434600933B00FFF7B3
:1090F00045FF0400DDE7C046F0B5D6464F4680B5D3
:1091000082460F0016001C00002585B0002B46D1BA
:109110000D9B002B0FD10E9B0D9A390001201A6078
:10912000FDF79EFB061E01D18A267642210028000B
:10913000FDF7ECF92DE001210D98FDF7C1F981460D
:1091400000283ED000230E9A390001201360FDF75D
:1091500087FB061E0DD10E9B3A0003930D9B012148
:1091600002934B465046019300942B00FFF758FFA3
:10917000060021002800FDF7C9F90C9B002B1DD02B
:1091800049460D9A0C98D9F7CFFD48460D99FDF741
:10919000BDF9300005B0C0BCBA46B146F0BD0121F2
:1091A0001800FDF78DF9051E04D022003100D9F713
:1091B000BBFDADE78D2600247642B7E797267642C1
:1091C000E7E78D267642B1E7F0B5D6464F4680B543
:1091D00082460F0016001C00002585B0002B46D1EA
:1091E0000D9B002B0FD10E9B0D9A390000201A60A9
:1091F000FDF736FB061E01D18A26764221002800A3
:10920000FDF784F92DE001210D98FDF759F981460C
:1092100000283ED000230E9A390000201360FDF78D
:109220001FFB061E0DD10E9B3A0003930D9B0021E0
:1092300002934B465046019300942B00FFF7F0FE3B
:10924000060021002800FDF761F90C9B002B1DD0C2
:1092500049460D9A0C98D9F767FD48460D99FDF7D8
:1092600055F9300005B0C0BCBA46B146F0BD012189
:109270001800FDF725F9051E04D022003100D9F7AA
:1092800053FDADE78D2600247642B7E79726764258
:10929000E7E78D267642B1E770B505881C4C1D4E78
:1092A00084B02C40B44216D01B4C25408224E401EB
:1092B000A54229D1194D5C0A6402AC4221D10B9C14
:1092C00003940A9C0294099C0194089C009404F065
:1092D00015FC04B070BD124D5C0A6402AC4205D0AE
:1092E000FF241D00A5430F4CA5420AD10B9C0394FB
:1092F0000A9C0294099C0194089C009405F0BCFC13
:10930000E7E787204042E4E786204042E1E7C046A5
:10931000FFCFFFFF0140000000CFFFFF0006000667
:109320000002000600130006F0B51700224A1C00D8
:109330005B0A05000E0097B05B02934211D0FF2339
:1093400022009A4313001D4A93420AD01C49A20AE4
:1093500092028A4205D01B4A934202D086204042A4
:109360000FE0FF231800204023420CD105AB0193EE
:1093700040231D9A00931C9906AB04F0B5FF00280A
:1093800005D017B0F0BD80239B041843EEE76B684F
:10939000059A1B0A0DD11F9B019203931E9B3A0055
:1093A000029306AB0093310023002800FFF774FFFF
:1093B000E7E787204042E4E70002000600130006CA
:1093C0000004000600090006F0B54746CE4680B509
:1093D00081460F0014009846002687B0002B38D134
:1093E0000F9B0025002B42D139000120FDF738FAF0
:1093F000041E20D1484605A905F08CFE041E1AD192
:1094000080213A00090105A8FDF7C8FD041E12D10C
:1094100005980F9B426A016A0393434602950193A4
:1094200000963B00FFF780FF0400059805F0A4FEBE
:10943000002C00D1040041463000FDF767F82800F9
:109440000F99FDF763F8200007B0C0BCB946B046DD
:10945000F0BD01211800FDF733F8061E12D0424678
:109460002100D9F761FC0F9B0025002BBCD0012106
:109470001800FDF725F8051E0BD00F9A0E99D9F7A5
:1094800053FCB1E700238D24002598460F936442D6
:10949000D1E700238D240F936442CCE7F0B5D64684
:1094A000474680B58246884614001D00002687B0D6
:1094B000002B3AD10F9B0027002B44D141460020BE
:1094C000FDF7CEF9041E22D1504605A905F022FE73
:1094D000041E1CD180214246890105A8FDF75EFDCE
:1094E000041E14D105984368016A426A1B0A35D1EB
:1094F0000F9B02970393019543460096FFF7CCFE1E
:109500000400059805F038FE002C00D10400290065
:109510003000FCF7FBFF38000F99FCF7F7FF200045
:1095200007B0C0BCBA46B046F0BD01211800FCF738
:10953000C7FF061E16D02A002100D9F7F5FB0F9BA6
:109540000027002BBAD001211800FCF7B9FF071E35
:109550000FD00F9A0E99D9F7E7FBAFE705F00CFE95
:10956000873CD4E700238D24002700250F93644215
:10957000CDE700238D240F936442C8E7F0B54F4632
:10958000D6461D00002380B58BB01600169A0F003A
:1095900013600A00FF339A43644B9A4203D0139B33
:1095A000002B00D0B0E009A905F0B4FD041E23D1C2
:1095B00080213A00490009A8FDF7F0FC041E1BD1E8
:1095C000E02280210998D2010388C90113408B420F
:1095D00018D0934216D000238724994600259A4636
:1095E0001393644205F0C8FD29005046FCF78EFF36
:1095F00048461399FCF78AFF20000BB0C0BCBA465E
:10960000B146F0BD00239A46002D48D1002399466B
:10961000139B002B37D1159B002B4CD10023002628
:10962000149309984368016A426A1B0A55D1169B34
:1096300004960693159B01950593139B03934B4644
:109640000293534600933B0005F098FB04000998F1
:1096500005F092FD290007005046FCF757FF4846E9
:109660001399FCF753FF002E09D0149B002B5AD0FE
:10967000159B002B2BD130001599FCF747FF002CD0
:10968000BAD13C00B8E718000121FCF719FF814668
:10969000031E43D0139A1299D9F746FBBBE7012169
:1096A0002800FCF70DFF8246031E30D02A0031004F
:1096B000D9F73AFBAAE701211800FCF701FF061EC3
:1096C000AFD18D24099864428CE78724644231002D
:1096D000159A1498D9F728FBCDE705F04DFD290020
:1096E00007005046FCF712FF48461399FCF70EFF9F
:1096F000002E09D0149B002B15D0159B002BE4D114
:1097000000213000FCF702FF8724644274E78D24B7
:10971000D146002509981393644263E78D24099884
:10972000139364425EE79724644265E700030007F1
:10973000F0B54746D6469846002380B58BB0160054
:10974000169A0D0013600A00FF339A43614B9A4248
:1097500003D0139B002B00D0AAE009A905F0DAFC86
:10976000041E1FD180212A00890009A8FDF716FCDC
:10977000041E17D1E0220998D201038813409342B6
:1097800016D000238724002798469A4613936442F4
:1097900005F0F2FC41465046FCF7B8FE380013993C
:1097A000FCF7B4FE20000BB0C0BCBA46B046F0BD1A
:1097B00000239A464346002B45D1139B0027002BDC
:1097C00009D001211800FCF77BFE071E79D0139AFF
:1097D0001299D9F7A9FA159B002B40D10023002636
:1097E000149309984368016A426A1B0A49D1169B7F
:1097F00004960693159B02970593139B0393434688
:109800000193534600932B0005F02EFB04000998AA
:1098100005F0B2FC414605005046FCF777FE3800E3
:109820001399FCF773FE002E09D0149B002B4ED029
:10983000159B002B1FD130001599FCF767FE002CFB
:10984000B0D12C00AEE701214046FCF739FE82463C
:10985000002830D042463100D9F766FAADE7012141
:109860001800FCF72DFE061EBBD18D24099864421A
:109870008EE7872464423100159A1498D9F754FA78
:10988000D9E705F079FC414605005046FCF73EFE5D
:1098900038001399FCF73AFE002E09D0149B002BD8
:1098A00015D0159B002BE4D119003000FCF72EFEDB
:1098B0008724644276E700270998B84613978D3CC1
:1098C00066E700238D2409981393644260E7972488
:1098D000644267E700030007014B18607047C04609
:1098E00064070020014B18687047C04664070020D9
:1098F000C0687047C0687047F0B54746CE4680B52F
:109900009846036804000F001600994683B0002BA8
:1099100000D07FE0037ADB0700D57BE00422002142
:109920000430D9F7FBF931000020FCF799FF051E40
:1099300009D00122237A13432372280003B0C0BC4C
:10994000B946B046F0BD380001A905F0E3FB051E9D
:1099500027D180213200490101A8FDF71FFB051E18
:10996000019863D1E0220388D201134093421CD0B6
:109970008725002621686D420122237A1343237232
:10998000002901D00023236005F0F6FB002803D056
:109990000122237A1343237249463000FCF7B6FDB7
:1099A000CBE7002601982168E6E70A9B0026002BFA
:1099B0000AD001211800FCF783FD061E25D0414680
:1099C0000A9AD9F7B1F901980023E36043681B0AAA
:1099D00015D1012323600388FF2219009143E2225D
:1099E000D201914219D1DBB23F2B16D90122872532
:1099F000237A6D42134323720A9B9946C2E7872557
:109A00000A9B216899466D42B6E78D250198216829
:109A10006D42B1E789256D428FE701228625237AC1
:109A20006D42134323720A9B9946ABE700262168D7
:109A3000A2E7C046F8B5CE4647461500002280B5DD
:109A40001A60036804000E00002B3AD001273A0088
:109A5000037A1A4091461F4226D1002D38D00121A9
:109A60002800FCF72DFD22688046002833D0571EC1
:109A70007B425F414B462A00E3602121D9F74EF932
:109A80000122237A873F134323722368002B2FD1AF
:109A9000002E2AD041462A003000D9F745F9290086
:109AA0004046FCF733FD07E089277F420122237AF5
:109AB00013432372002323603800C0BCB946B0466C
:109AC000F8BD01228927037A7F4213430372F3E72B
:109AD0008A277F42EAE7237A3B432372002A01D098
:109AE000434623608D277F42E6E797277F42E3E7DF
:109AF0004B462360CCE7C0460300006800280CD02A
:109B0000013842425041002287381A600022012168
:109B1000DA601A7A8A431A7270470020F6E7C04664
:109B2000F0B5C64600B59846036804000F0016005D
:109B300082B0002B00D074E0037ADB0700D570E020
:109B4000042200210430D9F7E9F831000020FCF7A5
:109B500087FE051E08D00122237A134323722800B2
:109B600002B080BCB846F0BD380001A905F0D2FAB9
:109B7000051EF0D180213200890101A8FDF70EFAFF
:109B8000051EE8D1089B0026002B35D10A9B002733
:109B9000002B09D001211800FCF792FC071E56D0BB
:109BA0000A9A0999D9F7C0F800230198E36043683D
:109BB0001B0A2CD10123822102882360274BC90173
:109BC00013408B4230D0237A01228625134323721F
:109BD0006D420023236005F0CFFA002803D0012254
:109BE000237A1343237230000899FCF78FFC380066
:109BF0000A99FCF78BFCB2E701211800FCF760FC26
:109C0000061E1BD04146089AD9F78EF8BEE7872575
:109C100021686D420122237A134323720029D8D18F
:109C2000D9E789256D429AE7D2B2237A3F2ACBD968
:109C300001228725134323726D42CAE700238D2535
:109C40000027019821680A9308936D42E2E70023F8
:109C50008D25019821680A936D42DBE700CFFFFF55
:109C60000368020010B5002B11D0017A0120040016
:109C70000C40084212D1581E43425841D4608738E4
:109C80000121137A0B4313720023136010BD0121CD
:109C9000037A0B43037289204042F7E78920404250
:109CA000EEE7C0460300006800280CD001384242AD
:109CB0005041002287381A6000220121DA601A7AA6
:109CC0008A431A7270470020F6E7C0467047C046C4
:109CD00000207047002070470B88FF221900914335
:109CE000E222D201914206D100203F22DBB29A4209
:109CF00040418738704786204042FBE7862040423B
:109D00007047C046862040427047C0460A8882217C
:109D1000074BC90113408B4206D100203F23D2B22A
:109D2000934240418738704786204042FBE7C04657
:109D300000CFFFFF862040427047C0468620404249
:109D40007047C04610B50123FDF7A6F910BDC04607
:109D500010B50023FDF7A0F910BDC046F8B5CE46FA
:109D600047461D00036804000E0080B5002B1FD07D
:109D700003239846414603790B40012B17D14779BD
:109D800097426BD8102F2CD900262E600368002B29
:109D900009D0012B02D1083003F074FB424623792D
:109DA00026609343237184235B42984607E0002397
:109DB0002B602368002B07D189235B4298464046DD
:109DC000C0BCB946B046F8BD012B03D12000083015
:109DD00003F058FB0023032223602379934323716C
:109DE000EAE7002F55D038000239FCF769FB8146BD
:109DF000002846D039004846FDF7C2FD80460028BD
:109E00000BD12368012B64D120003A004946083069
:109E100003F016FA8046002852D000232B602368F6
:109E2000002B0BD0012B03D12000083003F02AFBBC
:109E30000023032223602379934323714B46002B95
:109E4000BDD039004846FCF755FB002E45D0002F09
:109E500030D139004846FCF759FBB0E700262E60A8
:109E60000368002B09D0012B02D1083003F00AFB54
:109E7000424623792660934323718A235B429846A6
:109E80009DE728602368002B07D18D235B4298460D
:109E900095E7002300269946ACE7012B03D120006B
:109EA000083003F0EFFA4B46424623602379934390
:109EB0002371EAE73A0049463000D8F735FFC8E792
:109EC00002222F602379134323714B46002BBCD110
:109ED00075E787235B4298469FE797235B42984646
:109EE0006DE7C046F8B50E000168040017000029B0
:109EF0001FD0032302791340012B15D08926764207
:109F000000270025012903D12000083003F0BAFA08
:109F1000390000230322236023799343237128000F
:109F2000FCF7F4FA3000F8BD102F06D987267642E8
:109F3000E6E7892600257642F1E7002F1BD00121B4
:109F40003800FCF7BDFA051E28D03A003100D8F7DA
:109F5000EBFE2368012B1BD120003A0029000830BA
:109F600003F06EF9061E0DD039002368002BD6D001
:109F70000F001900C6E700250129EDD0872629002A
:109F80007642C6E702222379390013432371C6E7DC
:109F9000872639007642002BC1D0BAE78D260021F2
:109FA0007642E2E7F0B54746CE4680B51500026836
:109FB00004000F001E0083B0002A57D0032301794C
:109FC0000B40012B28D000239946002D0AD00121F7
:109FD0002800FCF775FA814600286AD02A0039006B
:109FE000D8F7A2FE0A9B002B4DD1002300269846ED
:109FF0002368012B58D120000B9B2A0001930A9B58
:10A00000494600930830434603F028F9071E17D04D
:10A010002268002A14D007E00023892700269846EA
:10A02000994600250A937F42012A03D12000083077
:10A0300003F028FA0023032223602379934323713A
:10A0400029004846FCF762FA4346002B08D0002E50
:10A0500037D00A9B002B10D140460A99FCF756FADC
:10A06000380003B0C0BCB946B046F0BD8927002116
:10A070000020FCF74BFA7F42F2E71A00414630001D
:10A08000D8F752FEE8E701211800FCF719FA8046DC
:10A090000028ADD12268002A1DD129004846FCF7CE
:10A0A00035FA8D277F42DBE787277F42002BC7D019
:10A0B000C0E72268002A07D100210020FCF726FA19
:10A0C000EFE797277F42CBE700268D27B046350084
:10A0D0000A967F42A8E700268D270A967F42A3E7CB
:10A0E000F8B54546DE4657464E46E0B506680500DB
:10A0F000884693461F00002E4CD00323027913405C
:10A10000012B1AD05B46002B51D001215846FCF799
:10A11000D7F9814600285FD02B68012B51D1280048
:10A120003B005A464946083003F05CF982462E68E7
:10A130005446002E08D15E4613E089240023644271
:10A140009B4698469946A246012E03D12800083026
:10A1500003F098F95E46002303222B602B7993438A
:10A160002B7163421C43E4173B68A3433B604B469F
:10A17000002B08D04346002B2AD0002E11D13100ED
:10A180004846FCF7C3F95046F0BCBB46B246A94668
:10A19000A046F8BD89240023644298469946A24609
:10A1A000DFE7320049464046D8F7BEFDE7E7002327
:10A1B00098469946012EB2D0872464420026A246D2
:10A1C000C9E7872464425E46A246002BC9D0C2E795
:10A1D00097235B429A46D6E7002398469B468D3BE1
:10A1E0009A46A4E7036810B50400002B01D10020B3
:10A1F00010BD012B02D1083003F044F900230322E3
:10A200002360237993432371F1E7C046F0B54546B7
:10A2100057464E46DE46FE24E0B51F00002680234A
:10A220008FB0E4050D00904609960C40DB049C427B
:10A2300012D0002004F0A0FF1A9B002100208724E8
:10A240001E60FCF763F9644220000FB0F0BCBB460F
:10A25000B246A946A046F0BD09A904F05BFF041E62
:10A2600057D180212A00490009A8FCF797FE041E57
:10A27000099800D000E1E02280210388D201890101
:10A280001A408A4220D0814A93424CD0804B9D4252
:10A290005CD0002399469A46002F0AD0012138004D
:10A2A000FCF70EF98246002843D03A004146D8F721
:10A2B0003BFD199B002B64D100230998984600248C
:10A2C000016A426A189369E0E022D2001342DAD0B0
:10A2D000704A71492A408A4208D070498D4205D09F
:10A2E0006F498D4202D06F498A42CCD101225B0571
:10A2F0005B0F9A409146102A2AD904F03DFF0023B3
:10A3000084241A9A002100201360FCF7FFF86442AD
:10A310009AE7099804F030FF1A9B002100201E6084
:10A32000FCF7F4F890E7604B9D42AFD10C239946BF
:10A330000EE0099804F020FF52461A9B00210020ED
:10A340001A60FCF7E3F88D2464427DE70D239946FB
:10A35000199B4B450BD204F00FFF00238A241A9A55
:10A36000002100201360FCF7D1F864426CE74946F5
:10A370000AA8FDF705FB041E4ED100239A46002FC4
:10A380008CD101211998FCF79BF880464346099827
:10A39000002B61D04446016A426A4C444E46199BE8
:10A3A0009B1B9C4643681B0A30D11A9B049406935E
:10A3B00063460593534602930AAB00939B4603976B
:10A3C0002B00019603F070F80500099804F0D4FE04
:10A3D0000400002D4AD100281CD1002E2DD11A9B3B
:10A3E0001B681A9A390013605046FCF78FF84346F1
:10A3F000002B00D128E7189B002B3AD0199B002B8B
:10A4000015D140461999FCF781F81DE7872404F01F
:10A41000B3FE64420023E4E7099804F0ADFE002394
:10A420001A9A002100201360FCF770F80CE71A005C
:10A4300041461898D8F778FCE3E74A465946404623
:10A44000D8F772FC1A9B1A9A1B6839004B44504685
:10A450001360FCF75BF8CEE704F08EFE42461A9BD1
:10A46000390050461A60FCF751F86CE72C000023C5
:10A47000B7E797246442E7E604F07EFE00211A9BCA
:10A4800008001E60FCF742F8DEE6C046042000002B
:10A490000013C004FFFEFFFF0010C0040012C00440
:10A4A00000FF40040040400400018004F0B547462E
:10A4B000D64680B589B01D00129B17009846002330
:10A4C0000793FE238022DB050C000B40D20493424D
:10A4D0002DD00020002311931093873B00270025E7
:10A4E00000269A4604F048FE041E00D1544623007C
:10A4F0005A421343DB174246126829009A434346E7
:10A5000030001A60FCF702F8002F0AD0109B002BD5
:10A5100000D18EE0119B002B45D138001199FBF73B
:10A52000F5FF200009B0C0BCBA46B046F0BD07A98F
:10A5300004F0F0FD8246002852D1802122008900DB
:10A5400007A8FCF72BFD824653460798002B00D046
:10A550007FE0E02380210288DB01890113408B42E8
:10A5600027D03F4B9A4252D03E4B9C4240D00026CF
:10A57000002D41D1119B002B4ED1002300271093B9
:10A5800007984368016A426A1B0A55D143460493FF
:10A59000119B0297039301952300009602F0E6FFBA
:10A5A000824607989EE71A0039001098D8F7BCFB3E
:10A5B000B3E701235105490F8B40E021C9000A424E
:10A5C000CFD02949294E2140B14212D0284EB44261
:10A5D0000FD0284EB4420CD0274EB142C1D108E072
:10A5E000002300270025002607981193109379E790
:10A5F0000D23AB4200D96DE701212800FBF760FF76
:10A60000061E1DD02A003900D8F78EFBB2E71B4B7F
:10A610009C42A9D10C23ECE701211800FBF750FF65
:10A62000071EADD10023109311938D3B9A460798D6
:10A6300058E79724644274E787235B429A4651E7C0
:10A6400000273B008D3B3D009A46079810971197D5
:10A6500048E700231F001D001E001193109341E7DF
:10A66000042000000013C004FFFEFFFF0010C00420
:10A670000012C00400FF40040040400400018004B8
:10A68000F0B54646DE464F46C0B51E0000238CB0EE
:10A6900090461A9A0400136008000D00FCF750F968
:10A6A000002800D08AE020000BA904F033FD041E2E
:10A6B00055D180212A0049000BA8FCF76FFC041E2D
:10A6C0004DD10027002E0AD001213000FBF7F8FE03
:10A6D000071E00D1ADE032004146D8F725FB00232C
:10A6E0009846159B002B41D100239946179B002BC0
:10A6F0000BD001211800FBF7E3FE8146002800D1B2
:10A70000A3E0179A1699D8F70FFB199B002B39D1A4
:10A7100000239B461893514B514A2B40934250D0F3
:10A720008624644231003800FBF7F0FE404615995C
:10A73000FBF7ECFE48461799FBF7E8FE5B46002B5B
:10A740000AD0189B002B00D170E0199B002B2FD151
:10A7500058461999FBF7DAFE0B9804F00DFD20001E
:10A760000CB0E0BCBB46B146A846F0BD01211800C4
:10A77000FBF7A6FE8046002862D0159A1499D8F7F8
:10A78000D3FAB1E701211800FBF79AFE83460028AF
:10A79000C1D18D2431003800FBF7B8FE4046159931
:10A7A000FBF7B4FE48461799FBF7B0FE6442D3E7C7
:10A7B0005946199A1898D8F7B7FAC9E78724644216
:10A7C000CDE7002E47D00B984368016A426A1B0A06
:10A7D0003ED11A9B01960893199B009707935B46FD
:10A7E0000693179B05934B460493159B039343468F
:10A7F00002932B0002F088FA041E93D0199B002BC1
:10A8000000D18FE71A0000215846D8F787FA3100A7
:10A810003800FBF77BFE40461599FBF777FE48466C
:10A820001799FBF773FE189B002BC1D19724644244
:10A8300092E7002300269946984617931593A8E7B8
:10A840000023994617931593A3E700231793A0E7D6
:10A8500087246442D2E78724644263E7FF7FC0FF16
:10A8600000024005F0B54646DE464F46C0B51E0024
:10A8700000238CB090461A9A0400136008000D0063
:10A88000FCF75EF8002800D08AE020000BA904F055
:10A8900041FC041E55D180212A0089000BA8FCF739
:10A8A0007DFB041E4DD10027002E0AD0012130006F
:10A8B000FBF706FE071E00D1ADE032004146D8F797
:10A8C00033FA00239846159B002B41D1002399466B
:10A8D000179B002B0BD001211800FBF7F1FD8146DF
:10A8E000002800D1A3E0179A1699D8F71DFA199BF2
:10A8F000002B39D100239B461893514B514A2B40D2
:10A90000934250D08624644231003800FBF7FEFDAC
:10A9100040461599FBF7FAFD48461799FBF7F6FDF7
:10A920005B46002B0AD0189B002B00D170E0199BCE
:10A93000002B2FD158461999FBF7E8FD0B9804F02E
:10A940001BFC20000CB0E0BCBB46B146A846F0BDE5
:10A9500001211800FBF7B4FD8046002862D0159A4B
:10A960001499D8F7E1F9B1E701211800FBF7A8FD28
:10A9700083460028C1D18D2431003800FBF7C6FD85
:10A9800040461599FBF7C2FD48461799FBF7BEFDF7
:10A990006442D3E75946199A1898D8F7C5F9C9E718
:10A9A00087246442CDE7002E47D00B984368016AA4
:10A9B000426A1B0A3ED11A9B01960893199B009785
:10A9C00007935B460693179B05934B460493159B91
:10A9D0000393434602932B0002F0EEF9041E93D03A
:10A9E000199B002B00D18FE71A0000215846D8F799
:10A9F00095F931003800FBF789FD40461599FBF7C2
:10AA000085FD48461799FBF781FD189B002BC1D1A6
:10AA10009724644292E700230026994698461793AC
:10AA20001593A8E70023994617931593A3E70023EE
:10AA30001793A0E787246442D2E78724644263E740
:10AA4000FF7FC0FF0002400510B513000A0001217E
:10AA5000FCF714FD10BDC04610B513000A0000211C
:10AA6000FCF70CFD10BDC046F0B54646D6464F4635
:10AA7000C0B505000E001400984684B0002A2BD102
:10AA80001A600368002B5DD0002700261122297D63
:10AA90000A40102A36D0892252429146012B03D116
:10AAA0002800183002F076FAD42200212800520043
:10AAB000D8F734F9002F08D0002E00D17FE0002C09
:10AAC0001AD121003800FBF721FD484604B0E0BC54
:10AAD000BA46B146A846F0BD01211000FBF7F0FCD4
:10AAE000071E61D00023424613602B68002BCDD196
:10AAF000002E64D0893B9946220039003000D8F7F7
:10AB000013F9DEE7E02280202989D20180010A4082
:10AB100082421BD00020314A824691422AD05146BF
:10AB20006846FCF72DFF8146002807D1524669464A
:10AB30002800FCF7C7F88146002829D02B68002B95
:10AB4000ACD1B7E789235B429946BEE7E02280207B
:10AB5000D200C0000A408242DCD16868204A214904
:10AB600042400A421DD0204A42400A4208D00023F7
:10AB70009A46D4E769681D4A4A401A490A42CED12A
:10AB80000C229246A245CAD98A2252429146D6E761
:10AB9000524669463800D8F7C7F8434652461A600D
:10ABA0008AE70D229246EDE72B68002B11D0012B8E
:10ABB00009D18D235B4200260024994670E7972334
:10ABC0005B42994681E7D422002128005200D8F741
:10ABD000A5F88D235B42994677E7C0460420000024
:10ABE00000015005FF7FC0FF000250050005100561
:10ABF000F8B506000F0014000025002A0BD1300024
:10AC000022002900FCF75EF8060028002100FBF76F
:10AC10007DFC3000F8BD01211000FBF751FC051E42
:10AC200004D022003900D8F77FF8E8E78D26002409
:10AC30007642EAE7F8B5036804000F001600002B1F
:10AC400023D00E21027D114210D1012B24D13200DC
:10AC50003900183002F04AF9051E19D10222237D6D
:10AC6000E7601343266123752800F8BD89256D42EE
:10AC7000012B03D12000183002F08CF9D4220021DE
:10AC800020005200D8F74AF8EEE789256D42EBE73D
:10AC90002368002BECD1E7E787256D42EEE7C0463D
:10ACA000F8B504000F00151E1CD10368002B40D01E
:10ACB0000922017D00260A40012A3ED089277F42D1
:10ACC000012B03D12000183002F064F9D4220021B6
:10ACD00020005200D8F722F830002900FBF716FCBC
:10ACE0003800F8BD01211000FBF7EAFB061E30D04A
:10ACF0002A003900D8F718F82368002B1AD0092148
:10AD0000227D11400129D9D1920704D5E268AA42D7
:10AD100019D3521BE260012B18D120002A00310008
:10AD2000183002F0E5F8071E07D02368002BC7D1C2
:10AD3000D2E7002689277F42CEE70422237D002721
:10AD400013432375C8E787277F42B9E787277F42E8
:10AD5000BCE78D2700257F42E7E7C046F0B54746B0
:10AD6000D64680B580460F0014001E00002583B033
:10AD7000002A54D10A9B002B33D10B9B0A9A1A60EC
:10AD800043461A68002A55D00027002643461B7DFB
:10AD9000D9075CD59B070CD54346DB68002B00D058
:10ADA00079E043461B69A34200D274E041461B1B75
:10ADB0000B61012A00D072E040460B9B22000193F8
:10ADC0000A9B2900009318303B0002F0A1F882464C
:10ADD00000285BD1434608221B7D1343424613756E
:10ADE00044E001210A98FBF76BFB071E00D16EE0DF
:10ADF00000230B9A136043461A68002AC6D121002B
:10AE00002800FBF783FB002E00D16FE089235B4213
:10AE10009A46390030000A9AD7F786FF31E00121BF
:10AE20001000FBF74DFB051E3DD022003900D7F77F
:10AE30007BFF9FE721002800FBF768FB89235B422B
:10AE40009A46504603B0C0BCBA46B046F0BD89230E
:10AE50005B429A46012A03D14046183002F09AF824
:10AE6000D422002140465200D7F758FF2100280085
:10AE7000FBF74CFB002FE4D0002E37D00A9B002BB1
:10AE8000C7D138000A99FBF741FBDAE743461A6855
:10AE9000002ADFD1EAE787235B429A46DAE7872375
:10AEA0005B429A46DCE743461A68002A07D0002333
:10AEB0000A938D3B0026002700249A46CAE700210A
:10AEC0000020FBF723FB8D235B429A46B9E74346FC
:10AED0001A68002A05D0002633008D3B9A460A9650
:10AEE000B8E721002800FBF711FBECE797235B4252
:10AEF0009A46A6E7F0B5454657464E46DE46E0B5CB
:10AF000085B005000F00141E98460F9E53D1002EE9
:10AF100031D11E60109B1E600268131E00D1FCE040
:10AF200000218A468946297DC80700D4EDE08B07B9
:10AF300000D5A6E0002300270E93C90600D4AEE09A
:10AF4000012A00D0C4E02800109B22000293514641
:10AF5000434601960097183001F0F6FF109B80469B
:10AF60001B68002E00D1BFE0002800D0E0E0B3460F
:10AF7000F818F61A3EE000239A469946012130005F
:10AF8000FBF79EFA071E00D1CBE000234246136078
:10AF9000109B1E602A68002A07D0297DCB0704D5A4
:10AFA0008B0700D59CE0C906CAD489235B423800D0
:10AFB000B34698461EE001211000FBF781FA814656
:10AFC000031E0DD0002E00D0B5E043461E60109B3E
:10AFD0001E602B689B461A1E45D08246B946A2E7E2
:10AFE000002E62D00E938D3B00200027CA46CB4630
:10AFF0000024984632002121D7F790FE2B68002BC1
:10B000000BD0012B03D12800183001F0C3FFD4224C
:10B01000002128005200D7F781FE5346002B08D0AC
:10B020004B46002B6DD0002C25D121005046FBF75C
:10B030006DFA002F0FD00E9B002B00D17EE05B46F7
:10B04000002B04D05A4639000E98D7F76DFE5946AA
:10B050003800FBF75BFA404605B0F0BCBB46B24691
:10B06000A946A046F0BD002F68D0893BB94682466C
:10B0700098465F460E92220051464846D7F754FE46
:10B08000D3E7EB68002B33D100270E932B69002BFD
:10B090001ED1C90600D553E7002E00D085E7130066
:10B0A00000229346893A9046A9E72B68002B0BD0E3
:10B0B000012B03D12800183001F06CFFD4220021AD
:10B0C00028005200D7F72AFE8D235B429846C2E73C
:10B0D000002E10D087235B423800B346984689E79C
:10B0E000EB68002BD2D0F5E700222B68934686E769
:10B0F000002300270E93130000229346873A9046C0
:10B100007DE797235B42984693E789225242904617
:10B110000022002793460E9273E789235B429846EC
:10B1200099E700239B460E938D3B0020984661E7EC
:10B130003800B3465EE78246B9461FE797235B4275
:10B14000984688E7F0B546464F46D646C0B588468D
:10B15000070014001E008AB0002A55D1139B002B53
:10B160003CD133600268002A00D19CE0984600255B
:10B1700099463B7DD9070CD5990707D5F968002971
:10B1800000D07FE03969002900D07BE0102119420E
:10B190004BD089267642012A03D13800183001F0BD
:10B1A000F9FED422002138005200D7F7B7FD002D58
:10B1B00009D04B46002B00D172E0002C5CD121005D
:10B1C0002800FBF7A3F940461399FBF79FF93000DD
:10B1D0000AB0E0BCBA46B146A846F0BD002300253F
:10B1E000994601211398FBF76BF9804600285FD040
:10B1F000139A1299D7F798FD002333603A68002A12
:10B20000B7D189267642D2E701211000FBF758F921
:10B21000051E52D0139B002B68D133603A68002A78
:10B2200022D0139BC1469846A3E7012A35D13800A6
:10B2300005AB029306AB019100939A4622003300BE
:10B240002900183001F080FE061E05D1059B139AD7
:10B250009A421AD09526764210215046FBF74AF9B9
:10B260003A68002A97D1A2E74346002B18D0139BD7
:10B270008926C14698467642220029004846D7F7DB
:10B2800053FD9CE78726764285E751464046139A50
:10B29000F5F7BEFD061EDDD1DEE78726764280E7A4
:10B2A000972676428FE700238926984676428AE7DA
:10B2B00000238D2613937642D2E73B68002B0FD0F4
:10B2C000012B07D100238D2699469846002413931D
:10B2D000764262E7D422002138005200D7F71EFDE3
:10B2E00000238D269846139376426CE7C14678E793
:10B2F000036870B50400002B0DD0012B0DD1183060
:10B3000001F048FE0500D422002120005200D7F7AA
:10B3100005FD280070BD0025FBE787256D42F2E79B
:10B32000FE2290210368D20570B51A400400090579
:10B330008A4209D0002B0CD10025882120008900E9
:10B34000FBF7D8F8280070BD294A1A4080231B0556
:10B350001343FF22180027499043274A1A408A4284
:10B3600010D0264A90420DD025495A0A52028A42EC
:10B370001FD0244A934238D1200020211030FBF7FF
:10B38000B9F8D9E72069FBF7A3F8A023E358002B0D
:10B39000D2D0012B26D12000A83003F00FF90500F0
:10B3A000A0230022E250A432A35A5B0A5B02A352FC
:10B3B000C3E76069002802D0A169FBF7A7F8E0693C
:10B3C000002802D0216AFBF7A1F8606A002802D0A9
:10B3D000A16AFBF79BF8E06A0028ADD0216BFBF770
:10B3E00095F8A9E787256D42DAE789256D42A4E73C
:10B3F000FFFF00F60001000800FBFFFF000400084B
:10B400000002000809060008F0B54646D6464F4639
:10B41000FE25C0B51E00902304000068ED0582B033
:10B4200005401B059D4200D17BE0002864D0042329
:10B43000FF33994200D17EE00133994220D20223AA
:10B44000FF33994200D17BE00133994266D1B84B7A
:10B450009A4202D0033B9A4219D1FF220300B54D14
:10B460009343AB425AD0B44DAB4257D0B34DAB42ED
:10B470001DD10A9B0240019380239B041343F4E0F7
:10B48000AF4BCB18032B49D8AE4B9A4201D0002AC0
:10B4900044D1FF220300A74D9343AB4200D1C7E044
:10B4A000A54DAB4200D19FE0A44DAB4230D0A64A9F
:10B4B000934200D107E1A54A934200D158E1A44B41
:10B4C000984200D0C7E10A9B412B27D10223FF33CA
:10B4D000994223D13378042B20D120002022103030
:10B4E000711CD7F721FC00250BE003210A00A37E85
:10B4F0001A40194200D0A3E089256D422000FFF7D1
:10B500000FFF280002B0E0BCBA46B146A846F0BD25
:10B510000A9B01938F4B994200D0A2E087256D4290
:10B52000ECE78D4B03408020000518430423FF33D4
:10B53000994200D080E790235B019A42A7D18CE723
:10B5400090235B019A42A2D1FF220300794D9343DD
:10B55000AB4200D16AE1784DAB4200D086E70A9B4E
:10B560000240019380239B04134398460322110059
:10B57000A37E19401A42BFD06F4B99460129BBD117
:10B580002700A037A023E358019A002BB4D0002A4B
:10B5900005D031003800FBF731FF051EAED1260083
:10B5A0005B3640223100380001ABFDF7A5F9051EDE
:10B5B000A4D10322A37E694D934302221343A376B1
:10B5C0005D4B60764544994575D1200000221B30C3
:10B5D000102D02D8624AAD00AA583100D7F7A4FB5B
:10B5E0000023002523768CE70A9B024001938023E9
:10B5F0009B0413430222FF3298469142B6D0554B2A
:10B6000099428BD10327A27E174200D074E7200015
:10B61000320041460A9BA030FBF722FA051E00D0FB
:10B620006CE70122A37E0025BB431343A37668E7A2
:10B630000A9B01934B4B994250D10322A37E1A409F
:10B64000032A00D158E75B0700D555E70A9B6361E1
:10B65000002B00D0A1E00422A37E00251343A37693
:10B660004FE7802302409B0413433E4A914200D19E
:10B670003BE70222FF32914200D04FE7A27E9207C1
:10B6800000D039E7354A9D180023102D02D8364BDB
:10B69000AA00D3580A9A9A4200D03FE7200031000E
:10B6A0005B30D7F741FB0322A37E9343022213436F
:10B6B000A376002363760023102D01D82B4B5B5D0E
:10B6C000002523761DE7200032000A9B1030FBF78F
:10B6D00019FA051E00D011E7002512E7013399423F
:10B6E00000D31BE7802302409B04134398460223A8
:10B6F000FF33994283D10323994649464A46A37EA4
:10B7000019401A4200D0DFE02700A03700230022B2
:10B7100041463800FBF7A4F9051E00D0EEE64A4684
:10B72000A37E934301221343A376024B994629E754
:10B7300003120000000100080004000800050008D2
:10B74000FFFDFFFF011000000002000800030008D9
:10B750000906000802020000FFFF00F6FDFFFFFDE2
:10B76000900506100302000090050610D40506108F
:10B770000223FF3399421DD00423FF339942A2D103
:10B78000A37C012B00D0B7E60A9B002B6CD10A9B4F
:10B79000002523630223A374B3E619000120FAF7FE
:10B7A0008FFE2061002800D186E03100019AD7F792
:10B7B000BBFA50E7A37C022B50D00A9B02335B00FC
:10B7C00098460A9B802B00D9A8E641460120FAF74B
:10B7D00077FE051E70D00A9B871CDBB29A46A37CBD
:10B7E000022B2BD1236B1B0A0370236B4370226B3C
:10B7F000002A52D100233B70BB1C994653463100AE
:10B800007B7048460A9AD7F78FFA0A9EA37C4E446B
:10B81000013B761B012B52D8002E31D10323280087
:10B820004146A374FAF772FE00256AE60A9B0240BD
:10B83000019380239B04134398465CE70023037025
:10B840005346002143700A9A3800D7F767FA0A9BDB
:10B850009C466744CEE789256D4252E60A9B1A1D35
:10B860009046236B9844ACE719000120FAF728FEB4
:10B87000E062002820D031000A9AD7F755FA86E70F
:10B8800031000120FAF71CFE6061002810D0320060
:10B890002900D7F749FAA661C0E73800E16AD7F76F
:10B8A00043FA216BE06AFAF725FE236BFF18A1E744
:10B8B00041462800FAF72AFE8D256D421EE64146D4
:10B8C0002800FAF723FE17E6014B994656E6C046D4
:10B8D000000100080368002B03D0836800200B6080
:10B8E000704789204042FBE70368002B05D083683E
:10B8F0008B4205D381600020704789204042FBE7DE
:10B9000087204042F8E7C046F0B557464E46DE462F
:10B910004546FE23E0B51700902206688BB0DB0594
:10B920000400039133401205934200D170E0002ED1
:10B9300000D186E1002F3ED1A368002B00D1AEE1FB
:10B94000002203920292DB1B3200A360FF23C24954
:10B950009A438A426AD0C1498A4200D193E0C049E1
:10B960008A4263D0BF49720A52028A4200D11FE163
:10B97000BD4B9E4200D058E100230993202F00D0F8
:10B980009CE1210009AB01932022029BB74800975C
:10B990001031FCF775FE051E61D1099B843D202BFB
:10B9A0005DD1029B002B00D1F8E0039B002B00D15E
:10B9B00078E100251BE001213800FAF781FD0290B3
:10B9C00000282BD0A368BB42BDD200232568A3600A
:10B9D0002000FFF7A5FC3A00212102982560D7F747
:10B9E0009DF9039B002B00D15CE18F256D423A004D
:10B9F00002990398D7F798F939000298FAF786FD6B
:10BA000028000BB0F0BCBB46B246A946A046F0BD2C
:10BA1000974B3340802636051E438BE72568200070
:10BA2000FFF77EFC25608D256D42E9E780223340DB
:10BA300092041A439446049200228E4B9246634429
:10BA4000102B02D88C4AD35C9A46A27E93079B0F98
:10BA5000012B02D9520700D5A5E089256D422000AF
:10BA60002668FFF75DFC029B2660002BC8D03A00D9
:10BA700021211800D7F752F9039B002B00D111E1C7
:10BA8000002FB9D0B3E78022334092041A43944682
:10BA900004920022774B92466344102B02D8764AD8
:10BAA000D35C9A460022A37E06929B079B0F012B34
:10BAB000D3D90322A37E1343A376002F69D0029B20
:10BAC0003E0099461B239B4685339846453B9C4642
:10BAD000A4446346A344A0440593079727E0524635
:10BAE00059464046FBF78AFC002859D1A023E35869
:10BAF00021696269002B59D0002A08D04046FBF723
:10BB00007DFC00284CD1A023E358002B4ED021000F
:10BB1000012240461931FBF771FC002840D1402238
:10BB20005946404609ABFCF7E7FE002838D153469A
:10BB3000217E5D1AEDB22F00B54201D93700F5B272
:10BB400048463A005944D7F7EFF8237EB944ED1838
:10BB5000F61B25761CD0637E069A934226D00133CD
:10BB60006376002340462376059A53460499FAF7F4
:10BB700077FF002814D1637E012BB7D0A023E358B0
:10BB8000002B13D05346002BA9D121696269B3E77A
:10BB9000079F029B0025002B00D06DE700252FE7B3
:10BBA0000500079F5BE7FF23069382E7079F54E7A3
:10BBB00080223340920413432E4A94460022634469
:10BBC0009346102B40D9A37C042B41D0052B00D0E9
:10BBD00043E7002F69D010239C46A4446346059395
:10BBE000029B3D00994674239C46A4446346B0469C
:10BBF000BA460493217C002942D00E000F00A942CE
:10BC000001D92E00EFB25B46591A049BC9B29C467B
:10BC1000484632006144D7F787F8237CB144DB1BE8
:10BC2000AD1B2374E6D15746BBE6029B002B08D020
:10BC3000039B002B36D0002F2BD139000298FAF746
:10BC400065FC89256D42DBE60C4AD35C9B46BAE76E
:10BC50000523A374BDE7C0460001000800040008E6
:10BC6000000500080002000809060008090000029B
:10BC7000FFFF00F6FDFFFFFDD4050610D4050610FA
:10BC800041460598FCF716FF0028B3D0050057463B
:10BC9000E5E63A0002990398D7F746F8CDE78F25F5
:10BCA0006D42ADE697256D42AAE6029B002B00D1BE
:10BCB00074E7039B002BF5D000259DE687256D4298
:10BCC000CDE6C046036882B019434842484102B0FD
:10BCD0007047C046F0B54E46DE46574645460023FF
:10BCE000E0B5A7B00E003199059306930B60438829
:10BCF0008146002B22D01468309B1C431ED1336830
:10BD0000002B00D186E001239A46524633791A422D
:10BD100000D14BE106AA05A9FAF752FE059F051EC0
:10BD20000FD0002F02D03800FBF752FF280027B0B9
:10BD3000F0BCBB46B246A946A046F0BD87256D4281
:10BD4000F4E74B465B8880219B4607930733DB086B
:10BD500099460893E0233A88DB011340C901873DE7
:10BD60008B42E0D010008221AA4DC90128408842B0
:10BD700067D0A94A9446E02263441202134202D0DB
:10BD800086256D42CFE75B465B0740D149460120DF
:10BD9000FAF796FB8246002800D131E101004A46BD
:10BDA0003000FFF7B1FD051E45D1079B7B807B6806
:10BDB0001B0A05D0380008A901F03AFC051E3AD14B
:10BDC0003B6A089C002B00D011E121000120FAF70A
:10BDD00077FB031E386200D116E17A687C62120A92
:10BDE00010D107AA02923A002432019251464A46E3
:10BDF00038000094FBF75EFE7A88079B05009A42A4
:10BE000000D1C2E049465046FAF780FB059F8725DE
:10BE10006D4286E789256D4288E75B46FF2B00D19E
:10BE200091E0E02338245B009B4500D18CE00023A7
:10BE300087259A466D4249465046FAF767FB059FAB
:10BE40006FE7D2B23F2AE8D853460AA80993F0F721
:10BE500027FF0CA8F0F724FF3888704B0540EB183B
:10BE60005A4253415B4218405946C0B203F026FB88
:10BE7000051E5FD00EA80BF001FB29000EA80CF0E8
:10BE8000E9F90023051E9A4658D11E9B02221BA9E0
:10BE90000CA8DC1D9B46F1F70DFBE408051E4DD1F7
:10BEA00021000120FAF70CFB8246002800D1A4E013
:10BEB00007235A461A40063B9340013B9346984657
:10BEC000973D1DE0220051463000FFF71DFD051E85
:10BED0006FD15B46002B05D0534642461B7813407A
:10BEE00052461370220051460AA8F1F7E3F8051EE6
:10BEF00024D109AA0AA90CA8F0F7A0FE051E1DD19D
:10BF0000099B002BDED10AA901220800F1F7BCFA37
:10BF100000287CD1220051460AA8F1F7EFF800284A
:10BF200075D1002D45D10AA8F0F7C0FE0CA8F0F796
:10BF3000BDFE3AE7002368259A466D422800FBF7CC
:10BF400051FB0500EDE7202421000120FAF7B8FAA3
:10BF50008246002858D0010022003000FFF7D4FCB0
:10BF6000051E00D067E75B46FF2B32D05346032205
:10BF70001B7893435246137037225346995C8023B3
:10BF80005B420B4351468B540FE749465046FAF744
:10BF9000BDFA059F002D00D0C3E67B69319A13607E
:10BFA0003B7E012B26D102233B76BFE685256D42E1
:10BFB000BCE621005046FAF7A9FA0AA8F0F776FE87
:10BFC0000CA8F0F773FE49460020FAF79FFA059F88
:10BFD000A7E6534607221B789343524613707F23EC
:10BFE000D27F1340402213435246D377DDE68B25A0
:10BFF0006D4220E71560973D95E66A256D429DE705
:10C000008D25059F6D428CE68D256D4213E7050059
:10C0100094E7C04600CFFFFF00F0FFFF00BFFFFF27
:10C0200030B51C0083B0069D131D01950094FFF7E9
:10C0300051FE03B030BDC046002310B5044C82B0A1
:10C04000019200932200FFF745FE02B010BDC046EA
:10C05000E8050610036870B505000C00002B2CD114
:10C060009022174B12050B40934223D0FE23DB0591
:10C070000B4093420AD08022120593421AD1280025
:10C08000FCF72AF9002800D12C6070BD0D4A0A4047
:10C090008021090511430C4A224013430A4A944661
:10C0A0000A4A6344134202D086204042EDE7084B1F
:10C0B0009942E4D187204042E7E789204042E4E703
:10C0C000FFFF00FFFFFF00F60000FFF6FFFFFEFF8F
:10C0D00009060008F0B5C64600B506000F009046F8
:10C0E0001C00002582B0002B10D130002B00002254
:10C0F00039000094FFF788F9060028002100FAF7BC
:10C1000005FA300002B080BCB846F0BD012118002D
:10C11000FAF7D6F9051E04D022004146D6F704FEF0
:10C12000E3E78D2600247642E7E7C046FE2390220F
:10C1300010B50468DB0523401205934209D0634221
:10C140005C41012364429C43873CFFF7E9F82000EF
:10C1500010BD87246442F8E7F0B5050085B00E00F5
:10C16000100003A92F6802F0D5FF041E2BD18021F7
:10C170003A00C90103A8FAF711FF041E23D103985E
:10C1800043681B0A1AD1B31EFF3B012B11D9416A28
:10C19000036A0288009128003100FFF735F9040096
:10C1A000039802F0E9FF002C00D10400200005B044
:10C1B000F0BD01222B7913432B71E8E702F0DCFF7D
:10C1C0000394862464422800FFF7AAF8EEE7C046ED
:10C1D00010B5124C86B0A34213D0114CA3420DD11E
:10C1E0000C9C04940B9C03940A9C0294099C01945B
:10C1F000089C009401F0ECFC06B010BD8620404283
:10C20000FAE70C9B009203930B9B099A02930A9BFB
:10C2100001930B00089901F0A9FEEDE70000010968
:10C2200000000209F0B5254C0500A5441400802249
:10C230000E00D200002108A81F00D6F76FFD0023D2
:10C24000079390232A681E481B0510400343F620DD
:10C25000110000060140024229D1226A606894461A
:10C26000000A626A27D107A904918021C9000391BD
:10C2700008A90291FFA93C310968200001910097AB
:10C280006146FFF7A5FF0799041E09D1902200918E
:10C290002800310008AB5201FFF7B6F804000799F7
:10C2A00008A8FAF727F92000064B9D44F0BD862424
:10C2B00000216442F4E786246442F1E7DCFBFFFFDF
:10C2C0000000FFF624040000F0B50500FE24C64679
:10C2D0001F002B68E40598461C40902300B50E0013
:10C2E000100084B01B059C424ED103A902F012FF3E
:10C2F000041E28D180214246C90103A8FAF74EFE48
:10C30000041E20D1039A53681B0A40D198460A9B09
:10C31000002B1DD10A9B3100009328004346FFF7F4
:10C3200081FF041E25D10223FF3303989E4203D1CF
:10C3300001222B7913432B7102F01EFF0A9904008E
:10C340004046FAF7E3F8200004B080BCB846F0BDE0
:10C3500001210A98FAF7B4F88046002805D00A9A15
:10C360003900D6F7E1FC039AD4E700238D240A9321
:10C3700064422800FEF7D4FF039802F0FDFE404619
:10C380000A99FAF7C3F8DEE787246442DBE78624DC
:10C39000100002F0F1FE6442D5E7C046F0B5454614
:10C3A0004E46DE46574698460023E0B58BB0159DB5
:10C3B00006000C0007920993002D19D1FE2390224C
:10C3C000DB0503401205934248D0169B00201D60F8
:10C3D00002F0D2FE872400210020FAF797F8644289
:10C3E00020000BB0F0BCBB46B246A946A046F0BD4B
:10C3F00001212800FAF764F8071E00D1C9E0FE23E6
:10C400009022DB053340120593423BD000239B462C
:10C410009A46873B994629003800FBF7B1FA169BEC
:10C420001D60099802F0A8FE594604005046FAF72C
:10C430006DF8149B002B00D1D2E0002D08D129000B
:10C440003800FAF763F84B46002BC9D04C46C7E7D3
:10C450002A0039001498D6F767FCF0E7200009A9F4
:10C4600002F058FE041E00D089E080213200C9018C
:10C4700009A8FAF793FD041E00D0BCE000230027B2
:10C4800014930FE0200009A902F044FE8146002821
:10C4900071D180213200C90109A8FAF77FFD8146D8
:10C4A000002868D1099843681B0A9B4600D09AE08F
:10C4B000FF2203889343564A9446564A63441342E4
:10C4C0001FD04346002B2ED001214046F9F7F8FF3C
:10C4D0008246002821D042460799D6F725FC9022B3
:10C4E0004D4B1205334093426CD1099843681B0AA7
:10C4F00000D183E0002F68D086235B42C346994673
:10C5000089E743880733DB089D42DAD2002F4CD0FD
:10C5100000239A468A3B99467DE7002F39D08D2328
:10C520005B42994677E790223B4B1205334093429A
:10C5300046D100239A46016A426A169B03950493EA
:10C54000434601935346029700933300FFF740FEA2
:10C550008146002F04D0C346002800D161E75AE786
:10C56000169B09981F6002F007FE414604005046E2
:10C57000F9F7CCFF67E700239B469A464BE70998FB
:10C58000169B1D6002F0F8FD00210020F9F7BEFFA8
:10C5900026E78D24169B09981F6002F0EDFD00210F
:10C5A0000020F9F7B3FF64421AE78A24169B64421D
:10C5B0001F6002F0E1FD00210020F9F7A7FF0FE75F
:10C5C00000239A460998002F96D18624169B644230
:10C5D0001F6002F0D1FD41465046F9F797FFFFE694
:10C5E00097246442FCE602F0C7FD002309939F42B2
:10C5F00007D18624644200250998C1E7016A426A8E
:10C600009BE79B469A4686235B42994603E7C046D2
:10C61000008FFFFFFFFEFFFFFFFF00FFF0B54E465C
:10C62000DE4657464546E0B50C00060083B00029BB
:10C630000DD12C4B5A78022A21D089256D42280031
:10C6400003B0F0BCBB46B246A946A046F0BD0121EE
:10C650002000F9F735FF071E1DD0224B5A78022A19
:10C660001CD089256D42002E12D0390022003000E6
:10C67000D6F75AFB21003800F9F748FFDFE71B78AF
:10C680008925073B5A4253415B421D40893DD6E70D
:10C6900097256D42D3E78D256D42D0E71B78072B98
:10C6A000DFD1114B824601938023DB00A0469B46DD
:10C6B00006E043464A469B1A9846CA44002BD2D00D
:10C6C000C146D84502D98023DB0099464A465146E7
:10C6D0000198F4F727FF051EEBD0FAF783FF05005A
:10C6E000C1E7C046941100207C120020F0B50588F7
:10C6F000C646324F9846E0232E00BC46DB011E4062
:10C70000E027B4441100624600B53F0282B0099CA4
:10C710003A4217D02A4FBD423BD02A4A15408222C6
:10C72000D20195423DD08422D20195423BD19E4216
:10C7300039D122000A9B089901F0C4FB02B080BCE9
:10C74000B846F0BD204E7378022B02D089204042BB
:10C75000F4E73378072BF9D1002C2DD08027E83669
:10C76000FF0007E0089B641B9C46AC4463460893AB
:10C77000002C21D02500BC4201D98025ED002A00E3
:10C7800030000899F4F7CEFE0028EBD0FAF72AFF24
:10C79000D4E70A9B424601930094089B02F0B8F943
:10C7A000CCE79E4202D086204042C7E722000A9B87
:10C7B000089901F0CFF8C1E70020BFE700F0FFFFC4
:10C7C0000170000000CFFFFF94110020F0B54E462D
:10C7D0005746DE464546E0B50E00002189B0994631
:10C7E000129B059106911960438804009246002B24
:10C7F00000D18BE0E02380210288DB01C9011340D6
:10C800008B4200D182E0794933688A4201D04A469E
:10C810001343002B00D079E0200006AA05A9FAF7FF
:10C82000CFF8059F051E37D17B6A002B59D165686B
:10C830002D0A3ED1638820886D499B46E023020083
:10C840008C46DB011A40E021944498466346090275
:10C850000B4263D06749684B0140994200D197E091
:10C8600082236649DB010140994200D17AE08420AD
:10C87000C00181420ED142450CD180235B019B4512
:10C8800051D000D97DE0802259465D4B12010B400A
:10C89000934248D086256D42002F02D03800FBF726
:10C8A00097F9280009B0F0BCBB46B246A946A0469D
:10C8B000F0BD200007A900F0BBFE059F051EEBD1CF
:10C8C000BB46079D3B6A002B7CD129000120F9F76C
:10C8D000F7FD3862059F002800D183E05B465D626A
:10C8E0007B6A4D4661683268386A090A2A4310D16A
:10C8F00000291ED087256D42002830D0796AF9F7CB
:10C9000005FE00233B627B62059FC5E787256D42DC
:10C91000C7E700290DD086256D42EDE75946FBF7A4
:10C920005FF8051EB8D15D460735ED08BB46079593
:10C93000C8E724370297019300904B4652463100D6
:10C940002000FFF7D3FE059F051E49D17B69129A8F
:10C9500013603B7E012B3ED102233B76A1E7386278
:10C9600078629BE7424595D1204B984222D0254BD7
:10C9700098422AD0FF239843E223DB019842D5D185
:10C98000D1E7214B214A5B44134200D082E7CAE73A
:10C99000424500D07EE7C0221D4B12015B449BB292
:10C9A000934200D976E75B465B0700D072E70F4BF6
:10C9B0009842BBD15B465B080133DB08DD00ED1814
:10C9C0003B35B3E78B256D4268E75B46DB085D00CE
:10C9D000ED185A35AAE79725129B6D4218605DE75E
:10C9E000386A89E78D256D4256E7C0460170000020
:10C9F00000F0FFFFFFCFFFFF0140000000CFFFFF6F
:10CA0000FFFBFFFF0270000000E8FFFFFFF70000E0
:10CA100000FCFFFF10B5140082B000930A1D230034
:10CA2000FFF7D4FE02B010BD10B5054C82B00091E6
:10CA3000002300222100FFF7C9FE02B010BDC0464E
:10CA4000E8050610054B5A78002A03D158600020EB
:10CA50009960704789204042FBE7C046941100204E
:10CA6000042270B5154C23781A4201D093432370E9
:10CA700002251D4210D16378002B15D18921002396
:10CA8000201D89006370F9F735FD012223781A42D1
:10CA900001D09343237070BD02F0B0FA2378AB430A
:10CAA00023706378002BE9D02000E830F4F71CFCF9
:10CAB0002000A3680C309847E0E7C046941100209E
:10CAC000F0B5304C85B062782378022A37D0D90788
:10CAD0000DD40121194321709B0736D50B00002A84
:10CAE00009D05A073DD50025280005B0F0BD9907AB
:10CAF0002BD5002AF5D16368002B3FD0A268002A0D
:10CB000039D0214D2F002800DC3798472E003800FF
:10CB1000F4F7D6FB01230C3E73701C4B2A000393E1
:10CB200003231B490093380003ABF4F727FCFAF703
:10CB300059FD051E12D1022373703378D1E7072BFC
:10CB4000D1D0D907C5D51A42CBD102F04DFA022374
:10CB50002278050013432370002806D0FFF780FFDA
:10CB6000C2E7042213432370BDE761780029B8D1DE
:10CB7000D207B6D5BFE7074AA260C2E7064B63609B
:10CB8000BCE7C04694110020A01100205053410082
:10CB9000B51D0410411D0410011D0410002370B5C3
:10CBA00006000D00140013605360002901D100201D
:10CBB00070BD01212800F9F783FC2060002805D012
:10CBC0002A0031006560D6F7AFF8F0E78D204042CB
:10CBD000EEE7C04610B5416804000068F9F796FC1E
:10CBE00000232360636010BD002370B506000D00B4
:10CBF0001400136053609360002901D1002070BDC0
:10CC000001212800F9F75CFC6060002802D0A560D3
:10CC10002660F3E78D204042F1E7C04610B50400DE
:10CC20004068002814D02368002B13D0A168002985
:10CC300006D1F9F76BFC00236360A360002010BDF0
:10CC40000A0001001800D6F76FF86068A168F0E7E5
:10CC5000A060F3E797204042F1E7C046F0B54746B1
:10CC6000CE4680B51C004B8885B003930A236B44E5
:10CC70000D009846098800930B230600170020003A
:10CC80006B4403AA00F098F900282BD11B4B1C4AD7
:10CC9000234093422ED1E02280211A4BD2013360EF
:10CCA0002B8889011A408A4221D1E0218022C900C3
:10CCB000D2000B4093421AD108239946B14448460A
:10CCC000F5F74AFA4246039B117848463A00F5F7D1
:10CCD0004BFAFAF787FC002804D12B88A402A40E93
:10CCE000B380F47105B0C0BCB946B046F0BD872032
:10CCF0004042F7E786204042F4E7C046FF7FC0FF8E
:10CD00000002400500025005C82270B504000D0065
:10CD10001E00ECB00021520008A8D5F7FFFF21004B
:10CD200033002A0008A8FFF799FF041E2ED16B4696
:10CD300027255B191B78759A77999A188A422CD8FF
:10CD4000759A7698944608991A4A604491422ED171
:10CD50000593769B62460493749B01210393739B16
:10CD600006900293729B0AA80193719B0093709B9B
:10CD7000F5F708FEFAF736FC041E07D16B46759AE4
:10CD80005B1994461B78789A63441360094B089AA0
:10CD90009A4208D020006CB070BD8A24054B089AD6
:10CDA00064429A42F6D10AA8F5F754FEF2E78624C7
:10CDB0006442EFE700025005C822F0B504000E00FF
:10CDC0001F00EBB006AD002152002800D5F7A6FFEA
:10CDD000320021003B002800FFF740FF069E041EA2
:10CDE0002FD1EB79759A93423CD8D11A779A8A421F
:10CDF0003ED3749A5018254A964230D1769A0393BE
:10CE0000739B05920193749A729B04920290709A9C
:10CE1000009308A8719BF5F7E3FDFAF7E3FB069A88
:10CE2000041E09D1EB797599CB1A78990B60B2423F
:10CE30000ED0789A136001E0B24205D020006BB0AA
:10CE4000F0BD124B9E42F9D108A8F5F703FEF5E7B5
:10CE500008A8F5F7FFFDEB79759AD31AE9E7862460
:10CE60006442EBE7094B9E4208D087246442E5E721
:10CE7000064B9E4206D08A246442DFE708A8F5F7F5
:10CE8000E9FDF2E708A8F5F7E5FDF4E70002500533
:10CE900010B5029B0400FFF7E1FE002803D1012238
:10CEA000A3791343A37110BD10B5029B0400FFF7D3
:10CEB000D5FE002803D10122A3799343A37110BDAD
:10CEC000130010B5084A0C000168914209D10121F4
:10CED0008279083011402200F5F77AFAFAF782FBDE
:10CEE00010BD86204042FBE700025005002070473D
:10CEF00010B5064B04689C4205D10830F5F7F8FAE6
:10CF0000FAF770FB10BD86204042FBE70002500597
:10CF100030B50C4C056885B00392A5420FD103AC27
:10CF20000194089C08300094F5F790FBFAF75AFB3F
:10CF3000002802D1039B099A136005B030BD8620FA
:10CF40004042FAE70002500570B582B004001D00AF
:10CF5000C3790798834218D80D482668864211D1B4
:10CF600020000193069B083000932B00F5F77CFC12
:10CF7000FAF738FB002803D12860E379089A136098
:10CF800002B070BD86204042FAE78A204042F7E7AF
:10CF900000025005074B026810B504009A4205D004
:10CFA0000122A37900209343A37110BD0830F5F747
:10CFB00051FDF5E700025005FE2230B5A024D20550
:10CFC0000240E404A2420BD08024E404A24210D028
:10CFD0001A4A904201D101221A70862040421EE076
:10CFE000FC228024164DD2050240E4042840A242CF
:10CFF000EED1144A904213D0134A904217D0134AEC
:10D000009042EAD102221A7090239B019942E4D106
:10D01000039B002B02D00223039A1370002030BD23
:10D0200001221A7090239B019942F1D0D5E7062284
:10D030001A7090239B019942EAD0CEE70002C00308
:10D04000FF7FC0FF00444004000240050040400450
:10D05000F0B5DE4657464E464546E0B507001D0092
:10D0600006000C0085B00EAB1B7808375BB29A4601
:10D070000B88380099469046F3F7F8FA35606388D4
:10D080000B249B46039300236C4423700A334946C8
:10D09000280000946B4403AAFFF78EFF002853D1A9
:10D0A0006B4659469A7A2078F3F7C0FA011E4BD0A6
:10D0B0003800F3F7F7FA041E09D02000FAF792FAC5
:10D0C00005B0F0BCBB46B246A946A046F0BD5346EB
:10D0D0005A4641463800F3F707FB041EEDD1364BA4
:10D0E0009D4234D0354B9D4219D0E0224B46D201AF
:10D0F0001A40FF239021DB052B40C9048B4254D1F9
:10D1000001238021737189018A4249D02C4B9945B2
:10D1100040D02C4A0D23954213D13371CDE7002125
:10D120003800F3F71FFD002816D1E023802249467E
:10D13000DB0192010B40934210D0214B7071994555
:10D14000E7D000233371B8E786204042B8E70421D6
:10D150003800F3F707FDE6E70400AEE74B465A0553
:10D160000123520F93407371E0224946D2001142CD
:10D17000CCD0154A15492A408A4208D014498D421C
:10D1800005D014498D4202D00B498A42BED1DBB290
:10D19000337192E7104A0C239542BAD133718CE770
:10D1A0004A465205520F9340DEE780239B019A4284
:10D1B000D4D07471AAE7C046004040040041400446
:10D1C000042000000013C004FFFEFFFF0010C00495
:10D1D0000012C00400FF40040001800430B5172590
:10D1E0001C00002387B06D442B701633039200950A
:10D1F0006B4403AAFFF7E0FE00280AD12878002C30
:10D2000000D020706B4603999A7DF3F70FFA07B0B0
:10D2100030BD0020FBE7C046012300B583B000937A
:10D22000049BFFF715FF03B000BDC046002300B507
:10D2300083B00093049BFFF70BFF03B000BDC04613
:10D2400010B50379934206D11A000830F3F77EFA3D
:10D25000FAF7C8F910BD87204042FBE7F0B54E460B
:10D2600045465746DE46E0B585B01F000F9B1400CB
:10D270009946036805009846FF234246DB051340A4
:10D2800090220E00D204934256D04379C06A9A4647
:10D2900019002018D4F782FE534658430E9B98423B
:10D2A0004DD84F4B98450BD0002C4BD14B461C60B2
:10D2B000002005B0F0BCBB46B246A946A046F0BD72
:10D2C00008239A46AB68AA44002B4ED00022494658
:10D2D0001B790392DB06DB0E0A60002CE8D0E86ABB
:10D2E000984600284DD19C421CD303AB9B465B461D
:10D2F00042463100009350463B00F3F77FFAFAF7BD
:10D3000071F90028D5D14346E41A4B46039A1B68AD
:10D31000BF189B184A46464413604445E7D2002C88
:10D32000C6D0E86A1430220031005044D5F7FCFC26
:10D33000EB6A1B19EB62BBE70E9B9C42B4D98A20B7
:10D340004042B6E74B4628002200310000930830E7
:10D350003B00F3F753FAFAF745F94B460E9A1B6870
:10D360009342A6D997204042A3E74A46039313600D
:10D37000002C9DD0EB6A9846002BB6D018000023F5
:10D38000984643461B1A9B46A34200D9A346143035
:10D3900031005A465044D5F7C7FC5B46E41AEB6AA5
:10D3A0005E445B44EB62434502D044459DD2B6E700
:10D3B000290003AB424600931C313B005046F3F773
:10D3C0001DFAFAF70FF9002800D072E74B46039ACE
:10D3D0001B68BF189B184A461360E862E5E7C04621
:10D3E00000444004F0B504001E00002387B00F0085
:10D3F00015000021102202A80193D5F78FFCE36AE3
:10D40000002B05D01D4A236813401D4A934231D09A
:10D410002000320001AB02A90830F3F7F1FAFAF765
:10D42000E1F8041E16D12C00102D1AD8002D1BD1A6
:10D430003368200002005A40C01A9043134018433A
:10D44000C0179622019B13400C3A0240C04318407B
:10D450001043444202A81021F9F74CF8200007B00D
:10D46000F0BD1024002DE3D02200380002A9D5F72A
:10D470005BFCDDE787246442ECE7C046FFFBFFFF6F
:10D4800000404004FE220368D2051340802210B5FC
:10D49000D204934204D10830F3F7EEF8002010BD17
:10D4A00089204042FBE7C04670B596B004000D00ED
:10D4B0004822002104A81E00D5F730FC01232100DA
:10D4C00000932A00330004A8FFF7C2FD041E3ED1DA
:10D4D0001B9B002B0CD06B461B9A1B7D9A4234D1B0
:10D4E0001A9906A8F3F732F9FAF77CF8041E2ED140
:10D4F00002AB01931F9B1D9A00931C991E9B04A8CD
:10D50000FFF7ACFE041E22D11E9B029A002B03D013
:10D510009C46944463461E931F9B1E999A1A04A826
:10D5200003ABFFF75FFF041E11D10399029A049B1E
:10D53000521820990A60FE22D20513408022D2049C
:10D5400093420CD0892464420CE087246442FE227A
:10D55000049BD20513408022D204934202D106A834
:10D56000F3F78AF8200016B070BDC046F0B597B04A
:10D5700004000D004822002104A81F001C9ED5F7BE
:10D58000CDFB0023210000932A003B0004A8FFF7F5
:10D590005FFD041E27D16B461A7D002A31D1002E73
:10D5A00000D0B6181D9B03AD9A1A1F9B3100009343
:10D5B00001951E9B04A8FFF751FE041E13D11E9B6C
:10D5C000039E002B03D09C46B44463461E931F9BCE
:10D5D0001E999A1B04A82B00FFF704FF0400039B6D
:10D5E000209A9B191360FE22049BD20513408022CF
:10D5F000D204934212D106A8F3F73EF8200017B0E8
:10D60000F0BD310006A8F3F7A1F8F9F7EBFF041E0F
:10D61000E9D16B461A7D002EC3D1C3E78924644249
:10D62000ECE7C04610B518220021D5F777FB10BDF6
:10D63000002387200B6040427047C04610B5446805
:10D6400082B0240A07D1059C0194049C0094FAF747
:10D65000C9FB02B010BD87204042FAE78C2040424F
:10D660007047C046F8B54746CE4680B51F00E02358
:10D67000DB01034091469846802204000E003B00E7
:10D68000D201904525D0002E1CD1DE008021012042
:10D69000F8F716FF051E00D1A4E009F019FF822259
:10D6A000524BD201234093421DD08724644228006C
:10D6B00009F078FF2800F8F70BFF2000C0BCB9463E
:10D6C000B046F8BDF21DD2089A42DFD087246442EA
:10D6D000F3E78221454AC90102408A4252D0FB0742
:10D6E000F4D57B08CFE7E0B230283FD025D8122808
:10D6F00032D01728D9D133004022C03B9343D4D134
:10D70000310001F0DBFE011E23D028000AF0A2FD4B
:10D71000F9F768FF041ECAD18023DB01984541D088
:10D720003B004A46290028780AF028FCF9F75AFFFE
:10D73000002843D1089B1D60BFE74128B5D1802355
:10D740005B009E423CD0C0339E42D9D0FF2EACD16C
:10D75000D6E786246442AAE7254B9E42D0D015D94D
:10D76000842292009642A0D11E00C9E78023320095
:10D770009A4380339A42C3D00133FF339E4200D094
:10D7800093E7BDE7C2B2412AA9D17CE70A3BFF3B40
:10D790009E42B5D016D83200E03B9A43C02A00D052
:10D7A00083E7ADE72E0068363B004A46310028008B
:10D7B00009F0E0FFF9F716FF002809D0040076E72A
:10D7C000FF269DE7C0235B009E4200D06DE797E7F0
:10D7D000310028000AF020F9F9F704FF0028A9D049
:10D7E000040064E78D24644267E7C04600CFFFFF72
:10D7F00009020000F0B5C6461600E0221F00802393
:10D8000000B5D2010C0082B0DB011040984229D152
:10D81000682398468844404609F00EFF00280FD040
:10D8200000230193164B22000093230041461C3332
:10D83000603220000AF098FAF9F7D4FE051E1AD1DA
:10D8400000224146089B20000197009609F030FF16
:10D85000F9F7C8FE051E0ED03A0000213000D5F7BA
:10D860005DFA08E03B003200089920000AF0DAFB7C
:10D87000F9F7B8FE0500280002B080BCB846F0BD3C
:10D88000E1F40410F0B51F0000230C0085B00393F1
:10D8900003AB418805000088009313002200FFF7C6
:10D8A000E1FE039E041E11D1822128880F4B326CA9
:10D8B0000340C9018B4212D00C9B31001A600B9BB4
:10D8C0003A0000930A9BFFF795FF0400300009F02F
:10D8D00069FE3000F8F7FCFD200005B0F0BDC3B2D2
:10D8E000413B59424B41D218E6E7C04600CFFFFF0B
:10D8F00070B51E0000230C0084B0039303AB418875
:10D9000005000088009313002200FFF7ABFE041E01
:10D9100016D1822229880E4BD20110000B4093426F
:10D9200011D0039D099B320029000093089BFFF74B
:10D9300061FF0400280009F035FE2800F8F7C8FD53
:10D94000200004B070BDFF2008401843E9E7C0463E
:10D9500000CFFFFFF0B517001B4A1D009446038857
:10D960001A4C0E001C4064446242544164422340FD
:10D970004188A1B0D8B201F0A1FD041E20D06846B4
:10D9800009F0A6FD210068460AF064FC041E07D0D9
:10D99000684609F007FE2000F9F724FE21B0F0BD2B
:10D9A000002368460A4A18A90AF024FA041EEFD197
:10D9B0003B003200290068460AF034FB0400E7E728
:10D9C00086204042EAE7C04600BFFFFF00CFFFFFCE
:10D9D000E1F40410F0B51D0000230C008BB005939A
:10D9E00005AB41880088009313002200FFF73AFE40
:10D9F000002801D00BB0F0BD059E06A8F46BEFF730
:10DA00004FF908A8EFF74CF90734139BE4086700B7
:10DA10009F4234D880232A005B001A401D4210D058
:10DA200006A8EFF743F908A8EFF740F9214D3000B9
:10DA300009F0B8FD3000F8F74BFD2800F9F7D2FDEA
:10DA4000D8E71D4B03920293119B30000193109B6A
:10DA500008AA0093330006A9603308F02FF9051EC9
:10DA600006D12200129906A8EFF748FB051E0ED03A
:10DA700006A8EFF71BF908A8EFF718F9D7E706A8EB
:10DA8000EFF714F908A8EFF711F90C4DCFE7129B47
:10DA90002200191908A8EFF731FB050006A8EFF7D7
:10DAA00005F908A8EFF702F9002DC0D1149B1F60FB
:10DAB000BDE7C04680B1FFFFE1F4041000B1FFFFF5
:10DAC00030B505006835040083B0280009F0B4FDC6
:10DAD000002803D1F9F786FD03B030BD00212300F3
:10DAE000220001910449200000911C33290060327A
:10DAF0000AF03AF9EEE7C046E1F404101300002200
:10DB000070B50C0088B0039203AA41880088009287
:10DB10002200FFF7A7FD041E02D0200008B070BD50
:10DB2000039E04A8F56BEFF7BBF806A8EFF7B8F86B
:10DB300007350F9AED086B0093420ED0952464428E
:10DB400004A8EFF7B3F806A8EFF7B0F8300009F033
:10DB500029FD3000F8F7BCFCDFE72A000E9904A885
:10DB6000EFF7A8FAF9F73EFD041EE9D10E9B2A0053
:10DB7000591906A8EFF79EFAF9F734FD041EDFD114
:10DB800035006835280009F057FD002811D1F9F754
:10DB900029FD041ED4D106AB019304AB0D9A0C9958
:10DBA000009330002B0008F03BF9F9F71BFD04004F
:10DBB000C6E7064B32000093330029003000019481
:10DBC0001C3360320AF0D0F8E1E7C046E1F40410FB
:10DBD00070B5040000880D000600FF218E43E2218D
:10DBE000AEB0C9018E4200D06AE037490B409021A7
:10DBF00009051943354B994262D10023029302ABC8
:10DC00006188009313002A00FFF72CFD041E02D048
:10DC100020002EB070BD029D04A9039004902878C6
:10DC200001F03CFC040005A807F088FD8220C0013B
:10DC3000204303AB00930499339B329A80B2FFF7E1
:10DC400011FD039E041E08D10122310005A807F032
:10DC500063FEF9F7C7FC041E13D035993498F8F722
:10DC600049FC05A807F098FD300009F09BFC300046
:10DC7000F8F72EFC280009F095FC2800F8F728FC9E
:10DC8000C6E70022290005A807F046FEF9F7AAFC1E
:10DC9000041EE2D10E4B349A36990190009305A8E8
:10DCA000359B07F0EBFEF9F79DFC041ED5D1369AA3
:10DCB000049B12680733DB089342D2D0973CCCE731
:10DCC00087246442A4E7C0460000FFF60000020972
:10DCD000E1F40410030070B508001400002928D0F6
:10DCE0008022920093424AD00AD90132FF329342F5
:10DCF00039D08022D20093423ED1254D254908E0FB
:10DD000080225200934231D08032934234D1224D4E
:10DD100022491A00EFF7CEF900282AD1002C06D0AC
:10DD2000012229002000EFF7C5F9002821D10020A9
:10DD300070BD002A20D080229200934226D009D9BB
:10DD4000C022920093421FD00132FF32934213D17E
:10DD50000F4DE5E780225200934213D08032934268
:10DD60000AD10D4DDCE70E4D0E49D2E70E4D0F499D
:10DD7000CFE7F9F737FCDBE787204042D8E70C4DC7
:10DD80000C49C6E7084DCBE7054DC9E7084DC7E785
:10DD9000FC05061000060610F8050610000F061018
:10DDA000F4050610000A0610EC0506108010061097
:10DDB000F0050610000D0610F0B5C6460F00E02174
:10DDC0001400802200B51D000388C90106008AB036
:10DDD000D2010B40934216D1109B9C4200D96EE0B9
:10DDE000220039002800D4F79FFF109B00211A1B46
:10DDF0002819D4F793FF119B1C60002630000AB04D
:10DE000080BCB846F0BD02A8EEF74AFF04A8EEF7C2
:10DE100047FF06A8EEF744FF08A8EEF741FF738816
:10DE200004AA0733DB08180008A99846FFF752FF39
:10DE3000061E17D12200390006A8EFF73BF9041E91
:10DE40001DD008A8EEF732FF04A8EEF72FFF06A8B2
:10DE5000EEF72CFF02A8EEF729FF2000F9F7C2FB2E
:10DE60000600CBE708A8EEF721FF04A8EEF71EFF97
:10DE700006A8EEF71BFF02A8EEF718FFBEE700901A
:10DE800008AB06AA04A902A8F0F726FD041ED8D103
:10DE90004246290002A8EFF731F9041ED1D14246CB
:10DEA000119B08A81A60EEF701FF04A8EEF7FEFE2A
:10DEB00006A8EEF7FBFE02A8EEF7F8FE9DE78A261D
:10DEC00076429BE7F0B5150087B004A80E001F004E
:10DED000EEF7E6FE02A8EEF7E3FE0022280004A912
:10DEE000FFF7F8FE041E08D004A8EEF7DFFE02A834
:10DEF000EEF7DCFE200007B0F0BD00900321114BCF
:10DF000004AA02A8F0F7DAFE041E06D102A9012233
:10DF10000800EFF7CFFA041E0AD004A8EEF7C6FEF9
:10DF200002A8EEF7C3FE2000F9F75CFB0400E1E76E
:10DF30002A00310002A8EFF7E1F8041EEDD13D60A0
:10DF4000D2E7C046E1F4041010B51800029B14009B
:10DF5000934208D3D4F7E8FE0020039B1C60049B87
:10DF6000E4001C6010BD8A204042FBE7F0B58DB094
:10DF70001F00129B04000E0015009A4200D069E0B9
:10DF8000149B9A4200D965E0FF2203889343E42260
:10DF9000D20193425ED102A8EEF782FE04A8EEF70A
:10DFA0007FFE06A8EEF77CFE08A8EEF779FE0AA829
:10DFB000EEF776FE608804AA0730C00802A9FFF7D2
:10DFC00089FE041E11D002A8EEF770FE04A8EEF739
:10DFD0006DFE06A8EEF76AFE08A8EEF767FE0AA82F
:10DFE000EEF764FE20000DB0F0BD2A00390006A84F
:10DFF000EFF760F8041E13D002A8EEF757FE04A84E
:10E00000EEF754FE06A8EEF751FE08A8EEF74EFE16
:10E010000AA8EEF74BFE2000F9F7E4FA0400E1E766
:10E020002A00310008A8EFF745F8041EE4D100905B
:10E0300002AB06AA08A90AA8F0F74EFC041EDBD121
:10E040002A0013990AA8EFF759F8041ED4D1159B9A
:10E050001D60B8E787246442C4E7C0460368114ADC
:10E0600010B50400934218D00BD90F4A944663446C
:10E07000012B0FD8083004F0E7FE002300202360B6
:10E0800010BD002BF9D0094A934203D10830F4F7B0
:10E0900083FFF2E789204042F2E7083003F0B2FF45
:10E0A000EBE7C04609000002F6FFFFFD0300000297
:10E0B000036870B505000C00002B4CD1274B99422A
:10E0C0003ED014D8264B994230D0264B994222D1CB
:10E0D00006000836300003F08FFF3000002103F007
:10E0E0009FFF061E12D02800FFF7B8FF0FE01E4B5F
:10E0F000994210D106000836300004F09FFE30002F
:10E10000002104F0AFFE0600002EECD12C603000A0
:10E11000F9F768FA70BDFE23FE201B069C46C00579
:10E1200020406044434258418738F3E706000836F0
:10E130003000F4F72BFF3000F4F73CFF0600E3E774
:10E1400006000836300004F079FE3000012104F0AA
:10E1500089FE0600D8E789204042DBE70A0000027A
:10E1600003000002090000020B0000020368174AC6
:10E1700070B504000D00934221D00ED9144A944684
:10E180006344012B15D8010028000831083004F041
:10E1900063FE002023682B6070BD002B0CD00D4A5D
:10E1A000934206D10100280008310830F4F7FCFE44
:10E1B000EFE786204042EFE789204042ECE701008C
:10E1C00028000831083003F025FFE2E709000002CB
:10E1D000F6FFFFFD0300000270B503680D4CA3427B
:10E1E00011D80D4CA34208D80C4DAB420ED0A3421F
:10E1F00009D1083004F000FD02E0083005F0E0FD30
:10E20000F9F7F0F970BD89204042FBE70830F5F7D7
:10E210007FFCF5E70B00000209000002030000028A
:10E22000F0B5802516000278AD041543294AC6468C
:10E23000944665441F000400884600B50368102D0D
:10E2400013D93E60002E28D1234A934235D8234A61
:10E25000934215D822498B4232D093422DD12000CF
:10E260004146083004F016FD0FE01E4BAD00ED589E
:10E270003E60002E19D1B54228D82E002368E3E76E
:10E2800020004146083005F0FFFDF9F7ABF9002802
:10E2900000D13E6080BCB846F0BD3200212140462E
:10E2A000D4F73CFD00262368CEE73200212140460A
:10E2B000D4F734FDB542E0D908E089204042E9E7CF
:10E2C000200041460830F5F72BFCDEE78A2040426B
:10E2D000E0E7C046FDFFFFFD0B0000020900000261
:10E2E0000300000280110610F0B50400B9B00D0063
:10E2F00017000021E02268461E00D4F70FFD3F9B67
:10E300003E9A210068461A60FFF7D2FE041E19D01B
:10E31000009B274A934234D00BD9264A934202D01D
:10E32000254A934202D102A804F08EFD200039B0A4
:10E33000F0BD002BFAD0214A9342F7D102A8F4F79E
:10E340002BFEF3E73A0029006846FFF745FF041E5D
:10E35000DED13F9B3E9A31006846FFF761FF009B8C
:10E36000134A050093421AD00FD8002B05D0134A48
:10E37000934218D102A8F4F70FFE002DD6D02C003E
:10E38000D4E702A803F03EFED0E70A4A934202D047
:10E39000094A934209D102A804F056FDEDE702A80C
:10E3A00003F030FEE9E7893CE7E789246442E4E7CB
:10E3B000090000020A0000020B0000020300000234
:10E3C000F0B54646D6464F46C0B5A4B00392FF22EC
:10E3D0001E001A4080239B041343484A05009446BC
:10E3E0006344102B2BD90660039B9946002B5CD10C
:10E3F00004AF4A4636213800D4F790FCC8460024C2
:10E400002800F0304A465C2100190835D4F786FC14
:10E4100031002800F9F730FF041E05D142463900CB
:10E420002800F9F7EFFF040080213800F8F762F8C0
:10E43000200024B0E0BCBA46B146A846F0BD304A40
:10E440009B00D258974640239846039B2E609946DE
:10E4500043452CD8002B48D004AF1A003800D4F71D
:10E4600063FC4C463A003621381913784B40137040
:10E4700001329042F9D143461B1B1A00362138194C
:10E480009946D4F74BFCEF239A46E03B6B440122BC
:10E490009C466A20AA446346995C5346414099547D
:10E4A00013000132A342F6D1AAE70023984603AB3A
:10E4B0000193802304AF00934A463B003000FAF7F3
:10E4C000DFF8041EB0D1039CC146002CCAD190E7EE
:10E4D00080239846B9E7066086246442A8E768234B
:10E4E0009846B2E748239846AFE7C14680E7054A19
:10E4F0000660D358002B00D176E7EDE7FDFFFFFD66
:10E50000C411061008120610F0B54646D6464F460E
:10E510000023C0B592B00193036816009A46802389
:10E5200002789B041343234A050094460022634467
:10E5300088469146102B04D81F4A9B00D218536C72
:10E5400099462F0008374022380001AB02A9F9F79D
:10E55000A9FF041E06D0200012B0E0BCBA46B146A6
:10E56000A846F0BD51463800F9F786FE041E07D1D3
:10E5700029004A463800F031F9F744FF041E04D060
:10E58000019902A8F7F7B6FFE5E73800019A02A95A
:10E59000F9F738FF041EF3D14022380001AB02A97D
:10E5A000F9F780FF041EEBD13200404602A9D4F7F0
:10E5B000BBFBE5E7FDFFFFFD08120610036870B521
:10E5C0000400002B11D00E4A1340E0229204934223
:10E5D0000DD105008021F8300835F7F78BFF2800B2
:10E5E0000830F9F737FE00232360002070BDBC22FD
:10E5F00000215200D4F792FB89204042F6E7C04642
:10E600000000C07FF8B5CE464746066880B51100C9
:10E6100004001A00089B002E2CD103601F4807003D
:10E620008046E0201F408004874226D1FF2018400A
:10E6300080239B04034308208146A1444846A660EA
:10E64000FFF7BEFE051E10D02368002B0DD04246FA
:10E650001340BB421AD120008021F830F7F74AFF5F
:10E6600048460830F9F7F6FD26602800C0BCB946D8
:10E67000B046F8BD89256D42F7E7BC22862500210A
:10E6800020005200D4F74AFB6D42EEE7BC22002185
:10E6900020005200D4F742FBE7E7C0460000C07FED
:10E6A000F8B5CE464746066880B5110004001A004A
:10E6B000089B002E2CD103601F4807008046E020F5
:10E6C0001F408004874226D1FF20184080239B04EE
:10E6D000034308208146A1444846A660FFF770FE28
:10E6E000051E10D02368002B0DD042461340BB42BC
:10E6F0001AD120008021F830F7F7FCFE4846083098
:10E70000F9F7A8FD26602800C0BCB946B046F8BDA0
:10E7100089256D42F7E7BC228625002120005200A2
:10E72000D4F7FCFA6D42EEE7BC2200212000520033
:10E73000D4F7F4FAE7E7C0460000C07F036810B5DD
:10E74000002B09D0064C2340E024A404A34203D1AB
:10E750001030F9F757FE10BD89204042FBE7C04654
:10E760000000C07F70B5046815001E00002C0CD09E
:10E77000074B1C40E0239B049C4206D10830FFF766
:10E78000C3FE002800D1356070BD89204042FBE700
:10E790000000C07FF0B503680E00150091B0002B9B
:10E7A00026D0402A21D8144A1340E02292049342F2
:10E7B00017D12A0069460830FFF7A6FE6F46041EEF
:10E7C00008D12A0069463000F2F722FB041E01D06E
:10E7D0009524644240213800F7F78CFE200011B0E8
:10E7E000F0BD89246F466442F4E787246442F5E76C
:10E7F00089246442F2E7C0460000C07FF0B5C646F7
:10E800001600BC2200B5DEB00D00684600215200A3
:10E810001C00D4F783FA2C4B00941F009846E02389
:10E8200027409B049F424CD1FF22802322409B041F
:10E8300013432900320002A8FFF7C2FD009B041E0B
:10E8400011D0002B0AD042461340BB4206D13EA84D
:10E850008021F7F74FFE04A8F9F7FCFC20005EB01A
:10E8600080BCB846F0BD659A002A0DD0002B25D09B
:10E8700042461340BB4221D1659A649904A8F9F736
:10E88000C1FD009B041E10D10F4A1340E0229204E8
:10E89000934213D1679A669902A8FFF735FE041ECA
:10E8A00002D1689B679A1A60009B002BD6D0064A5B
:10E8B0001340E02292049342C9D0CFE789246442F6
:10E8C000CCE786246442C9E70000C07F70B50D0024
:10E8D000FF24010003001A48A143814215D01948C2
:10E8E000814212D0184881421CD0184E580A40026A
:10E8F000B0420AD0164EB14207D01649884204D021
:10E9000000231370862040420BE0200018401C4278
:10E91000F6D01070F4F7AAF8F4F7E8F9A8420CD191
:10E92000002070BD2000184010701C4202D18B42A4
:10E93000F6D0E7E78B42F3D0ECE787204042F0E7E0
:10E940000003000600130006000200060006000691
:10E950000009000600040006F0B504000E000120C6
:10E96000782185B01D001700F7F7AAFD2860002860
:10E970003FD001F02BFCE023DB013A003100286896
:10E980001C409C4225D001F06FFCF8F72BFE0400E0
:10E99000002C02D0200005B0F0BD286801F03CFC3E
:10E9A0008023C0005B01984220D82D6802A8EEF7B2
:10E9B00077F9002300220194009402A9280001F0B5
:10E9C0000BFAF8F70FFE041E09D002A8EEF76EF955
:10E9D000E0E701F0ABFCF8F705FE0400D8E702A879
:10E9E000EEF740FB4007F0D0863CEEE78624644219
:10E9F000D0E78D246442CDE770B51C0082B0D318F7
:10EA00000193E0231600DB010D001840310001AA3C
:10EA100098420ED0280001F059FA051E0EDB6B005B
:10EA2000A34214D9A5421FD30020069B1D6002B04B
:10EA300070BD280001F0F8FA051EF0DA220000216E
:10EA40003000D4F76BF92800F8F7CCFDEFE7641B32
:10EA500034192A0021003000D4F766F92A00002179
:10EA60002000D4F75BF9DFE7641B2A00311930007E
:10EA700009F0E8FF220000217019D4F74FF9D3E71D
:10EA8000F0B51F00002385B00393050003AB008899
:10EA9000FFF762FF039E041E0FD1300001F0BCFBA4
:10EAA0000C9BC00080B218600B9B28883A00009332
:10EAB00031000A9BFFF7A0FF0400300002F076FF50
:10EAC0003000F7F705FD200005B0F0BD70B51E0061
:10EAD000002384B00393008803ABFFF73DFF039D41
:10EAE000041E08D0280002F061FF2800F7F7F0FCB0
:10EAF000200004B070BD099B320000932900089BE0
:10EB00000248FFF779FF0400ECE7C046014000002F
:10EB100070B505001E00A0B0002A0ED0042A09D846
:10EB200000248A180B78240201311C438A42F9D14F
:10EB3000002C03DA8624644218E0124C02A801F08B
:10EB400045FB6B88002200940F4902A801F04EFD9E
:10EB5000041E0ED1259B28883200009302A9249B15
:10EB6000FFF74AFF040002A802F020FF200020B0B7
:10EB700070BD02A802F01AFF2000F8F733FD040070
:10EB8000F4E7C04601000100E1F4041070B51D0077
:10EB9000002386B00593008805ABFFF7DDFE059ED8
:10EBA000041E08D0300002F001FF3000F7F790FC9F
:10EBB000200006B070BD13236B441A0028000B9987
:10EBC000FFF784FE041EEDD1300001F025FB0D9B04
:10EBD000984245D8FF232A009A43234B9A4229D0D2
:10EBE000224B1D40224B9D4202D087246442D9E72C
:10EBF0006B4601213000DA7C01F0EEFA041E04D0ED
:10EC00002000F8F7EFFC0400CCE70C9B00220293F5
:10EC10000A9B300001930B9B16490093002302F0DE
:10EC200023FC0400002CEBD1300001F0F5FA0E9B20
:10EC30001860E5E700220021300001F0CDFA041E43
:10EC4000DED16B460C9ADB7C02920A9A300001926C
:10EC50000B9A08490092002202F090FC0400E1E7C0
:10EC60008A2464429EE7C0460002000600EFFFFFD0
:10EC700000030006E1F4041070B51D00002386B007
:10EC80000593008805ABFFF767FE059E041E08D0BC
:10EC9000300002F08BFE3000F7F71AFC200006B0BF
:10ECA00070BD13236B441A0028000B99FFF70EFE6A
:10ECB000041EEDD1300001F0AFFA0D9B98424FD108
:10ECC000FF239D43294B9D4218D0294B9D4227D0BD
:10ECD0008724284B64429D42DAD16B46DD7C0121BA
:10ECE0002A00300001F078FA041E3CD0224B9C42EE
:10ECF00036D02000F8F776FC0400C9E70022002196
:10ED0000300001F069FA041EF0D16B46D97C0C9BEF
:10ED1000300000930B9A0A9B02F0A8FD0400E5E77F
:10ED20006B46DD7C01212A00300001F055FA041EFB
:10ED3000DCD1300001F070FA0B9B0238C01A03D40A
:10ED40001C00834200DD04000C9B01940293290007
:10ED500030000A9B0B9A009502F042FC0400C5E7C4
:10ED60009524644294E701246442EDE70002000622
:10ED7000000300060013000600BFFFFF70B5008807
:10ED80001D00344C344B86B004409C4225D10023F6
:10ED9000059305ABFFF7E0FD059E041E08D030008B
:10EDA00002F004FE3000F7F793FB200006B070BDC0
:10EDB000300001F031FA0F9B98420BD8274B9D424F
:10EDC0000ED0FF222900264B914399421DD0872463
:10EDD0006442E4E78A246442E1E786246442E4E78B
:10EDE0000E9B002201930A9B1E49009330000B9B4F
:10EDF00002F02EF9F8F7F6FB0400002CCFD130001A
:10EE000001F00AFA109B1860C9E715402800F3F7D3
:10EE10002DFE00281AD02A000121300001F0DCF973
:10EE2000F8F7E0FB041EBAD10E9B002203930A9B65
:10EE30000C4902930B9B300001930D9B00930C9B9C
:10EE400002F02AF8F8F7CEFB0400D6E7862040420D
:10EE5000E6E7C046FFCFFFFF0140000000020007C9
:10EE600000030007E1F40410F0B51E00002389B090
:10EE7000149D2F4C00882B60A04221D1079307AB33
:10EE8000FFF76AFD079F041E08D0380002F08EFDD0
:10EE90003800F7F71DFB200009B0F0BD380001F085
:10EEA000BBF90F9B984208D1224B9E420BD0FF2208
:10EEB0003100214B9143994215D087246442E4E705
:10EEC00086246442E7E7139B00220293129B1B49AE
:10EED00001930E9B380000932B0002F079FAF8F7AB
:10EEE00081FB0400D1E716403000F3F7BFFD002896
:10EEF0001BD032000121380001F06EF9F8F772FBE7
:10EF0000041EC2D1139B00220493129B0B4903934E
:10EF10000E9B38000293119B01950093109B02F009
:10EF2000B5F8F8F75FFB0400AFE786204042E5E75D
:10EF3000017000000002000700030007E1F4041064
:10EF4000C0231B06C21810B51F2A18D893009B189F
:10EF5000184ADB009B181A7E022A0DD15A69824298
:10EF60000AD11A7E022A22D1DA69501C1FD0002051
:10EF70000132DA610B6010BD8C204042FBE70028B3
:10EF800002DC88204042F6E700220B4B03E001320E
:10EF90002833202AF0D01C79022CF8D11C68844236
:10EFA000F5D193009B18034ADB009B18D9E7972003
:10EFB0004042E0E7BC130020D0130020094A0300C0
:10EFC000013890420BD90020002907D0C022120638
:10EFD00098188023DB059842804140427047012009
:10EFE000FCE7C046FEFFFF3FA0220121024BD200FA
:10EFF000002099547047C046BC130020F0B5C646A7
:10F000000C4BA02798461C000126032500B5FF00E5
:10F0100047442000E66125762834F8F7D9FDA74259
:10F02000F7D1A02341460022DB00CA5480BCB84679
:10F03000F0BDC046BC130020F0B5C646A02300B505
:10F04000334DDB00EB5C80460F00002B3ED0A0224E
:10F05000D200A9182A7E2B00002A54D02E0006E0E8
:10F06000283399423BD01A7E1E00002A49D0022A3A
:10F07000F6D1F269002AF3D132792833002A2CD054
:10F08000994203D12EE028338B422BD01A7E1C00EC
:10F09000002AF8D1237E002B37D101332376434653
:10F0A000002B11D0651BED106B005B191A019B182A
:10F0B0001A029B181A049B188022D20594464246D5
:10F0C0009B005B1963441360002002E089204042EA
:10F0D00000243C6080BCB846F0BD8B42C3D18D207B
:10F0E0004042F5E7337E022B04D1F3695A1C01D06C
:10F0F0000133F3613000F8F76BFD0028E8D13400EC
:10F10000C8E71C00C6E72C00C4E797204042DFE7B1
:10F11000BC13002070B5A02200250A4B0D60D20060
:10F120009B5C0C00002B05D0FFF70AFF03008C331B
:10F1300003D070BD89204042FBE788202560404213
:10F14000F7E7C046BC13002010B500280AD0027EA5
:10F15000931E012B0DD8C369032A05D0002B08D0BC
:10F16000013BC361002010BD012BF7D1F8F730FD42
:10F17000F9E797204042F6E710B500280AD0027E52
:10F18000931E012B0DD8C369032A05D0002B08D08C
:10F19000013BC361002010BD012BF7D1F8F718FD2A
:10F1A000F9E797204042F6E700207047C0B2431EBF
:10F1B00098418523404298437047C04600238620EB
:10F1C0000B6040427047C04600B583B0002802D1B2
:10F1D000002003B000BD01A9FFF7B2FE00280CD14A
:10F1E0000198C369012B0ED0027E023A012A0DD884
:10F1F000002B0BD0013BC361EAE703008C33E8D15D
:10F2000088204042E5E7F8F7E3FCE2E79720404238
:10F21000DFE7C04600B583B001A9FFF791FE0028E3
:10F2200011D1019B1A79002A02D0DA69012A0ED085
:10F23000197E8A1E012A0ED8DA69032905D0002A10
:10F2400009D0013ADA6103B000BD012AF7D11800F4
:10F25000F8F7BEFCF7E797204042F4E7242270B5A8
:10F2600000210400D3F75AFDA022184BD2009818B1
:10F270000FE0216801312160120A07D0A2681969E4
:10F280000132A260226A8A4200D221622833984267
:10F290001BD01A7D002A12D09A69002A02D0A269D6
:10F2A0000132A2611A68D1B20029E2D061681D69F9
:10F2B00001316160E169A942DED2E561DCE76269A2
:10F2C0002833013262619842E3D170BDC01300203F
:10F2D00070B50C00160082B003E0013C0130002C38
:10F2E0002AD001780029F8D09A1BA24229DB1D1BE5
:10F2F0000100220028000195D3F716FD2B787F2B03
:10F3000007D9AB1B002B1CDD0023013D01952B70A1
:10F3100001342200310001A8EDF722F9051E08DBB7
:10F320000222310001A8EDF773F9002807DB651907
:10F330002D18280002B070BD68256D42F9E7050060
:10F34000F7E76C256D42F4E7F0B5C64600B582B02C
:10F35000050090461E00009041180223684601AA4D
:10F36000ECF766FE002816D1019F002F20D0002266
:10F37000009B9A561978002A1ADB00290FD0BE424A
:10F3800016D3009CF61B300021003A004044E419DB
:10F39000D3F7CAFC601B02B080BCB846F0BD5C1C51
:10F3A000013F00940197002FECD05B78002BE6D151
:10F3B00068204042EFE7C0460300863314D00300C4
:10F3C00085330DDA022302009A43130093330ED0E3
:10F3D0009730434258416C2340429843013870476C
:10F3E000431E98414042FAE772204042F7E77020FE
:10F3F0004042F4E770B5002A0CD0002403E0013449
:10F400000431A24206D000268D5F8542F7D1022347
:10F41000C85E00E0984770BD03009933142B03D8F1
:10F42000154A9B00D3589F460300853320DA0223F8
:10F4300002009A431300933317D097304342584148
:10F440006C2340429843013800E00C4870470C4858
:10F45000FCE70C48FAE70C48F8E70C48F6E70C48DC
:10F46000F4E70C48F2E70C48F0E770204042EDE783
:10F47000431E98414042E9E79012061000C2FFFF88
:10F4800080C0FFFF00C1FFFF80C1FFFF80C5FFFFFD
:10F4900080C6FFFF80C7FFFF00C3FFFF032809D01E
:10F4A000042804D1C02312205B000B6070470023A6
:10F4B0000020FAE7802312205B00F6E700231228E1
:10F4C00001D0180070470133FF33994205D08139CC
:10F4D000FF394B4259418B00F3E70323F1E7C04664
:10F4E000080010B51100FDF799F8002800D110BDF3
:10F4F0003C204042FBE7C046F0B51F009BB00C002B
:10F500002099C31D7D18DE080195002844D07100A4
:10F51000914241D1C4225200934240D22100320094
:10F5200002A8D3F701FCA11932000EA8D3F7FCFB07
:10F530002B003A0031000EA8FFF7CAFE041E26DB9E
:10F54000019B05001B1A3A00310002A80193FFF746
:10F55000BFFE041E1BDB019B2D181B1A2A0039005D
:10F5600001A80193ECF7FCFF041E10DB30223900E8
:10F5700001A8EDF74DF800280CDB651900244519AA
:10F580002A003800019909F05DFA219B1D602000D6
:10F590001BB0F0BD0400FAE768246442F7E76C246E
:10F5A0006442F4E7F0B54746CE4680B5C61D9BB031
:10F5B0000C00170098460091F608002848D0730008
:10F5C0009946229B994540D84B46602B3DD88918D7
:10F5D0003023684601AAECF72BFD051E05D0280054
:10F5E0001BB0C0BCB946B046F0BD4A46002102A8D7
:10F5F000D3F794FB33000199009802AAFFF7A4FE09
:10F60000031E20DB00980199C018C91A02AB9A1991
:10F61000330000900191FFF797FE002811DB009B5B
:10F62000019A1B18121A009301921B1BBB4212D1A4
:10F630004A46404602A9D3F777FB4A46239B1A6005
:10F64000CDE70500CBE70500C9E76C256D42C6E7AD
:10F6500068256D42C3E766256D42C0E7F0B5DE461A
:10F660004E4657464546E0B595B09A461EAB1D78C6
:10F67000060001A80C009146F3F704FA2800F3F7FE
:10F68000F5F9051E5FD001A8F3F7FCF90022290067
:10F6900001A8F3F755FA834600280ED004A84021AC
:10F6A000F6F728FF01A8F3F7F3F9584615B0F0BCB8
:10F6B000BB46B246A946A046F0BD2800F3F716FBAC
:10F6C00040228046002104A8D3F728FB5B466F4602
:10F6D0000093002CE2D04546A04500D9250001A8A2
:10F6E000F3F778FA00282CD15246494601A8F3F7DF
:10F6F00099FA002825D10422390001A8F3F792FADB
:10F7000000281ED104A901A8F3F7ACFA002818D1EB
:10F71000330004A97019002D0FD01A780E7801312A
:10F7200072401A7001338342F7D11E00FB78641BCC
:10F730000133FB70002CCED1B0E7FB780133FB70B6
:10F74000C9E78346AAE7014B9B46AEE780BFFFFFB0
:10F75000F0B5CE46474680B587B098460EAB170049
:10F7600004CB05001C780E0091460021082201A858
:10F77000D3F7D4FA2000F3F779F9041E32D003A8A6
:10F78000F3F780F92100002203A8F3F7D9F9041E4A
:10F7900008D003A8F3F77CF9200007B0C0BCB94635
:10F7A000B046F0BD03A8F3F715FA041EF1D1082204
:10F7B00001A903A8F3F736FA041EEAD132002900A2
:10F7C00003A8F3F72FFA041EE3D14246390003A839
:10F7D000F3F728FA041EDCD1494603A8F3F742FAEE
:10F7E0000400D6E7004CD7E780BFFFFF10B5040048
:10F7F0006030EDF75BFA20006830EDF757FA200033
:10F800004830EDF753FA20001830EDF74FFA20009A
:10F810002830EDF74BFA20002030EDF747FA2000B2
:10F820001030EDF743FA20000830EDF73FFA2000E2
:10F830005830EDF73BFA20005030EDF737FA200052
:10F840004030EDF733FA20003830EDF72FFA200082
:10F850003030EDF72BFA10BDF8B5050008354668D5
:10F86000040028000F00EDF703FC864252D18023EC
:10F870006268DB009A424DD800212800EDF700FDB8
:10F88000002847DD00212800EDF7A0FB002841D02B
:10F89000002F38D02500203500212800EDF7F0FC9E
:10F8A000002837DD00212800EDF790FB002831D03B
:10F8B000083500212800EDF7E3FC00282ADD0021AF
:10F8C0002800EDF783FB002824D020000021103011
:10F8D000EDF7D6FC00281DDD200000213030EDF7CB
:10F8E000CFFC002816DD200000213830EDF7C8FCE1
:10F8F00000280FDD200000214030EDF7C1FC00287A
:10F9000008DD0020F8BD200000211030EDF7B8FC24
:10F910000028F6DC0048F5E780BFFFFFF0B545465C
:10F9200057464E46DE461C000023E0B583B0051E58
:10F930008A4690460C9E009301931FD18C4202D3BD
:10F94000641A0A2C07D83D4803B0F0BCBB46B24647
:10F95000A946A046F0BD0123033CB71C2200FF21AD
:10F96000307073703800D3F7D9F9381905705246E2
:10F9700041460130D3F7D8F90020E5E7F3F776F8F0
:10F98000F3F7B4F9071EDED06A46280001A9F4F7A0
:10F990002FFB81460028D6D15745D4D1009D7D1933
:10F9A0002B0008337F2BCED83A0002330A32934221
:10F9B000C9D3A342C7D8651B0A3D0A2DC3D9B31CBE
:10F9C0009A460123033D2A00FF2130707370504690
:10F9D000D3F7A4F92A004B46302152441370FBB2EE
:10F9E0009B465170009BD17008335B449370009B21
:10F9F000D51D9A46DBB2191D117106219371517103
:10FA0000280052460199D3F78FF9052355442B70EE
:10FA10004B466B700423AB702B1D99465B463A0036
:10FA200041464846EB70D3F77FF94F443219BA424A
:10FA3000A2D021003000F6F75DFD84E780BFFFFF14
:10FA4000F8B504000D0016001F00002904D008308E
:10FA5000EDF730FA00282ED1002E06D0200031001C
:10FA60002030EDF727FA002825D1002F06D02000FE
:10FA700039002830EDF71EFA00281CD1069B002B18
:10FA800006D0200006991830EDF714FA002812D19C
:10FA9000079B002B06D0200007991030EDF70AFADB
:10FAA000002808D1002D04D020000830EDF7E0FA3E
:10FAB0006060002002E0024B9C466044F8BDC046F6
:10FAC00080BFFFFF70B504001D0000290AD00600AA
:10FAD00008363000EDF7EEFA002830D13000EDF7AF
:10FAE000C7FA6060002D07D020002900049A20305A
:10FAF000EDF7E0FA002822D1059B002B07D020006B
:10FB0000069A05992830EDF7D5FA002817D1079BFA
:10FB1000002B07D02000089A07991830EDF7CAFA91
:10FB200000280CD1099B002B07D020000A9A0999C4
:10FB30001030EDF7BFFA002801D1002070BD024B54
:10FB40009C466044FAE7C04680BFFFFF0823F0B53B
:10FB5000DE4657464E4645469B46E0B583448DB04B
:10FB6000040000215846EDF78BFB20239846A04463
:10FB7000002105904046EDF783FB28239946A144D8
:10FB8000002103904846EDF77BFB18239A46A244D8
:10FB9000002104905046EDF773FB10239C46A444CB
:10FBA00063460021050018000793EDF769FB302339
:10FBB0009C46A44463460021069026001800099341
:10FBC000EDF75EFB38360021089027003000EDF796
:10FBD00057FB40370A9000213800EDF751FB039B9B
:10FBE0000B90002B0AD0049B002B2BD139480DB071
:10FBF000F0BCBB46B246A946A046F0BD059B002B13
:10FC0000F4D0049B002BF1D1069B002D59D0002B82
:10FC1000ECD04B465246009358464346079901F0B4
:10FC2000CBFE00283BD1089B002B3CD00A9B002B2D
:10FC300039D00B9B002B36D0012529002000FFF77F
:10FC40000BFED4E7002D11D0069B002BCED0059BD8
:10FC5000002BE8D14A4641465846EDF741FC0028C2
:10FC60001DD15846EDF704FA6060DCE7059B002BD8
:10FC70002AD1069B002BB9D04A4641465846EDF79B
:10FC80002FFC00280BD15846EDF7F2F9606053467F
:10FC900049464046079A01F07FFF0028C3D00D4B2C
:10FCA0009C466044A3E7524649464046099B01975B
:10FCB000009601F0D7FF0028BED0064B9C4660445A
:10FCC00095E7002BB9D191E7069B002B00D18DE77A
:10FCD000DDE7C04680BFFFFFF8B557464E464546B4
:10FCE000DE46E0B50700083704000E0038000021AA
:10FCF00092461D00EDF7C4FA002816D1002D67D1F9
:10FD00000B9B002B64D10D9B002B61D1002E54D096
:10FD1000524631003800EDF7F1F900284DD0F0BC23
:10FD2000BB46B246A946A046F8BD20239946A14449
:10FD300000214846EDF7A4FA0028DFD02823984692
:10FD4000A04400214046EDF79BFA0028D6D01823A6
:10FD50009B46A34400215846EDF792FA0028CDD0E7
:10FD6000200000211030EDF78BFA0028C6D0002EBD
:10FD700006D0524631003800EDF7C0F90028CED148
:10FD8000002D06D0290048460A9AEDF7B7F9002859
:10FD9000C5D10B9B002B06D040460C9A0B99EDF772
:10FDA000ADF90028BBD10D9B002B06D058460E9A0A
:10FDB0000D99EDF7A3F90028B1D10F9B0020002B7E
:10FDC000ADD02000109A0F991030EDF797F9A6E703
:10FDD0000048A4E780BFFFFFF8B5DE4657464E4611
:10FDE0004546E0B51F0008239B46834405000C00F0
:10FDF000584600211600EDF743FA002814D1002ED2
:10FE00005FD1002F5DD10A9B002B5AD1002C4ED020
:10FE100059462000EDF74EF8002848D0F0BCBB460C
:10FE2000B246A946A046F8BD20239A46AA4400211E
:10FE30005046EDF725FA0028E1D028239946A94439
:10FE400000214846EDF71CFA0028D8D01823984620
:10FE5000A84400214046EDF713FA0028CFD028002F
:10FE600000211030EDF70CFA0028C8D0002C05D086
:10FE700059462000EDF71EF80028CFD1002E05D0FE
:10FE800051463000EDF716F80028C7D1002F05D0F5
:10FE900049463800EDF70EF80028BFD10A9B002B29
:10FEA00005D041460A98EDF705F80028B6D10B9B1E
:10FEB0000020002BB2D029000B981031ECF7FAFF8C
:10FEC000ACE70148AAE7C04680BFFFFFF0B5D646C1
:10FED0004F4646468146C0B5002784B002AD280093
:10FEE00088461600ECF7DCFE00230022002148467D
:10FEF00001950097FFF770FF0023041E9A461BD060
:10FF00002800ECF7D3FE002C0FDB524641463000B0
:10FF1000ECF726FB041E08DB302241463000ECF7EC
:10FF200077FB002831DB54440419200004B0E0BC06
:10FF3000BA46B146A846F0BD2A0041463000ECF76B
:10FF40008BFB041E1DDB824600230022290048464D
:10FF500001970097FFF740FF041ED1D12A004146C8
:10FF60003000ECF779FB041E0BDB82442800ECF731
:10FF70009DFE524641463000ECF7F2FA041ECBDA01
:10FF8000D3E72800ECF792FECFE70400CDE7C046A8
:10FF9000F8B504000D000830002116001F00EDF731
:10FFA0006FF900283CD0200000212030EDF768F9DF
:10FFB000002835D0200000212830EDF761F9002815
:10FFC0002ED0200000211830EDF75AF9002827D054
:10FFD000200000211030EDF753F9002820D0002D2B
:10FFE00006D0210028003031ECF764FF002813D13F
:10FFF000002E06D0210030003831ECF75BFF0028DE
:020000041005E5
:100000000AD1002F06D0210038004031ECF752FF12
:10001000002801D10020F8BD024B9C466044FAE75D
:100020000048F8E780BFFFFFF0B5CE46474681465F
:1000300080B585B002A80F001600ECF731FE002253
:100040000021484602ABFFF7A3FF0025041E23D082
:1000500002A8ECF72BFE002C18DB00223900300040
:10006000ECF73EFC041E11DB45192A003900300074
:10007000ECF776FA041E09DB302239003000ECF789
:10008000C7FA002800DA9FE064190419200005B0BF
:10009000C0BCB946B046F0BD3900300002AAECF74A
:1000A000DBFA041E00DA8BE005000023002148463D
:1000B00002AAFFF76DFF041ECAD13900300002AA60
:1000C000ECF7CAFA041E00DA7AE0002300222D18A9
:1000D00002A94846FFF75CFF041EB9D13900300081
:1000E00002AAECF7B9FA041E6ADB0023002201938E
:1000F000009300212D1802AB4846FFF76DFE041E49
:10010000A6D13900300002AAECF7A6FA041E57DB8C
:10011000002300212D1801934846009302AAFFF7FF
:100120005BFE041E00D093E73900300002AAECF712
:1001300093FA041E44DB002302AA0092002100224D
:100140002D1801934846FFF747FE041E00D07FE7B5
:100150003900300002AAECF77FFA041E30DB02AA55
:10016000019200222D18130011004846009290467B
:10017000FFF732FE0400404500D069E73900300047
:1001800002AAECF769FA0400404519DB43464246EF
:100190002D1801934846009302A9FFF71DFE0400A5
:1001A000404500D054E73900300002AAECF754FA79
:1001B0000400404504DB2D1802A8ECF777FD4CE75E
:1001C00002A8ECF773FD61E704005FE710B5782241
:1001D0000021D2F7A3FD10BD70B505000C0016007C
:1001E00001290BD803D000202C676E6770BD002A50
:1001F000F9D01000F2F73AFC0028F4D10048F5E7F6
:1002000000BFFFFF006F7047406F704710B50830A8
:10021000ECF728FF10BDC0464068704770B500215C
:100220000400FFF719FB051E1AD12600083630001E
:10023000ECF718FF7F2813D9103400212000ECF7C9
:10024000C5FE00280CD02000ECF70CFF012807D9D0
:1002500031002000ECF7C6FF002801DA280070BD4D
:10026000004DFBE700BEFFFF70B58C1882B00500A3
:10027000009130232100684601AAEBF7D9FE00283F
:100280000CD1009B019A9B189C4245D1022321006E
:10029000684601AAEBF7CCFE002801D002B070BD81
:1002A0000099019A00290CD02E0008363000ECF796
:1002B00001FF00282CD13000ECF7DAFE68600099CD
:1002C000019A8918009102232100684601AAEBF7E0
:1002D000AFFE0028E2D10099019A002907D028003A
:1002E0001030ECF7E7FE002818D10099019A891820
:1002F00028000091FFF72AFC00280DD12800FFF705
:100300008DFF002808D1009BA342C7D06638C5E7FF
:100310008123DB019842D2D00348BFE78123DB0170
:100320009842E2D00048B9E780BFFFFFF0B50D006A
:10033000140087B0060004A8ECF7B2FC03952D1951
:100340003023290002AA03A8EBF772FE041E1FD176
:10035000039B029A9B189D4200D0E4E0290001AA69
:1003600003A8EBF7E9FE041E12D1019B002B00D07D
:10037000D9E0290004AA03A8EBF7EAFE041E0AD07C
:1003800004A8ECF793FC002E02D03000FFF72EFA01
:10039000200007B0F0BD002104A8ECF771FF002891
:1003A00000D1D4E037000837380004A9ECF782FD0B
:1003B000041E00D0B0E03800ECF75AFE706029004F
:1003C00004AA03A8EBF7C4FE041ED9D1002104A897
:1003D000ECF756FF002800D1C4E0300004A910302B
:1003E000ECF768FD002800D09FE0290004AA03A8CC
:1003F000EBF7AEFE041EC3D1002104A8ECF740FFCA
:10040000002800D1AEE0300004A91830ECF752FD0E
:10041000002800D08FE0290004AA03A8EBF798FE7B
:10042000041EADD1002104A8ECF72AFF002800D15A
:1004300098E0300004A92030ECF73CFD002800D003
:100440007FE0290004AA03A8EBF782FE041E00D077
:1004500096E7002104A8ECF713FF002800D181E003
:10046000300004A92830ECF725FD002874D12900BC
:1004700004AA03A8EBF76CFE041E00D080E700215D
:1004800004A8ECF7FDFE00286CD0300004A9303041
:10049000ECF710FD041E00D072E7290004AA03A89F
:1004A000EBF756FE041E00D06AE7010004A8ECF743
:1004B000E7FE002856D0300004A93830ECF7FAFCEB
:1004C000041E00D05CE7290004AA03A8EBF740FE55
:1004D000041E00D054E7010004A8ECF7D1FE002868
:1004E00040D0300004A94030ECF7E4FC041E00D0FA
:1004F00046E73000FFF72AFB041E00D040E730003B
:10050000FFF78CFE041E2FD1039B04A8AB4230D012
:10051000ECF7CCFB663C36E7174B9C466444002C5A
:1005200000D02DE74BE7144C32E7134BC418002CD6
:1005300000D15AE724E7104BC418002C00D16AE719
:100540001EE70D4BC418002C00D17AE718E704A869
:10055000ECF7ACFB084C16E7074BC418002C00D195
:1005600085E70DE7044C0BE704A8ECF79FFB034C71
:1005700009E7ECF79BFB0BE780BFFFFF00BEFFFF27
:10058000F0B585B00400FFF749FE002829D101210C
:100590002000FFF761F9002823D12500260027005D
:1005A00023000290019020001033203528361837A0
:1005B000009332003B002900083001F093FB002833
:1005C0000FD12200230040323834019231003A002A
:1005D00028003033009401F077FC002801D105B0E9
:1005E000F0BD0148FBE7C04600BEFFFFF0B54E4638
:1005F00045465746DE468024E0B58BB008AF06007E
:10060000884691461D003800E400A34200D87EE0F1
:10061000ECF746FB149B022B00DC92E0EB0700D5C5
:100620008FE00223039310239C46B444634614993D
:1006300018000793ECF798FC041E00D092E06B08BA
:100640000593633B069320239A4608339B46103B51
:100650009C46B4446346B2445446B34404934B4668
:100660000599009320004346039A8A46EEF710FD51
:10067000002800D075E04B4651460093584643464B
:10068000039AEEF705FD00286BD15A462100380089
:10069000ECF7F4FE002864D13800ECF7E3FC069B8D
:1006A0009842DCD90422BB5E002B61DB049B5946D7
:1006B0002000079A01F070FA03000E336AD0002878
:1006C0004FD10498ECF7CEFC6B1C5B089842C6D95E
:1006D0003500083521005A462800ECF701FFA246F4
:1006E000041E3FD12800ECF7C3FC33004033706098
:1006F0000193083B009359465046049A083B01F089
:10070000B1FA041E3CD03800ECF7D0FA1FE0ECF749
:10071000C7FA149B022B03DDEB0701D4A5422CD0B2
:100720003800ECF7C3FA002E02D03000FFF75EF875
:100730001E4C20000BB0F0BCBB46B246A946A046FA
:10074000F0BD3800ECF7B2FA002EF1D0174C3000B3
:10075000FFF74CF863427F2BEBD8154B9C46644463
:10076000E7E704003800ECF7A1FA002EEFD1F1E73B
:1007700059462000ECF7E2FB98E70023039352E789
:100780003000FFF7FDFE04003800002C07D1ECF725
:100790008DFACEE700210498ECF7E6FB5FE7ECF773
:1007A00085FA3000FFF722F8024CC2E780BFFFFF56
:1007B00080BEFFFF00BEFFFF70B504000D00FFF715
:1007C0002DFD002815D12800FFF7DAFE002810D1F2
:1007D0002900200008310830ECF704FD002808D17A
:1007E0002900200010311030ECF7FCFC002800D16B
:1007F00070BD0148FCE7C04600BEFFFFF0B50C002D
:1008000085B0002105001600FFF726F800283AD130
:1008100002A8ECF745FA21006A6802A8ECF74AFC46
:10082000041E08D002A8ECF741FA184B9C46644419
:10083000200005B0F0BD2C000834210002A8ECF720
:10084000D1FC002804DB02A8ECF730FA104CEFE7EB
:100850002A006F6802A9483523000800103200956D
:10086000EEF744F8041EDDD13A00310002A8ECF79F
:1008700045FC040002A8ECF719FA002CD8D0034B71
:100880009C466444D4E7034CD2E7C04680BDFFFFDA
:100890007CBDFFFF80BFFFFFF0B557464E46454683
:1008A000DE46E0B51C0005000E0017009FB00029D1
:1008B00000D1FFE10121FEF7CFFF002800D0F9E1D0
:1008C00006A8ECF7EDF908A8ECF7EAF90AA8ECF7A6
:1008D000E7F90CA8ECF7E4F912A8ECF7E1F914A891
:1008E000ECF7DEF90EA8ECF7DBF910A8ECF7D8F975
:1008F00016A8ECF7D5F918A8ECF7D2F921006A6828
:1009000006A8ECF7D7FB041E29D008A8ECF7CEF90F
:100910000AA8ECF7CBF90CA8ECF7C8F912A8ECF789
:10092000C5F914A8ECF7C2F906A8ECF7BFF90EA8B0
:10093000ECF7BCF910A8ECF7B9F918A8ECF7B6F980
:1009400016A8ECF7B3F923007F3300DBC2E12000E7
:100950001FB0F0BCBB46B246A946A046F0BD082376
:100960009846A844414606A8ECF73CFC00281FDB4B
:1009700008A8ECF79BF90AA8ECF798F90CA8ECF793
:1009800095F912A8ECF792F914A8ECF78FF906A8DC
:10099000ECF78CF90EA8ECF789F910A8ECF786F9BA
:1009A00018A8ECF783F916A8ECF780F9CB4CCEE742
:1009B0001CA8ECF775F9AB6E002B14D06023994698
:1009C000A9444A4649464846ECF78AFD041E06D12A
:1009D000424649464846EDF727FA041E33D01CA884
:1009E000ECF764F991E700211CA8ECF7BDFA0B23A2
:1009F0009A465D339B46083B9C46AC446346AB44F9
:100A0000059333004246012158460097EEF756F908
:100A1000041EE4D1059943465A461CA88946EDF7C1
:100A200071FF041EDBD101211CA8ECF729FC002872
:100A300000D141E101235B429C46E2445346002B36
:100A4000DFD1A74CCBE768239B46AB445A465946B7
:100A50005846ECF745FD041EC1D14246594658465A
:100A6000EDF7E2F9041EBAD11CA8ECF71FF906A9AC
:100A70004A460800ECF734FD041E00D045E706A9FD
:100A800042460800EDF7D0F9041E00D03DE706A964
:100A900016A8ECF70FFA041E00D036E7202399467B
:100AA000A9440122494608A8ECF704FD041E00D021
:100AB0002BE728239A46AA44012251460AA8ECF7BC
:100AC000F9FC041E00D020E73B0032001C210CA8DA
:100AD000EEF7D0F8041E00D017E70CAA08A912A858
:100AE000ECF7FEFC041E00D00FE72A0012A9080054
:100AF0003032ECF7BDFC041E00D006E73B003200AC
:100B00001C210CA8EEF7B6F8041E00D0FDE60CAAD6
:100B10000AA914A8ECF7E4FC041E00D0F5E62A00AC
:100B200014A908003832ECF7A3FC041E00D0ECE650
:100B30002B005033009312AA4B4606A90EA8EDF7DE
:100B4000CBFE041E00D0E0E62B005833009314AA1D
:100B5000534606A910A8EDF7BFFE041E00D0D4E648
:100B600010AA0EA906A8ECF789FC041E00D0CCE65A
:100B70002A0006A940320EA8ECF7B2FC041E00D0F1
:100B8000C3E64A460EA906A8EDF74EF9041E00D0AA
:100B9000BBE6524606A90EA8ECF7A2FC041E00D044
:100BA000B3E60EAA10A906A8ECF762FC041E00D05A
:100BB000ABE62B002A00483300931032434606A9C7
:100BC00018A8EDF789FE041E00D09EE616A918A805
:100BD000ECF708FB002800D088E0A868EEF7A8FF33
:100BE00007001AA8EE89ECF75BF81CA8ECF758F898
:100BF00041461AA8EFF762F9041E12D171000131C3
:100C00001CA8ECF763F8041E0BD1310006A8ECF722
:100C10005DF8041E05D131005846ECF757F8041E64
:100C200003D01AA8ECF742F8D9E61C9BAA680698EC
:100C300002931A9B0100019300973300EFF74CFADF
:100C40001C9BAA6E0393029701960698AB6801005D
:100C500000933300EEF780FF1AA8ECF727F81CA8E2
:100C6000ECF724F86A68289906A8ECF747FA04001C
:100C700008A8ECF71BF80AA8ECF718F80CA8ECF792
:100C800015F812A8ECF712F814A8ECF70FF806A85C
:100C9000ECF70CF80EA8ECF709F810A8ECF706F83A
:100CA00018A8ECF703F816A8ECF700F8002C00D110
:100CB0004DE648E60B4C4AE62B002A0005994833DE
:100CC0000093080043461032EDF706FE041E00D1E3
:100CD000CAE684E6044B9C46644438E6FCBCFFFF4D
:100CE00080BBFFFF80BFFFFF00BDFFFF08A8EBF741
:100CF000DDFF0AA8EBF7DAFF0CA8EBF7D7FF12A885
:100D0000EBF7D4FF14A8EBF7D1FF06A8EBF7CEFF63
:100D10000EA8EBF7CBFF10A8EBF7C8FF18A8EBF76E
:100D2000C5FF16A8EBF7C2FF004C10E680BCFFFF22
:100D3000F0B557464E46DE464546E0B587B007005B
:100D40008A461E1E029208D1109B002B57D1534693
:100D5000002B57D07B68994610E0119B002B51D097
:100D600000294FD0436830009946F1F77FFEF1F734
:100D7000BDFF002846D0109B834243D17B6FDBB27E
:100D8000002B00D01E003000F1F770FEF1F7AEFF2F
:100D9000051E37D0129B01336ED0129B002B31DB26
:100DA0001C0002331B1899452CD34A460021139886
:100DB000D1F7B4FF08239C46BC4463461800059352
:100DC000ECF750F94B46139A5B1B94469846023B4E
:100DD0001B1B63445A1C9346012203901A70594608
:100DE00022000298D04700280ED0294B9C46604430
:100DF00007B0F0BCBB46B246A946A046F0BD119B69
:100E0000002BA4D12348F3E723005B440493009311
:100E10005A462300109911980196FEF799FC002874
:100E2000E6D1039A0730013A1040139A41464342F3
:100E300058419446049C0139091A2B002200604451
:100E40000096FEF70BFC0028D2D10598ECF70AF9C2
:100E50004946FF22CB0001331B1A1A41139938006F
:100E60000B7813400B70BC23029A63550B00009162
:100E70005146FFF711FDBBE743009945C2D302334A
:100E80000400994591D24B469C1E241A8DE7C0461A
:100E900080BBFFFF80BFFFFFF0B54546DE465746EB
:100EA0004E46E0B58846050092469B4683B0002931
:100EB00000D16FE0406FC0B2F1F7D8FDF1F716FF37
:100EC000041E67D06B68470099460D9B0D9A02334C
:100ED000DB1993425ED34B455CD84A4600210F98FC
:100EE000D1F71CFF0F9B0F9A5E1C0023310013707B
:100EF00050462200C047002809D0274B9C4660443A
:100F000003B0F0BCBB46B246A946A046F0BD686F30
:100F10003319C0B29846F1F7A9FD00283AD04346EC
:100F200059460C9AF1F7BEFE0028E9D14B460D9ABE
:100F3000981A012302380019C01B40440370002A8C
:100F400023D10F9B671C9C464B46013B1B1B9946BC
:100F50006B6F6744DBB200933200230049463800D0
:100F6000FEF77CFB0028CBD16B6F3A00DBB200931D
:100F700021004B463000FEF771FB0028C0D10F9ACC
:100F800028001100FFF73AFCBAE70E990130D1F7BB
:100F9000CBFED6E70148B3E780BBFFFF80BFFFFF72
:100FA000F0B55746DE4646469A46C0B5170052464B
:100FB00083460E0043680C3244D852460B329A42A4
:100FC00040D852469B1A002209990A70002E39D047
:100FD0008D1C022109984170032B2FD08046013BC4
:100FE0009844642404E0013C002C0FD000280DD16B
:100FF000012229003800B0472B78002BF3D00028BD
:1010000004D16B1C434509D01D00EAE70E4B9C46FA
:101010006044E0BCBB46B246A846F0BD534668708B
:10102000002B05D1099A58461100FFF7E7FBF0E7BE
:10103000A81C52460899D1F777FEF3E7099BD81C04
:101040009A70F6E70148E4E780BBFFFF80BFFFFF2F
:1010500010B5046F84B0002C0ED0012C0AD101937E
:101060000023079C00930394069C0294FFF714FF4F
:1010700004B010BD0448FBE7079C0194069C009453
:10108000FFF78EFFF4E7C04600BFFFFFF0B55746FD
:101090004E46DE464546E0B5694C0E00A544039336
:1010A000036F04001700012B00D0C0E043681A0052
:1010B0009846FC23103A9B009A4200D9B7E0406F53
:1010C000C0B2F1F7D3FCF1F711FE051E00D1AEE07E
:1010D000431C9A465B009B46434500D9A7E014ABEE
:1010E00000939946FFAB843331003A0020001B681F
:1010F000FFF7D2FB061E11D080214846C900F5F744
:10110000F9F9402104A8F5F7F5F930004D4B9D445D
:10111000F0BCBB46B246A946A046F0BD434602AE6F
:10112000B44649205F1E636FCA44DBB27F1B009345
:1011300052463B0029006044FEF790FA061EDBD1C0
:1011400002A98C464922636F3900DBB200935046F6
:101150002B006244FEF782FA061ECDD1606FC0B24A
:10116000F1F784FC002800D167E0FFAA7C32126806
:10117000039904ABF1F796FD061EBDD14B461F78CF
:101180007B421F43FF1702AA9446492363445C191C
:101190002A00210004A8EFF73BFE43421843C01782
:1011A000621901253843824603926D425B464146EF
:1011B000023BCB1A9C1E022B16D094460027A44457
:1011C00001200024137821004B4059420B43DB17C8
:1011D0009D43030001322B40FF186245F2D1039B6F
:1011E0009C46BC446346039303990B780122534009
:1011F0005A421343DB17002250461843824218D14B
:101200004B460131CA1A43469A1AFFAB8C331B680E
:101210009A4210D8FFAB80331B681A60002A00D1B5
:101220006AE7FFAB88331868D1F77EFD64E7064EA6
:101230006BE7064E60E7064E5EE7034E5CE7C0468E
:10124000ACFBFFFF5404000080BFFFFF00BFFFFFA7
:1012500000BCFFFFF0B54546DE4657464E46E0B5BA
:10126000584C9846036FA5444468002B00D0A7E073
:101270002300FC25103BAD00AB4200D9A0E004AD3B
:10128000FFAB00953C331B68FFF706FB061E0DD035
:1012900080212800C900F5F72DF930004A4B9D4404
:1012A000F0BCBB46B246A946A046F0BD0B235B424C
:1012B0009A46FFAB5F6CA2444433574500D957466A
:1012C0002A7853421A43D2176B7802214B40594275
:1012D0000B43DB171A430292002002AA94462A19F4
:1012E000914601210A2363448C4649460022A146C7
:1012F00000260C0003971978370079404F42394394
:10130000C917C9430843C1438B4661460133814332
:1013100052189C42EFD14C4613000821039F18003D
:1013200048405B1A834301400B43DB175946029840
:10133000A21A0843184301003B00033A0B40C9437B
:101340001140194389460B0039000A005A40C91A56
:10135000914313401943C91788228223D2018B4637
:1013600006000A40DB013340F64316401E4302AB41
:101370009C460843132152466144EFF7DFFD764255
:101380003B005A4649461340D2430A401A43E41BE5
:101390002C19934639002000BA1AEFF74BFDFFAB2A
:1013A00044331B68002B03D143465A461A606FE74B
:1013B000FFAB3A002100186C4033D1F7B5FCF3E7DE
:1013C000024E6AE7ECFBFFFF1404000080BFFFFF42
:1013D00010B5046F86B0002C10D0012C0CD10193F5
:1013E00000230A9C00930494099C0394089C029493
:1013F000FFF74CFE06B010BD0548FBE70A9C0294BF
:10140000099C0194089C0094FFF724FFF2E7C04672
:1014100000BFFFFF10B584B0089C03940124644210
:101420000294079C0194069C0094FFF781FC04B091
:1014300010BDC04610B5046F84B0012C10D1446FAC
:10144000002C01D1002B0BD0099C0394089C029422
:10145000079C0194069C0094FFF76AFC04B010BD41
:101460000048FBE780BFFFFF10B5046F84B0012C7C
:1014700011D1446F002C01D1002B0CD0089C039497
:10148000012464420294079C0194069C0094FFF797
:101490004FFC04B010BD0148FBE7C04680BFFFFF12
:1014A000F0B5C64600B5040088461500180082B0A5
:1014B000002B35D1089B002B32D1236F002B32D16A
:1014C0000A9A636808990092099AFEF727FA002899
:1014D00029D161680130F4F7F3FF061E46D00120E0
:1014E0006168F4F7EDFF071E3DD02A004146200059
:1014F0000A9B0096FFF7D0F9051E16D030006168F0
:10150000F5F704F838006168F5F700F82121626802
:101510000A98D1F703FC280002B080BCB846F0BDA1
:10152000099B002BC9D1134DF5E73A00310020008B
:10153000FFF764F9051EE1D1380062680A99EFF7F8
:1015400067FC051E01D00C4DD8E7310062680A988F
:10155000D1F7EAFB30006168F4F7D8FF3800616822
:10156000F4F7D4FFD7E73000F4F7B2FF10256D424F
:10157000D1E7C04680BFFFFF00BDFFFF10B584B0BC
:10158000002B18D1069C002C15D1046F002C1AD00A
:10159000012C15D1446F002C01D1002B0ED0089CDA
:1015A0000394012464420294079C0194069C0094D5
:1015B000FFF7BEFB05E0079C002CE6D1064800E0E3
:1015C000064804B010BD089C0294079C0194069C38
:1015D0000094FFF765FFF4E780BFFFFF00BFFFFF48
:1015E000F0B54546DE4657464E4690468022E0B569
:1015F0005B4C0F00A5440393FFAB7C331B7814AD09
:10160000040000212800D2009B46D1F787FB002F61
:1016100000D085E04346002B00D081E063681A00CB
:101620009A46FC23103A9B009A4200D97CE0FFAB1B
:1016300084332A0020001968FFF7E0F8002867D1FA
:1016400053465E1EAB5DBC2B00D083E0002F6DD1F6
:101650005846F1F70BFAF1F749FB071E64D020005A
:101660000830EBF7FFFC431E9946514601235B1AF5
:101670002A78DB004B441A4156D102AB9C464924E0
:101680004B4664445B075DD1BB1CB3424CD8F11B95
:10169000013963189A465B465246009320003B008E
:1016A000FDF7DCFF002833D14B46FF22F600F61A87
:1016B00032412B7813402B705346591EA14202D859
:1016C0004AE08C4241D0237822000134002BF8D02C
:1016D0000132012B3ED15346FFA9803109689B1A84
:1016E000013104D0FFA9803109688B4232D15946BB
:1016F00004AC0191039841460094FEF729F80028B4
:1017000006D13A002100504607F078F900281FD191
:10171000144B9D44F0BCBB46B246A946A046F0BD62
:10172000039B002B00D079E70F48F1E73800F1F771
:101730009DF9F1F7DBFA0028F6D0804500D187E764
:101740000948E5E756462C009EE753782200BFE79C
:101750000648DDE70648DBE722002378B8E7C04605
:10176000ACFBFFFF5404000080BFFFFF80BCFFFF05
:1017700000BFFFFF30B585B0002901D1002A01D09C
:10178000002B0FD0456F0C00002D09D1089D00944F
:10179000029501256D420195FFF722FF05B030BD8E
:1017A000ECB2F3E70048F9E780BFFFFFF0B546462B
:1017B000D6464F46C0B5924607000E00984682B006
:1017C000002924D1002A22D17D6801202900F4F7C4
:1017D00077FE041E24D029000120F4F771FE814613
:1017E000002819D000902B00424651463000FEF7E9
:1017F00095F800281DD1220038000A99FEF7FEFF57
:10180000061E20D029002000F4F780FE16E0434693
:10181000002BD9D1134E05E029002000F4F776FE05
:1018200010267642300002B0E0BCBA46B146A84667
:10183000F0BD29002000F4F769FE0A4E2900484651
:10184000F4F764FEEEE749462A002000EFF7E0FADD
:10185000290006002000002ED6D0F4F757FE024ED5
:10186000ECE7C04680BFFFFF80BCFFFF30B585B00E
:10187000002909D1002A07D1046F002C16D0012CB1
:1018800006D00D4805B030BD002BF5D10B48F9E767
:10189000456F0C00002D00D0ECB2089D009402951D
:1018A00001256D420195FFF79BFEEBE7089C009434
:1018B000FFF77CFFE6E7C04600BFFFFF80BFFFFFEA
:1018C0004B6870B5436005000E0008300831EBF737
:1018D000F1FA041E04D02800FDF788FF200070BD37
:1018E0003100280010311030EBF7E4FA041EF2D179
:1018F0003100280018311830EBF7DCFA041EEAD169
:101900003100280020312030EBF7D4FA041EE2D158
:101910003100280028312830EBF7CCFA041EDAD148
:101920003100280030313030EBF7C4FA041ED2D138
:101930003100280038313830EBF7BCFA041ECAD128
:101940003100280040314030EBF7B4FA041EC2D118
:101950003100280050315030EBF7ACFA041EBAD1F8
:101960003100280058315830EBF7A4FA041EB2D1E8
:101970003100280048314830EBF79CFA041EAAD108
:101980003100280060316030EBF794FA041EA2D1D8
:101990003100280068316830EBF78CFA041E00D063
:1019A00099E7326F736F2A676B6797E710B5002866
:1019B00001D0FDF71BFF10BDF0B54F46D64680B5F0
:1019C00097B006000D0014007249362208A81F00C7
:1019D000D1F7AAF9002F51D01E9B002B4ED03B68A7
:1019E000002B4BD11E9B1B68002B47D100213000E0
:1019F000EBF746FC002841DD01212000EBF740FC1D
:101A000000283BDD31002000EBF7ECFB002835DA45
:101A100001212800EBF734FC00282FDD31002800DD
:101A2000EBF7E0FB002829DA06A8EBF739F904A860
:101A3000EBF736F921002A0004A8EBF751FD041E4C
:101A40000BD006A8EBF732F904A8EBF72FF920002A
:101A500017B0C0BCBA46B146F0BD04A901220800C7
:101A6000EBF728FD041EECD104A8EBF7E5FA83B2EE
:101A70009A46002B05D104246442E2E70424644220
:101A8000E5E70004010C04A8EBF764FB041ED8D1C1
:101A9000072233681B681340013B5A425A41914662
:101AA00018214A4602AB5B18995C06A8EBF75CFA72
:101AB000041EC6D133000021380006AAECF722FF2D
:101AC000041EBED101213800EBF7DAFB002807D055
:101AD00001239C46E1444B469BB2362BE0D1CAE73A
:101AE0001E9B06A900930800330004AAECF7F4FE3D
:101AF000041EA6D101251AE006A901220800EBF771
:101B0000D9FC041E9DD106AA11001000EBF7E8FCD9
:101B1000041E00D095E706A932000800ECF784F90E
:101B2000041E00D08DE70135ADB2AA452AD30121AC
:101B300006A8EBF7A5FB002824D006A9012208007F
:101B4000EBF7A2FC041E00D07BE733000021380035
:101B500006AAECF7D7FE041E00D072E70121380078
:101B6000EBF78EFB0128C7D131003800EBF73AFBC9
:101B70000130C1D13B00320000211E98EBF7AEFED0
:101B800004005EE7012106A8EBF77AFB00289FD04E
:101B900071E7C0461CCB0510F0B504000F0016001D
:101BA0001D0085B0002B57D000211800EBF768FB13
:101BB000002851D101212000EBF762FB00284BDD0A
:101BC00001213800EBF75CFB002845DD00213000E7
:101BD000EBF756FB00283FD000213000EBF7F6F979
:101BE00001283CD16846EBF75BF802A8EBF758F800
:101BF000210001226846EBF75DFC041E08D0684610
:101C0000EBF754F802A8EBF751F8200005B0F0BD4F
:101C10000122390002A8EBF74DFC041EEFD1694602
:101C2000280002AAECF738FF041EE8D1694668468E
:101C300002AAEBF755FC041EE1D12B006A460021F5
:101C40006846EBF74BFE041ED9D16A4631002800E6
:101C5000EDF7C0F80400D2E704246442D5E70E246F
:101C60006442D2E7F0B5C64600B582B006006846C9
:101C70001D000F009046EBF713F8002D15D0012240
:101C800031006846EBF716FC041E07D06846EBF7F8
:101C90000DF8200002B080BCB846F0BD6A4641464F
:101CA0002800ECF7C1F8041EF0D1089B002B0DD0E2
:101CB000012239006846EBF7FDFB041EE6D16A46B7
:101CC00041460898ECF7B0F8041EDFD1099B0024C8
:101CD000002BDBD0320039000998EDF71BF8040027
:101CE000D4E7C046F0B5C64600B584B006006846E5
:101CF00098460C001500EAF7D3FF02A8EAF7D0FFD8
:101D00000B9B002B54D0002C19D0322120000C9BAF
:101D10000B9AEDF77BF9002809D1002D62D0322112
:101D200028000C9B0B9AEDF771F9002844D0684607
:101D3000EAF7BCFF02A8EAF7B9FF624834E0002DD9
:101D400007D0322128000C9B0B9AEDF75FF9002891
:101D5000EDD1002E21D04346002B1ED00A9B002B34
:101D60001BD001214046EBF78BFA0028DFDD012173
:101D70000A98EBF785FA0028D9DD31004046EBF7E9
:101D800031FA0028D3DA31000A98EBF72BFA002851
:101D9000CDDA002C01D0002D33D16846EAF786FF5A
:101DA00002A8EAF783FF002004B080BCB846F0BD6B
:101DB000002CCED0002D15D0002E1CD02A002100E2
:101DC0006846EBF78DFB071E70D101213000EBF761
:101DD00057FA0028ABDD31006846EBF703FA00281C
:101DE00002D0A4E7002ED8D04346002BD5D00A9BC2
:101DF000002BD2D0B5E74346002BCED00A9B002B58
:101E0000CBD001212000EBF73BFA002800DC8EE765
:101E100001212800EBF734FA002800DC87E741466F
:101E200068460A9AEBF75CFB071E3FD10122694620
:101E30006846EBF73FFB071E38D10122210002A8BC
:101E4000EBF738FB071E31D16946684602AAEBF76B
:101E5000EBFF071E2AD100216846EBF711FA002894
:101E600000D064E7414668460A9AEBF739FB071E43
:101E70001CD1012269466846EBF71CFB071E15D1F1
:101E80000122290002A8EBF715FB071E0ED16946B7
:101E9000684602AAEBF7C8FF071E07D10100684693
:101EA000EBF7EEF9002800D177E740E76846EAF75C
:101EB000FDFE02A8EAF7FAFE024B9F4200D13CE782
:101EC000F81871E700BEFFFFF0B585B00400684662
:101ED0001F000D001600EAF7E3FE02A8EAF7E0FE95
:101EE000002F19D0002C1CD0012221006846EBF7EE
:101EF000E1FA002806D13200390002A8EBF7BEFA59
:101F0000002855D03A4B984200D16EE0394B9842A8
:101F100007D0374BC41805E00A9B002B5DD0002D7D
:101F200009D1344C6846EAF7C1FE02A8EAF7BEFEC2
:101F3000200005B0F0BD012229006846EBF7BAFA8F
:101F40000028DFD132000A9902A8EBF797FA00289F
:101F5000D8D102A96A460800EBF766FF0028D1D164
:101F6000002102A8EBF78CF900283ED10B9B002B37
:101F70001CD0002CD5D02A0068460B99EBF7B0FA9C
:101F80000028BFD1012269466846EBF793FA002882
:101F9000B8D1220069466846EBF746FF0028B1D168
:101FA00000216846EBF76CF900281ED10024B9E740
:101FB00002A96A460800EBF737FF0028A2D10021EA
:101FC00002A8EBF75DF900280FD10A9B002BA6D1E0
:101FD0000B9B002B06D10024A4E70B9B002BE5D024
:101FE000002C9ED0002DC6D19BE7014C9AE7C0463D
:101FF00000BEFFFF80BFFFFF10B568220021D0F7B1
:102000008DFE10BD10B5002802D06821F4F772FAD9
:1020100010BDC04610B56822D0F786FE10BDC04680
:10202000002913D10B4B016483640B4B4164C364DF
:102030000A4B03650A4B43650A4B83650A4BC3652C
:102040000A4B03660A4B43660020704774204042E7
:10205000FBE7C04667E6096A85AE67BB72F36E3C74
:102060003AF54FA57F520E518C68059BABD9831F63
:1020700019CDE05BF0B5DE4657464E4645460300B7
:102080000C00E0B54833E9B019001D90202260A88B
:102090001C93D0F749FE210020A840344B780A78E1
:1020A0001B0213438A7812041A43CB7804311B06AF
:1020B00013431BBA08C0A142F0D1649B669C9A46A8
:1020C000609B0A499B46639B679D99461EAB9C4655
:1020D000009464468846039153465A464946AC46A6
:1020E0006598619E629F019402E0C046301306101D
:1020F0001D000624E541AA461D000534E541A94618
:1021000055464C466540AA4619241D00E541A9469E
:1021100055464C466540AA4645462D68009CA94652
:10212000019DAD68AB46250045401D406540D94442
:10213000D144AA46D144E14449448B4615000221CA
:10214000CD410D24AC461500E541AA4665465146F1
:102150004D40AC4616211500CD41AA466546544671
:102160006540AC46150035433D40CC44A94635009A
:102170001540AA464D4654462543A94645466D6836
:10218000CC44A946019D009CED685946AA461D0015
:102190004540D144A2462C005D460C400621CD416D
:1021A000D14444404C44A9465D460531CD41AA4640
:1021B0004D4651464D40A94619215D46CD41AA469E
:1021C0004D4651464D40A9464C44E119654602270B
:1021D000FD41A94665460B37FD41AA464D46574687
:1021E0007D40A94616276546FD41AA464D465746FD
:1021F0007D40A9466546154335404C44A946654691
:102200001540AA464D4657463D43A9464546AD684A
:102210004C44A946019D0F002D690097AA46D14460
:102220008144584658400D0008400621CD41584091
:102230004844A9463D000B27FD41AA464D4651465C
:102240004D401921A946009DCD41AA464D46514613
:102250004D40A94602212500CD414844A94625000C
:102260000B31CD41AA464D4651464D40A946162157
:102270002500CD41AA464D4651464D40A9466546EA
:102280002543154086194844A94665462540AA4677
:102290004D4651460D43A9464546ED684844A9467A
:1022A000019D00996D69AA46D14499445B464B4013
:1022B0005946334035004B400621CD414B44A94699
:1022C0003500FD41AA464D4657467D40A94635009A
:1022D0001331CD41AA464D4657467D40A9460500DB
:1022E0001739CD414B44A94605000B31CD41AA46D3
:1022F0004D4657467D40A94605000931CD41AA46C5
:102300004D4651464D40A9462500614605430D40C6
:102310009A184B44A94605002540AA464D46514609
:102320000D43A94645462D694B44A946019D009F92
:10233000AD69AA463D00754029001140150079405D
:102340000627FD41D144D9444944A9461500053723
:10235000FD41AA464D4657467D40A946192715001E
:10236000FD41AA464D4657467D40A94602271D001D
:10237000FD414944A9461D000B37FD41AA464D4683
:1023800057467D40A94616271D00FD41AA464D46E9
:1023900057467D40A94605001D4325408C444944CD
:1023A000A9461D000540AA464D4657463D43A9464D
:1023B00045466D694944A946019D009FED69AA46BD
:1023C00035005540D144BA462F0065462F40D144D0
:1023D00077404F44BB460627FD41A9466546053771
:1023E000FD41AA464D4657467D40A94619276546F8
:1023F000FD41AA464D4657467D40A9465F464F449B
:10240000E41900940D000224E541A9460D000B34A7
:10241000E541AA464D4654466540A94616240D009E
:10242000E541AA464D4654466540A9461D000D4368
:1024300005404F44A9460D001D40AA464D4654464E
:102440002543A9464546AD694F44A946019D009CD8
:102450002D6AAA46D144B14466465640250026401E
:102460000624E54156404E44A946009D0534E54109
:10247000AA464D46544665401924A946009DE541AB
:10248000AA464D4654466540A94602243D00E54112
:102490004E44A9463D000B34E541AA464D465446FC
:1024A0006540A94616243D00E541AA464D465446DE
:1024B0006540A9460D003D431D4080194E44A94684
:1024C0003D000D40AA464D4654462543A946454683
:1024D000ED694E44A946019D009C6D6AAA46D1440F
:1024E0009144624665466240024006246A40050007
:1024F000E5414A44A94605000534E541AA464D4652
:1025000054466540A94619240500E541AA464D46B2
:1025100054466540A94602243500E5414A44A9468F
:1025200035000B34E541AA464D4654466540A94660
:1025300016243500E5414C466C40A1463C0034432E
:102540000C409B184A44A14634003C40A2464C46ED
:1025500055462C43A14620244A44A146019D2EAC59
:102560002035C8440195A54200D0C1E59A46259B77
:1025700093460C932D9B299A1593249B17920B93AA
:102580002C9B269A1693239B10920E932B9B2E9A8C
:102590001993229B209D0D932A9B02901893279BB1
:1025A00008000F932F9B03990A93289B099211937C
:1025B000219B094A0497914630AA90464A1CFF3253
:1025C00041461B9252462F00019208965A460391AB
:1025D000E346844611E0C046701306101A990A9427
:1025E00009910799179106991191129918911399C8
:1025F00019911499169105991591099D1121280099
:10260000C841290004001320C1416140AC0A1E00EA
:1026100061400724E64135001E000B34E6413400DA
:10262000179E6C40B246DD08019E6C40091951446A
:102630000624BA463700E7418A4439000B27FE4199
:1026400034004C401921019E009FCE413900744056
:10265000029E55467140019E0695314079404F4695
:1026600061183C68039F09193D601400022517009A
:10267000EC410B35EF413D00170065401624E74162
:102680007D401700089E514437433C00049F16408C
:102690003C4034430A9F59442D196D188C44112431
:1026A0003900E1413C00C44118984C408246B90AC7
:1026B0000D9F614053443C00CB1807213E000800A9
:1026C000CC410B31CE413100029E6140FC0861409B
:1026D0005B1831001C006346019F07947940194044
:1026E00071404B46009E5B68B2465344A246039E2F
:1026F0005344C918746006236646DE410B27340034
:102700006646FE41330066460E37FE416340734025
:102710005B1804992E008846984441460091022196
:10272000CE4134002E000F000B31CE4131002E007F
:1027300061401624E641714016002E433400089E85
:1027400034402E001640344309198A460E9E9A449E
:102750003300C341122419003300E3414B40F10818
:10276000199E5940B3460D9B069E5B443400C91820
:1027700033000A30C4410230C3416340B40A6340AD
:10278000C918080061464446019E714021407140CD
:102790004E46B368029E1290B3465B448346039E46
:1027A0005B44B060C918260006234046DE41340071
:1027B00006000B20C6413300464663401924E6411B
:1027C00073405646FE415B1808990D248846310037
:1027D0005646E641340056464C401621CE415146FD
:1027E000744056469844404629432E401140314398
:1027F0006418E4180B9B029007211800C8411E00C2
:10280000010018001223DE4133004B40C10859403B
:10281000169B0E9E9B46079B5E44891911201E0045
:10282000C641B3461E000230C64133005E467340C7
:10283000079E4046B60A7340CE186146009BB346D9
:1028400059400B00614603404B4001984946804681
:10285000C9680298414459445B1803991396CE60A5
:1028600006000621CE41310006000B20C641300093
:1028700048401921029ECE417040C0182300FB4100
:1028800011181A0023000B37FB415340220009376F
:10289000FA41534052465646224326402A4032438C
:1028A0000C9E9B181B18072230003700D0410B32BA
:1028B000D7413A004240F008159E5040B3460B9A6B
:1028C000129E5A44370080181122D741BB46370068
:1028D0000232D7413A005F46B60A7A407240009F02
:1028E000801806003800029A149650404A46126931
:1028F00008406244B446784062448018039A0F004E
:1029000016610622D741BC460F000532D7413A0076
:1029100067460E007A401927FE41AB4602271D008C
:10292000724012181800FD410B37F8411F00684033
:102930001625EF412500784057461D433D401F00B6
:1029400027403D4340198446109F07253800944492
:1029500093443A00E8410B35EA4142400998FD08AA
:10296000804655400C9A139E4244AD183000112207
:102970003700D0410232D7413A004240B00A4240CB
:10298000AA18029D05922E004E4032005846024081
:102990004846009F40696A403F1805985E46804659
:1029A0004744D7194246039842610620C6410B228C
:1029B00030005E46D64132005E4642401920C64194
:1029C0007240D219924450460227009060466646F3
:1029D000F8410B37FE413700664647401620C64196
:1029E00060467740664618431E40204030430F9EA5
:1029F0003F18BD1807203200C241370010001222D4
:102A0000D7413A004240F0080A9E5040B046109A22
:102A1000149E4244801837001122D741BA4637002D
:102A20000232D7413A005746B60A7A4072408618B9
:102A300037001A964E465A46B846B0690495029E2B
:102A4000009D4A402A4036184A4046449619039A47
:102A50002800976106272A00F8410537FA414240CD
:102A600028000E37F8414240049D9219A6183700FD
:102A70002C0002960226F4412E0020000D24E6418F
:102A8000464028000934E04164462C43464020007B
:102A9000644618402C4020433618B218119E150089
:102AA0000724089232001220E2413400C44154400D
:102AB000F2080F9E5440B046069A444490461122B4
:102AC0000598059ED0410232D64132004240059819
:102AD0004444800A4240A4185A4600983E004240AE
:102AE00058463A4050404A46D2698A18121903990A
:102AF000821838000627CC613100F8410537F941CA
:102B0000414030000E37F841414089182A00280022
:102B1000173FFA410B37F84150402A000937FA4174
:102B2000049E5040320067462A433A402F005D1809
:102B300020238246984637403A43924452460398AF
:102B4000159F4044199B03900C970998169F119E5E
:102B50000B970E930A9F189B10901B98C1440D93DE
:102B60000F97179B370001958A18814500D035E5EE
:102B7000059BE1469C46922358465B009346220003
:102B80005446AA461EADE8504846103BE85028007F
:102B900065461E915146183BC550009D2433049F45
:102BA000C5501A9D103BC750103BC550029D1C33A9
:102BB000089EC550103BC650083BC2501433C1504C
:102BC0005946103B1F941D9CC1501C9B60A9683442
:102BD0001A6801C9121804C3A342F9D194211EA88E
:102BE0004900F3F787FC002069B0F0BCBB46B24651
:102BF000A946A046F0BDC046F8B54746CE460600F9
:102C000080B58846171E24D03F24036C1C409B18B7
:102C10000364934202D2436C01334364002C1DD100
:102C20003F2F34D93F2399464446E519210030000F
:102C30004034FFF71FFA2B1B3F2BF7D83B004A46C7
:102C4000403B934340339844FF1A3F2FECD8002F6A
:102C50001DD10020C0BCB946B046F8BD40252D1B93
:102C6000AF4205D23A0041463019D0F75DF8F0E79F
:102C700041462A0030193F19D0F756F8403F31003D
:102C80003000FFF7F7F9A8443F2FCBD8DFE7002447
:102C9000E8E7C0463F2270B50500036C0C00134006
:102CA000581C4132EA54382800D976E0483A121AC2
:102CB00000212818D0F732F82A6C6B6C510FDB001A
:102CC0000B4338211BBA6B54180A01316854180C95
:102CD000013168541B0E01316B54D3003C221BBAE6
:102CE000AB54190A0132A954190C0132A9541B0E14
:102CF0000132AB5429002800FFF7BCF9AB6C280067
:102D00001BBA1A0A237062701A0C1B0EE370EB6C6C
:102D1000A2701BBA1A0A237162711A0C1B0EE3719E
:102D20002B6DA2711BBA1A0A237262721A0C1B0E47
:102D3000E3726B6DA2721BBA1A0A237362731A0CC8
:102D40001B0EE373AB6DA2731BBA1A0A2374627471
:102D50001A0C1B0EE374EB6DA2741BBA1A0A2375CE
:102D600062751A0C1B0EE3752B6EA2751BBA1A0A3C
:102D7000237662761A0C1B0EE3766B6EA2761BBA74
:102D80001A0A62771A02120E23771B0E6821A277A5
:102D9000E377F3F7AFFB002070BD40220021121A49
:102DA0002818CFF7BBFF29002800FFF763F9382266
:102DB00000212800CFF7B2FF7EE7C04670B50600BD
:102DC0000D0014009AB0002B24D14822002168463F
:102DD000CFF7A4FF114A124B310012921393114AFC
:102DE000114B684614921593104A114B1692179383
:102DF000104B114A189219932A00FFF7FDFE21008B
:102E00006846FFF747FF68466821F3F773FB002029
:102E10001AB070BD74204042FAE7C04667E6096AFE
:102E200085AE67BB72F36E3C3AF54FA57F520E51EB
:102E30008C68059B19CDE05BABD9831F10B5D822F8
:102E40000021CFF76BFF10BD10B5002802D0D821AC
:102E5000F3F750FB10BDC04610B5D822CFF764FF82
:102E600010BDC046F0B58DB0012961D8002942D00F
:102E7000314B324C324E0A930B94324B324C334F1F
:102E800008930994324B334C334D06930794334BDC
:102E9000334C04930594334B334C02930394334CDB
:102EA000334B00930194334C0022002302604360B3
:102EB0008260C3600A9A0B9B8261C361089A099B76
:102EC00002624362069A079B8262C362049A059B70
:102ED00002634363029A039B8263C363009A019B6C
:102EE00002644364D023066147618464C564C150B1
:102EF00000200DB0F0BD204B204C214E0A930B94C6
:102F0000204B214C214F08930994214B214C224DF9
:102F100006930794214B224C04930594214B224C99
:102F200002930394214C224B00930194214CBBE764
:102F300075204042DDE7C04607D57C362A299A62D3
:102F4000D89E05C117DD70305A0159915D9DBBCBEC
:102F500039590EF7D8EC2F151D48B547310BC0FF76
:102F60006726336711155868874AB48E0D2E0CDB1F
:102F7000A78FF964A44FFABE3BA7CA8485AE67BB8E
:102F800008C9BCF32BF894FE72F36E3C67E6096A3D
:102F9000F1361D5F3AF54FA519CDE05BD182E6AD64
:102FA0007F520E511F6C3E2B8C68059BABD9831F43
:102FB0006BBD41FB79217E13F0B5DE464E46574688
:102FC000454681461023E0B56B4C4B44A544402256
:102FD0000C00FAA819005593CFF7A6FE5AAB9B46F2
:102FE0001800210080344B780A781B0213438A783A
:102FF0000D7912041A43CB781B0613434A791BBA86
:1030000012022A438D7943602D041543CA79083191
:1030100012062A4312BA02600830A142E3D1DCA9A9
:103020008C46789C799D5946779A0A9190464946F4
:103030005A9F5CAE0C9130004146B8460894099501
:10304000769B5B9A4446DE0C4F033743BA465E03D9
:10305000CF0C02943E434C0FDF0027435C0FA34686
:10306000CC00A1465C464D462C43A14654466740E1
:103070004C4603920268664090468C069B092343A7
:1030800089095F404E4004970596049B059C066C99
:10309000476CF6186741434642685B08D1071943FD
:1030A00043468A46D90753081943434689461B0AB3
:1030B0001106194343461B069B465C46130A2343ED
:1030C00054464C4049464B40510689464146A2462B
:1030D0004C46C9092143D409A14654464C404946AF
:1030E000594007910694069B079CF6186741089C77
:1030F000099D23002900029C039DA4197D410830ED
:10310000046745670894099584459BD10A9B9B46B3
:103110000C9B9946FFAB24335C681B680A930B94A5
:10312000FFAB0C335C681B680C930D94FFAB1C3336
:103130001E685F68FFAB14335C681B680E930F94C6
:10314000FA9BFB9C02930394FC9BFD9C04930594C7
:10315000FE9BFF9C06930794FFAB04335C681B68DF
:1031600010931194054B5C469A46FAAB55469B4624
:10317000CA460896099703E0D4FBFFFF30140610F7
:103180000C9E0D9FB30BBA041A43B104BB0B194339
:10319000B803B30C1843B303984691464246BB0CA0
:1031A0001A4313004A464B404240F105780A08434F
:1031B000710A0D9E4240F60531434B401292206841
:1031C000616813932A686B6812184B41129813991F
:1031D000089E099F12184B41529253930E9A0F9BCF
:1031E000100070400C9E0D9F30400700099B0F9906
:1031F00059400D9B1940089A099B099B574059401B
:103200001497159114981599529A539B12184B4183
:103210000A980B99029E039F12184B41109811991E
:103220008018594110901191380107000299090F37
:103230000F43B846029E039F300107000399090F10
:103240000F43BC46029E039FB107B8080843B1086C
:1032500089464F4603998907394347467840674670
:103260007940039FFF09B846029F7F06BC46474648
:1032700066463743B846029FFF09BC46039F7F0658
:10328000B94667464E463743BC46474647401697C1
:1032900067464F4011001A001797169E179F89190D
:1032A0007A410A910B92049A059B0299059F11435A
:1032B00008000399079B39431940069E079F029B0C
:1032C000049F30401F40B846039B059F1F40BC46EB
:1032D000AA68EB6847460743189767460F43199754
:1032E000189819990A9E0B9F80197941089E099F89
:1032F0000A900B91A068E16812184B410C980D9947
:10330000B6185F41030010981199089609970E9F0F
:103310007B401A000F9F0D9B02407B400E9F0B408D
:1033200057401A970F9F5F401B971A9A1B9B089E46
:10333000099FB6185F410896099706000F00B30B66
:1033400089041943B204BB0B1A43B803B30C1843E6
:10335000B3039C466746119B41409B0C3B43119F26
:103360005340780A109FFA057F0ABC46119F10430C
:10337000FA0567463A43414053401C911D931C9AFD
:103380001D9B089E099FB6185F410699079A8919E7
:103390007A41069607970A9E0B9F08910992330F70
:1033A0003901194332013B0F1A43B808B3071843D8
:1033B000B3089C4667460B9B41409B073B435340E9
:1033C0000A9E0B9F7206F8091043F209944667465D
:1033D0000B9A414052063A4353401E911F931E9A46
:1033E0001F9B069E079FB6185F410A980B99069689
:1033F0000797029E039F3200049F039B02433A40BB
:10340000059F0B430A9E3B40029F039937403800BB
:103410000B9F024339400B4320922193206961693D
:10342000209A219B069E079FB6185F412A696B6907
:1034300012184B410E980F990696079712184B4198
:10344000109F0C99089E79400800119F0D997940B2
:10345000089F3840099F39400C9F474022970D9F95
:103460004F402397099F2298239912184B41B80483
:10347000B10B06000E43B046089EB90BB00406001F
:103480000E43B446089E099FB10CB8030843B1032C
:1034900089464E460999890C314346467040664636
:1034A0007140099E760AB046089EF605B446464627
:1034B00067463E43B046089E760AB146099EF60529
:1034C000B4464E4667463E43B4464646464024967A
:1034D00066464E4025962498259912184B4104982B
:1034E0000599801859410E900F91069E079F38014B
:1034F00006000699090F0E43B446069E079F390F32
:1035000030010843B90888464646069989070E43A4
:10351000B046069E079FB10889464E460799474622
:103520008907314366467E40079FB446FE09069FE1
:10353000414078060643B046FE09079F78063043AF
:103540004746664641407E40269627912698279911
:103550000A9E0B9F12184B4131000698029E0143B0
:103560000800079F0B993040039E39433140069F66
:103570000A9E3E40B046079F0B9E3E40B4464646DC
:103580000643289666460E4329962898299980185E
:103590005941AA69EB6904900591A069E169121883
:1035A0004B410C980D99089E12184B41109971408F
:1035B00008001199099E71400E9E30400F9E3140C7
:1035C000109E46402A96119E4E402B962A982B9983
:1035D0000E9E0F9F12184B41B80406000E99890BDE
:1035E0000E43B0460E9E0F9FB00406000F99890B44
:1035F0000E43B4460E9E0F9FB10CB8030843B103AF
:1036000089464E460F99890C3143464670406646BE
:1036100071400F9E760AB0460E9EF605B4464646A9
:1036200067463E43B0460E9E760AB1460F9EF605AB
:10363000B4464E4667463E43B446464646402C9600
:1036400066464E402D962C982D9912184B410298A3
:103650000399049E059F801859410C900D913801E3
:1036600006000499090F0E43B446049E059F390FC6
:1036700030010843B90888464646049989070E4335
:10368000B046049E059FB10889464E4605994746B7
:103690008907314366467E40B446059E4140F6099F
:1036A000B046049E700646460643B046049E474612
:1036B000F609B146059E70064E46304366464140C7
:1036C0007E402E962F912E982F99049E059F1218BA
:1036D0004B41310006980A9E01430800079F059957
:1036E00030400B9E39433140069F049E3E40B04619
:1036F000079F059E3E40B4464646064330966646C2
:103700000E43319630983199801859412A6A6B6A74
:1037100002900391206A616A12184B411098119926
:103720000E9E12184B410899714008000F9E09998E
:1037300071400C9E30400D9E3140089E46403296AE
:10374000099E4E403396329833990C9E0D9F121865
:103750004B41B80406000C99890B0E43B4460C9EED
:103760000D9FB90BB0040843B903884646460C992F
:10377000890C0E43B0460C9E0D9FB10389464E4600
:103780000D994746890C314366467E40B4460D9EEE
:103790004140760AB0460C9EF00546460643B046C8
:1037A0000C9E4746760AB1460D9EF0054E463043C4
:1037B000664641407E4034963591349835991218CA
:1037C0004B410A980B99029E039F801859410A9019
:1037D0000B91380106000299090F0E43B046029E74
:1037E000039F300106000399090F0E43B446029E61
:1037F000039FB107B8080843B10889464E460399AC
:10380000890731434646704066467140039EF6097B
:10381000B046029E7606B446464667463E43B046EC
:10382000029EF609B146039E7606B4464E466746AA
:103830003E43B44646464640369666464E40379628
:103840003698379912184B41049910921193029AA5
:10385000039B114308000599039E029A039B314381
:10386000069E079F3040049E079F1640B046109A60
:10387000119B3940059E039F3E40B4464646064391
:10388000389666460E4339963898399980185941CA
:10389000AA6AEB6A10901191A06AE16A12184B4172
:1038A000089809990C9F12184B410E99794008000D
:1038B0000D9F0F9979400A9F38400B9F39400E9F0A
:1038C00047403A970F9F4F403B973A983B990A9E43
:1038D0000B9F12184B41B80407000A99890B0F433C
:1038E000B8460A9E0B9FB00407000B99890B0F4343
:1038F000BC460A9E0B9FB10CB8030843B10389462E
:103900004F460B99890C39434746784067467940C2
:103910000B9F7F0AB8460A9FFF05BC46474666468E
:103920003743B8460A9F7F0AB9460B9FFF05BC463E
:103930004F4666463743BC46474647403C97674636
:103940004F403D973C983D9912184B41109E119F56
:1039500010001900069A079B0690079112184B4118
:10396000310F380108438446390F3001084380463F
:10397000B107B808089209930843B308B907194377
:103980006346584043465940FB09984673069C4697
:103990004346624613439846F3099C467B06994684
:1039A00063464A4613439C46434643403E93634620
:1039B0004B403F933E983F99069A079B12184B4104
:1039C00002990692079331430800049B039918401B
:1039D000059B39431940029B119A33409846039B3B
:1039E00013409C4643460343409363460B43419335
:1039F00040984199069A079B801859412A6B6B6B36
:103A000006900791206B616B12184B410E980F992D
:103A100012184B410E920F930C990A9A0B9B51402E
:103A20000B9F08000C9A0D9B0D997940089E099FE9
:103A3000099F3040394017000E9A0F9B474042972C
:103A40000D9F4F40439742984399089E099F121833
:103A50004B41B80407000899890B0F43BC46089EE8
:103A6000099FB00407000999890B0F43B846089EC7
:103A7000099FB10CB8030843B10389464F46099921
:103A8000890C39436746784047467940099F7F0A49
:103A9000B846089FFF05BC46474666463743B846CA
:103AA000089F7F0ABC46099FFF05B94667464E46F8
:103AB0003743BC4647464740449767464F40459783
:103AC0004498459912184B4104980599069E079F02
:103AD000801859410E900F91380107000699090F7F
:103AE0000F43BC46069E079F300107000799090F48
:103AF0000F43B846069E079FB107B8080843B108B0
:103B000089464F46079989073943674678404746B3
:103B10007940079FFF09B846069F7F06BC46474687
:103B200066463743B846069FFF09BC46079F7F0697
:103B3000B94667464E463743BC46474647404697D8
:103B400067464F4047974698479912184B41109E39
:103B5000119F310004920593069B069A19430800B1
:103B60003900079B1943029B1840039B19403300FF
:103B7000049E059F13409846079A119B13409C464C
:103B800043460343489363460B43499348984999F6
:103B900080197941AA6BEB6B0A9E0B9F04900591EB
:103BA000A06BE16B12184B410C980D9912184B4108
:103BB00031000898099F414008000B994034794032
:103BC0000E9F403538400F9F39400A9F47404A9723
:103BD0000B9F4F404B974A984B990E9E0F9F121880
:103BE0004B41B80407000E99890B0F43B8460E9E4F
:103BF0000F9FB90BB00408438446B10CB8030843C7
:103C0000B10389464F460F99890C3943474678409E
:103C1000674679400F9F7F0AB8460E9FFF05BC4656
:103C2000474666463743B8460E9F7F0ABC460F9FFD
:103C3000FF05B94667464E463743BC4647464740B0
:103C40004C9767464F404D974C984D9912184B41F1
:103C5000049E059F52925393BB089846310F38013A
:103C60000843390F4746049B8446300108439907AF
:103C70000F43B846049E059F059BB1089B07674606
:103C8000194343465F40BC46049E059FFB09984686
:103C90004746049B414058060743B846049E059F8B
:103CA000059BF0095B0618436746434641404F9128
:103CB0000699079A08005F400799059B4E9719439C
:103CC000049E059F3043109E119F30403940069E50
:103CD000079F3300049A134098463B00059A13400F
:103CE0009C4643460343509363460B435193509E77
:103CF000519F529A539B4E984F9980197941029E39
:103D0000039FB6185F410C960D9716001F003618DA
:103D10004F4102960397A34501D0FFF731FA089E61
:103D2000099F1C001300009301940A9C0B9DFFAB9C
:103D30005C629D62109C119D2433FFAB5C609D60B2
:103D4000FFACE6612762FFAE14361C34069C079D6B
:103D5000FE94FF950E9C0F9D34607560049C059D3C
:103D60005646FFAA0C3258905991FC94FD950433A5
:103D7000009B019C569357940C9B0D9C13605460C0
:103D8000029B039CFA93FB94559CFAAD5036226833
:103D9000636803CD12184B410CC4B442F7D1B4216F
:103DA00056A88900F2F7A6FB0020044B9D44F0BC06
:103DB000BB46B246A946A046F0BDC0462C04000052
:103DC000F0B5D6464F46464604008A461500C0B5B3
:103DD000002A30D0026843687F272800002117405E
:103DE00012184B412260636099422AD1954228D92A
:103DF000A068E1680122002380185941A060E160B9
:103E0000002F20D17F2D3DD97F23994657467E191B
:103E1000390020008037FFF7CFF8F31B7F2BF7D84E
:103E20002B004A46803B934380339A44ED1A7F2D02
:103E3000ECD8002D26D10020E0BCBA46B146A846F9
:103E4000F0BD002FDED08023DB1B98469D4206D2BA
:103E500050342A005146E019CEF766FFEBE75023B5
:103E60009946A1444B4651464246D819803DCEF76B
:103E70005BFF7D1949462000FFF79EF8C2447F2D65
:103E8000C2D8D6E70027E3E77F22F0B50500C64693
:103E9000036800B51340581CEB18503301320C0076
:103EA0001A70702800D9FBE02E00103A5036121A12
:103EB00000213018CEF732FFAA68E9686B68500F0E
:103EC000C9000143D200580F02432800984609BA9E
:103ED000C0300B0A2F6843700B0C0170837012BA4C
:103EE000090E4346C170110A4171110C81712900FC
:103EF0000271120EC271DB007A0F13431BBAC83174
:103F0000180AFA0012BA0B704870180C1B0ECB700E
:103F1000130A0A714B71130C120E88708B71CA71DF
:103F200028003100FFF748F86A692B6912BA110AB4
:103F30001BBA22706170110C120EE2701A0A6271C3
:103F40001A0CA271EA6923711B0E12BAE371AB69F4
:103F5000A170110A1BBA22726172110C120EE27268
:103F60001A0A62731A0CA2736A6A23731B0E12BABE
:103F7000E3732B6AA172110A1BBA22746174110CCB
:103F8000120EE2741A0A62751A0CA275EA6AA1741A
:103F900012BA110A23751B0EE375AB6A227661769D
:103FA000110CA17620211BBA120EE2761A0A237791
:103FB00062771A0C1B0EE3776B6BA2771BBA2A6B26
:103FC000180A635401316054180C013160541B0EFF
:103FD00001316354242312BAE254110A0133E1542B
:103FE000110C0133E154130E27222821A354EB6B4B
:103FF000AA6B1BBA6354180A01316054180C0131C2
:1040000060541B0E013163542C2312BAE254110A7E
:104010000133E154110C0133E154130E2F22A35448
:10402000D023EB58002B33D130216A6C2B6C12BAA1
:104030006254100A01316054100C01316054120EA8
:104040000131625434221BBAA354190A0132A1541B
:10405000190C0132A15438211B0E0132A354EA6C11
:10406000AB6C12BA6254100A01316054100C013169
:104070006054120E013162543C221BBAA354190A37
:104080000132A154190C0132A1541B0E0132A35468
:104090002800D821F2F72EFA002080BCB846F0BDE7
:1040A0002E005036121A00213018CEF737FE31009C
:1040B0002800FEF781FF702200213000CEF72EFE8F
:1040C000FAE6C046F0B5D6464F464646C0B58246EB
:1040D000884691461D00C2B0012B00D972E00CAC9D
:1040E000D82200212000CEF719FE002D4DD0374AEE
:1040F000374B384E0A920B93374A384B384F089259
:104100000993384A384B394802920393384A394B5D
:10411000394906920793394A394B04920593394A33
:10412000394B009201930A9A0B9B22616361089AB2
:10413000099BA261E361029A039B22626362069A71
:10414000079BA262E362049A059B22636363009A61
:10415000019BA264E364D02342462064616451461B
:104160002000E550A663E763FFF72AFE49462000DA
:10417000FFF78AFE2000D821F2F7BCF9002042B0F8
:10418000E0BCBA46B146A846F0BD204A204B214EBD
:104190000A920B93204A214B214F08920993214AFE
:1041A000214B224802920393214A224B2249069234
:1041B0000793224A224B04920593224A224B0092F3
:1041C0000193B0E775204042D9E7C046D89E05C1AB
:1041D0005D9DBBCB1115586807D57C362A299A629C
:1041E000874AB48E17DD70305A015991A78FF96450
:1041F00039590EF7D8EC2F150D2E0CDB310BC0FF03
:1042000067263367A44FFABE1D48B54708C9BCF3FB
:1042100067E6096A1F6C3E2B3BA7CA8485AE67BB65
:104220008C68059B2BF894FE72F36E3C6BBD41FBD2
:10423000F1361D5F3AF54FA5ABD9831FD182E6ADAC
:104240007F520E5179217E1319CDE05BF0B54E46B9
:104250004546DE465746E0B5794C8025A5440CAB73
:1042600099461800002101231B266D004CAA5CB260
:10427000D1546200037052B2002C01DA724052B283
:1042800053400131DBB20130A942EFD16D4A012325
:1042900010001B24283059B213604B005BB2002978
:1042A00001DA63405BB20432DBB29042F3D16323A4
:1042B0000022654D654F2B70FA540CAB9E1CFF23FA
:1042C0009A466323984680235B0001249C46FF3670
:1042D0000095524633780136D31A4A46D25CD1094A
:1042E00053000B4358B2DBB2C50059092943514072
:1042F0004500DA0941402A43514080009A090243AF
:104300004A40D3B242465340009ADBB21355FC54A4
:1043100001346445DDD18CAB1C1BA37B15000893D5
:10432000637AB8460993637B0A93E37A00240B937C
:10433000474B0193474B0293474B0393474B0493DF
:10434000474B0593474B0693474B0793474B0093C7
:1043500010239B46083B9A463DE04CAAD75C099A3D
:10436000E731B818CDF7F2FD4A46565C0A9AFF21AC
:10437000B818CDF7EBFD4A46535C089A1B04D019D8
:10438000FF2136025E40CDF7E1FD4A46535C0B9AB1
:10439000FF21B8185E40CDF7D9FD4A46535C504620
:1043A0001B065E4032001823DA415B4611003200E2
:1043B000DA413300C3410598013506510698015191
:1043C00007990A51009A135101239C46284BE04457
:1043D0000434AB422AD00023EB5629785A0052B25B
:1043E000002B02DA1B235A4052B20B02D2B25B18E6
:1043F0001B02514053400906019A4B4013511821AA
:104400001A00CA41029802511A005846C241039844
:1044100002515246D341049A135142461378002B5D
:104420009BD10023002200210026C4E78D239B009E
:104430009D44F0BCBB46B246A946A046F0BDC0466E
:10444000CCFDFFFFC0180020EC390020EC28002034
:10445000EC350020EC310020EC2D0020EC29002070
:10446000EC240020EC200020EC1C0020EC180020A4
:10447000EC3A00208C2210B500215200CEF74EFC01
:1044800010BDC04610B5002803D08C214900F2F7BA
:1044900031F810BDF0B557464E46DE464546E0B50C
:1044A00004000E00170085B0C02A67D080235B008F
:1044B0009A420BD0F63B802A09D02020404205B01A
:1044C000F0BCBB46B246A946A046F0BD0E23874DC0
:1044D0002360AB6A002B57D03100002326007A09F5
:1044E0009200636008368A184B7808781B020343F1
:1044F000887800041843CB7804311B06034308C6B0
:104500009142F1D123680C2B00D1A3E00E2B40D0B7
:104510000A2B31D12369FF229C462823200099468B
:10452000E2469046AC46E7686169A668704B183071
:10453000A94444460A0A0D0E5D5D22409A5C2D0492
:104540006A4045460D405D5D2D066A400D0C2540D4
:1045500064465D5D2D026A4020CC6A40564052465A
:1045600077407A405140066047608260C160A4464F
:10457000924610304C45DCD10020A0E70C235B4D67
:104580002360AB6A002BA7D1FFF760FE0123AB626B
:10459000A2E7236A2A009A46E36920009946A369A4
:1045A000666998462369E7689C466546A368616A20
:1045B0009446FF2401934E4B283002950A0A22406C
:1045C0009A5C93465D460A0E9A5C1204554022009E
:1045D0000A409A5C120655400A0C22409A5C12026C
:1045E0006A406546039204CDAC46039D55402A00BF
:1045F000019D554005606F4001952500029A476076
:104600007A4056408260C6600292320E9A5C354013
:104610005D5D12066A40350A25405D5D2D026A40E7
:10462000350C25405D5D2D046A40454655404A469F
:104630006A40914605614261A84652464D466A402D
:104640008261514092462B4AC16120309445B5D1D8
:10465000002034E7A3692A00994663692000984640
:104660002369E7689C4620239A46214BE169A668A6
:104670006446AA449C464546904620300194FF2457
:1046800063460A0A22409A5C0B0E9B4663465C46D0
:104690001B5D1B045A40FF230B409B4663465C4650
:1046A0001B5DFF241B065A400B0C23409B466346B0
:1046B0005C461B5D1B025A40434610CB624056408D
:1046C0009846019B77407B405D40836001934B4659
:1046D0006B40594006604760C5600361416199467F
:1046E0001830D045CBD10020E9E6C046C0180020E4
:1046F000EC390020DC180020F0B5DE464E46454679
:104700005746E0B516008C22CDB004000D005200D3
:10471000002106A8CEF702FB0023320029006360C7
:1047200006A8FFF7B7FE0390002866D1069A0799FE
:1047300093005B189B0008A9C91823004E688D6878
:10474000C8680F6810392260A760E6602561606163
:104750000C00511E8B461833002946DD2D4904926A
:104760008A462D495A4689462C49260088462C49B6
:1047700005941F008C46FF251C002A480292002148
:10478000A34601962A005646019B5B581A40845C5A
:104790001A0EA40034594E46825C9200B258464626
:1047A00054401A0A2A40825C1B0C9200B2582B40DB
:1047B00062406446C35C9B00E3585A407A5004311F
:1047C0001029DFD1029B019E013B5C46103702930A
:1047D000103E002BD3D1049A2300023A120111009B
:1047E000059C1031A41A5B18103C6068A168E2684F
:1047F000246858601C609960DA608C2106A8490022
:10480000F1F778FE03984DB0F0BCBB46B246A9461E
:10481000A046F0BDEC240020EC180020EC20002085
:10482000EC1C0020EC390020F0B5DE464E46454633
:1048300057460300E0B591B00692426808339200F3
:104840009B184A780C78120222438C780D7A240443
:104850001443CA784E7B120622431C68360262401B
:1048600093464A790C79120222438C790068240419
:104870001443CA794010120622435C6862404C7AA5
:1048800024022C438D7A2D042543CC7A24062C4314
:104890009D686C401025AC469C44654605950D7B93
:1048A000DB682E438D7B2D043543CE7B36062E43AD
:1048B0005E40431E0493002B00DC01E2F84B07909E
:1048C0009A46F84B58469946F74B059F9846F74B42
:1048D00003901900FF238C461D000399300E0D40F4
:1048E0005146AD004D594946800008584146684040
:1048F0003D686840150A1D40AD004D59614668404D
:10490000250C1D40AD004D59039968401D000190D4
:10491000080E51461540AD004D59494680000858D3
:10492000414668407D686840250A1D40AD004D59EC
:1049300061466840350C1D40AD004D5968401D0072
:104940002540A9008B460290514658460958150E3D
:104950008B464946AD004D5959464D40B968240E25
:104960004D40310A194089008B4641465846095846
:104970001E404D400399B600090C194089008B4632
:10498000614658460958A4004D4051468E59494643
:104990000C59120C6640FC681A407440039E920049
:1049A000310A4646194089007658614601988A586E
:1049B00066405640020054461A409200A2584C46A7
:1049C000310E89006158444651403A695140029A7B
:1049D000120A1A409200A258644651402A0C1A400A
:1049E0009200A2581C005140020E504603910299B9
:1049F00092000C40A4000459484682584046624048
:104A00007C6962402C0A1C40A40004596046624044
:104A1000340C1C40A400045962401C002C40A0002F
:104A200083460C0E504659464058A40083464846DB
:104A3000045958464440B8692D0E4440300A0100DC
:104A400019408800834640465946405801994440E1
:104A5000080C0100194088008346604659464058BA
:104A60001E4044405046B60086594846AD00455960
:104A700001996E40FD69203775400E0A41461E407F
:104A8000B6008E5902996E40080C614618408000AD
:104A900008580499464001390491002900D01BE7C9
:104AA000039B07989B4663460393059B02389C46ED
:104AB0004001604420300590FF2359465546194077
:104AC000890069584D46300E800028584546059F9C
:104AD000414038684140100A184080002858039D22
:104AE0004140200C1840800028581D00414050468D
:104AF00001910C9115405946AD0045594846090EA3
:104B000089004158404669407D68170E6940250A72
:104B10001D40AD00455903986940350C1D40AD005E
:104B20004559504669401D002540AD00455948464D
:104B3000BF00C759404602910D9105996F408D689D
:104B4000240E6F40350A1D40AD00455958466F4050
:104B5000050C1D400398AD00455950461E40B60057
:104B600086594846A400045958466640CC68120C41
:104B70006640040A40461C40A40004591A400398A9
:104B80009200825874405440A4467D400E950F9484
:104B9000474A019960460C001E001C40175D059CA9
:104BA00024696740040E145D02982406674006409D
:104BB000040A60461C40145D965D240267402C0C7C
:104BC0001C40145D24046740059C08976469664096
:104BD0000C0E145D0599240666402C0A1C40145DD9
:104BE00024026640040C1C40145D8869240466405D
:104BF0001C002C40145D2D0E44400298555D000EA3
:104C0000105C2D06000644406046000A0100194071
:104C1000505C019900024440080C01001940505CAE
:104C20006146000419404440505C05998446C869B7
:104C30006146414069408C46019909960D0A6146DA
:104C40001D40555D0A9402982D024D40010C0B4009
:104C5000D25C0699120455403A0A4A703A0C8A709E
:104C6000320A4A71320C8A71220A4A72220C8A7202
:104C70002A0A0F700E710C724A732B0E2A0C3F0E0B
:104C8000360E240ECF70CE71CC720D738A73CB7337
:104C900008A820210B95F1F72DFC002011B009E0A8
:104CA000EC350020EC290020EC310020EC2D002018
:104CB000EC390020F0BCBB46B246A946A046F0BD88
:104CC000044B9A46044B9946044B9846044B039375
:104CD000F2E6C046EC350020EC290020EC31002043
:104CE000EC2D0020F0B5DE464E4645465746030003
:104CF000E0B591B006924268083392009B184A785A
:104D00000C78120222438C780D7A24041443CA785A
:104D10004E7B120622431C683602624093464A7953
:104D20000C79120222438C79006824041443CA7956
:104D30004010120622435C6862404C7A24022C43E5
:104D40008D7A2D042543CC7A24062C439D686C4033
:104D50001025AC469C44654605950D7BDB682E43CB
:104D60008D7B2D043543CE7B36062E435E40431E9D
:104D70000493002B00DC0BE2FD4B07909A46FD4BA1
:104D800058469946FC4B059F9846FC4B02901900EB
:104D9000FF238C4601921800029A019D1040524652
:104DA000800010584A46290E890051584246414019
:104DB00038684140300A184080001058624641402F
:104DC000200C1840800010585246414018002840DE
:104DD000800010584A460391210E89005158029ACA
:104DE000414078684140100A4246184080001058FF
:104DF00062464140300C18408000105852464140F5
:104E000018002040800083465D465559300EAB4661
:104E10004D46800028585D466840BD681E40684089
:104E2000019DB6002D0A2A001A409500AB46454662
:104E30005A46AD58029A6840150C2A001A4095004F
:104E4000AB4665465A46AD58029A6840150E524622
:104E500096594A46AD005559240A6E40FD681C40DB
:104E600075404646A400365964466E40019D2A0CA2
:104E700055461A409200A2580C0E5640039AA400C0
:104E80001A409200AA584D462D59444655403A6959
:104E90005540320A1A409200A25864465540020C0E
:104EA0001A409200A2581C005540029555460C40ED
:104EB000A4002C594D46020E9200AA584546624065
:104EC0007C696240039C240A1C40A4002C5965465E
:104ED0006240340C1C40A4002C5962401C00044069
:104EE000A500AB46019255465A46AD58340EAB4626
:104EF0004D46A4002C595D466C40BD691E406C4077
:104F00000D0A2A001A409500AB4645465A46AD5850
:104F1000039A6C40150C2A001A409500AB46654672
:104F20005A46AD58039AB600120E92009346524666
:104F30006C4096595D464A465259000A7240FE69D5
:104F4000184056404246800010586246090C1940ED
:104F500089005158049A4640013A4E400492203745
:104F6000002A00D017E7029B07989B4663460393ED
:104F7000059B02389C46400160442030019A059010
:104F8000FF23594655461940890069584D46100E71
:104F9000800028584546059F414038684140300A06
:104FA000184080002858039D4140200C1840800084
:104FB00028581D00414050461540AD00455948460F
:104FC00001910C91210E89004158584669407D6835
:104FD000370E6940050A40461D40AD00455903980B
:104FE0006940350C1D40AD004559504669401D00D3
:104FF0002540AD0045594846BF00C759404602917B
:105000000D9105996F408D681E406F40150A1D4037
:10501000AD00455958466F40050C1D400398AD0042
:10502000455958467D40070E5046B60086594846B9
:10503000BF00C7594046240A1C40A400120C045962
:105040007E400398CF681A40920082587E40744098
:1050500054400E950F944A4A0199A4460C001C40F6
:10506000175D059C029824691E006740040E604687
:10507000145D24066740040A02981C4006406046FE
:10508000145D965D240267402C0C1C40145D2404C2
:105090006740059C0897646966402C0E145D2406E1
:1050A00066400C0A1C40145D059924026640040CFD
:1050B0001C40145D8869240466401C002C40145D6B
:1050C000029944406046000E105C2D0A00064440E0
:1050D000080A01001940505C019900024440080C84
:1050E00001001940505C6146000419404440505C86
:1050F00005998446C869614641408C4601991D4026
:10510000090E515C099609068846614640460A9494
:10511000555D41402D024D40029908A8090C0B40F5
:10512000D25C0699120455403A0A4A703A0C8A70C9
:10513000320A4A71320C8A71220A4A72220C8A722D
:105140002A0A0F700E710C724A732B0E2A0C3F0E36
:10515000360E240ECF70CE71CC720D738A73CB7362
:1051600020210B95F1F7C6F9002011B00AE0C046E6
:10517000EC240020EC180020EC200020EC1C002087
:10518000EC280020F0BCBB46B246A946A046F0BDC4
:10519000044B9A46044B9946044B9846044B0393A0
:1051A000EEE6C046EC240020EC180020EC200020A5
:1051B000EC1C002010B50C0011001A00012C08D8BE
:1051C000002C03D1FFF78EFD002010BDFFF72CFB54
:1051D000FAE721204042F8E7F0B54E464546DE4664
:1051E0005746E0B585B080461E000F9C01294DD87A
:1051F000002A20D013074CD1002924D191460E9DBE
:10520000A944102229006846CDF78EFD220029000E
:105210004046FFF767FD0022A35CB15C4B40A354FE
:105220000132102AF8D1694630001035CDF77CFDE7
:1052300010344D45E5D1002005B0F0BCBB46B24668
:10524000A946A046F0BD0E9BA3469946B24617005C
:10525000914493444B46DC1B5B46DD1B50460022C9
:10526000AA46A35C815C4B40AB540132102AF8D1B2
:105270002A0029004046103FFFF7D6FA002FE9D157
:10528000102229003000CDF74FFDD4E72120404205
:10529000D2E722204042CFE7F0B5CE464746020093
:1052A00080B5060001004131C9B20700040047344F
:1052B000E4B2FF252F40131FDBB2994628408446F5
:1052C000342040426044804663463D20C01A434635
:1052D00018434B46000A834318001A235B429C463E
:1052E0004D33BC44DB1B67463B431B0A9C431923DD
:1052F0002E409E1B360AB14320430843C0B2110022
:105300002B2429400E0025333E3E5B1A33431B0AF3
:105310009C432043C0B22F2115402A003F233F3A2F
:105320005B1B13431B0A99430843C0B2C0BCB94678
:10533000B046F0BDF0B50300050001004039C9B228
:10534000FF24060025400200463AD2B2264037002C
:105350007A20613F801B3843000A2E0082435A2086
:10536000413E401B3043000A81430A43D0B21E0035
:10537000591DC9B2264032003925303AAD1B1543BC
:105380002D0AA9430843C0B21E0019001431C9B246
:10539000264032002B252B3AAD1B15432D0AA9437D
:1053A0000843C0B21A001133DBB2144021002F228F
:1053B0002F39121B0A43120A93431843013840B293
:1053C000F0BDC046F0B557464E464546DE46E0B510
:1053D00083B01F000C9B050089461400002B00D1F0
:1053E0007CE003210C98CCF7D9FD032106000C9832
:1053F000CCF7D4FD4B1E994180238919DB059942D6
:1054000000D37FE08A0001324A4500D97CE0002DBC
:1054100000D179E073009B460C9BB344022B6ED9FC
:105420000023B8462E009A460095019443461D7805
:105430005C789B78A808994603239C46E044FFF7D4
:105440002BFF30232D0130701D4020112818FFF74D
:1054500023FF3C23A4001C404B4670709811201879
:10546000FFF71AFF3F23B07048461840FFF714FFBC
:10547000032294465346E244F0700436D345D5D80F
:105480000C993200009D019C51450BD80023551BFF
:1054900025601370002003B0F0BCBB46B246A9469D
:1054A000A046F0BD4746043330213A7890081201F7
:1054B00011400C9A88469A4212D8FFF7EDFE3070E0
:1054C0004046FFF7E9FE70703D203D23F370002356
:1054D000321D551BB07025601370DBE71360D9E7F0
:1054E0007F78FFF7D9FE307038114044FFF7D4FEC3
:1054F00070703C20BF003840FFF7CEFEE5E72E007D
:105500000123D1E7012252422A2022604042C2E711
:10551000F0B557464E464546DE46E0B583B00C9C96
:105520008A4691461D000190002C00D1A7E000237F
:105530000027984600260022B44204D806E001362F
:105540000122B44220D0AB5D202BF8D0B4421BD056
:10555000A85DA31B012B02D00D2800D171E00A2801
:105560000ED0002A64D143B2002B61DB3D2859D014
:105570004346002B5CD1FFF7DDFE002858DB0137E6
:105580000136B442D7D8340043460322FB1A1340F5
:10559000012B4DD03A424BD14246BF087B00DB196C
:1055A0009B1A4A46136004D0019A002A6AD05345D8
:1055B00068D8374B00269B46012300229A46019F5C
:1055C0002C1914E03D2821D093019846FFF7B2FE34
:1055D000424601360243042E06D10026130C3B70CE
:1055E000130A7B70BA7003370135A5420ED02878B4
:1055F00003000A3BDBB2162BE4D8594619410B00D5
:1056000051461942E0D10135A542F0D1032E2BD0ED
:10561000022E20D04B461A68019BFF1ABA4234D1A1
:10562000002007E001239C46E0444346022BA6D914
:105630002C20404203B0F0BCBB46B246A946A0466F
:10564000F0BD731CE95C0A2903D0002A00D18FE762
:10565000EEE71E0095E74B461203120C3A701A68EB
:10566000019B0137FF1AD9E79201130C3B704B469F
:10567000120A7A701A68019B0237FF1ACEE70020DF
:105680001460D7E72A204042D4E76E204042D1E799
:10569000F6FFBFFFF0B58BB0040004A816001D0094
:1056A0000F0001F0DDFE00230293119B2000019307
:1056B000109B2A00009304A9330002F067FB041E2C
:1056C00005D004A801F01AFF20000BB0F0BD04A81B
:1056D00001F0B2FF002805D1380004A9E7F7EAFB82
:1056E0000400EEE7004CECE780B0FFFF01207047BC
:1056F000F0B51E0085B017000A9B320004000D00B3
:1057000002F078FB00280AD123000A9A0290019245
:1057100039002A0020001C33009602F037FB05B048
:10572000F0BDC04610B582B0059C0194049C009465
:10573000FFF7B0FF02B010BD4078704710B5A4224B
:105740000021CDF7EBFA10BD002370B50400037003
:10575000061D01334170837030000D0001F08EFE94
:1057600020006430E7F79CFA20006C3001F078FEEE
:105770002000843001F074FE20009C30E7F790FA9E
:105780002900300002F066FD002800D170BD0148FC
:10579000FCE7C04680B1FFFF10B5041E05D083783A
:1057A000012B03D00023A370238010BD043001F02F
:1057B000B3FE20006430E7F779FA20006C3001F086
:1057C0009DFE2000843001F099FE20009C30E7F718
:1057D0006DFAE7E7F0B557464E464546DE46E0B57A
:1057E0001E00837804000F00150087B0012B43D101
:1057F00003789A46036C002B3ED0031D9846642321
:105800009946814449464046119B109A02F0F2FAAB
:10581000002806D007B0F0BCBB46B246A946A04659
:10582000F0BD6C239B462300119AA3440192109A69
:105830000290009259464A464046203302F0A6FAAA
:105840000028E7D133002A00404604A902F0C2F83C
:105850000028DFD1049B5246F61AED1859464046FF
:105860000196009505AB02F05FF80028D2D1049BA9
:10587000059A9B183B60CDE70048CBE780B0FFFF5F
:10588000F0B5CE46474680B583B016006B460A6831
:105890000400B21AD81D0D0002F064F8002804D0EC
:1058A00003B0C0BCB946B046F0BD6B46DB79271DDE
:1058B00098460123A370434620706370380001F0BE
:1058C000DDFD20006430E7F7EBF920006C3001F0DB
:1058D000C7FD84239946A144484601F0C1FD20003C
:1058E0009C30E7F7DDF94146380002F0B3FC0028B0
:1058F0000CD1A378012B07D12B682A004946380028
:10590000F31A01F0F9FFCBE70148C9E70148C7E7FF
:1059100080B0FFFF80B1FFFFF0B5C64604000D0068
:10592000160000B5012A41D843780F78002B18D013
:10593000BB423BD1A378012B38D12900200068312C
:10594000012E2FD06C3001F043FE002802D080BC25
:10595000B846F0BD2900200060316430E7F7AAFAAC
:10596000F5E7037001338370031D477018009846F4
:1059700001F084FD20006430E7F792F920006C30DC
:1059800001F06EFD2000843001F06AFD20009C30A3
:10599000E7F786F93900404602F05CFC0028C9D0E0
:1059A0000348D4E7843001F013FED0E70148CEE786
:1059B00080B1FFFF80B0FFFFF0B557464E46454629
:1059C000DE46E0B51F00837804000D00160085B0A8
:1059D000012B32D103789A46036C002B2DD0031D86
:1059E0009846642399468144494640460F9B0E9A47
:1059F00002F000FA002806D005B0F0BCBB46B24663
:105A0000A946A046F0BD6C239B4623000F9AA344F1
:105A100001920E9A0290009259464A46404620331F
:105A200002F0B4F90028E7D12B005246594640460F
:105A30000197009601F078FFDEE70148DCE7C046F9
:105A400080B0FFFF70B5837804000E00150082B0AF
:105A5000012B0FD10191210013000430843101AAE0
:105A600001F04AFF002803D1019B9B1BAB4201D1EF
:105A700002B070BD0048FBE780B0FFFFF0B54746BD
:105A8000CE4680B51E00837804000D00170083B059
:105A9000012B32D1031D9946036C002B2DD09C2382
:105AA00098460B9B020001930A9B804400930300DD
:105AB0004146484664338432FFF7ECFD002804D0A9
:105AC00003B0C0BCB946B046F0BD4046E7F7D0FAD7
:105AD000864212D30723226C48461340591E8B413D
:105AE000D2089B182B6001F0B1FC39002A6802280B
:105AF00005D04046E7F702FBE2E70348E0E740460F
:105B0000E7F7F2FADCE7C04680B0FFFFF8B5046CB7
:105B10000F00073405001100E4089C4200D91C0066
:105B200022003800E7F7C6FA061E10D1296CE400FF
:105B30008C4205D93800611AE7F70CFB00280FD119
:105B4000343529003800E7F74DFB002801DA300032
:105B5000F8BD2A0039003800E7F790FC0600F6E7A8
:105B60000600F4E701207047F0B557464E4645461B
:105B7000DE46E0B59946436B05000F00924691B0B2
:105B8000002B00D192E001214846E7F779FB00287D
:105B900000DA89E034239846A84441464846E7F7AE
:105BA00021FB002800DB7FE00AA801F059FC06A8D1
:105BB000E7F776F808A8E7F773F80B230593113396
:105BC0009B46AB440B261F9C28001D9B1C9A06A9D4
:105BD00002F010F900282DD11E9B0290009328009E
:105BE0005B46019406AA0AA902F0D0F8002821D148
:105BF000424638000AA9E8F717F900281AD100210F
:105C00003800E7F73DFB002816D1013E002EDBD11E
:105C1000274C0AA801F072FC06A8E7F747F808A885
:105C2000E7F744F8200011B0F0BCBB46B246A946E5
:105C3000A046F0BD0400ECE728001B9B1A9A08A9B7
:105C4000FFF764FF041EE4D14A4639005046E7F7E7
:105C500047FC041EDDD108A952460800E7F708FCFE
:105C6000041ED6D143465146002006AAE8F74AFE54
:105C7000041ECED15146504608AAE7F731FC041E57
:105C8000C7D1424651465046E8F7CEF8041EC0D16F
:105C900000215046E7F7F4FA0028BAD1059B013BF2
:105CA0000593002BB4D08DE7024CBBE7024CB9E75B
:105CB00000B3FFFF80B3FFFF80B0FFFF10B50024EB
:105CC00088B006940D9C05940C9C04940D9C039440
:105CD0000C9C02940B9C01940A9C0094FFF744FFD7
:105CE00008B010BDF0B5C646040000B592B00CA8CF
:105CF000884616001D0001F0B3FB04A8E6F7D0FFAC
:105D000006A8E6F7CDFF08A8E6F7CAFF0AA8E6F757
:105D1000C7FF606B002800D17CE001211898E7F7ED
:105D2000AFFA002807DB2700343739001898E7F767
:105D300059FA002814DB384E0CA801F0DFFB04A848
:105D4000E6F7B4FF06A8E6F7B1FF08A8E6F7AEFF4E
:105D50000AA8E6F7ABFF300012B080BCB846F0BD31
:105D600001211998E7F78CFA0028E4DB390019982B
:105D7000E7F738FA0028DEDA33004246200004A9AB
:105D8000FFF7C4FE061ED7D13B000020199A06A9D2
:105D9000E8F7B8FD061ECFD106AA04A908A8E7F7C0
:105DA0009FFB061EC8D108A93A000800E8F73CF896
:105DB000061EC1D1189906AA0AA8E7F791FB061E8C
:105DC000BAD10AA93A000800E8F72EF8061EB3D1A6
:105DD00023000AAA0290009220001C33019508AA11
:105DE0000CA901F05BFF061EA6D10CA801F024FC53
:105DF0000028A0D10CA93A000800E8F715F8061E03
:105E000000D099E718990CA8E7F7ECF9061E00D125
:105E100092E790E7014E9EE700B2FFFF80B0FFFFE0
:105E200010B5002484B00294079C0194069C009451
:105E3000FFF758FF04B010BDF0B5A9B0319F0400C2
:105E400015001E00002F57D00AA8E6F729FF0CA85E
:105E5000E6F726FF2300339A20000692329A603339
:105E60000592039204970297019600950CAA0AA93D
:105E7000FFF77AFE041E08D00AA8E6F717FF0CA861
:105E8000E6F714FF200029B0F0BD682200210EA81B
:105E9000CCF744FF28AB0CAA0EA909A80993E6F792
:105EA000DBFB051E22DB0AAA0EA909A8E6F7D4FB34
:105EB00000281DDB2D182A000EA909A8E6F750FBC3
:105EC000061E17DB30220EA909A8E6F7A1FB002861
:105ED0000EDB76192F9B8619B3420FD33200099936
:105EE0002E98CCF721FF309B1E60C5E70400C3E766
:105EF0000400C1E70400BFE7014CC3E7014CBBE766
:105F000080B0FFFF00B1FFFF10B5002486B00594FC
:105F10000C9C04940B9C03940A9C0294099C01948D
:105F2000089C0094FFF788FF06B010BDF0B58BB059
:105F30001700109A040006A89D180E000493E6F7B7
:105F4000AFFE08A8E6F7ACFE3023290005AA04A896
:105F5000E6F76EF800280BD1049B059A9B189D422A
:105F60002CD1290006AA04A8E6F7F2F800280AD0E6
:105F7000134BC41806A8E6F799FE08A8E6F796FEA4
:105F800020000BB0F0BD290008AA04A8E6F7E0F84D
:105F90000028EDD12300119A2000029208AA019254
:105FA00006AA009231003A006833FFF79BFE041EF8
:105FB000E0D1049BAB42DDD0024CDBE7024CD9E7D9
:105FC00080B0FFFF00B4FFFF1AB0FFFF10B5002440
:105FD00082B00194049C0094FFF7A8FF02B010BDAA
:105FE00070B582B0040016001D0002F033F90028DD
:105FF00008D1220021003300200068326031009572
:1060000001F04AFF02B070BD70B505000E0001F04E
:10601000F7FA041E06D0002D02D0280001F0C2FAC3
:10602000200070BD3100280060316030E6F742FF8B
:10603000041EF0D1310028006831683001F0C8FA40
:10604000041EEDD0E7E7C04610B501F041FA10BDDF
:1060500010B5002801D001F0A5FA10BD8B6C70B509
:1060600004000D00002B40D00422835E002B35DBA2
:106070002000E6F7F7FFEB6B5B00984233D8200077
:10608000AB6C9847061E25D104350CE0002120009A
:10609000E7F7F6F8002817D02A0021002000E7F7DC
:1060A000E7F9002818D10422A35E002BEEDB2900BB
:1060B0002000E7F797F800280CDB2A0021002000D9
:1060C000E7F744F9002807D129002000E7F78AF80C
:1060D0000028F2DA300070BD0600FBE70021E7F788
:1060E000CFF80028C4D0044EF4E70A1D0100E7F7FA
:1060F0009BFE0600EEE7C04680B0FFFF70B50C00C7
:106100000500110020001A00E7F7EAF9002803D182
:1061100029002000FFF7A2FF70BDC046F0B50C00BB
:1061200083B00500083468461700E6F7B9FD002182
:106130002000E7F7A5F8291D060022006846E7F7CA
:106140009DF9051E08D13200531E9A416946200070
:106150003A40E6F7E1FD05006846E6F7A7FD2800AE
:1061600003B0F0BDF0B557464E464546DE46E0B5B5
:1061700083B099460CAB1B780F009B465B069B0EC9
:10618000984608239A461600002501908A44434603
:106190005C1B63425C41E4B2220031003800E6F748
:1061A000BBFD002814D13100220050460831E6F72B
:1061B000B3FD00280CD10135EDB21836A945E6D162
:1061C0005B4639000198DA09FFF7A8FF002806D0DE
:1061D00003B0F0BCBB46B246A946A046F0BD3800AD
:1061E00001211030E6F7C0FEF2E7C04670B50C00A2
:1061F0000500110020001A00E7F740F9061E12D131
:1062000004350CE000212000E7F73AF800280AD016
:106210002A0021002000E7F72BF9002805D10422ED
:10622000A35E002BEEDB300070BD0600FBE7C0462E
:1062300070B50C00050001212000E6F769FF061E7D
:106240000ED1043506E02A0021002000E7F77EF891
:10625000002807D129002000E6F7C4FF0028F2DA61
:10626000300070BD0600FBE7F0B5C646C368070006
:106270000D00904600B5002B3DD0020008000C3206
:10628000E7F7F6F8041E32D13E1D06E03200290081
:106290002800E7F75BF8041E29D131002800E6F753
:1062A000A1FF0028F2DA424629002800E7F718F992
:1062B000041E1CD139002800FFF7D0FE041E16D1A1
:1062C0003A00290028001432E7F7D2F8041E0ED154
:1062D0003E1D06E0320029002800E7F737F80028C5
:1062E00023D131002800E6F77DFF0028F2DA2000F4
:1062F00080BCB846F0BD03220800E7F7DBF8041EB7
:10630000F5D13E1D0CE000212800E6F7B9FF00287A
:10631000C9D0320029002800E7F7AAF8041EE6D108
:106320000422AB5E002BEEDBBDE70400DFE7C046D6
:10633000F0B5C6460F0000B5103706000D00380056
:10634000002182B0E6F79CFF041E04D1200002B0B9
:1063500080BCB846F0BD6846E6F7A2FC3A00694644
:106360000020331DE8F7CEFA041E09D10823984611
:10637000A8446A4641464046E7F7B2F8041E03D0F7
:106380006846E6F793FCE1E731004046FFF766FE1A
:10639000041EF5D16A4669466846E7F7A1F8041E6F
:1063A000EED131006846FFF759FE041EE8D16A4677
:1063B00029002800E7F794F8041EE1D131002800F5
:1063C000FFF74CFE041EDBD16A4641464046E7F724
:1063D00087F8041ED4D131004046FFF73FFE041E6B
:1063E000CED101213800E6F7BFFD0400C8E7C04662
:1063F000F0B5DE464E4645465746E0B580468B46EC
:10640000914685B0012A4BD908211000F0F758F8C1
:106410008246002800D1E9E002A8E6F741FC4B469D
:10642000DB001E0054460193564420000834E6F772
:1064300037FCB442F9D15B46196850461031E6F793
:1064400039FD041E17D15B4655461F1D083509E06E
:1064500041462800FFF702FE041E0CD10835043720
:10646000B54222D029003A68280010320839E7F7EF
:1064700037F8041EECD002A8E6F718FC55462800B1
:106480000835E6F713FCB542F9D15046F0F720F88D
:10649000200005B0F0BCBB46B246A946A046F0BD00
:1064A0000968FFF745FF0400F2E742460199131D12
:1064B000083951440A000020E8F724FA041EDAD112
:1064C0004F46019B013F103BBD00534499465D443C
:1064D00054E041465846FFF7C1FD041ECBD102AA45
:1064E00011001000E6F7FCFF041EC4D1414602A8CB
:1064F000FFF7B4FD041EBED12B6802AA19001800D4
:106500009B46E6F7EDFF041EB5D141465846FFF71E
:10651000A5FD041EAFD1082293462B6802AA9B4416
:1065200059465846E6F7DCFF041EA4D141465846BA
:10653000FFF794FD041E9ED1434628685989E6F76B
:106540007FFC041E00D096E743462868598908302E
:10655000E6F776FC041E00D08DE728680121103094
:10656000E6F702FD041E00D085E708235B429C4647
:10657000043DE144002F00D17DE7013F002F2ED0E4
:1065800008234B444A46190002A89B46E6F7A8FF99
:10659000041E00D06FE7414602A8FFF75FFD041E0E
:1065A00000D068E72A68594648461032E6F798FF57
:1065B000041E00D05FE741464846FFF74FFD041E2A
:1065C00000D058E7082293462B6802AA9B445946FC
:1065D0005846E6F785FF041E00D04CE779E75146A0
:1065E00002A8E6F767FC041EECD044E7004C4FE736
:1065F00080B2FFFFF0B51C00082357464E46DE462A
:1066000045469946E0B5C36807008A46160083B040
:10661000A144002B4CD011004846E6F761FF00284A
:1066200006D003B0F0BCBB46B246A946A046F0BDBA
:1066300039004846FFF712FD0028F2D103224946EF
:106640002000E6F7EBFF0028EBD13D1D06E02A0015
:1066500021002000E6F77AFE0028E2D12900200080
:10666000E6F7C0FD0028F2DA0C239B46BB4400216C
:106670005846E6F705FE002800D042E11023984670
:10668000A04408239B46B3445A4659464046E6F781
:1066900027FF0028C5D139004046FFF7DFFC00285E
:1066A000BFD101214046E6F733FD00283BD0B8E7D3
:1066B000110010310A004846E6F712FF0028B0D159
:1066C00039004846FFF7CAFC0028AAD11023984693
:1066D000A0444A4631004046E6F7CAFE0028A0D151
:1066E0003D1D06E02A0041464046E6F72FFE002801
:1066F00097D129004046E6F775FD0028F2DA182305
:106700009B46A3444A4631005846E6F7B7FE0028A8
:1067100000D1CCE085E72A0041464046E6F716FE68
:10672000002800D07DE729004046E6F75BFD002801
:10673000F1DA424631004846E6F7D2FE002800D0A2
:106740006FE739004846FFF789FC002800D068E76A
:1067500001214846E6F7DCFC002808D061E72A0062
:1067600049464846E6F7F2FD002800D059E72900DF
:106770004846E6F737FD0028F1DA18239C46A44482
:1067800063464246414618000193E6F7A9FE0028F9
:1067900000D046E739000198FFF760FC002800D0E0
:1067A0003FE701210198E6F7B3FC002808D038E75D
:1067B00001992A000800E6F7C9FD002800D030E75B
:1067C00029000198E6F70EFD0028F1DA22002100E9
:1067D0004046E6F785FE002800D022E73900404613
:1067E000FFF73CFC002800D01BE74B4642464146E1
:1067F0003800FFF7FBFC002800D012E74B4642466A
:1068000041463800FFF7F2FC002800D009E7434674
:106810004A4649463800FFF7E9FC002800D000E767
:1068200023004A4649463800FFF768FC002800D09C
:10683000F7E6019C4A46230049463800FFF7D6FC9C
:10684000002800D0EDE6103633005A46210038000B
:10685000FFF754FC002800D0E3E621003800FFF7E2
:10686000E7FC002800D0DCE641465046E6F722FB74
:10687000002800D0D5E6504649460830E6F71AFB16
:10688000002800D0CDE6504621001030E6F712FB7C
:10689000C7E600215846E6F7F3FC00280BD02A0093
:1068A00059465846E6F7E4FD002800D0B9E61C2218
:1068B000A35E002BEDDB5A4641464846E6F710FE44
:1068C000002800D0ADE639004846FFF7C7FB002896
:1068D00000D0A6E6032249462000E6F79FFE0028E6
:1068E00000D09EE629002000E6F77CFC002800DAB4
:1068F000C7E62A0021002000E6F728FD0028F1D095
:106900008FE6310010310A004846E6F7E9FD00281D
:1069100000D086E639004846FFF7A0FB002800D0EB
:106920007FE610239846A0444A4649464046E6F78B
:10693000D7FD002800D074E639004046FFF78EFBF3
:10694000002800D06DE65A4641464846E6F7C8FDA5
:10695000002800D065E639004846FFF77FFB002895
:1069600000D05EE64A4621002000E6F781FD0028BF
:1069700000D056E629002000E6F734FC002800DAB3
:106980007FE62A0021002000E6F7E0FC0028F1D095
:1069900047E6C046F0B54E464546DE465746E0B5AA
:1069A0001E000823984608339946336983B00C00CB
:1069B0001500009088448944002B00D1D4E01700D2
:1069C000103700213800E6F75BFC002843D0102385
:1069D0009A46B24400215046E6F752FC002828D0DF
:1069E00001215046E6F74CFC002800D0BCE03A00FC
:1069F00039000C98E6F774FD002813D1009B0C9821
:106A000019009B46FFF72AFB00280BD10822944669
:106A10000C9B3A00634418000C999A46E6F760FD17
:106A200000282BD003B0F0BCBB46B246A946A04616
:106A3000F0BD29002000E6F73DFA0028F2D1290038
:106A400040460831E6F736FA0028EBD139004846CF
:106A5000E6F730FAE6E731002000E6F72BFA0028E7
:106A6000E0D1310040460831E6F724FA0028D9D1B8
:106A7000310048461031E6F71DFAD3E75946504633
:106A8000FFF7ECFA0028CDD10C9932000800E6F7A8
:106A900027FD0028C6D159460C98FFF7DFFA0028D9
:106AA000C0D13200514650460832E6F719FD0028A1
:106AB000B8D159465046FFF7D1FA0028B2D10C9907
:106AC0002A000800E6F7DAFC0028ABD15B46043365
:106AD0009B460CE000210C98E6F7D2FB00280BD077
:106AE0000C995A460800E6F7C3FC00289AD10C9B83
:106AF00004229B5E002BEDDB08239C46AC446346DE
:106B000051461A0050460193E6F7B8FC002800D021
:106B100088E7009B04339B460DE000215046E6F7D2
:106B2000AFFB00280CD05A4651465046E6F7A0FC71
:106B3000002800D076E70C9B0C229B5E002BECDB40
:106B400000210C98E6F79CFB00280FD1002150464D
:106B5000E6F796FB002800D08BE02A0021000C9B72
:106B60000098FFF747FD5DE74B485BE73900484673
:106B70000C9AE6F7B5FC002800D053E7009E484683
:106B80003100FFF76BFA002800D04BE70C9F0C9AFE
:106B9000103711003800E6F7A3FC002800D041E7C9
:106BA00031003800FFF75AFA002800D03AE71822DF
:106BB00094460C9B3A0063449946300049460C9B2E
:106BC000FFF79CFA002800D02CE72B003A00390090
:106BD0003000FFF793FA002800D023E739000C9823
:106BE000E6F768F9002800D01CE730000C99FFF7A1
:106BF0001FFB002800D015E7534652462100300005
:106C0000FFF77CFA002800D00CE7220021003000BA
:106C10000C9BFFF7EBFA002800D003E74B4622005D
:106C200021003000FFF7E2FA002800D0FAE6230046
:106C30003A0039003000FFF7D9FA002800D0F1E619
:106C400053463A0039003000FFF758FA002800D0C8
:106C5000E8E64A4649463000019BFFF74FFA002814
:106C600000D0DFE64B463A0041463000FFF7BEFA5F
:106C7000D8E601212000E6F777F9002800D0D1E618
:106C800001214046E6F770F9002800D0CAE601006D
:106C90004846E6F769F9C5E680B0FFFFF0B545461E
:106CA0005746DE464E46E0B51D000823CFB0984655
:106CB00004910100A8440700243140460592E6F7FC
:106CC00091FA002800D1C0E03B6C042B00D8F9E019
:106CD00003339B0802930423079304339A460693D5
:106CE000053B99460023089318210698EFF7E8FB27
:106CF0008346002800D189E02B0006005546002479
:106D00009A463000E5F7CCFF30000830E5F7C8FFC1
:106D1000300001341030E4B2E5F7C2FF1836AC425F
:106D2000EFD15346AA461D0015AB1C2200211800C6
:106D30001DAE03933400CBF7F1FF2000E5F7B0FF61
:106D4000083425AB9C42F8D129005846E6F7B2F842
:106D5000041E07D1584641460830E6F7ABF8041E3A
:106D600000D1BBE03000E5F7A1FF083625AB9E421D
:106D7000F8D1002C27D1089B002B00D09DE03E00CD
:106D80000FA8E5F78DFF039B343618009846E5F70A
:106D900087FF00213000E6F719F9012800D0FCE256
:106DA000059C00212000E6F711F90FAB210005003A
:106DB0001800E6F77FF8041E38D04046E5F776FF66
:106DC0000FA8E5F773FFBB6D9B4520D05E460025FD
:106DD00057463000E5F76AFF30000830E5F766FFF8
:106DE000300001351030EDB2E5F760FF1836BD42D6
:106DF000EFD15846EFF76CFB002C08D120004FB0C4
:106E0000F0BCBB46B246A946A046F0BDB84C049DB6
:106E1000002DF3D02800E5F749FF28000830E5F7FA
:106E200045FF28001030E5F741FFE7E73100039EFA
:106E3000059A3000E6F722FB041E2AD03000E5F761
:106E400035FF0FA8E5F732FFBDE7390028001C31F8
:106E5000E6F7C8F93B6C002800D036E7BA6D9346D8
:106E6000C0225200934200D29CE05A46002A00D130
:106E700030E1FA6D002A00D08AE0581D0621CBF7D8
:106E80008DF8062307931A339A4615AB02900393A5
:106E900075E76B425D41EBB2039D1A0029000FA814
:106EA0000593E5F739FF041E00D123E12800E5F73B
:106EB000FDFE0FA8E5F7FAFE85E75B46BB65069B7E
:106EC000FB655CE701335B08029302239A46079354
:106ED0000693013B99460023089305E710202900FB
:106EE000584410310A90E5F7E5FF041E00D039E759
:106EF0004A46029B5A4300239946002A75D0330024
:106F000090464E46B9465F469B461AE0210028004F
:106F100008310830E5F7CEFF00282CD121002800E9
:106F200010311030E5F7C6FF002824D15B462A0057
:106F300029004846FFF75EFB00281CD10136464574
:106F400050D030000299CBF729F80123FF2283406B
:106F50001A405500AD18ED007D190029E6D1DBB2CD
:106F60005B085C00E418E4003C1921002800E5F708
:106F7000A1FF0028CAD05E4604003000E5F796FE67
:106F8000083625ABBB464F469E4200D0EAE6F0E607
:106F900003339B0802930423079304339A4615ABEB
:106FA0000393ECE65A46002A00D190E0FA6D002ADD
:106FB0000AD0042BECD801335B08029302239A46D3
:106FC000079315AB0393DAE6052BF4D9181D0521B9
:106FD000CAF7E4FF052307930B339A4615AB0290DB
:106FE0000393CCE65E46BB464F460398002201233E
:106FF0005C46844655465900CB18DB00E31808C0B0
:10700000CBB20132AB42F6D338000399AA466546AB
:10701000FFF7EEF9A346041E00D0A3E601231822D1
:107020000B951D00534652425A44DA46B0469146EB
:107030009B466B0009935B19DE001B01183B534410
:107040001C0056440FE043466A005219D20021004A
:107050000093380033004A44FFF79CFC013D183C84
:10706000002800D07EE1002DEDD16B4624229B1834
:107070001D785D45DDD35B46D34606999A468C461E
:107080005B4646464A006244D2000B9D18335A4480
:1070900008C518339342FBD1069B380003995A1E4A
:1070A000FFF7A6F9041E00D05CE60A9BB146002556
:1070B0001C005646804601352000EDB2E5F7F6FD8E
:1070C0001834B542F7D1B24644464E464AE6042B40
:1070D00000D855E103339B0802930423079304333C
:1070E0009A460693053B9946023B0893FCE5C04649
:1070F00080B2FFFF029C1DAE00213000621CCBF766
:107100000DFE002C45D00022079B91465A4698461A
:10711000BB4627000692089609964D460024290092
:107120000FA8E5F753FF0300A3403078013418435C
:107130003070ED194445F2D101239C46E1440136FB
:10714000B945EAD10122069B5F469B46029B099EF8
:10715000984694463200B044347800234646B946F7
:107160009046089D6878624607005F40BA435142E6
:10717000214018400B003B40034320003C00D2015B
:107180004C4010436C7028700135AE42EAD14F4636
:107190004646039C2000E5F789FD0FAB1800E5F794
:1071A00085FD0FAB1800E5F77BFD11AB1800E5F787
:1071B00077FD13AB1800E5F773FD20000834E5F701
:1071C0006FFDB442F9D1029B5A46F35C380000933C
:1071D00004995346FEF7C6FF041E18D1589B002B96
:1071E00000D18EE00DA8E5F75BFD599B02210093CD
:1071F0003A1D589B0DA8E7F761FD051E2CD00DA880
:10720000E5F754FD2B002C000E3300D1C3E00FA88E
:10721000E5F74CFD11A8E5F749FD13A8E5F746FD94
:10722000039D28000835E5F741FDB542F9D1002C52
:1072300000D0C8E53800059A0499FEF76FFF041ED8
:1072400000D0C0E538000499FFF772F8BB6D040068
:107250009B4500D0BAE5CFE510229446049B0DAAC9
:107260006344190018009846E6F73AF9051E00D065
:107270007EE039004046FEF7F1FE051E78D1082277
:107280009446049B0DAA6344190018009846E6F73B
:1072900027F9051E6CD139004046FEF7DFFE051EBA
:1072A00066D10DAA11001000E6F71AF9051E5FD18C
:1072B00039000DA8FEF7D2FE051E59D1049B0DAA78
:1072C000190018009946E6F70BF9051E50D1390050
:1072D0004846FEF7C3FE051E4AD1414640460DAA68
:1072E000E6F7FEF8051E43D139004046FEF7B6FE2C
:1072F00005000DA8E5F7DAFC2B000E334BD0002D6E
:107300003CD10AAA4B239446029D6344013DB146F9
:10731000751902949846049C039E1BE033002200DA
:1073200021003800FFF766F9002818D12B785A465B
:107330000093380053460FA9FEF714FF00280ED122
:1073400022002100380000960FABFFF723FB013D20
:10735000002804D14545E1D14E46029C57E74E46F0
:10736000040054E75B460400D34646469A46F9E4D7
:107370000DA8E5F79BFC2B000E330CD02C0046E744
:1073800001335B08029302239A4607930693013B5D
:1073900099460893A8E4024C39E7024C13E5C0462D
:1073A00000B3FFFF80B0FFFF00487047B016061023
:1073B000094810B50368002B0CD104220749C41CEE
:1073C00001330C31E2540A78002AF9D1C3181A713A
:1073D00001230360043010BDEC3A0020B016061003
:1073E00002000423054803E0037B0C30002B02D08D
:1073F0009A42F9D170470020FCE7C046B01606104B
:107400000200064803E0037B0C30002B03D04388C6
:107410009342F8D170470020FCE7C046B016061032
:1074200070B5051E0DD0084C03E0237B0C34002BF7
:1074300007D02900A06801F021FE0028F5D1200026
:1074400070BD0024FBE7C046B0160610C369002BD0
:1074500004D0406A43425841013070470020FCE7A5
:1074600010B50400E5F71CFC20000830E5F718FC17
:1074700020001030E5F714FC10BDC04670B50025A3
:10748000040005700430E5F70BFC20000C30E5F734
:1074900007FC20001430E5F703FC20001C30E5F762
:1074A000FFFB20002430E5F7FBFB20002C30E5F744
:1074B000F7FB20003430E5F7F3FBE56325646564F2
:1074C000A564E56425656565A565E56570BDC0468F
:1074D00010B50400FFF7D2FF20006030E5F7E0FBB5
:1074E00020006830E5F7DCFB20007030E5F7D8FBC2
:1074F00020007830E5F7D4FB10BDC04610B5041E5F
:1075000009D0E5F7D3FB20000830E5F7CFFB2000DA
:107510001030E5F7CBFB10BD70B5061E25D0436CCF
:10752000012B23D1B06D00281BD0F36D002B18D098
:1075300000256C006419E4000419002C0CD0200014
:10754000E5F7B4FB20000830E5F7B0FB2000103071
:10755000E5F7ACFBB06DF36D0135AB42E9D8EEF762
:10756000B7FF60213000EEF7C5FF70BD0C30E5F7C6
:107570009DFB30001430E5F799FB30001C30E5F737
:1075800095FB30002430E5F791FB30002C30E5F717
:107590008DFB30003430E5F789FB301DE5F786FBC5
:1075A000C0E7C04610B5041E11D0FFF7B5FF20009C
:1075B0006030E5F77BFB20006830E5F777FB2000C3
:1075C0007030E5F773FB20007830E5F76FFB10BDF6
:1075D00070B504000D00E5F76DFC002800D070BD0B
:1075E0002900200008310830E5F764FC0028F6D1B6
:1075F0002900200010311030E5F75CFCEFE7C046B1
:1076000010B5097800F026FE10BDC04610B5012166
:107610000400E5F7A9FC002800D010BD20000121DE
:107620000830E5F7A1FC0028F7D120000021103038
:10763000E5F79AFCF1E7C04610B500211030E5F7F8
:107640001FFE4342584110BD70B504000D00E5F720
:10765000C9FD002810D12900200008310830E5F7C5
:10766000C1FD002808D12900200010311030E5F7B5
:10767000B9FD002800D170BD0048FCE780B0FFFFD5
:1076800070B504000D001E00E6F70EF8002800D0CB
:1076900070BD2000320029000830E6F705F8002808
:1076A000F6D1200001211030E5F75EFCF0E7C0467E
:1076B000F0B5C64604000D001600984600B5012A34
:1076C0004DD80430E5F7D4FCE3690700002B30D037
:1076D000636A002B2DD0280000211030E5F7D0FD83
:1076E00000280AD1079B002B3BD0069B424618700E
:1076F0000123136080BCB846F0BD002E1BD142466A
:107700007B0001331360079A93422AD80423069A18
:1077100028001370511C3A00E5F7F0FC0028E9D16D
:107720002800069A7B1CD11808303A00E5F7E6FCE1
:10773000E0E70D48DEE742467B1C1360079A934260
:107740000FD8280000210830E5F740FC069B0230E6
:1077500018703A002800591CE5F7D0FCCAE7034826
:10776000C8E70348C6E7C04680B1FFFF80B0FFFF0F
:1077700000B1FFFFF0B5454657464E46DE46E0B540
:10778000904605000F001E0087B0002B00D16CE072
:10779000031D18009A46E5F76BFCEB698146002B48
:1077A00053D06B6A002B50D043461B78002B0FD16F
:1077B000012E5AD101213800E5F7D6FB041E46D030
:1077C000200007B0F0BCBB46B246A946A046F0BDBB
:1077D00001234B449B46B34247D843460200591C01
:1077E0003800E5F767FC041EEAD1380001211030AB
:1077F000E5F7BAFB041EE3D143461B780393042B41
:1078000067D0039B023B012B2FD8B3452DD1082312
:10781000984600215046B844E5F7D8FB012814D11A
:1078200001215046E5F7D2FB060001280DD104A83E
:10783000E5F736FA3A0039004046E5F751FE041EF6
:1078400015D004A8E5F732FABAE7294CB8E73800B2
:1078500001210830E5F788FB041EB1D13800002172
:107860001030E5F781FB0400AAE7224CA8E72900C5
:107870004046FEF7F3FB041EE3D13A0041462800E0
:10788000FEF7F2FC041EDCD10122514604A8E5F704
:10789000FBFD041ED5D1022104A8E5F75BFC041E04
:1078A000CFD1009053464146404604AAE7F714F86A
:1078B000041EC6D100214046E5F788FB039B1E400D
:1078C0008642BED0424651464046E5F7D7FD040009
:1078D000B7E74B465B000133B342C6D1414638009F
:1078E0004A4659440830E5F7E5FB040068E7C0461E
:1078F00080B1FFFF80B0FFFF70B515001C00012BA9
:107900000DD913685A1C2A601B78002B07D0013C44
:10791000A34204D8D4182C60FFF72CFF70BD014897
:10792000FCE7C04680B0FFFF10B51C0082B0012A02
:1079300014D8059B002B11D0013B0193049B01330C
:1079400000932300FFF7B4FE002805D12368049AB2
:10795000137023680133236002B010BD0048FBE7B9
:1079600080B0FFFF10B5022A1CD90B685A1C0A60B0
:107970001C78032C16D19A785C78120222430333C8
:1079800052BA0B6092B2084B03E0197B0C3300290A
:1079900006D059889142F8D11B780370002010BDA1
:1079A0000248FCE70248FAE7B016061080B1FFFF74
:1079B00080B0FFFF10B582B06B460400D81DFFF702
:1079C000D1FF002804D16B462000D97900F042FC99
:1079D00002B010BD30B5057804240C4803E0047BE8
:1079E0000C30002C0ED0A542F9D103240C60022BE0
:1079F0000AD91470438800205BBA99B2090A5370FF
:107A0000917030BD0248FCE70248FAE7B016061054
:107A100080B0FFFF00B1FFFFF0B5060008000D00C9
:107A200085B001211030E5F72BFC00285AD1F3690D
:107A3000002B55D0736A002B52D000212800E5F7A7
:107A40001FFC00284EDB2C00083400212000E5F745
:107A500017FC002846DB371D39002800E5F7C2FB7C
:107A600000283FDA39002000E5F7BCFB002839DAAE
:107A70006846E5F715F902A8E5F712F9220021009A
:107A80006846E5F72DFD041E08D06846E5F70EF9B7
:107A900002A8E5F70BF9200005B0F0BD31006846FB
:107AA000FEF7DCFA041EF0D12A00290002A8E5F74F
:107AB00017FD041EE9D1310002A8FEF7CFFA041E1B
:107AC000E3D12A00300002A9FEF7CEFB041EDCD170
:107AD000684602A9E5F786FB041ED6D0024CD4E71F
:107AE000024CD8E7004CD6E780B3FFFF80B0FFFF21
:107AF000F0B51500C26904000F001E0083B0002A13
:107B000027D0436A002B24D001212800E5F7B8FBD9
:107B1000002820DB210028003431E5F763FB002832
:107B200019DA31002000FFF777FF00280FD1E36951
:107B3000002B0ED0636A002B0BD0099B2A00019307
:107B4000089B3900009320003300FFF7A7F803B02B
:107B5000F0BD0248FBE70248F9E7C04680B0FFFFEE
:107B600080B3FFFFF0B5C646140000B584B007002F
:107B700002A80D001E00E5F793F800212000E5F7AC
:107B80007FFB00280DD131003800FFF745FF041EB0
:107B900063D002A8E5F78AF8200004B080BCB8469C
:107BA000F0BD01212000E5F76BFB00281BD131005F
:107BB0003800FFF731FF041EEBD131002800E5F754
:107BC00079F9041EE5D13100280008310830E5F7C5
:107BD00071F9041EDDD13100280010311030E5F7B5
:107BE00069F90400D5E7012120004942E5F748FB87
:107BF000002848D131003800FFF70EFF041EC8D11D
:107C000031002800E5F756F9041EC2D10823984632
:107C10003100A84440460831E5F74CF9041EB8D1BC
:107C20003100280010311030E5F744F9041EB0D1BE
:107C300000214046E5F724FB42460500391D02A815
:107C4000E5F71CFC041EA4D16B1E9D414046EAB220
:107C500002A9E5F761F804009BE701212800E5F798
:107C600083F9041E00D094E7280001210830E5F7CD
:107C70007BF9041E00D08CE7280000211030E5F7C6
:107C800073F9040085E70023220001930093290083
:107C900033003800FFF72CFF04007AE7F0B5C64642
:107CA00000B51D00C36906000F00904690B0002B80
:107CB00049D0436A002B46D002A8E4F7F1FF04A89C
:107CC000E4F7EEFF06A8E4F7EBFF08AC2000E4F7CA
:107CD000E7FF083410AB9C42F8D12B00424630003D
:107CE00002A9FFF73FFF051E15D008AC2000E4F7FE
:107CF000DDFF083410AB9C42F8D102A8E4F7D6FFB0
:107D000004A8E4F7D3FF06A8E4F7D0FF280010B0DA
:107D100080BCB846F0BD39003000179B169AFFF7BB
:107D200021FF051EE1D108AB009339003B00300074
:107D300002AAFEF72FFE051ED7D139003000FEF74C
:107D4000F7FA0500D1E7014DE0E7C04680B1FFFF3B
:107D500010B5002484B00294079C0194069C009402
:107D6000FFF79CFF04B010BD10B582B0049C002C3E
:107D700007D0059C0194049C0094FFF7B9FE02B063
:107D800010BD0148FBE7C04680B0FFFF10B582B0D0
:107D9000049C002C07D0059C0194049C0094FFF7E0
:107DA000A7FE02B010BD0148FBE7C04680B0FFFF50
:107DB000C36970B504000D00002B12D0436A002B7C
:107DC0000FD001212800E5F75BFA00280BDB21002A
:107DD00028003431E5F706FA03000020002B02DA10
:107DE00070BD0248FCE70248FAE7C04680B0FFFFDA
:107DF00080B3FFFF10B5040008001100E26982B0F3
:107E0000002A0ED0626A002A0BD02200009334327E
:107E10000B000121E6F752FF03000E3303D002B03E
:107E200010BD0248FBE70248F9E7C04680B0FFFFFB
:107E300000B3FFFFF0B51500C26904000E001F007B
:107E400083B0002A1FD0436A002B1CD00200099B7C
:107E5000012100932800089B3432E6F72FFF03002E
:107E60000E3312D000280CD1089B002B0BD0099B9D
:107E70002A000193089B3900009320003300FFF78C
:107E800037FE03B0F0BD0248FBE70248F9E7C04601
:107E900080B0FFFF00B3FFFFF0B51D00C369040011
:107EA0000E00170083B0002B1ED0436A002B1BD09E
:107EB0000200089B0121009330002B003432E6F7CA
:107EC000FDFE03000E3311D000280BD1002D0BD086
:107ED0002300089A39000192200032001C330095DB
:107EE000FFF706FE03B0F0BD0148FBE70148F9E7E4
:107EF00080B0FFFF00B3FFFF70B50C0082B001003F
:107F0000200016001D0000F0A5F900280AD123006A
:107F1000220021002000683360321C310195009658
:107F2000FFF788FF02B070BD0B7870B50C0015002C
:107F3000002B18D083421DD1200029006830E4F7BF
:107F4000B9FF002800D070BD290020000831703032
:107F5000E4F7B0FF0028F6D1290020001031783076
:107F6000E4F7A8FFEFE70100200000F073F9002814
:107F7000E2D0E8E70048E6E780B0FFFFF0B5C6468C
:107F80000D0000B50100280016001F0000F062F986
:107F9000041E22D1EB69002B23D06B6A002B20D06A
:107FA00060239846A8443A0031004046E5F782F83D
:107FB000041E1AD1EB69002B1BD06B6A002B18D062
:107FC00001214046E5F75CF9002814DB2900404612
:107FD0003431E5F707F900280DDA200080BCB846F7
:107FE000F0BD60239846054CA8444046E4F75EFE89
:107FF000F3E7034CF9E7034CF7E7C04680B1FFFF16
:1080000080B0FFFF80B3FFFFC36910B5002B06D01F
:10801000436A002B03D06030E5F770F810BD6E2086
:108020004042FBE720B50D001100026C0732D20878
:108030009A4211D866232A60C35A002B10D0C36914
:10804000002B06D0436A002B03D06030E5F756F8CA
:1080500020BD6E204042FBE7002302482B60F7E77B
:108060000148F5E700B1FFFF80B0FFFF30B50C001D
:10807000010083B0069D0093683113000195220032
:10808000FFF716FB03B030BDF0B545465746DE4658
:108090004E46E0B59846037805000C001700A1B0E5
:1080A000002B00D18AE00A789A4200D086E068234B
:1080B0009946894449466830E5F794F8002800D08D
:1080C0007CE070239A462800A24451467030E5F7C0
:1080D00089F8002800D071E078239B462800A3444B
:1080E00059467830E5F77EF8051E67D102A8E4F717
:1080F000D7FD04A8E4F7D4FD06A808AEE4F7D0FD48
:1081000009A83570E4F7CCFD0BA8E4F7C9FD0DA86C
:10811000E4F7C6FD0FA8E4F7C3FD11A8E4F7C0FD1E
:1081200013A8E4F7BDFD15A8E4F7BAFD002200236B
:10813000300021781A921B93F563356475643565B8
:108140007565B565F56500F085F82200230060329D
:108150001C33002F28D0414630000191009702A91E
:10816000FFF7C6FC041E13D002A8E4F79FFD04A885
:10817000E4F79CFD06A8E4F799FD3000FFF7CCF981
:10818000200021B0F0BCBB46B246A946A046F0BDD7
:10819000494602A8E5F726F8002805D1514604A86B
:1081A000E5F720F8002801D0054CDDE7594606A880
:1081B000E5F718F8041ED7D0014CD5E7004CDFE7EF
:1081C00080B0FFFF30B503000C0015000100020075
:1081D00083B0683160321C33002C05D001950094C7
:1081E000FFF786FC03B030BD0048FBE780B0FFFF1F
:1081F0000078704770B50400160008001D000029C3
:1082000004D0217800F026F8002812D1002E06D0E4
:10821000210030006031E4F74DFE002809D1002034
:10822000002D06D0210028006831E4F743FE002825
:1082300000D070BD2100280070310830E4F73AFE0C
:108240000028F6D12100280078311030E4F732FE02
:10825000EFE7C04670B504000D00FFF75DF92000A0
:10826000FFF70CF92570032D2FD0042D03D0002328
:108270002948237028E0294B29491A0024326260DA
:108280001A0054326261274A2033101D60631000C7
:1082900064326262244A3430E362A160A161A16366
:1082A0002162E061A1622263201DE4F7DBFEE0634E
:1082B00020003430E4F7D6FE012363641B4B2064B6
:1082C000A3650023E365002070BD194B194A19000E
:1082D00020316161190063606033E3610F4BA2607C
:1082E000A261A2632262A2620F4A4031636220331C
:1082F000E36261632263201DE4F7B4FEE0632000C3
:108300003430E4F7AFFE012363640B4B2064A365B4
:108310000023E365D7E7C04680B1FFFF541706107E
:1083200001000C00D41706100100010068180610A7
:10833000D41606100100080068270610030010B5C7
:108340000A0003490868190000F004F810BDC0468F
:10835000780B002070B50B0C0024150C002B28D1D5
:10836000002D3CD18BB291B2594300F051F8051E5B
:1083700033D00300083B5A6803239A43043A242A63
:1083800012D80300132A0AD90460446008331B2A58
:1083900005D98460C460242A2AD003001033002247
:1083A0001A605A609A6002E00021CAF7B7FC280000
:1083B00070BD002D16D1151C89B292B24A43ADB2E0
:1083C0009BB26B43110C5B18190C0BD1190492B2C0
:1083D000114300F01DF8051ECBD10025E7E72B1C4B
:1083E0000D1CE9E700F032FE0C2300250360DEE7F8
:1083F0000300046118334461D1E7C04610B5034B54
:108400000100186800F006FF10BDC046780B002080
:10841000F0B54E464546DE465746E0B50D000B35F5
:10842000060085B0162D21D8102900D9D4E000F01F
:10843000D5FA102518230221CA4FFB181A005C68D0
:10844000083A944200D186E103226368A16893430D
:10845000E268CA6091600121E3185A6830000A435B
:108460005A6000F0C3FA20000830B8E007239D43AB
:1084700000D5B1E0A94200D9AEE000F0AFFAFC238C
:108480005B009D4200D2E0E1690A00D1AEE0042920
:1084900000D9A1E138239846A90988443931CB0095
:1084A000082252429446AF4FFB189C446346DC6856
:1084B000A44514D0032399460B0061469C4607E06F
:1084C000E068002A00DB40E1814200D141E1040084
:1084D0004A46636893435A1B0F2AF1DD41463A002E
:1084E0003C690832944200D11EE103206368834353
:1084F000581B0F2800DDACE13A617A610028AADA46
:108500007A68904680229200934200D336E1DA08DE
:10851000580901238340404618438046D300DB19A5
:108520009A687860E360A2609C60D46001208B1040
:108530009840404562D8434603420AD103239943F9
:10854000434640000431034203D14000043103425A
:10855000FBD00323B3469C460E00B8460190F000C2
:1085600040440100B246CB680BE064465A681F00E5
:10857000A243DB68541B0F2C00DD39E1002C00DB2B
:1085800053E19942F1D101239946CA445346083137
:108590009B07E8D1032205E003680838013E8342C7
:1085A00000D013E23242F7D14346019A5B6893430D
:1085B00042465360019A520001929A421CD8002A06
:1085C00006D119E004229146019ACA445200019250
:1085D0001342F7D05646C2E70C233360002005B0A3
:1085E000F0BCBB46B246A946A046F0BD80233F2260
:1085F000402190469B0053E75E4647460322BC68F5
:10860000636893439846AB4203D35B1B0F2B00DD9B
:108610008DE0230043440293534B08201B68103322
:108620005B19019300F01CFD504903900B688A46CA
:10863000013306D08446019B4242013B6344134010
:1086400001933000019900F0EFFC030081460133F3
:1086500000D11CE1029B834200D916E1444B0298F1
:108660009B461A68019B59469C4662440A600399DE
:108670000139484500D157E153461B68013300D109
:108680005EE14B4602981B1A9B185A46136007235B
:108690004A4648461A400292184200D115E1039812
:1086A000013384469B1A019A99444A4401926344D7
:1086B0000A409B1A194030008A4600F0B5FC431C62
:1086C00000D158E14B46C01A0300534401935B4666
:1086D0001A68012052441A604B464946BB60019B10
:1086E00003434B60BC4213D043460F2B00D82BE111
:1086F00007210C3B8B4361680140052019436160F1
:10870000E118486088600F2B00D93FE14B465B6859
:1087100018490868904200D20A60174908689042D8
:1087200000D20A604C46B4E07B689846FEE601221F
:10873000290013431143651961603000BD606B600F
:1087400000F054F92000083049E7A268D060826048
:1087500081E66146C3E6DC680231A34200D1BEE691
:1087600072E6C04670070020583B002068070020D2
:10877000283B0020503B0020543B00205A0A042A8A
:108780007CD9142A00D9B0E010005B3082465C32FC
:10879000D200082040428446BA1894446246926847
:1087A0000B308146944500D186E00800A246614620
:1087B000844602E09268914204D04C465068A0433F
:1087C0009842F7D8D368614654469C466346A260F7
:1087D000E3609C60D460A9E6142967D9542900D9C4
:1087E0008CE06E239846290B88446F31CB0057E606
:1087F000BA46012051468446491905435046456012
:10880000856847466046EB605E469D605346396129
:108810007961204308374860CF6030008F609C50FA
:1088200000F0E4F850460830D9E6BA4601205E462A
:108830005244516801435160BA683000D3609A6075
:1088400000F0D4F838000830C9E62B00E9080833F6
:10885000F2E56119884601218C460D434146656069
:1088600039617961CA608A60624602434A60E050B9
:10887000300000F0BBF820000830B0E69A09100084
:10888000393238308246D20083E7BC4241D0BC68DE
:108890006368032293431A005B1BAA4202D30F2B87
:1088A00000DD44E7300000F0A1F897E65B2398462E
:1088B00088445C31CB00F3E5534698100123834094
:1088C000404618438046786080E7019B039A4B44FA
:1088D0000B40D31A194030008A4600F0A5FB431C18
:1088E00000D0EFE600239A46F1E6542A2ED81A0B60
:1088F00010006F326E308246D2004AE7AA235B0036
:1089000099422ED8DD3B9846E90B88447831CB005C
:10891000C6E5304B9B461A68019B9C465B46624409
:108920001A60039B591EA7E64846084200D0A3E6FA
:10893000B9684344894601210B4349464B60E7E649
:1089400053464A461A60A2E64860ABE7AA204000B8
:10895000824226D8DA0B1000783277308246D20075
:1089600017E71D4B994226D87C239846A90C8844CA
:108970007D31CB0094E5019A029B94464A46083B20
:1089800063449B1A019300239A46A0E6210030001D
:10899000083100F03FFC5B461A68BB6899465B688B
:1089A000B6E60D4882420CD89A0C10007D327C301D
:1089B0008246D200EDE6FE237E227F2190469B0078
:1089C0006EE5FE227E2092008246E2E643465B6828
:1089D000F0E5C046283B00205405000010B50248D1
:1089E00000F03AFB10BDC046243B002010B5024801
:1089F00000F034FB10BDC046243B002030B5032AF4
:108A00000CD90B0003439B0719D104680B689C42E7
:108A100015D1043A04300431032AF6D8551E002A31
:108A20000BD0002303E05A1C9D4206D01300C25C09
:108A3000CC5CA242F7D0101B00E0002030BD551ED8
:108A4000EFE7C046F0B5CE46474680B588420DD91F
:108A50008B1898420AD2531E002A03D0CA5CC25413
:108A6000013BFBD2C0BCB946B046F0BD0F2A0BD8C3
:108A70000500561E002AF5D00023CC5C1A00EC54E9
:108A800001339642F9D1EDE703000B4388469B077B
:108A900034D110261700B1460C000300103F3F09E7
:108AA0003F01C519A94426681E6066685E60A66815
:108AB0009E60E6681034DE601E001033AE42F2D1D4
:108AC000CF1939000F230C2610318C461340164263
:108AD00017D04446043B9B089B00FF181437061B25
:108AE0000C688D1904312C60B942F9D16146043308
:108AF00059184B441D0003231A40BAE70500561EBF
:108B0000BAE74D461A00B4E70323CAB2F0B50340F2
:108B1000002A35D00324002B2DD1FF230B401D024A
:108B2000ED182B04ED182C000168264E4C408B19D3
:108B30008B43A119A143244E0B43334211D1416809
:108B4000204F0C00CB196C408B43E119A1430B4320
:108B500004303342F3D00378002B05D09A4204D07E
:108B600001300378002BF9D10020F0BD9342FCD0F6
:108B700001302042D1D00378002BF7D10020F4E758
:108B8000002B08D0032202E00130104203D003780A
:108B9000002BF9D1E9E702680A4B0B49D31893433C
:108BA0000B4206D14268074B0430D31893430B4263
:108BB000F8D00378002BD8D043780130002BFBD1BC
:108BC000D3E7C046FFFEFEFE80808080F0B5CE4633
:108BD00047460300944680B5012959D90122012056
:108BE0009046012500260124404206E0221A9046C4
:108BF000260001257419A1420DD91F181A5D7F5D49
:108C0000BA42F3D336D0012501223000013674195F
:108C10009046A142F1D84446624614600122914632
:108C2000023A012500269046012407E04246A21A96
:108C30009146260001257419A1420ED94746DF1935
:108C40001A5D7F5DBA42F1D818D001250122B046E5
:108C5000013674199146A142F0D8434601300133E0
:108C6000834203D36246494618001160C0BCB9462E
:108C7000B046F0BD454505D00135BBE74D4504D0B4
:108C80000135D8E776190125B4E776190125D2E731
:108C9000012399460023E5E7F0B5DE4657464E46E8
:108CA0004546E0B57D4C8246A54414008946200027
:108CB000190005AA1D00FFF789FF06AB9B4601902E
:108CC000FFAA20C31C329342FAD1002D0BD02300FF
:108CD000681E661920185F461A78C11A920001337F
:108CE000B950B342F7D1059B2000019AE1180293D5
:108CF000FFF784FE002800D072E0002398464B4620
:108D0000591B80231B012B4303932B006F1E00264E
:108D100045460800984608E0002D04D0029A9A4281
:108D200001D943469B1A0025F618B04220D353467A
:108D30005A469919CB5D9B00D358002BECD1019A70
:108D40002B00954200D213009F4227D98446080089
:108D500002E001339F421FD0E15CC25C9142F8D037
:108D6000010060469F4219D9019AB61A0136DAE726
:108D700050460399484400F045FB81444B46424627
:108D8000981AB042D3D20020454B9D44F0BCBB465C
:108D9000B246A946A046F0BD01006046019A531EA6
:108DA000954279D28446080003E05A1E9D4210D0B5
:108DB0001300E15CC25C9142F7D0010060460133D0
:108DC00001359D420AD8029B42469C46D51A66440C
:108DD000ABE70135010060469D42F4D90800D3E7B6
:108DE000019AAB1A934255D30133029305934B4634
:108DF000591B80231B012B430026984608006F1E39
:108E0000B0420AD353465A469919CB5D9B00D358BA
:108E1000002B14D0F618B042F4D2504641464844D4
:108E200000F0F0FA81444B46581BB042ABD3534696
:108E30005A469919CB5D9B00D358002BEAD1019A71
:108E40001300BA4214D28446080002E00133BB4248
:108E50000CD0E15CC25C9142F8D0010060469F42B8
:108E600006D9019AB61A0136F618D4E70100604611
:108E7000019B013BB2D38446080002E0013B00D2D3
:108E800082E7E15CC25C9142F8D0029B60469C465E
:108E90006644B5E71300A7E7130091E7E4FBFFFF83
:108EA0001C040000F0B54646D6464F46C0B50E003D
:108EB00009780500040090B0002953D0707800288C
:108EC00000D176E0B778002F53D0F378002B00D193
:108ED0008AE03279002A00D170E0300000F012F907
:108EE0008021890007000143280000F08BFA8742A7
:108EF0004FD8FE2F00D98FE0C01B80464022684625
:108F0000791CE946A844C9F709FF002F10D03F2279
:108F1000F8B2824633009446BC19B24461461A78CE
:108F200048460A405146C91A013381549C42F5D142
:108F30002C003F254A46013CE35D2B40D35CE418FE
:108F4000A04503D227E05444A04524D34A46E35D1C
:108F500031002B40D35C20003A009A46FFF74EFDCB
:108F60000028F0D1200010B0E0BCBA46B146A846B7
:108F7000F0BD002309042A780143002A07D01B040E
:108F8000013513432A789942F7D1AC1EEAE799429A
:108F9000FBD00024E6E74346D819DB5D002BF8D070
:108FA0008021090100F02EFA8044A045C2D200249D
:108FB000D8E72800FFF7A8FD0400D3E72A78002AA5
:108FC000E7D0000208433F0407431B063B4319BA9E
:108FD00000232C001B02013513432A78002A13D0EA
:108FE0008B42F6D1033CBDE70906000401433F0272
:108FF0002A783943002A0BD0134301351B022A7803
:109000009942F7D1EC1EADE78B42EBD00024A9E7E3
:109010009942F7D00024A5E701003B003200280068
:10902000FFF73AFE04009DE7002370B5064C0500EB
:1090300008002360CBF728FB431C00D070BD2368D9
:10904000002BFBD02B60F9E754530020014B18682C
:109050007047C046780B00207047C0467047C04636
:10906000802310B55B01082801D1180010BDFFF75F
:10907000EDFF16230360173BF7E7C046024670B5C5
:109080000A4392072AD11E4DEE0104C808C9541B99
:109090009443344017D0D0B2D9B2401A21060143CC
:1090A00010D190B299B2401A210401430AD11002A2
:1090B0001902000A090A401A2102014302D1100EC6
:1090C000190E401A70BD9A42DFD010BA19BA884200
:1090D00001D9012070BD0020C04370BD02780B781B
:1090E00001300131002A09D09A4207D102780B7869
:1090F00001300131002A01D09A42EFD0D01A70BD60
:109100000101010110B583070AD00300032102E029
:1091100001330B4205D01A78002AF9D1181A10BD74
:10912000030019680C4A0D4C8A188A4322420FD159
:109130005968094A04338A188A43224208D1596877
:10914000054A04338A188A432242F1D000E00133F1
:109150001A78002AFBD1E1E7FFFEFEFE80808080C6
:10916000F0B5C646060000B508200D00FFF778FFF1
:1091700004003000FFF732FC234B210098469B6827
:109180005F6803239F4338001138401B0019C8F75C
:1091900005FF451E6543AC4208DC00213000FFF7A7
:1091A00043FF43469B68DB19984206D03000FFF727
:1091B0001DFC002080BCB846F0BD30006942FFF7BE
:1091C00033FF01300ED0012243467F1B9B681743BB
:1091D0000E4A5F60136830005B1B1360FFF706FCEC
:1091E0000120E7E700213000FFF71EFF43469A68A1
:1091F000831A0F2BDADD064C04492468001B086033
:1092000001210B435360D1E770070020283B002069
:1092100068070020F0B5D6464F46464605000C00CC
:10922000C0B5002948D0FFF7D9FB21000127083934
:109230004B6803209C46BB43CE187268824360464D
:10924000384080466A4891468468B44200D17CE048
:109250007260B41864683C40A2464446002C30D189
:109260000C68A446091B8C686344A4460824A046E5
:109270008044C4455CD0CC68A04664464246E26067
:1092800094605246002A1FD01F434F6033608022F3
:109290009200934230D2DA085C090123A34044686B
:1092A00023434360D3001B189A68CB608A6099609F
:1092B000D1602800FFF79AFBE0BCBA46B146A84649
:1092C000F0BD5246002A0FD101224B44CF18BC46B4
:1092D000B468484F1A43BC425BD0F668E660B4609D
:1092E0004A6062461360D2E762463A434A6080228F
:1092F000336092009342CED35C0A042C3FD89C0981
:10930000260039343836E40004192268083C032763
:10931000944203D14EE09268944203D05068B8431F
:109320009842F8D8D468CC608A60A160D160C0E768
:109330005246002A35D14B441A00B068F3681743EF
:10934000C36098604F608A50B3E74B441A004346AD
:10935000002B06D10B68C91A8C68D218CB68E36061
:109360009C60012313434B60234B81601B68934235
:109370009FD8224B28001968FFF7F2FE99E7142CBA
:1093800013D9542C1DD81C0B26006F346E36E40004
:10939000BAE7E160A1604A606246CC608C6013600D
:1093A00087E71F434F60336083E726005C345B36FA
:1093B000E400A9E70123B610B34046683343436095
:1093C000B1E7AA225200944205D8DC0B260078347B
:1093D0007736E40098E70A4A944205D89C0C2600A8
:1093E0007D347C36E4008FE7FE247E26A4008BE7E4
:1093F00070070020780700206C070020583B0020F1
:109400005405000010B503004418002903D107E0FB
:109410000133A34202D01A78002AF9D1181A10BDDC
:109420000020FCE7F8B5C04601B40248844601BC00
:10943000604700BFD503002001B40248844601BC48
:10944000604700BF9D01002001B40248844601BC72
:10945000604700BF1105002001B40248844601BCEA
:10946000604700BF4503002001B40248844601BCA8
:10947000604700BF1105002001B40248844601BCCA
:10948000604700BFB502002001B40248844601BC19
:10949000604700BFFD00002001B40248844601BCC3
:0894A000604700BFC10000207D
:1094A8004672656520686561703A2025640A000087
:1094B8004D696E206672656520686561703A202581
:1094C800640A00005B494E464F5D203C25643E20FF
:1094D8002573205B4325645D203A20202D204E65AE
:1094E80074776F726B2054696D656F75742053655E
:1094F8007474696E6773202D205243523A20256494
:109508002C205254523A2025640D0A007265736566
:10951800745F74696D6572004E65745F537461742D
:1095280075735F5461736B00687474705F776562FC
:109538007365727665725F7461736B0048656170FC
:109548005F4D6F6E69746F725F5461736B000000DA
:1095580053746172745F5461736B0000764170706C
:109568006C69636174696F6E537461636B4F766580
:1095780072666C6F77486F6F6B205B25735D0D0AA1
:10958800000000000A2A2A2A2050414E4943202A76
:109598002A2A0A006E6F7420737570706F72746572
:1095A800640000005370696E6C6F636B2025642043
:1095B800697320616C726561647920636C61696D9F
:1095C800656400004E6F207370696E6C6F636B7317
:1095D8002061726520617661696C61626C6500006A
:1095E800486172647761726520616C61726D2025D3
:1095F8006420616C726561647920636C61696D6572
:1096080064000000666C617368206C6F636B6F7533
:10961800740000004861726420617373657274009D
:109628004F7574206F66206D656D6F72790000004C
:1096380052656C6561736500626F6F74325F773273
:109648003571303830000000322E322E30000000E4
:109658007069636F000000004170705F6C696E6B29
:10966800657200004170722032322032303236008A
:10967800666E692B00000000666E69006E616E0000
:10968800666E692D000000005541525420737464C1
:10969800696E000055415254207374646F757400EC
:1096A8005541525420737464696E202F207374647A
:1096B8006F7574004E6F20444D41206368616E6E73
:1096C800656C732061726520617661696C61626C9A
:1096D800650000004E6F2050494F20737461746517
:1096E800206D616368696E657320617265206176BB
:1096F80061696C61626C6500546D72510000000014
:10970800546D7220537663004C45440020573578D9
:10971800303020696E697469616C697A65642066A5
:1097280061696C00766572203D20307825303258AA
:109738000D0A00002041434345535320455252200F
:109748003A2056455253494F4E20213D203078301B
:10975800342C20726561642076616C7565203D202B
:109768003078253032780A00573578303020524525
:1097780053455400737069206661696C656420778D
:10978800726974696E6720627566666572000000AA
:10979800573535525032302D533245003139322E3B
:1097A8003136382E31312E33000000003030303061
:1097B8003030303000000000574F524B47524F5561
:1097C8005000000025732D25303258253032582599
:1097D800303258253032582530325825303258002A
:1097E8005B53454743505D203C25643E202573204C
:1097F8002564205B4325645D203A20203E20457285
:10980800726F723A204D656D6F727920616C6C6F62
:10981800636174696F6E206661696C656420666F48
:1098280072206465765F636F6E6669675F746D70DA
:109838000D0A00005B53454743505D203C25643EBC
:10984800202573202564205B4325645D203A202071
:109858003E20446576436F6E666967207570646163
:109868007465206661696C65642C20526574727930
:109878003A2025640D0A00005B494E464F5D203CA6
:1098880025643E202573205B4325645D203A204DE6
:109898004143203D2025303258253032582530327A
:1098A800582530325825303258253032580D0A00A4
:1098B8005B494E464F5D203C25643E202573205B66
:1098C8004325645D203A20436F6E666967204461D2
:1098D80074612073697A653A202564202F202564F5
:1098E8000D0A00005B494E464F5D203C25643E2032
:1098F8002573205B4325645D203A2053746172749C
:1099080020466163746F72792052657365740D0A1D
:10991800000000005B494E464F5D203C25643E2018
:109928002573205B4325645D203A20416674657287
:1099380020436F6E66696720446174612073697A99
:10994800653A202564202F2025640D0A00000000B8
:109958005B494E464F5D203C25643E202573205BC5
:109968004325645D203A202023204D41433A202599
:109978003032583A253032583A253032583A253064
:1099880032583A253032583A253032580D0A0000FC
:109998005B494E464F5D203C25643E202573205B85
:1099A8004325645D203A202023204950203A202571
:1099B800642E25642E25642E2564202F20506F7276
:1099C80074203A200D0A00005B494E464F5D203C4A
:1099D80025643E202573205B4325645D203A2025BD
:1099E800642000005B494E464F5D203C25643E20C4
:1099F8002573205B4325645D203A200D0A00000092
:109A08005B494E464F5D203C25643E202573205B14
:109A18004325645D203A202023204757203A2025FB
:109A2800642E25642E25642E25640D0A000000008E
:109A38005B494E464F5D203C25643E202573205BE4
:109A48004325645D203A20202320534E203A2025C8
:109A5800642E25642E25642E25640D0A000000005E
:109A68005B494E464F5D203C25643E202573205BB4
:109A78004325645D203A20202320444E533A202574
:109A8800642E25642E25642E25640D0A000000002E
:109A98005B494E464F5D203C25643E202573205B84
:109AA8004325645D203A2020232044657374696E41
:109AB8006174696F6E20446F6D61696E3A20257319
:109AC800202F20506F72743A2025640D0A00000080
:109AD8005B494E464F5D203C25643E202573205B44
:109AE8004325645D203A2020232044657374696E01
:109AF8006174696F6E2049503A2025642E25642EC2
:109B080025642E2564202F20506F72743A20256416
:109B18000D0A00005B494E464F5D203C25643E20FF
:109B28002573205B4325645D203A2020232320559C
:109B3800445020313A4E204D6F64650D0A000000F4
:109B48005B494E464F5D203C25643E202573205BD3
:109B58004325645D203A202023232055445020319A
:109B68003A31204D6F64650D0A0000005B494E468E
:109B78004F5D203C25643E202573205B4325645DB2
:109B8800203A2054696D65722052657365740D0A18
:109B9800000000005B494E464F5D203C25643E2096
:109BA8002573205B4325645D203A2025730D0A0048
:109BB8003D3D3D3D3D3D3D3D3D3D3D3D3D3D3D3DCD
:109BC8003D3D3D3D3D3D3D3D3D3D3D3D3D3D3D3DBD
:109BD8003D3D3D3D3D3D3D3D3D3D3D3D3D3D3D3DAD
:109BE8003D3D00005B494E464F5D203C25643E20CC
:109BF8002573205B4325645D203A20202573200DC2
:109C08000A0000005B494E464F5D203C25643E201B
:109C18002573205B4325645D203A20203E3E205773
:109C2800495A6E6574204465766963652053657288
:109C38007665720D0A0000005B494E464F5D203C78
:109C480025643E202573205B4325645D203A20204F
:109C58003E3E204669726D77617265207665727343
:109C6800696F6E3A2025642E25642E25642025739D
:109C78000D0A0000537461626C6500004175746FD1
:109C88006D61746963202D20444843500000000032
:109C98005374617469630000456E61626C656400A9
:109CA80044697361626C6564000000004D6F646212
:109CB80075735254550000004D6F646275734153BB
:109CC800434949005B494E464F5D203C25643E2090
:109CD8002573205B4325645D203A20202D2053798D
:109CE8007374656D20636C6F636B3A20256C752007
:109CF800487A0A005B494E464F5D203C25643E2069
:109D08002573205B4325645D203A20202D20506573
:109D1800726920636C6F636B3A20256C7520487AF2
:109D28000A0000005B494E464F5D203C25643E20FA
:109D38002573205B4325645D203A20202D2044654F
:109D48007669636520747970653A2025730D0A0079
:109D58005B494E464F5D203C25643E202573205BC1
:109D68004325645D203A20202D204465766963658B
:109D7800206E616D653A2025730D0A005B494E46D9
:109D88004F5D203C25643E202573205B4325645DA0
:109D9800203A20202D204465766963652067726F1C
:109DA80075703A2025730D0A000000005B494E4685
:109DB8004F5D203C25643E202573205B4325645D70
:109DC800203A20202D20446576696365206D6F64F4
:109DD800653A2025730D0A005B494E464F5D203CCD
:109DE80025643E202573205B4325645D203A2020AE
:109DF8002D2053657269616C202573206D6F646531
:109E08000D0A00005B494E464F5D203C25643E200C
:109E18002573205B4325645D203A20202D204E6564
:109E280074776F726B2073657474696E67733A2008
:109E38000D0A00005B494E464F5D203C25643E20DC
:109E48002573205B4325645D203A20092D204F624D
:109E58007461696E696E672049502073657474690E
:109E68006E67733A205B25735D0D0A005B494E46A9
:109E78004F5D203C25643E202573205B4325645DAF
:109E8800203A20092D205443502F55445020706FFC
:109E98007274730D0A0000005B494E464F5D203C0A
:109EA80025643E202573205B4325645D203A200904
:109EB8002020202B20533245206461746120706F6C
:109EC80072743A205B25645D0D0A00005B494E46BA
:109ED8004F5D203C25643E202573205B4325645D4F
:109EE800203A20092020202B205443502F5544503D
:109EF8002073657474696E6720706F72743A205BA2
:109F080025645D0D0A0000005B494E464F5D203C0C
:109F180025643E202573205B4325645D203A200993
:109F28002020202B204669726D776172652075703C
:109F38006461746520706F72743A205B25645D0DEE
:109F48000A0000005B494E464F5D203C25643E20D8
:109F58002573205B4325645D203A20092D20544356
:109F6800502052657472616E736D697373696F6E98
:109F78002072657472793A205B25645D0D0A0000D1
:109F88005B494E464F5D203C25643E202573205B8F
:109F98004325645D203A20202D2053656172636853
:109FA80020494420636F64653A200D0A00000000D0
:109FB8005B494E464F5D203C25643E202573205B5F
:109FC8004325645D203A20092D2025733A205B251E
:109FD800735D0D0A000000005B494E464F5D203C52
:109FE80025643E202573205B4325645D203A2020AC
:109FF8002D2045746865726E657420636F6E6E659A
:10A008006374696F6E2070617373776F72643A203E
:10A018000D0A00005B494E464F5D203C25643E20FA
:10A028002573205B4325645D203A20092D20257384
:10A038002025730D0A0000002854435020736572D0
:10A04800766572202F206D69786564206D6F646570
:10A05800206F6E6C792900005B494E464F5D203CAD
:10A0680025643E202573205B4325645D203A20202B
:10A078002D20436F6E6E656374696F6E2074696D11
:10A0880065722073657474696E67733A200D0A00EF
:10A098005B494E464F5D203C25643E202573205B7E
:10A0A8004325645D203A20092D20496E6163746957
:10A0B800766974792074696D65723A200000000031
:10A0C8005B494E464F5D203C25643E202573205B4E
:10A0D8004325645D203A205B25645D202873656311
:10A0E800290D0A005B494E464F5D203C25643E2001
:10A0F8002573205B4325645D203A20092D20526595
:10A10800636F6E6E65637420696E74657276616CD8
:10A118003A2000005B494E464F5D203C25643E20B6
:10A128002573205B4325645D203A205B25645D2010
:10A13800286D736563290D0A000000005B494E46CF
:10A148004F5D203C25643E202573205B4325645DDC
:10A15800203A20202D2053657269616C2073657444
:10A1680074696E67733A200D0A0000005B494E4619
:10A178004F5D203C25643E202573205B4325645DAC
:10A18800203A20092D20436F6D6D756E69636174E7
:10A19800696F6E2050726F746F636F6C3A200000A5
:10A1A8005B494E464F5D203C25643E202573205B6D
:10A1B8004325645D203A205B25735D0D0A0000008D
:10A1C8005B494E464F5D203C25643E202573205B4D
:10A1D8004325645D203A20092D20446174612025BF
:10A1E8007320706F72743A0D0A0000005541525482
:10A1F800000000005B494E464F5D203C25643E2030
:10A208002573205B4325645D203A20092020202BFC
:10A2180020554152542049463A205B25735D0D0A6A
:10A2280000000000092020202B20256C642D000050
:10A2380025642D0025732D002564202F20000000A3
:10A24800466C6F7720636F6E74726F6C3A2025735B
:10A25800000000005B494E464F5D203C25643E20CF
:10A268002573205B4325645D203A20202D2053650B
:10A278007269616C2064617461207061636B696EDE
:10A2880067206F7074696F6E733A0D0A00000000E2
:10A298005B494E464F5D203C25643E202573205B7C
:10A2A8004325645D203A20092D2054696D653A20C4
:10A2B800000000005B494E464F5D203C25643E206F
:10A2C8002573205B4325645D203A20092D205369BE
:10A2D8007A653A20000000005B494E464F5D203CFD
:10A2E80025643E202573205B4325645D203A205B6E
:10A2F80025645D20286279746573290D0A000000C1
:10A308005B494E464F5D203C25643E202573205B0B
:10A318004325645D203A20092D20436861723A2064
:10A32800000000005B494E464F5D203C25643E20FE
:10A338002573205B4325645D203A205B252E325827
:10A348005D2028686578206F6E6C79290D0A0000F9
:10A358005B494E464F5D203C25643E202573205BBB
:10A368004325645D203A20202D2053657269616C75
:10A3780020636F6D6D616E64206D6F646520737707
:10A388006974636820636F64653A0D0A0000000011
:10A398005B494E464F5D203C25643E202573205B7B
:10A3A8004325645D203A20092D2025730D0A0000FD
:10A3B8005B494E464F5D203C25643E202573205B5B
:10A3C8004325645D203A20092D205B252E32585DF7
:10A3D8005B252E32585D5B252E32585D2028486556
:10A3E80078206F6E6C79290D0A0000005B494E4693
:10A3F8004F5D203C25643E202573205B4325645D2A
:10A40800203A20092D204465627567202573207045
:10A418006F72743A0D0A00005B494E464F5D203C4E
:10A4280025643E202573205B4325645D203A20097E
:10A438002020202B202573202F2025732025730D05
:10A448000A00000028666978656429004E4F4E4569
:10A45800000000003932313630302D382D4E2D3184
:10A46800000000005B494E464F5D203C25643E20BD
:10A478002573205B4325645D203A2020232044482F
:10A488004350204950204C65617365642074696DA0
:10A4980065203A20256C64207365636F6E64730DC4
:10A4A8000A0000005B494E464F5D203C25643E2073
:10A4B8002573205B4325645D203A202023204448EF
:10A4C8004350204661696C65640D0A005B53534C28
:10A4D8005D203C25643E202573203A204854545082
:10A4E8005320736F636B65745B25645D20737461BF
:10A4F8007465203D203078253032780D0A00000040
:10A508005B53534C5D203C25643E202573203A2044
:10A51800485454505320736F636B65745B25645DB6
:10A52800206F70656E6564206F6E20706F72742086
:10A5380025640D0A000000005B53534C5D203C2548
:10A54800643E202573203A20485454505320736F9A
:10A55800636B65745B25645D20726573706F6E73E1
:10A568006520666C757368207761697420646F6E06
:10A57800652C20636C6F73696E67207365737369EC
:10A588006F6E0D0A00000000485454502F312E31D0
:10A5980020323030204F4B0D0A436F6E74656E7455
:10A5A8002D547970653A20746578742F68746D6CD1
:10A5B8003B20636861727365743D5554462D380DB0
:10A5C8000A436F6E74656E742D4C656E6774683AD5
:10A5D8002025750D0A436F6E6E656374696F6E3A58
:10A5E80020636C6F73650D0A0D0A00005B53534CB2
:10A5F8005D203C25643E202573203A204854545061
:10A60800532073656E64206865616465725F6C656C
:10A618006E3D256420626F64795F6C656E3D2575BB
:10A628000D0A00005B53534C5D203C25643E2025F9
:10A6380073203A2048545450532077726974652027
:10A648006661696C6564207265743D2D3078257883
:10A658002073656E743D25752072656D61696E693C
:10A668006E673D25750D0A005B53534C5D203C25F4
:10A67800643E202573203A2048545450532068657E
:10A68800616465722073656E64206661696C6564D7
:10A698000D0A00005B53534C5D203C25643E202589
:10A6A80073203A20485454505320626F64792073C1
:10A6B800656E64206661696C6564206174206F66EC
:10A6C800667365743D2575206368756E6B3D2575E9
:10A6D8000D0A00005B53534C5D203C25643E202549
:10A6E80073203A2048545450532070616765207392
:10A6F800656E6420636F6D706C6574650D0A00008B
:10A708005B53534C5D203C25643E202573203A2042
:10A71800485454505320736F636B65745B25645DB4
:10A7280020726573706F6E73652073656E64206642
:10A7380061696C65640D0A005B53534C5D203C25D0
:10A74800643E202573203A20485454505320736F98
:10A75800636B65745B25645D2069646C652074694E
:10A768006D656F75742C20636C6F73696E672073E9
:10A77800657373696F6E0D0A000000005B53534CDC
:10A788005D203C25643E202573203A2048545450CF
:10A798005320736F636B65745B25645D207265611C
:10A7A80064206661696C65643A202D307825780DDF
:10A7B8000A0000005B444843505D203C25643E206D
:10A7C8002573203A20202D204448435020436C69AB
:10A7D800656E742072756E6E696E670D0A000000F2
:10A7E8005B444843505D203C25643E202573203A55
:10A7F80020202D20444843502053756363657373AC
:10A808000D0A00005B444843505D203C25643E200F
:10A818002573203A20202D20444843502046616962
:10A828006C65640D0A0D0A005B444843505D203C8A
:10A8380025643E202573203A20202D20444843508B
:10A848002054696D656F7574206F636375727265E6
:10A858006420616E64207265747279205B25645D82
:10A868000D0A00005B494E464F5D203C25643E20A2
:10A878002573205B4325645D203A204E45545F4C88
:10A88800494E4B5F444953434F4E4E45435445440C
:10A898000D0A00005B494E464F5D203C25643E2072
:10A8A8002573205B4325645D203A205735353030C9
:10A8B8002052455345540D0A000000005B45525292
:10A8C8005D203C25643E202573203A204E45545F88
:10A8D8004C494E4B5F434F4E4E45435445442044EC
:10A8E800484350204661696C65640D0A0000000009
:10A8F80048545450532073657276657220726561AE
:10A9080064793A2068747470733A2F2F25642E2561
:10A91800642E25642E25642F0D0A00005B455252D3
:10A928005D203C25643E202573203A204E45545F27
:10A9380049505F55502044484350204661696C6532
:10A94800640D0A005B4552525D203C25643E20257B
:10A9580073203A204E45545F49505F555020504867
:10A96800595F4C494E4B5F4F46460D0A00000000A8
:10A9780054544C2F52532D323332000052532D343D
:10A988003232000052532D34383500005350495F9D
:10A99800534C415645000000584F4E2F584F4646DD
:10A9A800000000005254532F435453005254532074
:10A9B8004F6E6C7900000000525453204F6E6C7932
:10A9C8002052657665727365000000004F444400AC
:10A9D8004556454E000000005B53534C5D203C2516
:10A9E800643E202573203A20206661696C65640DF9
:10A9F8000A202021207073615F63727970746F5F21
:10AA0800696E69742072657475726E656420256458
:10AA18000D0A000073736C5F636C69656E743100B6
:10AA28005B53534C5D203C25643E202573203A201F
:10AA380025730D0A000000005B53534C5D203C2534
:10AA4800643E202573203A20206661696C65640D98
:10AA58000A202021206D626564746C735F637472D0
:10AA68005F647262675F736565642072657475728E
:10AA78006E6564202D307825780D0A005B53534CA1
:10AA88005D203C25643E202573203A20204C6F61D0
:10AA980064696E672074686520434120726F6F7423
:10AAA800206365727469666963617465206C656E9C
:10AAB800203D2025640D0A005B53534C5D203C2546
:10AAC800643E202573203A20206661696C65640D18
:10AAD8000A20202120206D626564746C735F7835CC
:10AAE80030395F6372745F70617273652072657468
:10AAF80075726E6564202D30782578207768696CCA
:10AB0800652070617273696E6720726F6F7420635D
:10AB18006572740D0A0000005B53534C5D203C25A0
:10AB2800643E202573203A206F6B21206D62656496
:10AB3800746C735F783530395F6372745F706172FB
:10AB480073652072657475726E6564202D30782582
:10AB580078207768696C652070617273696E672008
:10AB6800726F6F7420636572740D0A005B53534CE7
:10AB78005D203C25643E202573203A2020666169CB
:10AB88006C6564206D626564746C735F73736C5F6D
:10AB98007365745F686F73746E616D652072657438
:10ABA80075726E65642025640D0A00005B53534C72
:10ABB8005D203C25643E202573203A206F6B2120C0
:10ABC8006D626564746C735F73736C5F7365745FD7
:10ABD800686F73746E616D652072657475726E65E9
:10ABE800642025640D0A00005B53534C5D203C250E
:10ABF800643E202573203A20206661696C65640DE7
:10AC08000A20202120206D626564746C735F78359A
:10AC180030395F6372745F70617273652072657436
:10AC280075726E6564202D30782578207768696C98
:10AC3800652070617273696E672064657669636503
:10AC480020636572740D0A005B53534C5D203C25EC
:10AC5800643E202573203A206F6B21206D62656465
:10AC6800746C735F783530395F6372745F706172CA
:10AC780073652072657475726E6564202D30782551
:10AC880078207768696C652070617273696E6720D7
:10AC980064657669636520636572740D0A00000057
:10ACA8005B53534C5D203C25643E202573203A209D
:10ACB800206661696C65640D0A20202120206D6280
:10ACC8006564746C735F706B5F70617273655F6BE2
:10ACD80065792072657475726E6564202D307825EB
:10ACE80078207768696C652070617273696E672077
:10ACF80070726976617465206B65790D0A000000D1
:10AD08005B53534C5D203C25643E202573203A203C
:10AD18006F6B21206D626564746C735F706B5F701C
:10AD2800617273655F6B65792072657475726E65A3
:10AD380064202D30782578207768696C65207061EB
:10AD48007273696E672070726976617465206B65CD
:10AD5800790D0A005B53534C5D203C25643E202549
:10AD680073203A20206661696C6564206D626564B1
:10AD7800746C735F73736C5F636F6E6669675F642F
:10AD8800656661756C74732072657475726E65643E
:10AD98002025640D0A0000005B53534C5D203C25C0
:10ADA800643E202573203A2073736C5F6F7074695A
:10ADB8006F6E2D3E726F6F745F63615F6F70746941
:10ADC8006F6E203D2025640D0A0000005B53534C34
:10ADD8005D203C25643E202573203A20736F636B09
:10ADE80065745F6664203D2025640D0A000000003C
:10ADF8005B53534C5D203C25643E202573203A204C
:10AE08006661696C656421206D626564746C735F4A
:10AE180073736C5F636F6E665F6F776E5F63657287
:10AE2800742072657475726E65642025640D0A005D
:10AE38005B53534C5D203C25643E202573203A200B
:10AE48006F6B21206D626564746C735F73736C5FE4
:10AE5800636F6E665F6F776E5F636572742072658D
:10AE68007475726E65642025640D0A005B53534C3B
:10AE78005D203C25643E202573203A2020666169C8
:10AE88006C6564206D626564746C735F73736C5F6A
:10AE980073657475702072657475726E6564202DA3
:10AEA800307825780D0A00005B53534C5D203C2513
:10AEB800643E202573203A2072657475726E2031C5
:10AEC8000D0A00005B53534C5D203C25643E202551
:10AED80073203A20206661696C65640D0A20202180
:10AEE80020485454505320736572766572206D65FE
:10AEF8006D6F727920616C6C6F636174696F6E201D
:10AF08006661696C65640D0A0000000068747470FD
:10AF1800735F736572766572000000005B53534C73
:10AF28005D203C25643E202573203A202066616917
:10AF38006C65640D0A202021204854545053207316
:10AF480065727665722063657274207061727365CC
:10AF58002072657475726E6564202D307825780DC1
:10AF68000A0000005B53534C5D203C25643E2025BD
:10AF780073203A20206661696C65640D0A202021DF
:10AF880020485454505320736572766572206B655F
:10AF9800792070617273652072657475726E65646C
:10AFA800202D307825780D0A000000005B53534CA3
:10AFB8005D203C25643E202573203A202066616987
:10AFC8006C65640D0A202021206D626564746C73C1
:10AFD8005F73736C5F636F6E6669675F64656661F4
:10AFE800756C74732072657475726E6564202D308B
:10AFF8007825780D0A0000005B53534C5D203C25F2
:10B00800643E202573203A20206661696C65640DD2
:10B018000A202021206D626564746C735F73736C01
:10B028005F636F6E665F6F776E5F636572742072C1
:10B03800657475726E6564202D307825780D0A0068
:10B048005B53534C5D203C25643E202573203A20F9
:10B05800206661696C65640D0A202021206D626597
:10B0680064746C735F73736C5F736574757020724E
:10B07800657475726E6564202D307825780D0A0028
:10B088005B53534C5D203C25643E202573203A20B9
:10B0980053534C20467265650D0A00005B53534CB0
:10B0A8005D203C25643E202573203A20205065729F
:10B0B800666F726D696E67207468652048545450D5
:10B0C80053207365727665722068616E6473686177
:10B0D8006B652E2E2E0D0A005B53534C5D203C25CC
:10B0E800643E202573203A20206661696C65640DF2
:10B0F8000A202021206D626564746C735F73736C21
:10B108005F68616E647368616B65207265747572DF
:10B118006E6564202D307825780D0A005B53534CFA
:10B128005D203C25643E202573203A202068616E0E
:10B13800647368616B652070656E64696E67207200
:10B1480065743D2D3078257820736F636B3D2564D9
:10B158002073723D3078253032782072783D25642E
:10B168000D0A00005B53534C5D203C25643E2025AE
:10B1780073203A20206661696C65640D0A202021DD
:10B188002048545450532073657276657220686164
:10B198006E647368616B652074696D656F75742082
:10B1A800736F636B3D25642073723D3078253032B0
:10B1B800782072783D25640D0A0000005B53534CDB
:10B1C8005D203C25643E202573203A20206F6B0DBE
:10B1D8000A202020205B2048545450532073657265
:10B1E8007665722063697068657273756974652025
:10B1F8006973202573205D0D0A000000434845430C
:10B208004B5F49505F434F4E464C49435400000042
:10B218005443505F5345525645525F4D4F44450085
:10B228005443505F4D495845445F4D4F44450000D5
:10B238005544505F4D4F44450000000053534C5F48
:10B248005443505F434C49454E545F4D4F4445006D
:10B258004D5154545F434C49454E545F4D4F4445FE
:10B26800000000004D515454535F434C49454E541F
:10B278005F4D4F44450000004D5154542070756C8B
:10B28800697368696E67206973206572726F7220CE
:10B298003A2025640A0000005055424C4953482082
:10B2A8004641494C454400004D5154542070756C3A
:10B2B800697368696E672069732073756363657362
:10B2C800730000005055424C495348204F4B000032
:10B2D800756E6B6E6F776E00544C53312D332D4164
:10B2E80045532D3235362D47434D2D53484133387C
:10B2F80034000000544C53312D332D4145532D312A
:10B3080032382D47434D2D53484132353600000021
:10B31800544C532D4448452D5253412D57495448B8
:10B328002D4145532D3235362D47434D2D53484138
:10B3380033383400544C532D4448452D5253412D35
:10B34800574954482D4145532D3132382D47434DE7
:10B358002D53484132353600544C532D4448452D21
:10B368005253412D574954482D4145532D313238B8
:10B378002D4342432D53484132353600544C532D0A
:10B388004448452D5253412D574954482D41455362
:10B398002D3235362D4342432D5348413235360040
:10B3A800544C532D5253412D574954482D41455320
:10B3B8002D3235362D47434D2D534841333834000F
:10B3C800544C532D5253412D574954482D41455300
:10B3D8002D3132382D47434D2D53484132353600F3
:10B3E800544C532D5253412D574954482D414553E0
:10B3F8002D3132382D4342432D53484132353600E2
:10B40800544C532D5253412D574954482D414553BF
:10B418002D3235362D4342432D53484132353600BF
:10B42800636C69656E742066696E6973686564002B
:10B438007365727665722066696E69736865640003
:10B44800544C5376312E3200544C5376312E3300FF
:10B458006D617374657220736563726574000000B2
:10B468006B657920657870616E73696F6E00000096
:10B478002B06010505070301000000002B06010546
:10B488000507030200000000444F574E475244018D
:10B4980000000000746C7331332000005504030071
:10B4A800747275650000000066616C7365000000C9
:10B4B8003F3F3F000A43657274696669636174655A
:10B4C80020697320756E696E697469616C6973654A
:10B4D80064210A002573636572742E207665727381
:10B4E800696F6E20202020203A2025640A00000081
:10B4F800257373657269616C206E756D6265722063
:10B50800202020203A2000000A257369737375658E
:10B5180072206E616D65202020202020203A2000B6
:10B528000A25737375626A656374206E616D6520A0
:10B5380020202020203A20000A257369737375653E
:10B548006420206F6E20202020202020203A2025F3
:10B558003034642D253032642D2530326420253076
:10B5680032643A253032643A2530326400000000F3
:10B578000A257365787069726573206F6E202020C4
:10B5880020202020203A20253034642D25303264B4
:10B598002D2530326420253032643A253032643A21
:10B5A80025303264000000000A25737369676E65F0
:10B5B80064207573696E672020202020203A2000BF
:10B5C8000A2573252D3138733A2025642062697461
:10B5D800730000000A2573626173696320636F6EEC
:10B5E80073747261696E7473203A2043413D257308
:10B5F800000000002C206D61785F706174686C65D4
:10B608006E3D2564000000000A25737375626A6543
:10B61800637420616C74206E616D6520203A0000AF
:10B628000A2573636572742E207479706520202052
:10B6380020202020203A20000A25736B6579207588
:10B64800736167652020202020202020203A2000D8
:10B658000A2573657874206B657920757361676551
:10B6680020202020203A20002573257300000000A8
:10B678002C2000000A25736365727469666963612A
:10B68800746520706F6C6963696573203A200000E7
:10B6980054686520636572746966696361746520BE
:10B6A80076616C6964697479206861732065787063
:10B6B8006972656400000000257325730A000000A4
:10B6C8002573556E6B6E6F776E20726561736F6E42
:10B6D8002028746869732073686F756C64206E6FB6
:10B6E800742068617070656E290A00002D2D2D2D5B
:10B6F8002D424547494E2043455254494649434106
:10B7080054452D2D2D2D2D002D2D2D2D2D454E44FF
:10B718002043455254494649434154452D2D2D2D2A
:10B728002D0000005468652063657274696669635A
:10B7380061746520686173206265656E2072657644
:10B748006F6B656420286973206F6E2061204352F7
:10B758004C290000546865206365727469666963E2
:10B7680061746520436F6D6D6F6E204E616D65204D
:10B7780028434E2920646F6573206E6F74206D61B5
:10B7880074636820776974682074686520657870C8
:10B79800656374656420434E0000000054686520AA
:10B7A8006365727469666963617465206973206E84
:10B7B8006F7420636F72726563746C792073696744
:10B7C8006E6564206279207468652074727573747C
:10B7D80065642043410000005468652043524C20B2
:10B7E8006973206E6F7420636F72726563746C790D
:10B7F800207369676E6564206279207468652074B7
:10B8080072757374656420434100000054686520B4
:10B8180043524C2069732065787069726564000032
:10B828004365727469666963617465207761732022
:10B838006D697373696E67004365727469666963DD
:10B8480061746520766572696669636174696F6E93
:10B858002077617320736B69707065640000000065
:10B868004F7468657220726561736F6E202863611A
:10B878006E20626520757365642062792076657232
:10B888006966792063616C6C6261636B29000000F2
:10B8980054686520636572746966696361746520BC
:10B8A80076616C6964697479207374617274732049
:10B8B800696E20746865206675747572650000008D
:10B8C8005468652043524C2069732066726F6D205E
:10B8D80074686520667574757265000055736167D4
:10B8E8006520646F6573206E6F74206D6174636882
:10B8F80020746865206B6579557361676520657884
:10B9080074656E73696F6E00557361676520646F47
:10B918006573206E6F74206D617463682074686548
:10B9280020657874656E6465644B657955736167E5
:10B938006520657874656E73696F6E00557361670D
:10B948006520646F6573206E6F74206D6174636821
:10B9580020746865206E734365727454797065202D
:10B96800657874656E73696F6E00000054686520B1
:10B9780063657274696669636174652069732073AD
:10B9880069676E6564207769746820616E20756EDA
:10B9980061636365707461626C6520686173682EA9
:10B9A8000000000054686520636572746966696305
:10B9B800617465206973207369676E6564207769AF
:10B9C800746820616E20756E61636365707461626E
:10B9D8006C6520504B20616C6720286567205253A6
:10B9E80041207673204543445341292E000000002E
:10B9F800546865206365727469666963617465205B
:10BA08006973207369676E6564207769746820615B
:10BA18006E20756E61636365707461626C65206B1E
:10BA28006579202865672062616420637572766590
:10BA38002C2052534120746F6F2073686F727429E1
:10BA48002E0000005468652043524C20697320730F
:10BA580069676E6564207769746820616E20756E09
:10BA680061636365707461626C6520686173682ED8
:10BA7800000000005468652043524C20697320730D
:10BA880069676E6564207769746820616E20756ED9
:10BA980061636365707461626C6520504B20616CF2
:10BAA8006720286567205253412076732045434418
:10BAB8005341292E000000005468652043524C2051
:10BAC8006973207369676E6564207769746820619B
:10BAD8006E20756E61636365707461626C65206B5E
:10BAE80065792028656720626164206375727665D0
:10BAF8002C2052534120746F6F2073686F72742921
:10BB08002E0000002A864886F70D01010800000073
:10BB1800202B200025733D003D0000003F3F3D00E5
:10BB28002C3D2B3C3E3B225C000000002320000003
:10BB380025303258257300002E2E2E2E00000000CE
:10BB4800202825732C204D4746312D25732C203075
:10BB580078253032582900002573206B65792073C9
:10BB6800697A65002B060105050708040000000036
:10BB7800644E534E616D65007266633832324E61B1
:10BB88006D6500000A2573202020203C756E7375B2
:10BB980070706F727465643E000000000A2573209F
:10BBA8002020203C6D616C666F726D65643E0000FC
:10BBB8000A2573202020206F746865724E616D65B8
:10BBC800203A00000A257320202020202020206809
:10BBD80061726477617265206D6F64756C65206E43
:10BBE800616D65203A0000000A257320202020207E
:10BBF80020202020202020686172647761726520EF
:10BC080074797065202020202020202020203A20D0
:10BC1800000000000A25732020202020202020205A
:10BC2800202020686172647761726520736572698B
:10BC3800616C206E756D626572203A20000000000C
:10BC480025303258000000000A2573202020207576
:10BC58006E69666F726D5265736F7572636549645C
:10BC6800656E746966696572203A20000A2573203A
:10BC78002020202573203A200000000069504164EC
:10BC8800647265737300000025752E25752E257561
:10BC98002E257500255825583A255825583A2558EF
:10BCA80025583A255825583A255825583A255825CB
:10BCB800583A255825583A25582558000A257320FA
:10BCC8002020206469726563746F72794E616D65B6
:10BCD800203A2000257353534C20436C69656E74D9
:10BCE80000000000257353534C205365727665722B
:10BCF800000000002573456D61696C0025734F6273
:10BD08006A656374205369676E696E670000000096
:10BD18002573526573657276656400002573535305
:10BD28004C204341000000002573456D61696C207B
:10BD38004341000025734F626A6563742053696745
:10BD48006E696E67204341002573446967697461B1
:10BD58006C205369676E61747572650025734E6F48
:10BD68006E205265707564696174696F6E000000B9
:10BD780025734B657920456E6369706865726D65DA
:10BD88006E74000025734461746120456E636970A8
:10BD98006865726D656E740025734B65792041671F
:10BDA8007265656D656E740025734B657920436512
:10BDB8007274205369676E00257343524C2053698F
:10BDC800676E00002573456E636970686572204F61
:10BDD8006E6C790025734465636970686572204FDD
:10BDE8006E6C79004D443500303132333435363796
:10BDF8003839414243444546000000004145532D2F
:10BE08003235362D47434D004145532D3139322DBA
:10BE180047434D004145532D3132382D47434D009E
:10BE28004145532D3235362D434243004145532D6C
:10BE38003139322D434243004145532D3132382D9B
:10BE4800434243004145532D3235362D4543420088
:10BE58004145532D3139322D454342004145532D3B
:10BE68003132382D454342002D2D2D2D2D454E4480
:10BE780020444820504152414D45544552532D2DA0
:10BE88002D2D2D002D2D2D2D2D424547494E204479
:10BE98004820504152414D45544552532D2D2D2D8A
:10BEA8002D000000551D1300416E7920506F6C69FC
:10BEB800637900002A864886F70D01010400000016
:10BEC8002A864886F70D0101010000002A8648CE1F
:10BED8003D030107000000002B0E030207000000CD
:10BEE8002A864886F70D0205000000002A86488643
:10BEF800F70D02090000000025632E2575000000DB
:10BF0800686D61635348413235360000484D4143FE
:10BF18002D5348412D323536000000002A864886C8
:10BF2800F70D020A00000000686D61635348413351
:10BF380038340000484D41432D5348412D3338349F
:10BF4800000000002A864886F70D020B000000005A
:10BF5800686D61635348413531320000484D4143B3
:10BF68002D5348412D3531320000000069642D6D94
:10BF78006435000060864801650304020100000082
:10BF880069642D7368613235360000005348412DCD
:10BF9800323536006086480165030402020000005D
:10BFA80069642D7368613338340000005348412DAB
:10BFB800333834006086480165030402030000003A
:10BFC80069642D7368613531320000005348412D92
:10BFD8003531320064657343424300004445532DB4
:10BFE800434243002A864886F70D030700000000F5
:10BFF8006465732D656465332D636263000000001A
:10C008004445532D454445332D4342430000000029
:10C018006086480165030401020000006165733110
:10C0280032382D63626300004145533132382D4365
:10C0380042430000608648016503040116000000C1
:10C048006165733139322D636263000041455331B4
:10C0580039322D43424300006086480165030401DC
:10C068002A0000006165733235362D636263000073
:10C078004145533235362D434243000073656370A2
:10C0880032353672310000007365637033383472AC
:10C0980031000000727361456E6372797074696F64
:10C0A8006E000000525341002A8648CE3D0201002E
:10C0B80069642D65635075626C69634B657900002E
:10C0C80047656E65726963204543206B657900009A
:10C0D8002B8104010C00000069642D65634448004D
:10C0E8004543206B657920666F72204543444800BC
:10C0F8006D643557697468525341456E637279703F
:10C1080074696F6E000000005253412077697468AB
:10C11800204D4435000000002A864886F70D0101AD
:10C128000B000000736861323536576974685253E2
:10C1380041456E6372797074696F6E005253412085
:10C1480077697468205348412D3235360000000065
:10C158002A864886F70D01010C00000073686133D8
:10C16800383457697468525341456E6372797074F4
:10C17800696F6E00525341207769746820534841B3
:10C188002D333834000000002A864886F70D010157
:10C198000D00000073686135313257697468525375
:10C1A80041456E6372797074696F6E005253412015
:10C1B80077697468205348412D35313200000000FA
:10C1C8002A8648CE3D0403020000000065636473BC
:10C1D800612D776974682D53484132353600000067
:10C1E80045434453412077697468205348413235A8
:10C1F800360000002A8648CE3D04030300000000F4
:10C2080065636473612D776974682D5348413338C9
:10C218003400000045434453412077697468205333
:10C2280048413338340000002A8648CE3D040304D0
:10C238000000000065636473612D776974682D538D
:10C248004841353132000000454344534120776965
:10C258007468205348413531320000002A864886E8
:10C26800F70D01010A0000005253415353412D506C
:10C278005353000069642D6B702D73657276657277
:10C288004175746800000000544C532057656220C3
:10C298005365727665722041757468656E7469635A
:10C2A8006174696F6E00000069642D6B702D636C9A
:10C2B80069656E744175746800000000544C532021
:10C2C80057656220436C69656E74204175746865B2
:10C2D8006E7469636174696F6E0000002B06010556
:10C2E800050703030000000069642D6B702D636F60
:10C2F80064655369676E696E67000000436F646523
:10C30800205369676E696E67000000002B060105FF
:10C31800050703040000000069642D6B702D656D2E
:10C3280061696C50726F74656374696F6E000000A8
:10C33800452D6D61696C2050726F74656374696F07
:10C348006E0000002B060105050703080000000029
:10C3580069642D6B702D74696D655374616D7069B6
:10C368006E67000054696D65205374616D70696E65
:10C37800670000002B0601050507030900000000FF
:10C3880069642D6B702D4F4353505369676E696E06
:10C39800670000004F435350205369676E696E670A
:10C3A800000000002B0601040182E42501000000C2
:10C3B80069642D6B702D776973756E2D66616E2DAE
:10C3C800646576696365000057692D53554E2041B1
:10C3D8006C6C69616E6365204669656C64204172A6
:10C3E8006561204E6574776F726B202846414E292F
:10C3F8000000000069642D63652D62617369634301
:10C408006F6E73747261696E747300004261736950
:10C418006320436F6E73747261696E7473000000F9
:10C42800551D0F0069642D63652D6B657955736122
:10C43800676500004B6579205573616765000000EA
:10C44800551D250069642D63652D6578744B6579E4
:10C458005573616765000000457874656E646564AE
:10C46800204B65792055736167650000551D1100E3
:10C4780069642D63652D7375626A656374416C74B4
:10C488004E616D65000000005375626A6563742033
:10C49800416C74204E616D650000000060864801A3
:10C4A80086F842010100000069642D6E65747363AB
:10C4B8006170652D636572747479706500000000A1
:10C4C8004E6574736361706520436572746966694B
:10C4D800636174652054797065000000551D200063
:10C4E80069642D63652D6365727469666963617437
:10C4F80065506F6C69636965730000004365727409
:10C508006966696361746520506F6C6963696573F6
:10C5180000000000551D0E0069642D63652D7375BC
:10C52800626A6563744B65794964656E74696669A6
:10C53800657200005375626A656374204B657920E3
:10C548004964656E7469666965720000551D23004B
:10C5580069642D63652D617574686F726974794BB0
:10C5680065794964656E74696669657200000000E2
:10C57800417574686F72697479204B6579204964D4
:10C58800656E7469666965720000000069642D61F2
:10C59800742D636F6D6D6F6E4E616D6500000000E8
:10C5A800436F6D6D6F6E204E616D6500434E0000E8
:10C5B8005504060069642D61742D636F756E74727D
:10C5C800794E616D65000000436F756E7472790075
:10C5D800430000005504070069642D61742D6C6FD9
:10C5E80063616C69747900004C6F63616C6974797C
:10C5F800000000004C0000005504080069642D612B
:10C60800742D73746174650053746174650000005F
:10C618005354000055040A0069642D61742D6F722B
:10C6280067616E697A6174696F6E4E616D6500004D
:10C638004F7267616E697A6174696F6E00000000FD
:10C648004F00000055040B0069642D61742D6F7252
:10C6580067616E697A6174696F6E616C556E697431
:10C668004E616D65000000004F726720556E697459
:10C67800000000004F5500002A864886F70D010982
:10C6880001000000656D61696C41646472657373D3
:10C6980000000000452D6D61696C2061646472655D
:10C6A800737300005504050069642D61742D73656A
:10C6B8007269616C4E756D626572000053657269CE
:10C6C800616C206E756D6265720000007365726939
:10C6D800616C4E756D6265720000000055041000B3
:10C6E80069642D61742D706F7374616C4164647238
:10C6F80065737300506F7374616C20616464726554
:10C7080073730000706F7374616C41646472657355
:10C71800730000005504110069642D61742D706F59
:10C728007374616C436F646500000000506F73742C
:10C73800616C20636F646500706F7374616C436F24
:10C74800646500005504040069642D61742D7375D7
:10C75800724E616D650000005375726E616D650003
:10C76800534E000055042A0069642D61742D6769D1
:10C7780076656E4E616D6500476976656E206E61FF
:10C788006D650000474E000055042B0069642D615B
:10C79800742D696E697469616C730000496E6974FF
:10C7A80069616C7300000000696E697469616C737B
:10C7B8000000000055042C0069642D61742D676524
:10C7C8006E65726174696F6E5175616C69666965D1
:10C7D8007200000047656E65726174696F6E207142
:10C7E80075616C69666965720000000067656E6551
:10C7F800726174696F6E5175616C69666965720002
:10C8080055040C0069642D61742D7469746C65009D
:10C818005469746C650000007469746C65000000EC
:10C8280055042E0069642D61742D646E5175616C18
:10C83800696669657200000044697374696E67759A
:10C848006973686564204E616D65207175616C69F6
:10C858006669657200000000646E5175616C6966F6
:10C86800696572005504410069642D61742D707307
:10C878006575646F6E796D0050736575646F6E7958
:10C888006D00000070736575646F6E796D0000004F
:10C898000992268993F22C640101000069642D75C0
:10C8A8006964000055736572204964007569640005
:10C8B8000992268993F22C640119000069642D6499
:10C8C8006F6D61696E436F6D706F6E656E74000099
:10C8D800446F6D61696E20636F6D706F6E656E7405
:10C8E800000000004443000055042D0069642D61D8
:10C8F800742D756E697175654964656E74696669CC
:10C9080065720000556E69717565204964656E74BD
:10C918006966696572000000756E697175654964BC
:10C92800656E7469666965720000000050726F6315
:10C938002D547970653A20342C454E435259505441
:10C948004544000044454B2D496E666F3A204145E9
:10C95800532D000044454B2D496E666F3A204145E2
:10C96800532D3132382D4342432C000044454B2D82
:10C97800496E666F3A204145532D3139322D434275
:10C98800432C000044454B2D496E666F3A204145C3
:10C99800532D3235362D4342432C0000696E7661A3
:10C9A8006C696420504B00007273612E4E000000C9
:10C9B8007273612E4500000065636B65792E510026
:10C9C8005253412D616C74004543445341000000AB
:10C9D80045435F4448000000454300002A8648CE8E
:10C9E8003D0101002D2D2D2D2D454E442052534142
:10C9F8002050524956415445204B45592D2D2D2D37
:10CA08002D0000002D2D2D2D2D424547494E205239
:10CA180053412050524956415445204B45592D2DDC
:10CA28002D2D2D002D2D2D2D2D454E4420454320F7
:10CA380050524956415445204B45592D2D2D2D2DE9
:10CA4800000000002D2D2D2D2D424547494E204533
:10CA5800432050524956415445204B45592D2D2DC0
:10CA68002D2D00002D2D2D2D2D454E4420505249A1
:10CA780056415445204B45592D2D2D2D2D00000094
:10CA88002D2D2D2D2D424547494E205052495641B6
:10CA98005445204B45592D2D2D2D2D002D2D2D2D57
:10CAA8002D454E4420525341205055424C49432075
:10CAB8004B45592D2D2D2D2D000000002D2D2D2DF0
:10CAC8002D424547494E20525341205055424C492A
:10CAD80043204B45592D2D2D2D2D00002D2D2D2D6D
:10CAE8002D454E44205055424C4943204B45592D25
:10CAF8002D2D2D2D000000002D2D2D2D2D424547CB
:10CB0800494E205055424C4943204B45592D2D2D17
:10CB18002D2D0000020305070B0D1113171D1F25EE
:10CB2800292B2F353B3D4347494F53596165676B67
:10CB38006D717F83898B95979DA3A7ADB3B5BFC151
:10CB4800C5C7D3DFE3E5E9EFF1FB00007365745F68
:10CB580057355830305F4E657454696D656F75741C
:10CB68000000000006005250D3F0754238960510B8
:10CB780006005250E182887F409605100600525008
:10CB8800ABB360535096051006005250BBFF3CB63D
:10CB98005896051006005250861C03026096051030
:10CBA800060052505422A29D6C9605100500525062
:10CBB800DE65F4689C390610D43A0210843A0210F3
:10CBC800843A0210CC3A0210843A0210843A0210D5
:10CBD800843A0210843A0210843A0210843A02100D
:10CBE800843A0210C43A0210843A0210BC3A021085
:10CBF800843A0210843A0210B43A0210F43C02104B
:10CC0800EA3A0210E43C0210EA3A0210CE3C021062
:10CC1800EA3A0210EA3A0210EA3A0210EA3A021034
:10CC2800EA3A0210EA3A0210EA3A0210DC3A021032
:10CC3800EA3A0210EA3A0210EA3A0210EA3A021014
:10CC4800EA3A0210DC3A0210923D02103E3A021013
:10CC58003E3A02103E3A02103E3A02103E3A0210A4
:10CC68003E3A02103E3A02103E3A02103E3A021094
:10CC78003E3A02103E3A02103E3A02103E3A021084
:10CC88003E3A02103E3A02103E3A02103E3A021074
:10CC98003E3A02103E3A02103E3A02103E3A021064
:10CCA8003E3A02103E3A02103E3A02103E3A021054
:10CCB8003E3A02103E3A02103E3A02103E3A021044
:10CCC8003E3A02103E3A0210083D0210603D021042
:10CCD800083D02103E3A02103E3A02103E3A021057
:10CCE8003E3A02103E3A02103E3A02103E3A021014
:10CCF8003E3A02103E3A02103E3A02103E3A021004
:10CD08003E3A02103E3A02103E3A02103E3A0210F3
:10CD18003E3A0210A23F02103E3A02103E3A02107A
:10CD28003E3A02103E3A02103E3A02103E3A0210D3
:10CD38003E3A02103E3A02103E3A0210A23F02105A
:10CD4800A43D0210A23F0210083D0210603D0210EF
:10CD5800083D021000000000000000000000F03F45
:10CD680000000000000024400000000000005940BE
:10CD78000000000000408F40000000000088C34011
:10CD880000000000006AF8400000000080842E4186
:10CD980000000000D01263410000000084D79741D2
:10CDA8000000000065CDCD410D0A0000060052507C
:10CDB80053B4F4A1A89605100800525012000000C0
:10CDC80008005250921000001F000000BA8C021098
:10CDD800028D0210028D0210948D0210688D0210CF
:10CDE800A28D0210028D0210028D0210948D021085
:10CDF800688D0210090052500000000210970510BB
:10CE0800080052501210020009005250000000029F
:10CE180070970510020202020202020202020202D6
:10CE28000202020234CE051009FF00000160401022
:10CE380000E080E026F00140451001408400000039
:10CE48000A000B0013000000646973706C61795F5D
:10CE58004E65745F496E666F000000007361766509
:10CE68005F446576436F6E6669675F746F5F73745E
:10CE78006F726167650000006C6F61645F4465767E
:10CE8800436F6E6669675F66726F6D5F73746F720A
:10CE980061676500646973706C61795F4465765F8A
:10CEA800496E666F5F646863700000006469737040
:10CEB8006C61795F4465765F496E666F5F6D616925
:10CEC8006E00000072657365745F74696D65725FEA
:10CED80063616C6C6261636B00000000010204080E
:10CEE80068747470735F77726974655F616C6C00E5
:10CEF80068747470735F73656E645F7061676500F2
:10CF0800687474705F7765627365727665725F7452
:10CF180061736B00040506073C21444F4354595084
:10CF2800452068746D6C3E0A3C68746D6C206C61B9
:10CF38006E673D226B6F223E0A3C686561643E0A5B
:10CF48003C6D65746120636861727365743D225538
:10CF580054462D38223E0A3C6D657461206E616D21
:10CF6800653D2276696577706F72742220636F6EF3
:10CF780074656E743D2277696474683D646576698A
:10CF880063652D77696474682C20696E69746961BA
:10CF98006C2D7363616C653D312E30223E0A3C7402
:10CFA80069746C653E573535525032302053746180
:10CFB8007475733C2F7469746C653E0A3C7374799C
:10CFC8006C653E0A626F6479207B0A202020206D00
:10CFD800617267696E3A20303B0A20202020626126
:10CFE800636B67726F756E643A20236536653665C4
:10CFF800363B0A20202020636F6C6F723A20233260
:10D0080032323B0A20202020666F6E742D66616DD7
:10D01800696C793A20224D616C67756E20476F7490
:10D02800686963222C20417269616C2C2073616EDF
:10D03800732D73657269663B0A7D0A2E7061676598
:10D04800207B0A20202020646973706C61793A2063
:10D05800666C65783B0A202020206761703A203191
:10D068003670783B0A202020206D61782D7769641E
:10D0780074683A203132303070783B0A2020202002
:10D088006D617267696E3A2031327078206175740B
:10D098006F3B0A2020202070616464696E673A2023
:10D0A80030203132707820313270783B0A202020CD
:10D0B80020626F782D73697A696E673A20626F72A1
:10D0C8006465722D626F783B0A7D0A2E7369646508
:10D0D800626172207B0A2020202077696474683A94
:10D0E8002032323070783B0A202020206261636B46
:10D0F80067726F756E643A20236633663366333B16
:10D108000A20202020626F726465723A203170789C
:10D1180020736F6C696420233865613061643B0A51
:10D128007D0A2E6D656E752D7469746C65207B0A99
:10D138002020202070616464696E673A2031347061
:10D148007820313670783B0A20202020666F6E7474
:10D158002D73697A653A20323470783B0A20202092
:10D1680020666F6E742D7765696768743A20626F00
:10D178006C643B0A20202020636F6C6F723A202376
:10D188003132343636643B0A20202020626F7264C4
:10D1980065722D626F74746F6D3A203170782073E8
:10D1A8006F6C696420233865613061643B0A202014
:10D1B80020206261636B67726F756E643A206C69D8
:10D1C8006E6561722D6772616469656E7428236586
:10D1D80065663466382C2023646365386566293BA8
:10D1E8000A7D0A2E6D656E75207B0A202020206C32
:10D1F8006973742D7374796C653A206E6F6E653B34
:10D208000A202020206D617267696E3A20303B0A3F
:10D218002020202070616464696E673A2031307084
:10D228007820303B0A7D0A2E6D656E75206C69206A
:10D238007B0A2020202070616464696E673A20317F
:10D2480032707820313870783B0A20202020626FB5
:10D25800726465722D746F703A2031707820736F24
:10D268006C696420236364643664633B0A2020206D
:10D2780020666F6E742D73697A653A20323470783F
:10D288003B0A20202020666F6E742D7765696768D9
:10D29800743A20626F6C643B0A20202020636F6C14
:10D2A8006F723A20233461346134613B0A7D0A2E5F
:10D2B8006D656E75206C692E616374697665207B77
:10D2C8000A202020206261636B67726F756E643A72
:10D2D80020236436653666343B0A20202020636F9D
:10D2E8006C6F723A20233065346237383B0A7D0A06
:10D2F8002E636F6E74656E74207B0A202020206672
:10D308006C65783A20313B0A20202020626F7264D5
:10D3180065723A2033707820736F6C69642023300B
:10D3280066356238373B0A202020206261636B67CC
:10D33800726F756E643A20236639663966393B0A1E
:10D348007D0A2E636F6E74656E742D686561646501
:10D3580072207B0A2020202070616464696E673A1D
:10D36800203130707820313870783B0A2020202016
:10D378006261636B67726F756E643A20233066353D
:10D388006238373B0A20202020636F6C6F723A2086
:10D39800236666663B0A20202020666F6E742D7314
:10D3A800697A653A20333070783B0A20202020665D
:10D3B8006F6E742D7765696768743A20626F6C6464
:10D3C8003B0A7D0A2E73656374696F6E207B0A20A1
:10D3D8002020206D617267696E3A20313870783B81
:10D3E8000A20202020626F726465723A20317078BA
:10D3F80020736F6C696420233765386439383B0AB9
:10D40800202020206261636B67726F756E643A201A
:10D41800236563656365633B0A7D0A2E73656374E0
:10D42800696F6E2D7469746C65207B0A202020203A
:10D4380070616464696E673A2038707820313270A0
:10D44800783B0A20202020626F726465722D626F1B
:10D4580074746F6D3A2031707820736F6C69642032
:10D46800233765386439383B0A20202020746578D2
:10D47800742D616C69676E3A2063656E7465723BE2
:10D488000A20202020666F6E742D73697A653A2011
:10D49800323870783B0A20202020666F6E742D7712
:10D4A80065696768743A20626F6C643B0A7D0A7428
:10D4B80061626C65207B0A2020202077696474688B
:10D4C8003A2063616C632831303025202D203230BA
:10D4D8007078293B0A202020206D617267696E3AB6
:10D4E80020313070783B0A20202020626F726465FA
:10D4F800722D636F6C6C617073653A20736570612F
:10D50800726174653B0A20202020626F7264657224
:10D518002D73706163696E673A203470783B0A7DB9
:10D528000A74682C207464207B0A20202020626FF3
:10D53800726465723A2031707820736F6C69642068
:10D54800233765376537653B0A20202020626163F1
:10D558006B67726F756E643A2023666166616661F7
:10D568003B0A20202020746578742D616C69676EF1
:10D578003A2063656E7465723B0A20202020706132
:10D588006464696E673A20387078203670783B0A90
:10D5980020202020666F6E742D73697A653A2032D8
:10D5A8003470783B0A7D0A7468207B0A202020208A
:10D5B8006261636B67726F756E643A2023663066CA
:10D5C8003066303B0A7D0A2E666F6F746572207B69
:10D5D8000A2020202070616464696E673A20313027
:10D5E8007078203136707820313870783B0A2020E6
:10D5F8002020746578742D616C69676E3A206365C4
:10D608006E7465723B0A20202020666F6E742D733D
:10D61800697A653A20323270783B0A2020202066E9
:10D628006F6E742D7765696768743A20626F6C64F1
:10D638003B0A7D0A406D6564696120286D61782D1B
:10D6480077696474683A20393030707829207B0A09
:10D65800202020202E70616765207B0A2020202052
:10D6680020202020666C65782D6469726563746972
:10D678006F6E3A20636F6C756D6E3B0A2020202018
:10D688007D0A202020202E73696465626172207BE8
:10D698000A202020202020202077696474683A20FE
:10D6A800313030253B0A202020207D0A20202020F0
:10D6B8002E6D656E75206C692C202E636F6E7465F7
:10D6C8006E742D6865616465722C202E73656374B1
:10D6D800696F6E2D7469746C652C2074682C2074C5
:10D6E800642C202E666F6F746572207B0A202020C0
:10D6F8002020202020666F6E742D73697A653A2089
:10D70800313670783B0A202020207D0A20202020F6
:10D718002E6D656E752D7469746C65207B0A2020EA
:10D72800202020202020666F6E742D73697A653A58
:10D7380020313870783B0A202020207D0A7D0A3C61
:10D748002F7374796C653E0A3C2F686561643E0AE4
:10D758003C626F64793E0A3C64697620636C61734D
:10D76800733D2270616765223E0A202020203C61BB
:10D778007369646520636C6173733D2273696465C2
:10D78800626172223E0A20202020202020203C6452
:10D79800697620636C6173733D226D656E752D74B7
:10D7A80069746C65223EED9884EC9EACEC8381ED47
:10D7B800839C3C2F6469763E0A202020202020206C
:10D7C800203C756C20636C6173733D226D656E75CA
:10D7D800223E0A2020202020202020202020203C1B
:10D7E8006C6920636C6173733D226163746976654B
:10D7F800223EEC98A8EC8AB5EB8F84EBB08FEC9EB8
:10D8080085EBA0A53C2F6C693E0A20202020202013
:10D818002020202020203C6C693EED86B5EC8BA0B2
:10D82800EB8DB0EC9DB4ED84B03C2F6C693E0A20C2
:10D8380020202020202020202020203C6C693EEB46
:10D8480084A4ED8AB8EC9B8CED81ACED9998EAB292
:10D85800BD3C2F6C693E0A2020202020202020205B
:10D868002020203C6C693EED9998EAB2BDEC84A476
:10D87800ECA0953C2F6C693E0A2020202020202017
:10D88800203C2F756C3E0A202020203C2F617369B4
:10D8980064653E0A0A202020203C6D61696E206381
:10D8A8006C6173733D22636F6E74656E74223E0AF9
:10D8B80020202020202020203C64697620636C6191
:10D8C80073733D22636F6E74656E742D6865616451
:10D8D8006572223E5B20EC98A8EC8AB5EB8F842019
:10D8E800EC84BCEC849C20EBB08F20EC9E85ECB6DD
:10D8F8009CEBA0A5EB8DB0EC9DB4ED84B0205D3C15
:10D908002F6469763E0A0A20202020202020203C0F
:10D9180073656374696F6E20636C6173733D227302
:10D92800656374696F6E223E0A2020202020202023
:10D9380020202020203C64697620636C6173733D4D
:10D948002273656374696F6E2D7469746C65223E09
:10D95800EC98A82CEC8AB5EB8F84EC84BCEC849C06
:10D9680020EAB384ECB8A1EAB0923C2F6469763E11
:10D978000A2020202020202020202020203C746104
:10D98800626C653E0A2020202020202020202020B4
:10D9980020202020203C74723E3C74683EEC98A8FD
:10D9A800EB8F842023313C2F74683E3C74643E30F6
:10D9B8002E3020E284833C2F74643E3C74683EEC35
:10D9C8008AB5EB8F842023313C2F74683E3C746405
:10D9D8003E302E3020253C2F74643E3C74683EEA6D
:10D9E800B2BDEBB3B42023313C2F74683E3C746461
:10D9F8003E323C2F74643E3C2F74723E0A20202035
:10DA0800202020202020202020202020203C74724C
:10DA18003E3C74683EEC98A8EB8F842023323C2F60
:10DA280074683E3C74643E302E3020E284833C2F80
:10DA380074643E3C74683EEC8AB5EB8F84202332D4
:10DA48003C2F74683E3C74643E302E3020253C2FB9
:10DA580074643E3C74683EEAB2BDEBB3B420233232
:10DA68003C2F74683E3C74643E323C2F74643E3CE8
:10DA78002F74723E0A2020202020202020202020E1
:10DA880020202020203C74723E3C74683EEC98A80C
:10DA9800EB8F842023333C2F74683E3C74643E3003
:10DAA8002E3020E284833C2F74643E3C74683EEC44
:10DAB8008AB5EB8F842023333C2F74683E3C746412
:10DAC8003E302E3020253C2F74643E3C74683EEA7C
:10DAD800B2BDEBB3B42023333C2F74683E3C74646E
:10DAE8003E323C2F74643E3C2F74723E0A20202044
:10DAF800202020202020202020202020203C74725C
:10DB08003E3C74683EEC98A8EB8F842023343C2F6D
:10DB180074683E3C74643E302E3020E284833C2F8F
:10DB280074643E3C74683EEC8AB5EB8F84202334E1
:10DB38003C2F74683E3C74643E302E3020253C2FC8
:10DB480074643E3C74683EEAB2BDEBB3B42023343F
:10DB58003C2F74683E3C74643E323C2F74643E3CF7
:10DB68002F74723E0A2020202020202020202020F0
:10DB780020202020203C74723E3C74683EEC98A81B
:10DB8800EB8F842023353C2F74683E3C74643E3010
:10DB98002E3020E284833C2F74643E3C74683EEC53
:10DBA8008AB5EB8F842023353C2F74683E3C74641F
:10DBB8003E302E3020253C2F74643E3C74683EEA8B
:10DBC800B2BDEBB3B42023353C2F74683E3C74647B
:10DBD8003E303C2F74643E3C2F74723E0A20202055
:10DBE800202020202020202020202020203C74726B
:10DBF8003E3C74683EEC98A8EB8F842023363C2F7B
:10DC080074683E3C74643E302E3020E284833C2F9E
:10DC180074643E3C74683EEC8AB5EB8F84202336EE
:10DC28003C2F74683E3C74643E302E3020253C2FD7
:10DC380074643E3C74683EEAB2BDEBB3B42023364C
:10DC48003C2F74683E3C74643E303C2F74643E3C08
:10DC58002F74723E0A2020202020202020202020FF
:10DC680020202020203C74723E3C74683EEC98A82A
:10DC7800EB8F842023373C2F74683E3C74643E301D
:10DC88002E3020E284833C2F74643E3C74683EEC62
:10DC98008AB5EB8F842023373C2F74683E3C74642C
:10DCA8003E302E3020253C2F74643E3C74683EEA9A
:10DCB800B2BDEBB3B42023373C2F74683E3C746488
:10DCC8003E303C2F74643E3C2F74723E0A20202064
:10DCD800202020202020202020202020203C74727A
:10DCE8003E3C74683EEC98A8EB8F842023383C2F88
:10DCF80074683E3C74643E302E3020E284833C2FAE
:10DD080074643E3C74683EEC8AB5EB8F84202338FB
:10DD18003C2F74683E3C74643E302E3020253C2FE6
:10DD280074643E3C74683EEAB2BDEBB3B420233859
:10DD38003C2F74683E3C74643E303C2F74643E3C17
:10DD48002F74723E0A20202020202020202020200E
:10DD5800203C2F7461626C653E0A20202020202020
:10DD680020203C2F73656374696F6E3E0A0A202079
:10DD78002020202020203C73656374696F6E206327
:10DD88006C6173733D2273656374696F6E223E0A1A
:10DD98002020202020202020202020203C6469767C
:10DDA80020636C6173733D2273656374696F6E2DB4
:10DDB8007469746C65223EEC84BCEC849C20EC8312
:10DDC80081ED839C20282031203A20ECA095EC831B
:10DDD800812C2032203A20EAB2BDEBB3B420293C92
:10DDE8002F6469763E0A2020202020202020202031
:10DDF80020203C7461626C653E0A2020202020208F
:10DE0800202020202020202020203C74723E3C74BA
:10DE1800683EEC84BCEC849C2031ED98B8EAB8B03C
:10DE280020EC8381ED839C3C2F74683E3C74643EF7
:10DE3800323C2F74643E3C74683EEC84BCEC849C99
:10DE48002032ED98B8EAB8B020EC8381ED839C3C91
:10DE58002F74683E3C74643E323C2F74643E3C2F01
:10DE680074723E0A202020202020202020202020FC
:10DE7800202020203C74723E3C74683EEC84BCEC4C
:10DE8800849C2033ED98B8EAB8B020EC8381ED8308
:10DE98009C3C2F74683E3C74643E323C2F74643E54
:10DEA8003C74683EEC84BCEC849C2034ED98B8EA61
:10DEB800B8B020EC8381ED839C3C2F74683E3C74A1
:10DEC800643E323C2F74643E3C2F74723E0A20201C
:10DED80020202020202020202020202020203C74CA
:10DEE800723E3C74683EEC84BCEC849C2035ED9812
:10DEF800B8EAB8B020EC8381ED839C3C2F74683E6F
:10DF08003C74643E323C2F74643E3C74683EEC843E
:10DF1800BCEC849C2036ED98B8EAB8B020EC83813C
:10DF2800ED839C3C2F74683E3C74643E323C2F74F5
:10DF3800643E3C2F74723E0A20202020202020209E
:10DF480020202020202020203C74723E3C74683E13
:10DF5800EC84BCEC849C2037ED98B8EAB8B020EC8F
:10DF68008381ED839C3C2F74683E3C74643E323C54
:10DF78002F74643E3C74683EEC84BCEC849C20386E
:10DF8800ED98B8EAB8B020EC8381ED839C3C2F74FF
:10DF9800683E3C74643E323C2F74643E3C2F74727D
:10DFA8003E0A202020202020202020202020202061
:10DFB80020203C74723E3C74683EEC84BCEC849C2B
:10DFC8002039ED98B8EAB8B020EC8381ED839C3C09
:10DFD8002F74683E3C74643E323C2F74643E3C743B
:10DFE800683EEC84BCEC849C203130ED98B8EAB8EB
:10DFF800B020EC8381ED839C3C2F74683E3C7464B4
:10E008003E323C2F74643E3C2F74723E0A2020201E
:10E01800202020202020202020202020203C747236
:10E028003E3C74683EEC84BCEC849C203131ED9815
:10E03800B8EAB8B020EC8381ED839C3C2F74683E2D
:10E048003C74643E323C2F74643E3C74683EEC84FD
:10E05800BCEC849C203132ED98B8EAB8B020EC834F
:10E0680081ED839C3C2F74683E3C74643E323C2FA7
:10E0780074643E3C2F74723E0A2020202020202009
:10E0880020202020203C2F7461626C653E0A2020ED
:10E098002020202020203C2F73656374696F6E3E1A
:10E0A8000A0A20202020202020203C736563746900
:10E0B8006F6E20636C6173733D2273656374696F5F
:10E0C8006E223E0A202020202020202020202020F0
:10E0D8003C64697620636C6173733D227365637475
:10E0E800696F6E2D7469746C65223EEB8DB0EC9D82
:10E0F800B4ED84B020EC8898EC8BA020EBB094ECC5
:10E108009DB4ED8AB83C2F6469763E0A2020202011
:10E1180020202020202020203C7461626C653E0A6B
:10E1280020202020202020202020202020202020E7
:10E138003C74723E3C74683EED86B5EC8BA0EC8373
:10E1480081ED839C3C2F74683E3C74643E323C2FC6
:10E1580074643E3C74683E303AECA095EC83812CA4
:10E16800323AEC9DB4EC83813C2F74683E3C746475
:10E178003E2D3C2F74643E3C2F74723E0A202020B2
:10E18800202020202020202020202020203C7472C5
:10E198003E3C74683EEC8898EC8BA0ECB2B4ED8100
:10E1A800ACEC84AC3C2F74683E3C74643E303C2F2D
:10E1B80074643E3C74683EEAB384EC82B0ECB2B45A
:10E1C800ED81ACEC84AC3C2F74683E3C74643E300A
:10E1D8003C2F74643E3C2F74723E0A20202020207D
:10E1E80020202020202020202020203C74723E3C2B
:10E1F80074683EED86B5EC8BA0ECB2B4ED81AC3C16
:10E208002F74683E3C74643E303C2F74643E3C740A
:10E21800683EED86B5EC8BA0ED81B4EB9E98EAB72D
:10E22800B83C2F74683E3C74643E303C2F74643EA6
:10E238003C2F74723E0A20202020202020202020FD
:10E2480020203C2F7461626C653E0A20202020202B
:10E258002020203C2F73656374696F6E3E0A0A2084
:10E26800202020202020203C64697620636C617384
:10E27800733D22666F6F746572223EEAB8B0EBB3E5
:10E28800B820ED9994EBA9B420EAB3A8EAB2A9EBB7
:10E29800A78C20ECA081EC9AA9EB909C20EC8381C0
:10E2A800ED839CEC9E85EB8B88EB8BA42E3C2F6436
:10E2B80069763E0A202020203C2F6D61696E3E0A57
:10E2C8003C2F6469763E0A3C2F626F64793E0A3CB3
:10E2D8002F68746D6C3E0A0077697A636869705FAD
:10E2E8007265636F766572790000000070726F6303
:10E2F8006573735F64686370000000006E65745F27
:10E308007374617475735F7461736B0008005250A5
:10E318000A414629C6BF0210AABF0210A4BF0210B4
:10E32800A8BF0210A8BF0210B4BF0210BCBF0210E1
:10E33800A2BF021077697A5F746C735F7365727637
:10E3480065725F68616E647368616B6500000000E8
:10E3580077697A5F746C735F6465696E69740000CD
:10E3680077697A5F746C735F7365727665725F69DB
:10E378006E6974002D2D2D2D2D424547494E205094
:10E38800524956415445204B45592D2D2D2D2D0DC3
:10E398000A4D494945765149424144414E42676BCD
:10E3A80071686B694739773042415145464141535D
:10E3B80043424B63776767536A41674541416F49F9
:10E3C80042415144555A50492B4A6C5671516A463C
:10E3D800500D0A6739704D63346D462B67774C468C
:10E3E8007459502F5257666B715378643176437A5B
:10E3F8003759385A564878755A34514F3233576618
:10E4080078382B4B466E32306632302B41307A6387
:10E418006975620D0A3346463554617A6B582F6622
:10E4280061567244377457756D62546E5A6F6A4DEF
:10E4380076706F4F4241547A78723272616A4274D0
:10E4480073336D572B346A483879397771356F4192
:10E45800624648514B0D0A4B75584D455A5A5A74E5
:10E46800416E494F4C68556B6E6C672F524F4F6326
:10E478004A313545703830506B2B4C5934647953D8
:10E488006F547561456F436566553932716E36450F
:10E498004B487A786132470D0A41735456426333C8
:10E4A80046684E466448667A4153765A30556C4BF6
:10E4B8005241552B5746574A446C2F364D32386CCB
:10E4C8004963453461366B716C41726F46565451DD
:10E4D8006843525379446F39750D0A2F495952646C
:10E4E80059593550586F6944646B4F47776D304CB4
:10E4F8005A376D35613756734A5633732B7238590C
:10E508005172646A58334B6E455A42684E6266626D
:10E518006A6F50627A7152777946410D0A2B4354DB
:10E528005A3239443341674D424141454367674553
:10E538004159566479666E46724C437679465A4E0E
:10E54800456455317564657A486F44317A46686A1E
:10E558005431444B4E4D4A6958675931590D0A3563
:10E56800413037705347424138643436356D505A1C
:10E57800426C795165437A2B6B44464C424C6A5540
:10E5880061654433366874324B7A7A46796F734BD7
:10E59800764257796775394F37564F364550550D7E
:10E5A8000A655564722B77682B58484E69446C3954
:10E5B80050476C446F774164656648727673336D73
:10E5C8004952544372365038576654343654583189
:10E5D8005258644654743950464A72384F4C504920
:10E5E800360D0A464D50507A76515778455856346C
:10E5F8006954745343304A314C346F5651624D411B
:10E6080061394E562F4449384E4634397A56632F6D
:10E61800547538437055336B53356554375A6134E4
:10E62800384F540D0A77446949515844344A724F57
:10E638002B74766F7A506B4E2F70737276525236F7
:10E64800737274446852484A396A677A2F4941514B
:10E65800523952543370594E7668514B6C4C575A54
:10E668005A553477430D0A7852616E3441765A719F
:10E678007841574B57624135364133367171564AA6
:10E68800486D454179576367422F5537624A634958
:10E69800514B42675144776E626C6467695A627A7B
:10E6A8003437394B654F500D0A4B6F4249716C4EE8
:10E6B8004471437A70726C6E6D50362F4C4A6952B1
:10E6C8007A5265674D2F334E766632322B32597641
:10E6D80058724766734D5632664D5A6F33706532BD
:10E6E8004B7941354B6C6244550D0A714236334FB4
:10E6F80079414578497A766C6E4F33374E4B787846
:10E708005A375A55536E676E797A70313564395570
:10E718005A7461346D787973456A35502F5366762B
:10E728004157315A464F30354D4D690D0A52322FF7
:10E73800786B7770792B5061746D724E5743342F14
:10E74800515639494536774B42675144682B553203
:10E7580054454B77474F374D3650643052646F32CB
:10E768007673705A5373496D617A3676790D0A3229
:10E7780065305A677752524C336D764C422B75741C
:10E788006C36335331754A564A5A4D4F674E5A576D
:10E7980066552F386F753046737974527767325AD9
:10E7A80073726555316272506F424A387651500D16
:10E7B8000A6E5038477474333244323054554574B5
:10E7C800753158586E45537965467470364E6C5A93
:10E7D800573933694C515148434B3243314E7233A8
:10E7E800686932683179715754343555553945431C
:10E7F800560D0A516E5A4D6A5369524A514B426737
:10E8080051435A686F6D33754574785755594C455F
:10E818007163337567365154743142316853534AC2
:10E82800635547764B775747776732354F766A484F
:10E838007A73770D0A63555938392B4861677737EA
:10E848007344624F473138646D716D436570486336
:10E858003537376B6364776A694D4C2B46533051B3
:10E86800427579577176566A535252334E32354F44
:10E8780030317474350D0A65533458722F4A49552E
:10E888007943504C5276697259515152342F383568
:10E8980054376A74504D73394266684D386A2F414F
:10E8A800777569535973543439796E4F7547756361
:10E8B800514B42674557660D0A616964466D377268
:10E8C800503667696E787454366B657A774F534360
:10E8D80042412B534F313475625756486937424786
:10E8E8005862775A7073646C436C7977694B374810
:10E8F800455067702B56556E530D0A545A3347507E
:10E9080051546667584268306B5877706443614861
:10E918004D3265464369306B6A32395156587751E2
:10E92800624C75546330466B4467317A48334537D7
:10E938004E7049634566334E654C560D0A6E473531
:10E948004C4F5239352F664858532B6D52366A3121
:10E95800676B6D4E65577A42356B4F7872376362D5
:10E968006F4E766542416F4741454352336D72356C
:10E97800463675346D64577554656D634E0D0A34AB
:10E988005351566F2F4B6137576C497170412F4661
:10E99800585574346F68322B74526F5435496D6E04
:10E9A80073527232334B4341396B334B5662737136
:10E9B8004D643972656737335A7359434949570D5E
:10E9C8000A33774B732F3547486D754E563441726D
:10E9D800563844382B2B41694F69316E6944617050
:10E9E8007A7A7430537571786C78476B4536646CF5
:10E9F8003937557541584B6B464D6950717059649C
:10EA08004A0D0A6F2F6F683153324330714B62667B
:10EA18004765737A494A4A5537733D0D0A2D2D2D9E
:10EA28002D2D454E442050524956415445204B45C2
:10EA3800592D2D2D2D2D0D0A000000002D2D2D2DC9
:10EA48002D424547494E2043455254494649434182
:10EA580054452D2D2D2D2D0D0A4D494945466A4306
:10EA680043417636674177494241674955646A6C44
:10EA78004242474C726C696A733143364268425667
:10EA88002B656F4530723051774451594A4B6F5A54
:10EA9800496876634E4151454C0D0A4251417766AB
:10EAA80054454C4D416B474131554542684D4353A0
:10EAB800314978446A414D42674E564241674D425A
:10EAC800564E6C623356734D51347744415944560F
:10EAD800515148444156545A5739310D0A624445F8
:10EAE8005A4D426347413155454367775156306C1B
:10EAF80061626D56304945787659324673494552B8
:10EB08006C646A45544D42454741315545437777D2
:10EB18004B5346525555464D675647567A0D0A642B
:10EB28004445654D427747413155454177775656BB
:10EB38007A5531556C41794D43424D62324E686287
:10EB48004342536232393049454E424D423458446B
:10EB58005449324D4451794D6A41304E5467780DCD
:10EB68000A4D466F5844544D324D4451784F5441E4
:10EB7800304E5467784D466F77646A454C4D416B0B
:10EB8800474131554542684D4353314978446A41BC
:10EB98004D42674E564241674D42564E6C6233565F
:10EBA800730D0A4D513477444159445651514844E4
:10EBB8004156545A5739316244455A4D4263474188
:10EBC8003155454367775156306C61626D5630490F
:10EBD800457876593246734945526C646A45544DB6
:10EBE8004245470D0A413155454377774B534652C5
:10EBF8005555464D675647567A644445584D4255D3
:10EC080047413155454177774F4D546B794C6A45AB
:10EC1800324F4334784D5334784D5467776767459E
:10EC2800694D4130470D0A43537147534962334494
:10EC380051454241515541413449424477417767F2
:10EC480067454B416F4942415144555A50492B4AF7
:10EC58006C5671516A46506739704D63346D462B56
:10EC680067774C467459500D0A2F5257666B71538B
:10EC780078643176437A3759385A564878755A3411
:10EC8800514F3233576678382B4B466E32306632E6
:10EC9800302B41307A636975623346463554617A60
:10ECA8006B582F6661567244370D0A7457756D623A
:10ECB800546E5A6F6A4D76706F4F4241547A78722B
:10ECC8003272616A427473336D572B346A483879EB
:10ECD800397771356F41624648514B4B75584D45F0
:10ECE8005A5A5A74416E494F4C68550D0A6B6E6CEE
:10ECF800672F524F4F634A313545703830506B2B70
:10ED08004C59346479536F547561456F4365665542
:10ED18003932716E36454B487A78613247417354BF
:10ED28005642633346684E466448667A410D0A5334
:10ED3800765A30556C4B5241552B5746574A446CBE
:10ED48002F364D32386C4963453461366B716C41EE
:10ED5800726F465654516843525379446F39752F30
:10ED68004959526459593550586F6944646B4F0D6D
:10ED78000A47776D304C5A376D35613756734A56A6
:10ED880033732B7238595172646A58334B6E455A33
:10ED980042684E6266626A6F50627A71527779464B
:10EDA800412B43545A3239443341674D424141471C
:10EDB8006A0D0A675A5177675A4577487759445612
:10EDC80052305242426777466F6345774B674C64CF
:10EDD8006F494F4D546B794C6A45324F4334784DE7
:10EDE8005334784D546777435159445652305442FE
:10EDF8004149770D0A4144414F42674E56485138C0
:10EE0800424166384542414D434261417745775911
:10EE1800445652306C42417777436759494B77598A
:10EE280042425155484177457748515944565230E6
:10EE38004F424259450D0A464C7741572B583531B8
:10EE48003977473731336339796A77502F326D46CE
:10EE58004D57644D42384741315564497751594DB2
:10EE680042614146443277534E6D4B396E54722F8E
:10EE7800356669336665330D0A5046633479593906
:10EE8800784D4130474353714753496233445145A4
:10EE98004243775541413449424151433348624BDB
:10EEA800653130626C4C306953726F6B3757594615
:10EEB80055415461657247776E0D0A75504F654923
:10EEC800737759753775306434686E392B544642F8
:10EED8005449456E5370566743477A7965426E3593
:10EEE800684E6A6A6D61674647366F6D78674F533B
:10EEF80078667172496C52535630320D0A59493549
:10EF0800762B676135756F4A623967715A4C734A57
:10EF18003278686D58514D7569464176553070693B
:10EF2800536734676448624269576A444C446E695F
:10EF3800705A3943594B7630754A6A456C0D0A57F1
:10EF4800542B674574394F6B62696B7330734F7517
:10EF58003551427848313478596449577254697147
:10EF6800697A565152574742395047374A463066B0
:10EF7800456641426F3669713752592B776A6D0D74
:10EF88000A623078537433734365364C6A2B5543A1
:10EF9800776D2B462B306A76657232593167745516
:10EFA800486E4D705168716D38574D42355637551A
:10EFB8004B764B4D4B597763313144376D5362363D
:10EFC800580D0A5868625964545A6A376668673730
:10EFD8005A5A76304741715164502B546677684CC1
:10EFE800534B4D376E4E72746E59457765594B4980
:10EFF800734D564E797A62584139740D0A2D2D2D6C
:10F008002D2D454E442043455254494649434154C9
:10F01800452D2D2D2D2D0D0A0000000000D20210C7
:10F02800ECD1021066D10210D4D1021066D10210C0
:10F0380066D10210B6D1021066D1021066D1021054
:10F0480066D1021066D1021066D1021066D1021094
:10F0580066D1021066D1021066D1021066D1021084
:10F0680066D1021066D1021066D1021066D1021074
:10F0780066D1021066D1021066D1021066D1021064
:10F0880066D1021066D1021066D1021066D1021054
:10F0980066D1021066D1021066D1021066D1021044
:10F0A80066D1021066D1021066D1021066D1021034
:10F0B80066D1021066D1021066D1021066D1021024
:10F0C80066D1021066D1021066D1021066D1021014
:10F0D80066D1021066D1021066D1021066D1021004
:10F0E80066D1021066D1021090D1021066D10210CA
:10F0F80088D102106ED102107ED30210BAD302104A
:10F10800D0D3021096D30210ACD30210EADF02105B
:10F1180002E00210D2DF0210E4DF021010E0021059
:10F1280026E00210A8DF0210BEDF021082E1021002
:10F13800D4E1021020E202103CE202103AE102108F
:10F148005EE102108AE50210B8E50210C8E5021077
:10F15800E6E502102AE6021042E602105CE602101A
:10F1680074E602108EE60210AEE60210DCE602102B
:10F17800E4E602108EE50210ECE6021092E50210B9
:10F18800A8E5021090EB0210A4EB0210CAEB0210E3
:10F19800F2EB0210F8EB0210FEEB02100213000073
:10F1A800E0B20510100A0000040304030113000074
:10F1B800FCB205100E090000040304039F000000C0
:10F1C80018B30510100A0200030303039E00000091
:10F1D8003CB305100E090200030303036700000097
:10F1E80060B3051005090200030303036B00000068
:10F1F80084B3051007090200030303039D00000000
:10F20800A8B30510100A0100030303039C000000C3
:10F21800C8B305100E090100030303033C000000F6
:10F22800E8B3051005090100030303033D000000CE
:10F2380008B40510070901000303030300000000D8
:10F2480080B4051000000000000000000313000057
:10F25800021300000113000004130000051300004E
:10F26800A8CC0000A9CC0000AACC00002CC000004B
:10F2780030C000009F000000ADC000009FC000002B
:10F2880024C0000028C000006B0000000AC0000075
:10F2980014C0000039000000AFC00000A3C0000087
:10F2A80087C000008BC000007DC0000073C0000054
:10F2B80077C00000C4000000880000005DC00000A6
:10F2C80061C0000053C0000049C000004DC00000EC
:10F2D80045C000002BC000002FC000009E000000A9
:10F2E800ACC000009EC0000023C0000027C0000082
:10F2F8006700000009C0000013C0000033000000D0
:10F30800AEC00000A2C0000086C000008AC0000095
:10F318007CC0000072C0000076C00000BE00000083
:10F32800450000005CC0000060C0000052C0000042
:10F3380048C000004CC0000044C00000ACCC000035
:10F34800ADCC0000AB000000A7C0000038C0000032
:10F35800B300000036C000009100000091C000001A
:10F368009BC0000097C00000ABC000006DC000004B
:10F3780071C0000067C00000AA000000A6C000001D
:10F3880037C00000B200000035C000009000000047
:10F3980090C0000096C000009AC00000AAC00000FB
:10F3A8006CC0000070C0000066C00000FFC0000014
:10F3B8009D0000009DC000003D00000035000000D9
:10F3C80032C000002AC000000FC000002EC000009C
:10F3D80026C0000005C00000A1C000007BC00000DE
:10F3E800C0000000840000008DC0000079C000004B
:10F3F80089C0000075C000005FC0000063C0000045
:10F4080051C000004BC000004FC000003DC00000CC
:10F418009C0000009CC000003C0000002F00000081
:10F4280031C0000029C000000EC000002DC000003F
:10F4380025C0000004C00000A0C000007AC0000081
:10F44800BA000000410000008CC0000078C0000035
:10F4580088C0000074C000005EC0000062C00000E8
:10F4680050C000004AC000004EC000003CC0000070
:10F47800AECC0000AD000000B70000009500000011
:10F4880093C0000099C000006FC0000069C0000070
:10F49800AC000000B60000009400000092C000001C
:10F4A80098C000006EC0000068C00000ABCC00002F
:10F4B800A9000000A5C00000AF0000008D000000FA
:10F4C8008FC0000095C00000A9C000006BC00000FC
:10F4D80065C00000A8000000A4C00000AE00000045
:10F4E8008C0000008EC0000094C00000A8C000007E
:10F4F8006AC0000064C0000006C0000010C0000020
:10F508003BC000003AC0000039C00000B500000050
:10F51800B40000002D0000003B00000002000000C5
:10F52800010000000BC0000001C00000B90000008D
:10F53800B80000002E000000B1000000B00000007C
:10F548002C00000000000000740E0310900E031041
:10F55800740E0310740E0310740E0310A20E031021
:10F56800740E0310B60E0310740E0310740E0310FD
:10F57800740E0310740E0310740E0310740E03102F
:10F58800BA0E0310BE0E03107A0E0310010200001B
:10F598001703000000000418000506070800090A00
:10F5A8000B0C191A000000001C0000000000001BD2
:10F5B80000000000000D0E0F101100121314151694
:10F5C80003060500C200000003060500C200000093
:10F5D8000100000000000405060000000304030504
:10F5E80000000000030403050000000003060608ED
:10F5F80001060305050801050304040801040000C9
:10F6080003040305060805080408010601050104AA
:10F61800000000002BC000002CC00000000000000B
:10F628001700180000000000170018000001010171
:10F638000201030104010000FFFFFFFFFFFFFFFFBE
:10F64800C90FDAA22168C234C4C6628B80DC1CD11F
:10F6580029024E088A67CC74020BBEA63B139B2274
:10F66800514A08798E3404DDEF9519B3CD3A431B1E
:10F67800302B0A6DF25F14374FE1356D6D51C2457D
:10F68800E485B576625E7EC6F44C42E9A637ED6B3A
:10F698000BFF5CB6F406B7EDEE386BFB5A899FA5F5
:10F6A800AE9F24117C4B1FE649286651ECE45B3D74
:10F6B800C2007CB8A163BF0598DA48361C55D39AB6
:10F6C80069163FA8FD24CF5F83655D23DCA3AD9653
:10F6D8001C62F356208552BB9ED529077096966DFD
:10F6E800670C354E4ABC9804F1746C08CA18217C22
:10F6F80032905E462E36CE3BE39E772C180E86035C
:10F708009B2783A2EC07A28FB5C55DF06F4C52C949
:10F71800DE2BCBF6955817183995497CEA956AE59A
:10F7280015D2261898FA051015728E5A8AACAA684E
:10F73800FFFFFFFFFFFFFFFF030000090A0B0000A8
:10F7480018000412800117000312000100000000D5
:10F758000000000000000000D4340310DC34031063
:10F76800B8320310F6330310FE330310423403108B
:10F7780056300310883003109E3003105C3103109C
:10F78800743203107C320310843203108C3203105D
:10F79800463003104E300310783C0310803C0310B1
:10F7A800BC3E031048400310524003107A40031037
:10F7B8004841031034440310B0410310264303109A
:10F7C800724103107C4103108641031090410310DD
:10F7D800563C0310703C0310104803102C470310CC
:10F7E8002C4703102C4703102C4703102C470310F9
:10F7F8002C4703102C4703102C4703102C470310E9
:10F8080076470310BE4503102C4703105E470310CC
:10F818002C4703102C470310484703108C4E031045
:10F82800944E0310D04F0310445003106C4E031035
:10F83800965003106C4E0310285103106C4E0310A1
:10F84800445103106C4E0310545103106C4E0310B6
:10F85800885103106C4E0310BE5103106C4E0310F8
:10F868006C4E0310CA5103103E5203106C4E031025
:10F87800C65203106C4E03106C4E0310D652031080
:10F888006C4E03107E4E031094600310265C031028
:10F898002E5C0310005F0310065C0310105F03105A
:10F8A800065C0310485F0310065C0310645F0310D6
:10F8B800065C0310745F0310065C0310905F03106E
:10F8C80090600310B25F0310065C0310065C03101F
:10F8D800065C0310BE5F0310065C03107060031023
:10F8E80080600310185C0310444F574E4752440081
:10F8F8001C71031012710310847003103C71031003
:10F908003271031010000000140000001400000001
:10F9180000000000000000001C00000020000000A3
:10F9280030000000400000001C0000002000000023
:10F9380000000000000000001C0000002000000083
:10F948003000000040000000CF21AD74E59A61113D
:10F95800BE1D8C021E65B891C2A211167ABB8C5EC0
:10F96800079E09E2C8A8339C10000000140000009C
:10F978001400000000000000000000001C0000004F
:10F988002000000030000000400000001C000000C3
:10F998002000000000000000000000001C00000023
:10F9A80020000000300000004000000066696E6919
:10F9B80073686564726573756D7074696F6E74725F
:10F9C8006166666963207570646578706F727465C6
:10F9D800726B6579697663206873207472616666F4
:10F9E800696363206170207472616666696363206D
:10F9F8006520747261666669637320687320747227
:10FA080061666669637320617020747261666669F5
:10FA18006373206520747261666669636520657822
:10FA280070206D6173746572726573206D61737493
:10FA38006572657870206D6173746572657874207D
:10FA480062696E6465727265732062696E6465725C
:10FA580064657269766564544C5320312E332C20CA
:10FA6800636C69656E742043657274696669636165
:10FA78007465566572696679544C5320312E332C5F
:10FA8800207365727665722043657274696669636E
:10FA9800617465566572696679000000CAA503102D
:10FAA8008EA503102CA6031076A503102CA6031010
:10FAB8002CA603102CA6031024A403102CA60310B4
:10FAC8002CA603102CA603102CA603102CA603109A
:10FAD8002CA603102CA603102CA603102CA603108A
:10FAE8002CA603102CA603102CA603102CA603107A
:10FAF8002CA603102CA603102CA603102CA603106A
:10FB08002CA603102CA603102CA603102CA6031059
:10FB18002CA603102CA60310D0A40310551D2500F5
:10FB28000000000000070000FFFFFF0FFC000000BE
:10FB380000080000551D2000000000000100000022
:10FB480098B60510020000002CB70510040000004C
:10FB58005CB7051008000000A4B7051010000000ED
:10FB6800E0B705102000000014B8051040000000A0
:10FB780028B805108000000040B8051000010000FA
:10FB880068B805100002000098B8051000040000CD
:10FB9800C8B8051000080000E4B8051000100000FF
:10FBA80010B905100020000044B9051000400000FD
:10FBB80074B9051000800000ACB905100000010000
:10FBC800F8B90510000002004CBA05100000040046
:10FBD8007CBA051000000800C0BA0510000000003B
:10FBE800000000000000000000000000000000000D
:10FBF800FFFFFFFF000300000A0000000C000000E8
:10FC08000000000000070000FFFFFF0FFC080000D5
:10FC180000080000DAB503109AB60310B8B603104E
:10FC2800CEB50310C8B60310CEB5031008B703103D
:10FC380018B70310B2B9031050B9031050B9031024
:10FC48008ABA031032BB03108ABA03101EBB031012
:10FC5800A4BA0310ECBD051000000000000000006D
:10FC68000000000000000000000000000CBF0510AC
:10FC780034BF05105CBF051002020402040204062A
:10FC88000206040204060602060402060406080424
:10FC9800020402040E0406020A020606040606020C
:10FCA8000A0204020C0C04020406020A06060602F2
:10FCB8000604020A0E0402040E060A0204060806D6
:10FCC8000604060804080A020A02060406080402D2
:10FCD800040C08040804060C0212060A06060206AA
:10FCE8000A060602060604020C0A02040606020CAC
:10FCF8000406080A080A0806060408060408040E8A
:10FD08000A0C020A0204020A0E0402040E04020487
:10FD18001404080A080406060E040606080600006D
:10FD2800E4FD051098FD051002000000DCFD05103B
:10FD380003000000D4FD051004000000CCFD0510F0
:10FD480005000000C4FD051006000000BCFD0510FC
:10FD580007000000B4FD05100E00000090FD05101E
:10FD68000F00000088FD05101000000080FD051040
:10FD7800000000000000000004BE051070641005BB
:10FD880010BE051070630F051CBE051070620E05CD
:10FD9800020000000000000000000000AD0D04108B
:10FDA800AD0D0410950D0410850D041028BE051026
:10FDB8009024070034BE05109023060040BE0510AD
:10FDC800902205004CBE05101014040058BE051002
:10FDD8001013030064BE0510101202000200000098
:10FDE800090E0410F50D0410ED0D0410E50D0410B6
:10FDF800CD0D0410BD0D0410F616041000170410E4
:10FE08000417041008170410FC160410F416041044
:10FE18000000201C403860248070A06CC048E0546A
:10FE280000E120FD40D960C58091A08DC0A9E0B552
:10FE3800A4FE051000000000000000000000000003
:10FE48000000000000000000A0FE05109CFE051048
:10FE580098FE05100B0000000A00000009000000D1
:10FE68000300000000000000ECBD051003000000C6
:10FE78000CBF05100900000034BF05100A0000007F
:10FE88005CBF05100B00000000000000000000002F
:10FE98000B4080000A308000092040000310400019
:10FEA800551D200000000000C8BE05100900000014
:10FEB8009CC00510ACC0051001000000B0C00510C2
:10FEC80007000000B8C00510C8C0051002000000F7
:10FED800D8C0051005000000E0C00510E8C00510F6
:10FEE8000300000000000000000000000000000007
:10FEF8000000000000000000D4BE0510080000004B
:10FF080084C0051084C005100300000068000610B6
:10FF18000500000090C0051090C005100400000006
:10FF280000000000000000000000000000000000C9
:10FF380000000000E0BE051005000000DCBF051051
:10FF4800E4BF051021000000ECBF05100800000008
:10FF5800F8BF051008C005102500000018C00510DE
:10FF68000900000024C0051030C00510050000007D
:10FF78003CC005100900000048C0051054C0051019
:10FF88000600000060C00510090000006CC00510E4
:10FF980078C0051007000000000000000000000005
:10FFA800000000000000000000000000E8BE05108E
:10FFB8000800000074BF0510ECBD05100300000028
:10FFC8007CBF05100900000088BF051094BF05100C
:10FFD800090000009CBF051009000000A8BF05101B
:10FFE800B4BF05100A000000BCBF051009000000DE
:08FFF800C8BF0510D4BF0510BD
:020000041006E4
:100000000B000000000000000000000000000000E5
:100010000000000000000000F4BE05100800000011
:1000200008BF051014BF05100900000024BF05100B
:100030000800000030BF05103CBF05100A0000009A
:100040004CBF05100800000058BF051064BF051024
:100050000B00000000000000000000000000000095
:1000600000000000000000002B81040022000000BE
:10007000BCBE051009000000F8C0051010C1051035
:100080000301000020C10510090000002CC105106B
:1000900044C105100901000058C105100900000005
:1000A00064C105107CC105100A01000090C1051053
:1000B000090000009CC10510B4C105100B0100002F
:1000C000C8C1051008000000D4C10510E8C1051022
:1000D00009040000FCC105100800000008C205105A
:1000E0001CC205100A04000030C205100800000000
:1000F0003CC2051050C205100B04000064C205107C
:100100000900000070C2051070C205100006000052
:1001100000000000000000000000000000000000DF
:100120000000000078B40510080000007CC2051033
:1001300090C2051084B4051008000000B0C205107C
:10014000C4C20510E4C2051008000000F0C205108A
:1001500004C3051014C305100800000020C30510D7
:1001600038C305104CC305100800000058C3051023
:100170006CC305107CC305100800000088C305107F
:100180009CC30510ACC3051009000000B8C30510DE
:10019000D0C30510000000000000000000000000B7
:1001A00000000000ACBE051003000000FCC30510F9
:1001B00014C405100001000028C40510030000004D
:1001C0002CC405103CC405100400000048C40510F0
:1001D000030000004CC4051060C4051000080000B6
:1001E00074C405100300000078C4051090C4051005
:1001F00020000000A4C4051009000000B0C40510D0
:10020000C8C4051000000100E4C40510030000008C
:10021000E8C4051004C50510080000001CC5051041
:100220000300000020C505103CC5051002000000B9
:1002300054C505100300000058C5051078C5051009
:1002400001000000000000000000000000000000AD
:100250000000000000000000A4B40510030000002E
:1002600094C50510A8C50510B4C50510B8C505107E
:1002700003000000BCC50510D0C50510D8C5051089
:10028000DCC5051003000000E0C50510F0C5051031
:10029000FCC5051000C605100300000004C60510CB
:1002A00010C6051018C605101CC605100300000076
:1002B00020C6051038C6051048C605104CC60510E6
:1002C0000300000050C6051070C605107CC605105E
:1002D00080C60510090000008CC605109CC60510DC
:1002E0008CC60510ACC6051003000000B0C6051092
:1002F000C4C60510D4C60510E4C6051003000000EE
:10030000E8C60510FCC605100CC705101CC7051073
:100310000300000020C7051034C7051040C70510B2
:100320004CC705100300000050C7051060C705103A
:1003300068C705106CC705100300000070C70510E2
:1003400080C705108CC7051090C70510030000007A
:1003500094C70510A4C70510B0C70510BCC7051089
:1003600003000000C0C70510DCC70510F4C7051066
:1003700008C80510030000000CC8051018C80510B7
:1003800020C8051028C80510030000002CC805105F
:1003900040C8051060C805106CC8051003000000B7
:1003A00070C8051080C805108CC8051098C80510C5
:1003B0000A000000A4C80510ACC80510B4C8051098
:1003C000B8C805100A000000C4C80510D8C8051038
:1003D000ECC80510F0C8051003000000F4C80510B3
:1003E0000CC9051020C90510000000000000000025
:1003F000000000000000000000000000CC04061017
:100400009C0406106C0406103C0406100500000055
:10041000C8C9051005560410FD5504100000000061
:100420001556041061560410000000008158041095
:100430006558041059580410000000000400000022
:10044000D0C90510C9550410F55504102D580410D5
:10045000095804100000000000000000FD570410BF
:10046000E5570410D5570410D155041003000000BF
:10047000D8C90510C9550410E55504100000000046
:10048000000000000000000000000000FD57041004
:10049000E5570410D5570410D15504100200000090
:1004A000E0C90510C9550410B95504102D580410A1
:1004B000095804100000000000000000FD5704105F
:1004C000E5570410D5570410D15504100100000061
:1004D000ACC00510C9570410855504107557041099
:1004E0003957041001570410C9560410BD560410A2
:1004F000A556041095560410955504101D2D021094
:10050000DC770410D6770410DC770410CA77041067
:10051000CA770410CA770410CA770410CA77041087
:10052000CA770410CA770410CA770410CA77041077
:100530009C770410CA770410D6770410CA77041089
:1005400036760410CA770410C4770410CC830410E4
:10055000B0830410B08304101683041016830410B3
:100560009E8304104C830410A4830410AA830410F7
:100570009E8304104C830410168304101683041009
:100580009E8304104C830410A4830410AA830410D7
:100590001000000014000000140000000000000023
:1005A000000000001C0000002000000030000000DF
:1005B000400000001C0000002000000000000000BF
:1005C000000000001C0000002000000030000000BF
:1005D0004000000010141400001C2030401C2000BB
:1005E000001C20304000000000000000020000005D
:1005F00002000000020000000200000002000000F3
:10060000FFFFFFFFFFFFFFFFADF85458A2BB4A9A60
:10061000AFDC5620273D3CF1D8B9C583CE2D3695A9
:10062000A9E13641146433FBCC939DCE249B3EF963
:100630007D2FE363630C75D8F681B202AEC4617A94
:10064000D3DF1ED5D5FD65612433F51F5F066ED05F
:10065000856365553DED1AF3B557135E7F57C93570
:10066000984F0C70E0E68B77E2A689DAF3EFE87238
:100670001DF158A136ADE73530ACCA4F483A797A0A
:10068000BC0AB182B324FB61D108A94BB2C8E3FB19
:10069000B96ADAB760D7F4681D4F42A3DE394DF46A
:1006A000AE56EDE76372BB190B07A7C8EE0A6D7073
:1006B0009E02FCE1CDF7E2ECC03404CD28342F617A
:1006C0009172FE9CE98583FF8E4F1232EEF2818398
:1006D000C3FE3B1B4C6FAD733BB5FCBC2EC220056B
:1006E000C58EF1837D1683B2C6F34A26C1B2EFFAF6
:1006F000886B4238611FCFDCDE355B3B6519035BDD
:10070000BC34F4DEF99C023861B46FC9D6E6C9077F
:100710007AD91D2691F7F7EE598CB0FAC186D91C0B
:10072000AEFE130985139270B4130C93BC43794445
:10073000F4FD4452E2D74DD364F2E21E71F54BFF53
:100740005CAE82AB9C9DF69EE86D2BC522363A0DC1
:10075000ABC521979B0DEADA1DBF9A42D5C4484E1E
:100760000ABCD06BFA53DDEF3C1B20EE3FD59D7CDD
:1007700025E41D2B669E1EF16E6F52C3164DF4FBD1
:100780007930E9E4E58857B6AC7D5F42D69F6D18B5
:100790007763CF1D5503400487F55BA57E31CC7A86
:1007A0007135C886EFB4318AED6A1E012D9E68321C
:1007B000A907600A918130C46DC778F971AD00381E
:1007C000092999A333CB8B7A1A1DB93D7140003C9E
:1007D0002A4ECEA9F98D0ACC0A8291CDCEC97DCF01
:1007E0008EC9B55A7F88A46B4DB5A851F44182E1FA
:1007F000C68A007E5E0DD9020BFD64B645036C7A95
:100800004E677D2C38532A3A23BA4442CAF53EA695
:100810003BB454329B7624C8917BDD64B1C0FD4C5F
:10082000B38E8C334C701C3ACDAD0657FCCFEC71B7
:100830009B1F5C3E4E46041F388147FB4CFDB4773E
:10084000A52471F7A9A96910B855322EDB6340D8E9
:10085000A00EF092350511E30ABEC1FFF9E3A26EC6
:100860007FB29F8C183023C3587E38DA0077D9B412
:10087000763E4E4B94B2BBC194C6651E77CAF992C0
:10088000EEAAC0232A281BF6B3A739C1226116821B
:100890000AE8DB5847A67CBEF9C9091B462D538CD4
:1008A000D72B03746AE77F5E62292C311562A84654
:1008B000505DC82DB854338AE49F5235C95B9117F7
:1008C0008CCF2DD5CACEF403EC9D1810C6272B046F
:1008D0005B3B71F9DC6B80D63FDD4A8E9ADB1E698B
:1008E00062A69526D43161C1A41D570D7938DAD49A
:1008F000A40E329CCFF46AAA36AD004CF600C8387C
:100900001E425A31D951AE64FDB23FCEC9509D430B
:10091000687FEB69EDD1CC5E0B8CC3BDF64B10EF5D
:1009200086B63142A3AB8829555B2F747C9326652C
:10093000CB2C0F1CC01BD70229388839D2AF05E455
:1009400054504AC78B7582822846C0BA35C35F5C53
:1009500059160CC046FD8251541FC68C9C86B0228D
:10096000BB7099876A460E7451A8A93109703FEE91
:100970001C217E6C3826E52C51AA691E0E423CFCD7
:1009800099E9E31650C1217B624816CDAD9A95F9DD
:10099000D5B8019488D9C0A0A1FE3075A577E23101
:1009A00083F81D4A3F2FA4571EFC8CE0BA8A4FE8FB
:1009B000B6855DFE72B0A66EDED2FBABFBE58A307B
:1009C000FAFABE1C5D71A87E2F741EF8C1FE86FE69
:1009D000A6BBFDE530677F0D97D11D49F7A8443DC3
:1009E0000822E506A9F4614E011E2A94838FF88C33
:1009F000D68C8BB7C5C6424CFFFFFFFFFFFFFFFF42
:100A0000FFFFFFFFFFFFFFFFADF85458A2BB4A9A5C
:100A1000AFDC5620273D3CF1D8B9C583CE2D3695A5
:100A2000A9E13641146433FBCC939DCE249B3EF95F
:100A30007D2FE363630C75D8F681B202AEC4617A90
:100A4000D3DF1ED5D5FD65612433F51F5F066ED05B
:100A5000856365553DED1AF3B557135E7F57C9356C
:100A6000984F0C70E0E68B77E2A689DAF3EFE87234
:100A70001DF158A136ADE73530ACCA4F483A797A06
:100A8000BC0AB182B324FB61D108A94BB2C8E3FB15
:100A9000B96ADAB760D7F4681D4F42A3DE394DF466
:100AA000AE56EDE76372BB190B07A7C8EE0A6D706F
:100AB0009E02FCE1CDF7E2ECC03404CD28342F6176
:100AC0009172FE9CE98583FF8E4F1232EEF2818394
:100AD000C3FE3B1B4C6FAD733BB5FCBC2EC2200567
:100AE000C58EF1837D1683B2C6F34A26C1B2EFFAF2
:100AF000886B4238611FCFDCDE355B3B6519035BD9
:100B0000BC34F4DEF99C023861B46FC9D6E6C9077B
:100B10007AD91D2691F7F7EE598CB0FAC186D91C07
:100B2000AEFE130985139270B4130C93BC43794441
:100B3000F4FD4452E2D74DD364F2E21E71F54BFF4F
:100B40005CAE82AB9C9DF69EE86D2BC522363A0DBD
:100B5000ABC521979B0DEADA1DBF9A42D5C4484E1A
:100B60000ABCD06BFA53DDEF3C1B20EE3FD59D7CD9
:100B700025E41D2B669E1EF16E6F52C3164DF4FBCD
:100B80007930E9E4E58857B6AC7D5F42D69F6D18B1
:100B90007763CF1D5503400487F55BA57E31CC7A82
:100BA0007135C886EFB4318AED6A1E012D9E683218
:100BB000A907600A918130C46DC778F971AD00381A
:100BC000092999A333CB8B7A1A1DB93D7140003C9A
:100BD0002A4ECEA9F98D0ACC0A8291CDCEC97DCFFD
:100BE0008EC9B55A7F88A46B4DB5A851F44182E1F6
:100BF000C68A007E5E0DD9020BFD64B645036C7A91
:100C00004E677D2C38532A3A23BA4442CAF53EA691
:100C10003BB454329B7624C8917BDD64B1C0FD4C5B
:100C2000B38E8C334C701C3ACDAD0657FCCFEC71B3
:100C30009B1F5C3E4E46041F388147FB4CFDB4773A
:100C4000A52471F7A9A96910B855322EDB6340D8E5
:100C5000A00EF092350511E30ABEC1FFF9E3A26EC2
:100C60007FB29F8C183023C3587E38DA0077D9B40E
:100C7000763E4E4B94B2BBC194C6651E77CAF992BC
:100C8000EEAAC0232A281BF6B3A739C12261168217
:100C90000AE8DB5847A67CBEF9C9091B462D538CD0
:100CA000D72B03746AE77F5E62292C311562A84650
:100CB000505DC82DB854338AE49F5235C95B9117F3
:100CC0008CCF2DD5CACEF403EC9D1810C6272B046B
:100CD0005B3B71F9DC6B80D63FDD4A8E9ADB1E6987
:100CE00062A69526D43161C1A41D570D7938DAD496
:100CF000A40E329CD0E40E65FFFFFFFFFFFFFFFF55
:100D0000FFFFFFFFFFFFFFFFADF85458A2BB4A9A59
:100D1000AFDC5620273D3CF1D8B9C583CE2D3695A2
:100D2000A9E13641146433FBCC939DCE249B3EF95C
:100D30007D2FE363630C75D8F681B202AEC4617A8D
:100D4000D3DF1ED5D5FD65612433F51F5F066ED058
:100D5000856365553DED1AF3B557135E7F57C93569
:100D6000984F0C70E0E68B77E2A689DAF3EFE87231
:100D70001DF158A136ADE73530ACCA4F483A797A03
:100D8000BC0AB182B324FB61D108A94BB2C8E3FB12
:100D9000B96ADAB760D7F4681D4F42A3DE394DF463
:100DA000AE56EDE76372BB190B07A7C8EE0A6D706C
:100DB0009E02FCE1CDF7E2ECC03404CD28342F6173
:100DC0009172FE9CE98583FF8E4F1232EEF2818391
:100DD000C3FE3B1B4C6FAD733BB5FCBC2EC2200564
:100DE000C58EF1837D1683B2C6F34A26C1B2EFFAEF
:100DF000886B4238611FCFDCDE355B3B6519035BD6
:100E0000BC34F4DEF99C023861B46FC9D6E6C90778
:100E10007AD91D2691F7F7EE598CB0FAC186D91C04
:100E2000AEFE130985139270B4130C93BC4379443E
:100E3000F4FD4452E2D74DD364F2E21E71F54BFF4C
:100E40005CAE82AB9C9DF69EE86D2BC522363A0DBA
:100E5000ABC521979B0DEADA1DBF9A42D5C4484E17
:100E60000ABCD06BFA53DDEF3C1B20EE3FD59D7CD6
:100E700025E41D2B669E1EF16E6F52C3164DF4FBCA
:100E80007930E9E4E58857B6AC7D5F42D69F6D18AE
:100E90007763CF1D5503400487F55BA57E31CC7A7F
:100EA0007135C886EFB4318AED6A1E012D9E683215
:100EB000A907600A918130C46DC778F971AD003817
:100EC000092999A333CB8B7A1A1DB93D7140003C97
:100ED0002A4ECEA9F98D0ACC0A8291CDCEC97DCFFA
:100EE0008EC9B55A7F88A46B4DB5A851F44182E1F3
:100EF000C68A007E5E655F6AFFFFFFFFFFFFFFFFA0
:100F0000FFFFFFFFFFFFFFFFADF85458A2BB4A9A57
:100F1000AFDC5620273D3CF1D8B9C583CE2D3695A0
:100F2000A9E13641146433FBCC939DCE249B3EF95A
:100F30007D2FE363630C75D8F681B202AEC4617A8B
:100F4000D3DF1ED5D5FD65612433F51F5F066ED056
:100F5000856365553DED1AF3B557135E7F57C93567
:100F6000984F0C70E0E68B77E2A689DAF3EFE8722F
:100F70001DF158A136ADE73530ACCA4F483A797A01
:100F8000BC0AB182B324FB61D108A94BB2C8E3FB10
:100F9000B96ADAB760D7F4681D4F42A3DE394DF461
:100FA000AE56EDE76372BB190B07A7C8EE0A6D706A
:100FB0009E02FCE1CDF7E2ECC03404CD28342F6171
:100FC0009172FE9CE98583FF8E4F1232EEF281838F
:100FD000C3FE3B1B4C6FAD733BB5FCBC2EC2200562
:100FE000C58EF1837D1683B2C6F34A26C1B2EFFAED
:100FF000886B4238611FCFDCDE355B3B6519035BD4
:10100000BC34F4DEF99C023861B46FC9D6E6C90776
:101010007AD91D2691F7F7EE598CB0FAC186D91C02
:10102000AEFE130985139270B4130C93BC4379443C
:10103000F4FD4452E2D74DD364F2E21E71F54BFF4A
:101040005CAE82AB9C9DF69EE86D2BC522363A0DB8
:10105000ABC521979B0DEADA1DBF9A42D5C4484E15
:101060000ABCD06BFA53DDEF3C1B20EE3FD59D7CD4
:1010700025E41D2B66C62E37FFFFFFFFFFFFFFFF96
:10108000FFFFFFFFFFFFFFFFADF85458A2BB4A9AD6
:10109000AFDC5620273D3CF1D8B9C583CE2D36951F
:1010A000A9E13641146433FBCC939DCE249B3EF9D9
:1010B0007D2FE363630C75D8F681B202AEC4617A0A
:1010C000D3DF1ED5D5FD65612433F51F5F066ED0D5
:1010D000856365553DED1AF3B557135E7F57C935E6
:1010E000984F0C70E0E68B77E2A689DAF3EFE872AE
:1010F0001DF158A136ADE73530ACCA4F483A797A80
:10110000BC0AB182B324FB61D108A94BB2C8E3FB8E
:10111000B96ADAB760D7F4681D4F42A3DE394DF4DF
:10112000AE56EDE76372BB190B07A7C8EE0A6D70E8
:101130009E02FCE1CDF7E2ECC03404CD28342F61EF
:101140009172FE9CE98583FF8E4F1232EEF281830D
:10115000C3FE3B1B4C6FAD733BB5FCBC2EC22005E0
:10116000C58EF1837D1683B2C6F34A26C1B2EFFA6B
:10117000886B423861285C97FFFFFFFFFFFFFFFF8E
:101180001000000014000000140000000000000027
:10119000000000001C0000002000000030000000E3
:1011A000400000001C0000002000000000000000C3
:1011B000000000001C0000002000000030000000C3
:1011C0004000000046E4041046E4041046E4041025
:1011D000EEE40410EEE4041046E4041046E40410C7
:1011E000D0E40410D0E40410D0E40410D0E40410DF
:1011F000EEE40410EEE40410D6E40410D6E4041087
:10120000DEE40410E4E40410100000001400000008
:101210001400000000000000000000001C0000009E
:101220002000000030000000400000001C00000012
:101230002000000000000000000000001C00000072
:1012400020000000300000004000000040000000CE
:10125000400000004000000000000000000000000E
:1012600040000000400000008000000080000000FE
:10127000800000008000000000000000000000006E
:101280009000000088000000680000004800000096
:101290004AF404104AF4041028F4041028F404104A
:1012A00028F4041028F4041028F404104AF404105C
:1012B00028F4041028F4041028F4041028F404106E
:1012C0004EF4041028F4041028F4041062F40410FE
:1012D00056F4041066F404105AF404105EF404107A
:1012E00052F40410000000007BFF80BF79FF80BF34
:1012F00078FF80BF76FF00BC6CFF80BB6BFF80BCBB
:101300006AFF00BF0000000073FF00817AFF808F3A
:101310006BFF808E79FF008F77FF009476FF009639
:10132000000000007AFF80AF79FF00AF73FF80AE4E
:10133000982F8A4291443771CFFBC0B5A5DBB5E940
:101340005BC25639F111F159A4823F92D55E1CABB4
:1013500098AA07D8015B8312BE853124C37D0C5542
:10136000745DBE72FEB1DE80A706DC9B74F19BC18A
:10137000C1699BE48647BEEFC69DC10FCCA10C247A
:101380006F2CE92DAA84744ADCA9B05CDA88F9765E
:1013900052513E986DC631A8C82703B0C77F59BFC8
:1013A000F30BE0C64791A7D55163CA0667292914F4
:1013B000850AB72738211B2EFC6D2C4D130D385391
:1013C00054730A65BB0A6A762EC9C281852C729253
:1013D000A1E8BFA24B661AA8708B4BC2A3516CC781
:1013E00019E892D1240699D685350EF470A06A10BA
:1013F00016C1A419086C371E4C774827B5BCB03409
:10140000B30C1C394AAAD84E4FCA9C5BF36F2E68A6
:10141000EE828F746F63A5781478C8840802C78C35
:10142000FAFFBE90EB6C50A4F7A3F9BEF27871C638
:1014300022AE28D7982F8A42CD65EF239144377189
:101440002F3B4DECCFFBC0B5BCDB8981A5DBB5E9FB
:1014500038B548F35BC2563919D005B6F111F159C8
:101460009B4F19AFA4823F9218816DDAD55E1CABF9
:10147000420203A398AA07D8BE6F7045015B83128E
:101480008CB2E44EBE853124E2B4FFD5C37D0C5549
:101490006F897BF2745DBE72B196163BFEB1DE8041
:1014A0003512C725A706DC9B942669CF74F19BC132
:1014B000D24AF19EC1699BE4E3254F388647BEEFCF
:1014C000B5D58C8BC69DC10F659CAC77CCA10C2487
:1014D00075022B596F2CE92D83E4A66EAA84744AF9
:1014E000D4FB41BDDCA9B05CB5531183DA88F97631
:1014F000ABDF66EE52513E981032B42D6DC631A866
:101500003F21FB98C82703B0E40EEFBEC77F59BF49
:10151000C28FA83DF30BE0C625A70A934791A7D534
:101520006F8203E05163CA06706E0E0A67292914A0
:10153000FC2FD246850AB72726C9265C38211B2EE8
:10154000ED2AC45AFC6D2C4DDFB3959D130D385315
:10155000DE63AF8B54730A65A8B2773CBB0A6A7628
:10156000E6AEED472EC9C2813B358214852C7292BE
:101570006403F14CA1E8BFA2013042BC4B661AA83B
:101580009197F8D0708B4BC230BE5406A3516CC7F4
:101590001852EFD619E892D110A96555240699D6AC
:1015A0002A20715785350EF4B8D1BB3270A06A106D
:1015B000C8D0D2B816C1A41953AB4151086C371E1C
:1015C00099EB8EDF4C774827A8489BE1B5BCB03437
:1015D000635AC9C5B30C1C39CB8A41E34AAAD84E19
:1015E00073E363774FCA9C5BA3B8B2D6F36F2E68E0
:1015F000FCB2EF5DEE828F74602F17436F63A578A6
:1016000072ABF0A11478C884EC39641A0802C78C54
:10161000281E6323FAFFBE90E9BD82DEEB6C50A466
:101620001579C6B2F7A3F9BE2B5372E3F27871C6EF
:101630009C6126EACE3E27CA07C2C021C7B886D120
:101640001EEBE0CDD67DDAEA78D16EEE7F4F7DF5E8
:10165000BA6F1772AA67F006A698C8A2C57D630A7A
:10166000AE0DF9BE04983F111B471C13350B711BBF
:10167000847D0423F577DB289324C7407BABCA32F3
:10168000BCBEC9150ABE9E3C4C0D109CC4671D43D0
:10169000B6423ECBBED4C54C2A7E65FC9C297F5900
:1016A000ECFAD63AAB6FCB5F1758474A8C19446CAB
:1016B000040018008001000090C00510030017000E
:1016C0000001000084C005100000000000000000C0
:1016D00000000000FFFFFFFFFFFFFFFFFFFFFFFF16
:1016E00000000000000000000000000001000000F9
:1016F000FFFFFFFF4B60D2273E3CCE3BF6B053CC02
:10170000B0061D65BC86987655BDEBB3E7933AAA43
:10171000D835C65A512563FCC2CAB9F3849E17A7AF
:10172000ADFAE6BCFFFFFFFFFFFFFFFF0000000078
:10173000FFFFFFFF96C298D84539A1F4A033EB2DE7
:10174000817D0377F240A463E5E6BCF847422CE1D3
:10175000F2D1176BF551BF376840B6CBCE5E316B17
:101760005733CE2B169E0F7C4AEBE78E9B7F1AFEDB
:10177000E242E34F01000000FFFFFFFF0000000016
:1017800000000000FFFFFFFFFEFFFFFFFFFFFFFF66
:10179000FFFFFFFFFFFFFFFFFFFFFFFFFFFFFFFF59
:1017A000FFFFFFFFFFFFFFFFEF2AECD3EDC8852A05
:1017B0009DD12E8A8D3956C65A8713508F0814032F
:1017C000124181FE6E9C1D18192DF8E36B058E9851
:1017D000E4E73EE2A72F31B37329C5CC6A19ECECDC
:1017E0007AA7B048B20D1A58DF2D37F4814D63C780
:1017F000FFFFFFFFFFFFFFFFFFFFFFFFFFFFFFFFF9
:10180000FFFFFFFFFFFFFFFFB70A7672385E543A13
:101810006C2955BF5DF20255382A5482E041F759D0
:10182000989BA78B623B1D6E74AD20F31EC7B18ED3
:1018300037058BBE22CA87AA5F0EEA907C1D437AC9
:101840009D817E1DCEB1600AC0B8F0B51331DAE9D2
:101850007C149A28BD1DF4F829DC9292BF989E5DF5
:101860006F2C26964ADE17363827061001000C002A
:101870000827061001000C00741706100100010073
:10188000D826061001000C00A826061001000C0046
:1018900000000000010000007826061001000C0086
:1018A0004826061001000C000000000001000000A6
:1018B0001826061001000C00E825061001000C0097
:1018C0000000000001000000B825061001000C0017
:1018D0008825061001000C00000000000100000037
:1018E0005825061001000C002825061001000C00E8
:1018F0000000000001000000F824061001000C00A8
:10190000C824061001000C000000000001000000C7
:101910009824061001000C006824061001000C0039
:1019200000000000010000003824061001000C0037
:101930000824061001000C00000000000100000057
:10194000D823061001000C00A823061001000C008B
:1019500000000000010000007823061001000C00C8
:101960004823061001000C000000000001000000E8
:101970001823061001000C00E822061001000C00DC
:101980000000000001000000B822061001000C0059
:101990008822061001000C00000000000100000079
:1019A0005822061001000C002822061001000C002D
:1019B0000000000001000000F821061001000C00EA
:1019C000C821061001000C0000000000010000000A
:1019D0009821061001000C006821061001000C007F
:1019E00000000000010000003821061001000C007A
:1019F0000821061001000C0000000000010000009A
:101A0000D820061001000C00A820061001000C00D0
:101A100000000000010000007820061001000C000A
:101A20004820061001000C0000000000010000002A
:101A30001820061001000C00E81F061001000C0021
:101A40000000000001000000B81F061001000C009B
:101A5000881F061001000C000000000001000000BB
:101A6000581F061001000C00281F061001000C0072
:101A70000000000001000000F81E061001000C002C
:101A8000C81E061001000C0000000000010000004C
:101A9000981E061001000C00681E061001000C00C4
:101AA0000000000001000000381E061001000C00BC
:101AB000081E061001000C000000000001000000DC
:101AC000D81D061001000C00A81D061001000C0016
:101AD0000000000001000000781D061001000C004D
:101AE000481D061001000C0000000000010000006D
:101AF000181D061001000C00E81C061001000C0067
:101B00000000000001000000B81C061001000C00DD
:101B1000881C061001000C000000000001000000FD
:101B2000581C061001000C00281C061001000C00B7
:101B30000000000001000000F81B061001000C006E
:101B4000C81B061001000C0000000000010000008E
:101B5000981B061001000C00681B061001000C0009
:101B60000000000001000000198A775D2BAB0128FE
:101B70004E85D0D549834D6081C691303B00AF7A08
:101B80003AAE6107E1B6E2C9954341FE9BB6F0A5C6
:101B9000B497AEAD89889E4186C43F2CE75F990318
:101BA000F02BB7B6AD5A56FF0400A448C8E8BABF38
:101BB000E8A1B5135ACD999CB095ADFCE27EE7FE45
:101BC000966BD1349953630BBCC00DCF2541A4F45F
:101BD0009BFCB248C385834B2BBE0B582D7A9A626F
:101BE000C5F381181B744F2CE243A30A168BA31E66
:101BF0004A18817B8DA2357791499965C5ED16EF1D
:101C000079429AF3A74E6F2B7B0A7EC0D74E0755B9
:101C1000D67A3169A6B91534A8E072A43FB9F80C98
:101C20002B753285A2DE37126A3200C2D43B1A0904
:101C300034E0998F0C4A16448373181BD49429629C
:101C400029A42DB19D743267BFF4B10C37628B6645
:101C5000C9FFDAE235A3B642B616A91CE76520C172
:101C6000585332F8C0A6BD2CB7F0E65731CC266FDA
:101C700027E3541C34D317BCF5AEEDFBCDE71E9F14
:101C80005A161C3440001FB63F6C64A7623CABD4AC
:101C9000486A44D860C0A88082765812573C89466A
:101CA000824F83CECBB8D02C9A8404B0ADEBFADF50
:101CB00034A4C341444E653E6D06460D51E2D8AC96
:101CC00014571D6F79A0CDA6DFFB36CAADF59E4136
:101CD0006F7A1D9E1D9548DC8126A5B7152CC2C6BE
:101CE000864272AA11DCC9B6A3736436FD7BC115A6
:101CF000EA5D32D24794892D51E930AC06C86504BB
:101D0000FA6CB91BF7614953D7FF324380DAA6B1A9
:101D1000ACF804019535CE21D6E84C48E4AA699385
:101D2000277A27FC37961A7B6FE730A5CF13465CDE
:101D30008CD8AF74234D5684323D44141B9783F0E6
:101D4000FA47D75FFD9838F7A926BE6D6DF2383F88
:101D5000086C31A749503A89C399C6F5D2C2305AA6
:101D60002AE4F68B8B97E9B2DD21B70DFC15540BF5
:101D700065831CA4CD6B9DF219D8402773157E6531
:101D8000F6BB537E0F40C8D4EA371973EF5A5E048E
:101D90009C732B497EAC975C15B2C31E0EE7D22113
:101DA0008A08D6DDAC21D63EFC08AD4E519F2A52A2
:101DB000685C7D4CD6CFDD02D87626E08B10D97CCE
:101DC00030A7234E5FD24217D1E5A4EC7721342807
:101DD0005C1465EA4A85C32F8DA24A66B10AE6C043
:101DE000860C949D5E99B2CEAD0340CAB2B3305515
:101DF00074784827341EE242AE725BACC16DE38258
:101E000057AB46CBEA5E4B0B187CCA713E6E6675CB
:101E1000BE310E3FE591C47F8E3DC23E9537582BB3
:101E2000011F0203F3EFEE66285B1AFC38CDE824AD
:101E300012574285C62168713F422A52CD755149D9
:101E40009036E5042B44C6EF5CEE16130783B530DD
:101E50007659C6A21905D3C6B68BA81609B7EAD615
:101E600070EE14AFB5FDD0EF47D8A20A39321D236A
:101E700061C886F1129A4A058DF17CAA708EBC0168
:101E80006201478FDD8BA5C8DB0821F4ABC7F5964F
:101E90000A76A595C40F881D64749FB59121B11C65
:101EA0001EEDE111EF45AFC1E031BEB2BC72651F5E
:101EB000B14B8C77CE1E42B5FFC9AAB9D9869955C8
:101EC000652380C64E350B6D1B88954C0BD0065193
:101ED00092AF8D49A2C8B4E075765309884387CA8A
:101EE00090A4773F5E21B40A359E8664CC91C17779
:101EF000C11756CBC37D5BB17E8A55507BEF8A3CC0
:101F0000FE1B2348236391B60D04543C249BC79ABF
:101F10002538C384FBFF9F49662AE06D688A5CCB45
:101F2000C4935385A10DAF63DA338C67CE234399F5
:101F300084534772441F5B2AAEC1D9A450886318EA
:101F40007CF275697300C4314B901DDF1A00D869AB
:101F500005B18948A87062EF6D5B2930411A9EB6C1
:101F600076CA83315BA7CB42214150444D6431890D
:101F7000CF84C25D97A53C18F00FA5FD8E5A472C63
:101F80007C58022D40B10BBADE4D1E51596E91C5E1
:101F900038544D51ED36CC6018A856C7782733C554
:101FA00042B795C98BC86ABC5EE91396B3E1F9EEF6
:101FB000F546B05EC39403056459B4667EE85A6082
:101FC000A55C7EB2ADD9C9DA829749A31383072EE7
:101FD0005A26C713350DB06B1E60ABFA4B93182C05
:101FE000542D1C314CE461AE8CB27B0C9A838E591B
:101FF00030519092793219C3EE89F9D0CF2CA58F48
:102000007B5021DE50419D81E07D2B9E9D95A8E374
:10201000D8A5208788975FAA10BBC224432E3754C7
:102020008AF7CE35FC77F33F753496D54A769D6BAB
:10203000B83B0FEAA8120B22663F5D2D1CD49EFB15
:102040007D2EDDC76EABAFDCC8C9F8F5B6134D7B8E
:10205000ED45B193B3A279DC74F6CFF7E6299CCCB9
:1020600087506580BC590A590EF02435A246F00C01
:10207000BD26C09D6156626703E60F37C110991EE9
:1020800061AD9D5D8001A6FEB00F102A9D2038EB4A
:102090006C60CBCE5AA0A732BACF14DFBFE5742D47
:1020A000B5121ADD59025DC665987C84E1FF307770
:1020B00071E2C25F5540BDCD6965873FC4C22457F8
:1020C0000E300A6015D124485799D9B6AEB1AF1D6C
:1020D0009B80EEA20F74B9F3BD19CD120B514F5670
:1020E000304B3D24A4165905ACEBD3592E757C0119
:1020F0008CB9B4A5D92E294C8616057502B306EE07
:10210000AB7C9F7991F14F232DF2C854D132BDC4DD
:102110008A3BF0AA9DD8F4204FC3BB6C66AC252D3A
:102120006F2510B2E141DE1D3CE830B837BC2A987B
:10213000BA57014A1E789F8515F513DF1319979436
:1021400008F9B333668221FEF5FC39162343760E77
:10215000094825A164951C2F43AC1557D9DEA0284A
:10216000165FB83D489124CCF8EF68FEEC240815C2
:10217000A1064B920DB734743EF4DD1AA04AE44533
:10218000C3634F4FCEBBD6D3CDEE8DDF3F73B7AC1D
:10219000DF06B6804D81D953DBBD704FA8D1062C28
:1021A000194E2E68FC35FA50605375EDF25FC2EBA4
:1021B00039876B9F05E222934F1AA8B7039E6D7C67
:1021C000CBD06988A8399E3A5890EAB50499D0696D
:1021D0004AF222A0EBFD45875DA48132FCFAEE5B5A
:1021E00027BBA46A77415C1DA11EAA4FF010B35013
:1021F000097413149E90D7E63E68CEC2554D0C6DFF
:102200009B20933290D6AE47DD78AB439EEB73AE06
:10221000ED97C383A63CF1BF0F2525660826FA4B30
:1022200041FB445D82EC3BAC5982674B8E4EBEE273
:10223000BEDA77F823552B2D5C02DE25352D74513F
:10224000D00CB80B39BAAD04A60E284DE13DE41B05
:102250005DEC0AD4B8C48DB0BEBDAC0A3F6BFFFACA
:10226000E0E47414D9701D71F2B071BBD818962BCC
:10227000DAB8199080B5EE01912120A61748036FB6
:10228000E31DBB6D942034F19C38920619D0B3B293
:102290002A9926A35FE2C18175FCFDC3B626248F6F
:1022A000AFADE749B7644B966C4E95AD07FEB630BF
:1022B0004F15E72D19A9081012C80E118DE08F696E
:1022C000597F796C5FB7BCB188E1833C12BBEE9655
:1022D0002AC2C41B4171B917B0EEBB1D895088F2E8
:1022E000FC1C5574EBDE923F3E2BFED11C73E32E9B
:1022F0006633A1D3691C9DD2E05ABAB6AE1B9404D2
:10230000AF74905C57B03A45DD2F932024541D8D57
:10231000FA789D71675D4998980C6B9D2204BC5CAE
:102320008663792F6A0E8ADE29673F02B8917F742F
:10233000FC1464A033F46B501C447187B8883F458B
:102340001B2B8505C5445315E86717C040788C845E
:102350007E9FF4AADA5C7EB296DB423E7264A0678E
:1023600027F9411743E3E8A866DDCC437E16050351
:10237000364BCF488F4190E57B61FA7D01DBB66338
:1023800011C65839F4C68223475A7A8008CDAAD894
:10239000DA8CC63F3CA568F4BBF5D517AE36D88AB3
:1023A000C7AD92C5576CDA91A7C327BFC6AAB7B904
:1023B000CB6545DFB9461746F5383FB2B15DCA1C5B
:1023C00088296C63E9D748B8BCF1D7998CC20599C4
:1023D0006DE65E826DE57ED579DB155684CBC05601
:1023E00056DB0E08C9F5D49EE662D01A7C13D507D9
:1023F0007DAD53E03221A0C0C5388121230ED2BB70
:102400001C5105D01E82A9711F2FDDBD5048B1E5BA
:10241000801C84557814EBF6D95E3EA6AFF6C7044F
:10242000E711E265CA41953BAE83D8E64D22062D01
:10243000FA7F252AAA284697D29A52D2547C97F23C
:10244000E0336EEDD98750C55A357E16401583B8F6
:10245000332BA4AB0391EAFEC14739EF0559D09065
:10246000BF240D76115308AF9B262799162B220BFC
:10247000BAF38FC32A9BFC38FC2E833DFE9E3C1B87
:102480000857CD2DC14938B595428B33891FEA01D4
:10249000AA1D13D750BB3EEB51AC56F75F51680BEA
:1024A000C6E01DBC134EAC03B7F5C5E6D288BACB67
:1024B000FA0E28235867FAEE9E804BD8C4DF15E445
:1024C000F10E58E62C59C203BC4C704418CDEFED08
:1024D000C249DD647E7E4D92A2327C09D03FD62C6B
:1024E0006DE04F650C7A543E16FAFB4AB4795A8C6B
:1024F000045D1B2BDABC9A7468490303336F284AC6
:102500005DDBA7058CF34DFB8E92B1A8EC0D643B0F
:102510004EFCFDD04B881B5D839C5169CE7173F5D9
:10252000B85A14231A46635FDAADA0F981E17897AF
:102530003A9A63D8BA791A1734317B7A5A5D7D2D6D
:102540008396124B1909E0B7558A57EE4E6E7EEC12
:10255000119D69DCB3DAD808462FD8B6637CE95000
:10256000D98CB914D93763DE1002B846ADCE7B38AA
:1025700082472D66A7E9332392F99394A848B34F75
:10258000E94AAC5108722F1AA6D50A6081B9C5165E
:1025900044AA2FD6F273DFEBF37B74C9B35B956D5E
:1025A000AC04EB15C85F00F6B5502028D101AFF0A0
:1025B000286D4F31812F9448093913AA601599303D
:1025C0001700CBC6B1DB9790E6FA60B824E47DD360
:1025D000DD75B370B283B19BA3E36CCD33627A56E1
:1025E0008830DC0F9FBBB8AABB013D6354456FB771
:1025F0007BB219A3861D42348402871892521A7145
:102600006C18B15D181B37FEF47461BA18AF403016
:10261000DA7D3C520F07B06F60DC9AB27939271629
:102620004F71E43B4D600CA355BD1940FA192A5A6D
:102630004DF81E43A1508DEFA3187C41FA7C1B5826
:10264000005924C4E9B7D3AD0038EEE3C79DECA62A
:10265000B688CF43FA925E8EE9CA43F83B497E754D
:102660001CE7EB174586C2E192695732E09CD10026
:10267000D910B84DB8F40DE3E69D56AE59FB1F983E
:10268000CFAC918087A86E583008A7089432FC67B9
:102690009F299E84F4E56E7E5521B95024F89CC78D
:1026A000340401C2FB773EDE6DF2AEA4B6891BDABC
:1026B000010FCE1C7CF6504C4CEB90E64DC7D47A03
:1026C000D1492D8A019960945F809B9B6AB007D99C
:1026D000C2A2EE59BE95BC234692002C78DB1F3770
:1026E00017F3EBB706F7B6BC3DBC2CCFD8ED53E7DC
:1026F00052757BA3ABC32C85E59D7841F67684ACFF
:102700005456E852B3CBA8BD5F0EEA907C1D437AC5
:102710009D817E1DCEB1600AC0B8F0B51331DAE9F3
:102720007C149A28BD1DF4F829DC9292BF989E5D16
:102730006F2C26964ADE1736B70A7672385E543A00
:102740006C2955BF5DF20255382A5482E041F75991
:10275000989BA78B623B1D6E74AD20F31EC7B18E94
:1027600037058BBE22CA87AAC82C061001000800B4
:10277000A82C0610010008007417061001000100C3
:10278000882C061001000800682C061001000800C3
:102790000000000001000000482C061001000800A5
:1027A000282C0610010008000000000001000000B5
:1027B000082C061001000800E82B06100100080094
:1027C0000000000001000000C82B061001000800F6
:1027D000A82B061001000800000000000100000006
:1027E000882B061001000800682B06100100080065
:1027F0000000000001000000482B06100100080046
:10280000282B061001000800000000000100000055
:10281000082B061001000800E82A06100100080035
:102820000000000001000000C82A06100100080096
:10283000A82A0610010008000000000001000000A6
:10284000882A061001000800682A06100100080006
:102850000000000001000000482A061001000800E6
:10286000282A0610010008000000000001000000F6
:10287000082A061001000800E829061001000800D7
:102880000000000001000000C82906100100080037
:10289000A829061001000800000000000100000047
:1028A00088290610010008006829061001000800A8
:1028B0000000000001000000482906100100080087
:1028C0002829061001000800000000000100000097
:1028D0000829061001000800E82806100100080079
:1028E0000000000001000000393770EF1FA1F0DB8D
:1028F0006A105BCEC49B6F10501111244F4C79614C
:10290000173A72BCFE7258432765695B66A2752E42
:102910009C16005AB030251A42FB864280C1C4760C
:102920005B1D838E94015F8224C639165DA31E6DE4
:10293000BA073726362AFE6051BCF3D0DE50FC972A
:10294000802E0610154DFAF756B2AAFD8815DF52F3
:102950004C35273144CDC06853F891A57194842A31
:1029600092CBD093E988DAE444918BD8D0D7E7E2D0
:102970001FF948626FA8935DEA3A9902D50B3DE3CF
:102980001ED30031E60C9F441D4C64C755023FE343
:10299000D80290BBC3EC30409F6F64F4166948A422
:1029A000FA449C950C7D675EF47FBA585A846F5F39
:1029B000ADA6367EDCF7E167044DAAEE57763AD332
:1029C0004E7E261822239FFF8D45E64B3F4F1E1F4C
:1029D00047655E5922CC725FF1931A271E34C55B9E
:1029E00063F2A5585C152EC67FE51C4F6024F72ABC
:1029F000EDD8E2917F89499297A72E8D6AB33981EC
:102A00001389B59AB88D429CDD3830DB702C0AA250
:102A10007C5C9DE9D5460B5F830B604B377DB9C964
:102A20005E24F33D797F6C1861F99B3296415838EA
:102A3000F95A2AB8960EB24CC1782CC708991924B5
:102A4000B75928E98454E616C9D23AE803C56D5D42
:102A5000BE35D0AE1D7A9FCA331ED2CBAC88275567
:102A6000F0B99CE031DD9986A1CAA8B3BF29998E3F
:102A7000D1F205C1CF5D91489F0149DB82DF5F3A0A
:102A8000E10690ADE338A4C4C8CFEF3F831A88E8CD
:102A90000B29B5B9E0C9A3AE88461E77CD7EB31029
:102AA000B621D0D4A31608EE289EB1F16E4CADB37A
:102AB000B7E3C258C0FB3443259CDF350741BD193D
:102AC000B66E10EC0EECBBD6F1B3BB5169A21193FC
:102AD000654F0F8DBD260FE8B9CBEC6B34C33D9D20
:102AE000E45D1E10D544E2545B9B830A814FADAC7C
:102AF0000FFF42416EA9A2A02FA14F1F8982AA3EBB
:102B0000F3B80F6B8F8CD668995D165F7BBCBBCE1C
:102B100061EE4E8AC151CC501F0D4D1B53231DB386
:102B2000DA2A38665284E195FC952973A1673E0242
:102B3000E33054358E0ADD6703D7A197613BF80C6B
:102B4000F2333C58553423A383F6E8F887F7FC6D3D
:102B500090BE7F3F7A2BD713CF32F22D946D42FD7A
:102B6000AD9AE35F42BB84EDD498E7FAA57D8B5321
:102B70009135D200D11B9F1B3F69089A72F0A911B1
:102B8000B3FE0E14DA7C0ED3EECFB87EF792968D9C
:102B90003D018C0D23F2E305592EE384527A3476FD
:102BA000E5A1B01590E2533CF2D055DF000AF54A9A
:102BB0006ABF56812D20EBB511C12852ABE3D1403D
:102BC0002434794557A512032A37B9C0AA59C68BB0
:102BD0003F58D9ED589965F7887D268C4AF9059FAD
:102BE0009D739AC9E746DC00F085F49E4CDC398978
:102BF000636DC457D8035D22707F2D526FC9DA4FC1
:102C00009D64FAB4FEA4C4D7BF6A5D5235D7BFAE87
:102C10005AA2BE96F4F802C3A4204954EAB382DB58
:102C20002EDBEA02D1751C6296D5DAAD9249F09F8F
:102C3000F973439EAFA7D1F3674107DF78953EA1B3
:102C4000223DD1E63CA5E2207D7DEF86FFE337DD26
:102C5000DB868B08277CD7F691544C254F9AFE28AB
:102C60005EFDF06D370369D64069F2400BA398CE44
:102C7000AFA848020D1C12629BAF098380AA58A717
:102C8000C612BE709476E3E470C8BA04B74BD2F7AC
:102C9000ABC6233AA0093A591D9D4CF95823CCDF05
:102CA00002ED7B29870FFA3CF551BF376840B6CB60
:102CB000CE5E316B5733CE2B169E0F7C4AEBE78EE0
:102CC0009B7F1AFEE242E34F96C298D84539A1F4A1
:102CD000A033EB2D817D0377F240A463E5E6BCF8D9
:082CE00047422CE1F2D1176B11
:102CE8006CCB051078CB051084CB051090CB051064
:102CF8009CCB0510A8CB0510B4CB051008CE051049
:102D0800FCCD051010CE051014E30510C8CD051034
:082D1800C0CD0510B4CD05107B
:102D200070B5040000F050FA050002E0200000F049
:102D300023FA2268EFF3108172B61368002BFCD0DF
:102D4000BFF35F8F63680133F0D165602368BFF321
:102D50005F8F00221A6081F3108870BDF0B5C646FF
:102D6000160000B504001F000268EFF3108872B669
:102D70001368002BFCD0BFF35F8F65686B1C0ED00F
:102D80002368BFF35F8F00221A6088F3108800F079
:102D90001BFAA8420FD1002080BCB846F0BD00F05D
:102DA00013FA23686060BFF35F8F00221A6088F314
:102DB00010880120F0E700F007FA804606E03200B4
:102DC0003B00200000F0E0F90028E4D12268EFF396
:102DD000108172B61368002BFCD0BFF35F8F65685B
:102DE0000135ECD1434663602368BFF35F8F002257
:102DF0001A6081F310880120CEE7C04610B5026842
:102E0000EFF3108172B61368002BFCD0BFF35F8F15
:102E100001235B42436000F0BFF910BD10B50F4BBA
:102E20001A5C012A03D020BF1A5C012AFBD1EFF300
:102E3000108172B602221A5440BF1A5C022A03D1D2
:102E400020BF1A5C022AFBD081F3108804221A5496
:102E500040BF002000F0A8F910BDC046D46C00208F
:102E600010B5084C2378002B0AD180230648074967
:102E70005B051A68C25004338B42FAD101232370D8
:102E800010BDC0464AF10120A03C00100001001016
:102E900010B5014B984710BDA13C0020064B5A6865
:102EA00002609A684260DA6882601A69C2605A6990
:102EB00002619B6943617047000002400268064B53
:102EC0005A6042689A608268DA60C2681A61026970
:102ED0005A6142699A61704700000240034B1A68C8
:102EE000C0239B009343024A136070470C8001404B
:102EF0000C900140054B1A6880239B005340C02270
:102F000092001340024A13607047C0460C80014093
:102F10000C900140F0B5D6464F4646468023C0B5DA
:102F2000421804000D0086B09B039A422ED8002759
:102F30000026B88A338B17499847338B8246164947
:102F4000B88A9847338B81461449B88A9847338B9F
:102F500013498046B88A98470600FFF781FF684604
:102F6000FFF79CFFD047C8478022D82329002000C4
:102F70005202C047B047FFF78BFF6846FFF79EFF3E
:102F800006B0E0BCBA46B146A846F0BD00F014F960
:102F9000CDE7C046494600004558000052450000B4
:102FA00046430000F0B54E464546DE465746802370
:102FB000E0B5150082180400894687B09B039A4249
:102FC0002DD800270026B88A338B16499847338BB3
:102FD00083461549B88A9847338B82461349B88A85
:102FE0009847338B12498046B88A98470600FFF706
:102FF00037FF6846FFF752FFD847D0472A004946B7
:103000002000C047B047FFF743FF6846FFF756FF71
:1030100007B0F0BCBB46B246A946A046F0BD00F0E2
:10302000CBF8CEE74946000045580000525000005A
:10303000464300000023F0B5DE4657464E4645465F
:103040009A46E0B589B001900E00988A45491B8BDD
:1030500014009847534681464349988A1B8B9847EA
:10306000534642490500988A1B8B98478046FFF7D4
:10307000F7FE02A8FFF712FFC847A847FFF73AFF7D
:10308000251E22D00823C0219C4602204905624605
:103090008B6A1A4018423FD0631B002D2FD1002AA3
:1030A00011D1002C11D0C0235B059B4602239A4608
:1030B000063399465B464A4657469B6A1A401F426A
:1030C00042D0002AF6D0002C30D1FFF707FFC047CE
:1030D000FFF7DEFE02A8FFF7F1FE09B0F0BCBB4629
:1030E000B246A946A046F0BD002C2FD1C022520501
:1030F000926A914608224F463A40BF072DD50D2BC4
:103100001BD9002AF0D1C0225205926A91460822AA
:103110004F463A40BF07F2D4002A04D12B00234384
:10312000002BB4D1D1E72B00002CF9D00B6E013C61
:103130003370230001362B43F2E7019F013D3B78BA
:1031400001370B660197E7E70025E5E7C0235B053C
:103150001B6E013C3370013699E72B00002ADFD14A
:10316000DCE7C046494600004558000046430000E1
:103170007047C0460000000001B40248844601BC0C
:10318000604700BFF15A021001B40248844601BCF6
:10319000604700BFE55B021001B40248844601BCF1
:1031A000604700BF595B021001B40248844601BC6D
:1031B000604700BF7586021001B40248844601BC16
:1031C000604700BFA51C021001B40248844601BC40
:1031D000604700BFC15A021010000000000000004C
:1031E00000000100000000000000000000000200DC
:1031F00000000000000000000000030000000000CC
:10320000000000000000FF000000000001B5486859
:1032100001318E460047704609380149884701BD93
:10322000390B021000000000000000000000000048
:103230000000000000000000480D0020C918021026
:103240005D190210CD1802100000000000000000FF
:10325000503300004C330000543300005233000060
:103260004D5300004D430000533400004334000030
:10327000014B0210054C02104D4B0210194C02106C
:103280000000000000010000FF00000016171415E8
:103290000019020000000000CD93021041930210BB
:1032A0004D93021059930210B19702103D970210EE
:1032B000C593021069970210D197021099930210DA
:1032C0000010010078A9051084A905108CA905102B
:1032D0008CA9051094A9051054A40510A0A90510E7
:1032E000ACA90510B4A90510C0A905100102000081
:1032F000B4C90510D4A90510D8A9051007080900FC
:103300002C01000058020000B00400000807000073
:1033100060090000C0120000802500004038000055
:10332000004B0000807000000096000000E10000EB
:1033300000C20100008403000008070000100E0016
:1033400040420F0080841E0000093D0000127A00F8
:1033500089C80210ADC8021055C8021057495A6EEC
:10336000657400000A000000FFFFFFFF00C00000BE
:103370000102573535303000000000005DE00210DA
:103380007DE0021081E0021085E0021061E0021091
:1033900069E00210000000000000000048B20510C3
:1033A00018B2051028B2051038B2051044B2051045
:1033B00058B205106CB20510F4010000A92C0210DF
:1033C000ED2C0210FFFFFFFFFFFFFFFF00000200D8
:1033D00000000000000000007007002070070020BF
:1033E0007807002078070020800700208007002051
:1033F0008807002088070020900700209007002001
:103400009807002098070020A0070020A0070020B0
:10341000A8070020A8070020B0070020B007002060
:10342000B8070020B8070020C0070020C007002010
:10343000C8070020C8070020D0070020D0070020C0
:10344000D8070020D8070020E0070020E007002070
:10345000E8070020E8070020F0070020F007002020
:10346000F8070020F80700200008002000080020CE
:10347000080800200808002010080020100800207C
:10348000180800201808002020080020200800202C
:1034900028080020280800203008002030080020DC
:1034A000380800203808002040080020400800208C
:1034B000480800204808002050080020500800203C
:1034C00058080020580800206008002060080020EC
:1034D000680800206808002070080020700800209C
:1034E000780800207808002080080020800800204C
:1034F00088080020880800209008002090080020FC
:103500009808002098080020A0080020A0080020AB
:10351000A8080020A8080020B0080020B00800205B
:10352000B8080020B8080020C0080020C00800200B
:10353000C8080020C8080020D0080020D0080020BB
:10354000D8080020D8080020E0080020E00800206B
:10355000E8080020E8080020F0080020F00800201B
:10356000F8080020F80800200009002000090020C9
:103570000809002008090020100900201009002077
:103580001809002018090020200900202009002027
:1035900028090020280900203009002030090020D7
:1035A0003809002038090020400900204009002087
:1035B0004809002048090020500900205009002037
:1035C00058090020580900206009002060090020E7
:1035D0006809002068090020700900207009002097
:1035E0007809002078090020800900208009002047
:1035F00088090020880900209009002090090020F7
:103600009809002098090020A0090020A0090020A6
:10361000A8090020A8090020B0090020B009002056
:10362000B8090020B8090020C0090020C009002006
:10363000C8090020C8090020D0090020D0090020B6
:10364000D8090020D8090020E0090020E009002066
:10365000E8090020E8090020F0090020F009002016
:10366000F8090020F8090020000A0020000A0020C4
:10367000080A0020080A0020100A0020100A002072
:10368000180A0020180A0020200A0020200A002022
:10369000280A0020280A0020300A0020300A0020D2
:1036A000380A0020380A0020400A0020400A002082
:1036B000480A0020480A0020500A0020500A002032
:1036C000580A0020580A0020600A0020600A0020E2
:1036D000680A0020680A0020700A0020700A002092
:1036E000780A0020780A0020800A0020800A002042
:1036F000880A0020880A0020900A0020900A0020F2
:10370000980A0020980A0020A00A0020A00A0020A1
:10371000A80A0020A80A0020B00A0020B00A002051
:10372000B80A0020B80A0020C00A0020C00A002001
:10373000C80A0020C80A0020D00A0020D00A0020B1
:10374000D80A0020D80A0020E00A0020E00A002061
:10375000E80A0020E80A0020F00A0020F00A002011
:10376000F80A0020F80A0020000B0020000B0020BF
:10377000080B0020080B0020100B0020100B00206D
:10378000180B0020180B0020200B0020200B00201D
:10379000280B0020280B0020300B0020300B0020CD
:1037A000380B0020380B0020400B0020400B00207D
:1037B000480B0020480B0020500B0020500B00202D
:1037C000580B0020580B0020600B0020600B0020DD
:1037D000680B0020680B0020800B00200000000018
:1037E000000000005C3B0020C43B00202C3C00207B
:1037F00000000000000000000000000000000000C9
:1038000000000000000000000000000000000000B8
:1038100000000000000000000000000000000000A8
:103820000000000000000000000000000000000098
:103830000000000000000000000000000000000088
:103840000000000000000000000000000000000078
:103850000000000000000000000000000000000068
:103860000000000000000000000000000000000058
:103870000000000000000000010000000000000047
:103880000E33CDAB34126DE6ECDE05000B0000000C
:103890000000000000000000000000000000000028
:1038A0000000000000000000000000000000000018
:1038B0000000000000000000000000000000000008
:1038C00000000000000000000000000000000000F8
:1038D00000000000000000000000000000000000E8
:1038E00000000000000000000000000000000000D8
:1038F00000000000000000000000000000000000C8
:1039000000000000000000000000000000000000B7
:1039100000000000000000000000000000000000A7
:103920000000000000000000000000000000000097
:10393000011D02102D1D0210251F02100D2D021059
:10394000E1250210192C0210391E0210491D021027
:10395000691D02107D1D0210FD0B0210851D021055
:10396000910F0210A11C0210890802105952021076
:0C397000B101021095030210CD5C0210A2
:04000005100200E9FC
:00000001FF
