:020000041000EA
:2000000000B5324B212058609868022188439860D860186158612E4B0021996002215961F5
:200020000121F02299502B49196001219960352000F044F80222904214D00621196600F0AA
:2000400034F8196E01211966002018661A6600F02CF8196E196E196E052000F02FF8012127
:200060000842F9D1002199601B491960002159601A491B48016001219960EB211966A0210D
:20008000196600F012F8002199601649144801600121996001BC002800D0004712481349E4
:2000A000086003C880F30888084703B5996A04200142FBD001200142F8D103BD02B51866AC
:2000C0001866FFF7F2FF186E186E02BD00000240000000180000070000035F0021220000EA
:2000E000F4000018222000A00001001008ED00E000000000000000000000000074B24E7A3E
:2001000000200420F7010010CB010010CD010010C9010010C9010010C9010010C901001071
:20012000C9010010C9010010C9010010CF010010C9010010C9010010D1010010D3010010D7
:20014000C1010010C1010010C1010010C1010010C1010010C1010010C1010010C10100100F
:20016000C1010010C1010010C1010010C1010010C1010010C1010010C1010010C1010010EF
:20018000C1010010C1010010C1010010C1010010C1010010C1010010C1010010C1010010CF
:2001A000C1010010C1010010C1010010C1010010C1010010C1010010C1010010C1010010AF
:2001C000EFF30580103800BE00BE00BE00BE00BE00BE00BEF2EB887190020010C4020010F0
:2001E0003802001090A31AE721482249086006C881F30888104720480068002801D01C48EF
:20020000F3E70DA40ECC002902D000F012F8F9E71A491B4A002000E001C19142FCD1194918
:200220008847194988471949884700BEFDE701C901C29A42FBD37047C4020010C000002047
:20024000C4BB0020C8BD0010D0BB0020E8E80020E0EA00100000042000000420E0EA0010D3
:20026000001004200010042000000000704700000000000008ED00E0000000D0E8E80020CA
:200280008435012039410020110100203141002040D700204CD7002058D7002064D7002002
:2002A00070D700207CD7002088D70020ACD90020A0D90020B4D9002098D9002090D90020E0
:2002C00084D90020F8B5C04606480749091A8B10C90FC91810B5491003D0044B002B00D09E
:2002E000984710BDE8E80020E8E8002000000000054B10B5002B03D00449054800E000BF26
:20030000FFF7E2FF10BDC04600000000C0340120C4BB002070B582B005F076FA040007F0C8
:20032000A5FD0A2000F0B8FF04F046F95F4D6048290004F015FA05F023FA05F03BFB012237
:2003400000210F2007F0BCFE0A2000F0A5FF0F2007F0DEFE00285FD12900564804F000FACF
:20036000002008F05DF9544804F020FD04F02CFD04F002FD04F038FD04F068FD05F044FA9D
:20038000CC23C35C01AD2B70FA232800DB006B800AF018FA28000AF029FA6B882A78474985
:2003A000474804F0DDF908F085F807F025FF642000F072FF02E0642000F06EFF07F02CFF8A
:2003C0000028F8D007F080FA07F0BAFA05F040FCC723E35C3B4D002B36D105F085FB07F091
:2003E000D1FC0021384801F0BFF90026374C08E006F0E6FC2B78012B01D109F03DF801F0BD
:20040000A9F92378002BF3D0267007F005FF0028EED106F091FFEBE7002007F035FA002873
:2004200019DB0E23FF33E05C01281AD02849294804F096F9642000F02FFF72B606F0A2FF50
:20044000234806F0A7FFFEE707F0BEFC04281DD101232B70C1E7012007F016FA0028E0DA74
:200460007AE707F011FA002819DB032007F040FF07F090F900280CDB0E230021FF33E1545C
:2004800022000120144B07F00BFFCFE705F0E0FBA3E7124804F0E0F806F066FFECE71048FD
:2004A00004F0DAF806F060FFE6E7C04638D70020A0BF0020C4BF002080F0FA0220D700207A
:2004C000E8BF00207635012030750000733501200000021060C000200405000044C000209C
:2004E00028C0002010B5052000F0F4F8014B186010BDC046C0EC0020F8B5DE464E465746C9
:200500004546E0B58B4605000A991800160001F0B1FB0A9B6C001F02324B64199C46A400C5
:200520006444636881469F4200D967602B1FDBB29846012B30D9C02380229B01E3181201E7
:200540001A60294BAD0059599A4600291BD17301E026226853401E40802342465B01E318E2
:200560001E60012A30D9802380229B01E31812011A6053464A4667605A51F0BCBB46B24620
:20058000A946A046F8BD586901F074FB013043001B18033BFDD2DAE75B46012BCBD1C023EF
:2005A00003229B01E3181A60023AA3681A42FCD07301E0262268AD0053401E4080230A4AFD
:2005C0005B019246E3181E605A462168514003220A401A6001225B469A40A3681A42FCD0FA
:2005E000C1E7C046008000405CEF0020F0B546464F46D646C0B51F00344B44009C462418CB
:20060000A4006444636888461600FF2B02D880235B006360031FDBB29A46012B30D9C02373
:2006200080229B01E31812011A60294B85005959994600291BD17301E026226853401E4060
:20064000802352465B01E3181E60012A30D9802380229B01E31812011A6080235B0063602C
:200660004B465F51E0BCBA46B146A846F0BD586901F000FB013043001B18033BFDD2DAE7E9
:200680004346012BCBD1C02303229B01E3181A60023AA3681A42FCD07301E02622688500F8
:2006A00053401E4080230A4A5B019146E3181E6042462168514003220A401A60012342466F
:2006C0009340A2681342FCD0C1E7C046008000405CEF0020014B8000C05870475CEF00203D
:2006E0000FB400B5084883B003F0B6FF049B002B07D005A91800019103F0E8FD034803F048
:20070000ABFF012003F0FAFD78C0002088C0002010B50148FFF7E4FF8CC00020EFF310809F
:2007200072B6034A1368002BFCD0BFF35F8F70472C0100D0BFF35F8F0022024B1A6080F382
:20074000108870472C0100D070B5EFF3108C72B60D4D2B68002BFCD0BFF35F8F0724CB0800
:20076000C618C05C01230C40A3401C000440034207D118433070BFF35F8F2C608CF3108871
:2007800070BD1000FFF7ACFF2C0100D0F8B54746CE46884680B5EFF3108C72B61C4D2C688A
:2007A000002CFCD0BFF35F8F9A4222D807210126894602E00132934218D34D4637001540B9
:2007C000AF40D4080119045D2742F3D110003C430C70BFF35F8F00220D4B1A608CF31088F0
:2007E00000280EDBC0BCB946B046F8BD01204042EFE7BFF35F8F00232B608CF310880120C3
:2008000040424346002BEDD00898FFF769FFC0462C0100D030B5EFF3108C72B60A4C236878
:20082000002BFCD0BFF35F8F072301220B409A40CD08435D93434355BFF35F8F0023236086
:200840008CF3108830BDC0462C0100D0044A1078431CDBB2172B00D9102313707047C04641
:200860002CE0002010B5064B064C82B00100009318221F232000FFF789FF02B010BDC0467F
:200880009CC0002050EF00200021044B044ABFF35F8F02C39342FAD17047C046000100D02C
:2008A000800100D0094A83009A1810B514684022544080322240064CC000A44663441A60F7
:2008C000044B9C466044416010BDC04604C0014004D0014000400140074B8000C3181B6804
:2008E000C90092000A435A400C231340034A9446604403607047C04604C0014004D001402F
:200900008000002905D0064B9C460223604403607047044B9C46022360440360F8E7C04601
:2009200004E0014004F00140D0231B061B6830B50500584243412F205B4283430E48EC08C2
:200940008446072028408000814020000B4D3C3063448000A40041511B19002A05D08022E7
:20096000920194466344196030BDC0229201944663441960F8E7C046304101400040014076
:200980000123D0228340120693629361094A83009A1811684022514080320A400649C0007E
:2009A0008C4663441A60054B9C460523604443607047C04604C0014004D00140004001404B
:2009C000054B064A1360064A136053609360D36013615361936170478080808000E400E0D1
:2009E00004E400E01F2318401E3B8340002905D0C021044A4900535013607047802201494A
:200A00008B50FAE700E100E070B50D00EFF3108672B60F4A1368002BFCD0BFF35F8F0D4BC4
:200A200010309B6884001B590B4A934203D09D4201D000F0BDFF074B9B681D51BFF35F8FBF
:200A4000BFF35F8F0022024B1A6086F3108870BD240100D000ED00E0C1010010F0B5DE4672
:200A600057464E464546E0B50C0083B0EFF3108872B6634A1368002BFCD0BFF35F8F614BD9
:200A800061499A68030010339F00D55901938D4243D0A54254D05D4EAA1B2F2A3DD85C4B91
:200AA0009B461B68994601231A009C4682404B4613401F2299466346024093409A468022CD
:200AC0005B4650469850BFF35F8FEFF305839B46002B37D0019B5B4501D000F069FF012351
:200AE0002A009A439068844208D176E04B005B189B00F3189868844236D01A0006215156EA
:200B00000029F3DA844254D04B46002B27D0C02251463F4B5200995019603A4B9B68DD51D5
:200B2000BFF35F8FBFF35F8F0022354B1A6088F3108803B0F0BCBB46B246A946A046F0BD6C
:200B40000D00EAE72A0063469A4390688442D5D106201056130000280ADA0D0031E0802337
:200B600051462B4AD150D8E706201856002821DB42001118890074188B46A1689960E17924
:200B8000D971062161569971002924DBA488F11A640524155C44091909051E4C490D21432E
:200BA000998013181C4A9B001178F31899711070AAE713005946002914D1FF3191711749EF
:200BC000918015490A789A71154A9B1B5B415A43120D0A7098E71149E2E7062010561300F1
:200BE0000028C5DA0F4A1049D21A083A5002400D014399800D4952080A43DA8084E7C0468A
:200C0000240100D000ED00E0C101001030E0002000E100E000E0FFFF7B35012001BDFFFFE4
:200C2000AAAA00006AE0002000F0FFFF00F8FFFF70B501240443EFF30581EFF3108C72B673
:200C4000214A1368002BFCD0BFF35F8F1F4B05001F4AED1A6D416A43120D1E4D8900AE68B4
:200C600052B27658A6421CD00621595691421CD012215956914222D01E215956914220D0E1
:200C80002A2159560324914210D0134B19781A708171BFF35F8F00220B4B1A608CF310886C
:200CA00070BDAB680D4C5C50EFE700246100091989005B18FF21997109499980E5E70124F0
:200CC000F4E70224F2E7C046240100D030E00020AAAA000000ED00E07B350120C10100104B
:200CE00001BDFFFF024B9C4661448900016070474000003470B5114C114DAC420FD2FF267B
:200D00002368002B0CD0FFF7A1FD01002000FFF7E9FFA680BFF35F8F0834AC42F0D370BDCE
:200D2000FFF794FD01002000FFF7DCFF2671BFF35F8F0834AC42E3D3F1E7C04698E80020A5
:200D4000A0E8002010B504000120FFF78BFD034BC3189B002360BFF35F8F10BD400000345B
:200D60000A4B1968EFF3108072B60A68002AFCD0BFF35F8F1B68BFF35F8F00221A6080F3C9
:200D8000108840BF002000217047C046FC340120F0B5DE4657464E464546E0B587B0EFF33A
:200DA0000583032201251A40954091008846A946B34B03925C58B34B1D60B34B04934B46FB
:200DC000B24843630823E55E002D37DAA3881BB2002B00DBADE0A379002B00D0EEE008232C
:200DE000E05E002820DB430062691B18DB00D3189E68DD68731C00D111E1A448010041447C
:200E0000826A0B69B71A9B1A9F4215D30123026A039883401A420FD09C4800F0DDFB8D427F
:200E200002DCCCD18642CAD940BF07B0F0BCBB46B246A946A046F0BD0E61EDE762696B0076
:200E400092465B19DB009A4453469E68DF6800F0C3FB8F42BADC00D103E1002F00DAE8E00C
:200E60005246534652691B699346049A934200D1D9E052460821605E5288000459461043DD
:200E80009847009001910099019A0B001000134300D1CEE013000A00B61A9F41002806DB57
:200EA0007A4800F099FB009E019F36184F4153469E60DF6000229A5E002A00DA86E753001C
:200EC00099186069C900411802938B68C9689B46B94200DD7AE702D1B34200D976E708237A
:200EE0009C46A444059565462281A446029B2C0006E053009918C90041188D68C968AB466A
:200F00009B18DB00C318B94206DC00D1B3E01C000023E25E002AECDA230064469C46534670
:200F20001A806346059D1D80A3881BB2002B00DA51E72269EFF3108172B61368002BFCD062
:200F4000BFF35F8F0123A7885B42A3803FB22369BFF35F8F00221A6081F31088002F00DA10
:200F600039E72300083322009A4666697B00DB19DB00F318996850468C460824115FDD6883
:200F8000002910DB029306E0AB4244D00023E15E2000002906DB4C006418E4003419E368F1
:200FA000AB42F1DD029B078000201F5E1980002FDCDA1400A379002B00D110E70023A371DD
:200FC00026000823E15E08364B1C00D12CE70800A246656902E03E004B1C1AD04B005B180B
:200FE000DB00EF180A008C46E95E7B881BB2002BF1DA01235B42DC17BB60FC60824205D062
:20100000534631801B893B8053461A8160464B1CE4D15446E5E6A3686345B7D9C2E76B1C59
:2010200000D0EAE6F8E65B4658461B69984700281BD153461B8822692381EFF3108372B674
:2010400011680029FCD0BFF35F8F514662880A8022696580BFF35F8F0021116083F31088C7
:20106000B4E6864200D8F8E6B0E65B461A685B680092019307E7B34500D848E74CE7C04690
:20108000DC3401203C7005408D0B00200040054070B52E4C2569002D04D00A212C48FFF72E
:2010A00021FE70BD2B4E0321300000F08BFAE660FFF7CCFB284B03229C46D02322701B067F
:2010C0001B6801216370254B6044A3600F23800020610220638063694942A1801980023105
:2010E000198647311D83585218315A5275325C39995218320131995218320131995218325B
:2011000001319952083518329D52023118329952183201319952183201319952183201318A
:2011200099521832013199521832013199520C4B0C49DC6001303562FFF766FC01210320A9
:20114000FFF750FC084B1D60A7E7C04678E00020FC3401200040054040000034FFFF100019
:20116000DC3401208D0B0020386005400048704778E0002070B501000469EFF3108C72B6F9
:2011800020680028FCD0BFF35F8F02200D5E4C6968004019C00024180869002D36DB2688D7
:2011A0004E80BFF35F8F002606608CF31088E36063880498013320615B0405985B0CA2603A
:2011C00060611A1C002B1FD093B22804628018430A69EFF3108C72B61368002BFCD0BFF313
:2011E0005F8F8B8823808D800B69BFF35F8F00221A608CF310880B7801329A40CB68084963
:201200008C4663441A6070BD0122DDE7BFF35F8F002303608CF3108801204042F3E7C04607
:201220003C20000010B543890A1493421ADD53009B184269DB00D3180469EFF3108C72B64D
:201240002268002AFCD0BFF35F8F5A88090494B2090C8A4208D00369BFF35F8F00221A60D8
:201260008CF31088002010BD8022120214435C80012302698371BFF35F8F002111608CF34D
:201280001088044902788C469340C268012062441360E8E73C200000F0B5C64600B582B023
:2012A000040000F0A1F9FA2206000F00200000230021920001F002FB8019794104000D1E09
:2012C00002DA01242E4D644206267642F71736196F41AF4214D811D000F086F932003B0061
:2012E000121A8B41002B15DC002B46D02000290000F0B8F902B080BCB846F0BDA642EBD96A
:201300000026002700F070F932003B00121A8B41002BE9DD00F068F932003B00121A8B411B
:20132000002B0ADB00230193164B3200009316483B00FFF71FFF0130D8D000233900B046E8
:201340009C46124A1248536A994204D8966A4645CCD29942CAD10668EFF3108772B6336838
:20136000002BFCD0BFF35F8F0368BFF35F8F66461E6087F3108820BFE5E7002AB6D0C9E784
:20138000FFFFFF7F5D0B002078E0002000400540FC340120F0B557464E46DE464546E0B5E1
:2013A00006000F0085B0EFF3058399468B46002B12D0384900204B6ABB4206D38A6ADB1BA6
:2013C000591E8B41B2424041184305B0F0BCBB46B246A946A046F0BD2F4B9A46DB689846A3
:2013E00053461B784046039300F0F6F84246039B040004339B009B580D001B1A390030002D
:20140000001BA941894510DC0DD020BF214A0020536A5B45D9D3926ADB1B591E8B41B24294
:2014200040411843D1E78342EFD900F0DDF832003B00121A8B41002B1ADB00230193174B28
:201440003200009350463B00FFF794FE011E0FDD104B5A6A5A451BD39B6AB34216D350463E
:20146000FFF7E0FE0B4A0020536A5B45ADD3D2E7084A0020536A5B45A7D30020926ADB1B32
:20148000B24240415A1E934118439EE75A45E6D120BFE4E70040054078E000205D0B002026
:2014A000F0B5CE464746110080B583B004009C460C9D194300D16CE06146DB1701930093A5
:2014C00053401E00019B4B401F0000980199361A8F4163460A996B600B9BAC6029612A60E6
:2014E0006B6100F081F880197941002902DA0120314940422269EFF3108972B61368002B6E
:20150000FCD0BFF35F8F0223E65E636972009219D2009B1822699046002E42DB1A88628058
:20152000BFF35F8F002247463A6089F31088234A9860D9601A615A885D6101325204520C0E
:20154000111C002A2BD088B23204024359802069EFF3108772B601680029FCD0BFF35F8F83
:20156000A1881980A6802369BFF35F8F0021196087F31088124823788446013199400120C0
:20158000E36863441960EA6003B0C0BCB946B046F0BD00230126002701229C4699E70121AD
:2015A000D1E7BFF35F8F0023136089F31088012200205242E7E7C046FFFFFF7F8D0B00204A
:2015C0003C20000010B5024A0248FFF7BDF810BDB8C0002054EF00200300416A0A00986A27
:2015E000596A8A42FAD17047034B596A0A00986A596A9142FAD170470040054070B50400F7
:201600000D00174A536A1900966A536A8B42FAD13000190024184D41AB4216D813D0104B05
:201620002A005B6A9D4203D90D494B6A9342FCD3934207D10A4A02E0516A994202D1916A0A
:20164000A142F9D370BDA642E9D9054B5B6A1C005A1CEFD0012201246442E5175242E3E756
:2016600000400540064A536A9942FCD807D1044B02E05A6A914202D19A6A9042F9D8704758
:2016800000400540F8B5040021481E0017000D0000F0F0FA0100380000F0ECFA069B3604A5
:2016A0001B031E432368002B20DB1A4B1A49E3185A1E93418022920194465B421B0B174AB8
:2016C0001B0363441360164A13601F000A689743FBD1144B2560E2182123A06013602368A8
:2016E000002BFCDA0823E6601360F8BD3F2322681340AB42D9D1A3681B051B0D8342D4D1BD
:20170000EE22E368D2021340B342CED1EDE7C046001BB7000040FDBF08C0004000E00040E3
:2017200000F0004004300000044B00011B68044A5840F023034013607047C0460040064080
:2017400000500640024B18680006000F7047C04600400640024B1A68024B5A607047C0463B
:20176000BC34012000800540194B1A4A10B5DA618022194BD2051A60184C194A1460002910
:201780000AD0E022174BD2041A60002809D18022144B12061A6010BDE022D2041A600028DF
:2017A000F5D043011B1A9B001818802300015B04984209D203000C4A13608022044BD205D4
:2017C0005860084B1A60E6E7084B1800F3E7C046008005402131B76A00B00540FCFF010043
:2017E0000820014000A00540BC340120FFFFFF008023024A9B000B43D36270470080054004
:20180000002310B50100988A1B8B984710BDC046162310B50100188802331B88984710BD42
:20182000F8B54746CE4680B50F1E18D014239946043304000025012698464B4618884346DB
:2018400021681B88984701C4431E984101350640AF42F2D13000C0BCB946B046F8BD0126D1
:20186000F8E7C046AA23064A1B0113608D235B00D3600449044B19605368002BFCDA704711
:201880000040024000B0FA0000600240F8B5040006200D00FEF71EFF002844D0374B384945
:2018A000E3185A1E93418022120494465B429B0D344A9B0563441360334A136018000A6858
:2018C0009043FBD12D4B314AE31859424B4180215B00490006209952FEF7FCFE2900C00026
:2018E00000F0C8F90130C3091ED1402701226262A362266BF30722D4E36A254B0620E51897
:2019000000232B602663FEF7E5FE3900800000F0B1F97023E26A5A400E3313402B601D4B65
:2019200023630323A364F8BD1B4A93421ED900231A4A1B4F6262A362266BF307DCD5194BB4
:20194000144AE3181A60656AA36A0620AD01ED18FEF7C0FE144900F08DF9AD0201002800A1
:2019600000F088F90021FFF749FEC5E74006800E9F011A003F180300B9E7C0460080FCBF23
:2019800008C0004000E0004000F00040343501202C10000001030000FEFF0000FFFF00002A
:2019A000C0FF3F00303000004E0E00007047C04610B50148FEF794FEDCC0002070B5074DE6
:2019C000074EB54209D20024013E761BB60808CD984723000134B342F9D170BDA0E800208E
:2019E000DCE80020054B064A06491A60064A074B1A6010000B689843FBD1704700E000407D
:201A0000BFCDFBFE08C00040FE7F3C0000F00040044BDB6C002B03D18022034BD2021A607D
:201A20007047C046000011504C201150044A054B1A60054A1368DB018033FBD17047C046C1
:201A4000FFFFFF0100F0004008C000404022034B9A675A671A67DA667047C04600F001402F
:201A600010B5FEF711FF10BDF8B52749274C284D641AA6103200302E00D930222800920021
:201A800000F0A2FFBC2C3BD830202F232C196407204A801BE40F9B1B052B16D93700002C38
:201AA00002D0B300771CEA50001B33199B004108EB18C900C9181A605A6008339942FAD1C7
:201AC000012303421CD09843C619B300EA50731C2F2E15D09B00EA50B31C2E2E10D09B00BE
:201AE000EA50F31C2D2E0BD09B00EA50331D2C2E06D09B00EA50731D2B2E01D09B00EA50AE
:201B0000054B9D60F8BDC04600010010C001001000000020C101001000ED00E0002310B534
:201B20002E4C82B0A367FFF79DFE01222C4B1A60636C012BFCD103222A4B1A60274A936BFF
:201B4000012BFCD10121284A284800930533FFF799FD05230121244A25480093FFF792FDF4
:201B6000002202210420234BFEF740FDFFF7EAFD0B282CD90022012105201F4BFEF736FD4C
:201B80000022002107201D4BFEF730FD0022002108201A4BFEF72AFD8023DB000093002232
:201BA00000210920154BFEF7A7FC0022124B00210620FEF71BFD0420FEF78CFD104900F025
:201BC00059F801000020FFF713FE02B010BD0C20FFF7AAFD0B4B033BFDD2CBE7008000406F
:201BE0003CB0004030B00040008C86470080024000C00240001BB70000C2EB0B006CDC02A8
:201C000040420F00E02E000001480421014B184790E000201D160020014B9B68184700007B
:201C200090E00020124A936F9B0815D29066D166002905D0FFE7FFE7FFE7516F106F704759
:201C400004B580210906C2175140002800D0C84308F0BEFF002104BDF0B5146E556E576F67
:201C6000166FFFF7E3FF1466556657671667F0BD000000D0114A936F9B0813D21066516608
:201C8000002905D0FFE7FFE7FFE7516F106F704704B5002801D00020C04308F099FF002118
:201CA00004BDC046F0B5146E556E576F166FFFF7E5FF1466556657671667F0BD000000D061
:201CC00094464A4A926F9208624601D228E0C046F0B5464E346E756E776F366F00F020F821
:201CE0009446424A14665566576716676246F0BD94463E4A926F9208624601D254E0C04607
:201D0000F0B53A4E346E756E776F366F00F04CF89446364A14665566576716676246F0BD33
:201D2000002B24DB11D000293EDA00B5C943404200D1013100F038F8C943404200D1013160
:201D4000DB43524200D1013300BD002AEBD1002801D1002905D00020C90FC90701D1C04394
:201D6000410800B508F034FF0022002300BD00B500290ADBDB43524200D1013300F014F8C2
:201D8000C943404200D1013100BDC943404200D10131DB43524200D1013300F005F8DB43A2
:201DA000524200D1013300BD002923D1002B18D1002A0CD0BC460D4F38667A660021002376
:201DC000FFE7FFE7FFE77A6F386F67467047002801D00748010000B508F0FAFE002200232A
:201DE00000BD02000B00002000217047000000D0FFFFFFFF002B00D0BFE0130C28D1002A79
:201E0000E7D080B4114F39667A66FFE7FFE730B4040C7B6F396F1B0423433B667A66FFE7BA
:201E2000FFE7FFE7C04684B27B6F3D6F1B0423433B667A66FFE7FFE7C04600232C042D0CA0
:201E40007A6F386F00196941B0BC7047000000D0F0B594460025140E01D112020835140F30
:201E600001D112010435940F01D192000235D40F01D152000135D40B0134254F7C66254CEE
:201E80003C660E0C93B2FFE7FFE7FFE73C6F6643360C7703BE467343DF0B5B04C01AB941A8
:201EA000130C7343DB18C91ACE086643360CB64493B273431F0F1B01C01AB941130C7343CE
:201EC0001F0B1B05C01AB941860D8F023E436643360C092D24DB520A7243801A7703460AAA
:201EE0006643360C16235B1BDE40DF40BF1964466643821B7046043506330100D940A84019
:201F0000C01900D30131A24206D20023F0BD0000000000D0FFFFFFFF121B0130F3D3F1E78F
:201F200009277F1BFE406446A2B27243801A00D20139220C7243130C1204821A99410B00A7
:201F40007046043513370100F940A840801900D30131002B02D1A2420AD2F0BD013000D319
:201F60000131121BFAD2013BF8D1A24200D2F0BD013000D30131121BF7E7F0B51C0C00D0F0
:201F800080E00CB400251C0A04D11B02160E3343120208351C0B04D11B01160F3343120133
:201FA00004359C0B04D19B00960F334392000235DC0B02D192185B4101351C009718644147
:201FC0000134464F7C66464C3C660E0CFFE7FFE7FFE7C0463C6F6643360C7703BE4697B2F2
:201FE0007743C01B00D20139C01B00D201399FB27743C91BC91B170C77437E04FF0B801B82
:20200000B941CE086643360C0C2D33DBB644120B1F053A431B0B97B27743C01B00D20139F6
:202020009FB27743C91B170C77433E043F0C801BB941860D8F023E43664329277F1BFE403C
:202040000C3D7746AF40BF1930BCA2B2ABB272437343801A9941220C7243130C1204801A85
:20206000994102000B000137001BA941F9D2781E0021F0BD0C277F1BFE4077467F0BAF40CC
:20208000FF19E0E700245D1C07D0144F7D663966FFE7FFE7FFE7FFE73C6F95B29EB2654386
:2020A0006643401BB141150C1E0C6543664336042F0C3E432D04401BB141994204D2020067
:2020C0000B0020000021F0BD01D19042F7D3801A994101349942F2D3F6E70000000000D0A3
:2020E000FFFFFFFF48404140484018B41B4B5B68FC46019308BD04DF8B21002018B4174BE6
:202100001B68FC46019308BD00DF952100209446134A926F920809D2624618B40F4BDB682E
:20212000FC46019308BD0CDF4D2400200C4AF0B5146E556E576F166F6246FFF7EEFF084A20
:202140001466556657671667F0BD18B4034B9B68FC46019308BD08DFF122002080EA002006
:20216000000000D0FFB550404240504059404B40594000E0FFB5154F4C00640D03D0BC42F6
:2021800004D10C0314D80020090D09055C00640D03D0BC4204D11C030AD800221B0D1B054D
:2021A00001264B4009D44B4003D58B4200D18242FFBD9942FCD19042FFBD0B43DB18034352
:2021C0001343F5D0C9434918FFBD0000FF07000000B5FFF7CFFF804100BDC04600B5FFF70D
:2021E000C9FF01D9002000BD012000BD00B5FFF7B9FF01D9002000BD012000BD00B5FFF7DF
:20220000B1FF804100BD012040054A00121804D85A00121801D800207047012070470000CE
:202220000021002805D17047C1174840401AFAD0C90713B5064B1B6898470CBC441CA240EF
:202240001005120B0349091B09051943114310BDF83401201F04000010B54C00620D8023BE
:20226000D218DB00D21A5B057E2A10DD9E3A13DACC170903490819435242D1406400013419
:202280001532202A05DAD0400843604310BD002010BD0846604310BDC80FC018013810BDA3
:2022A00018B4044B5B6AFC46019308BD24DFFD250020000080EA0020132370B51D78012DB6
:2022C00019D014DD1F48FFF7A3FA06001E48FFF79FFA1E4C80223100200000F075FB022D43
:2022E0002DD01B48FFF78CFA1A4B186070BD1A4B164CA364F5E7184B144C23606360A36042
:20230000E36023616361A361E36123626362A362E36223636363A363E36323646364A36469
:20232000E36423656365A365E36523666366A366E36623676367A367E367A364D1E7064B5A
:20234000A364CEE7534400005346000080EA00204C330000F83401205921002007B560463F
:2023600001880A0A0230DF2AFAD1C9B2820804D3028840880004104300E00068014A505002
:20238000039007BD80EA00200FB403BC0CBCF0B50124E407634000E0F0B50C0DCF0F661EBA
:2023A0003605891B640503D3C943404200D30131640D03D0661CF60A07D0E41B00207F0031
:2023C000791C89078912803C24031D0DDF0F6E1E36059B1B6D0503D3DB43524200D30133C4
:2023E0006D0D03D06E1CF60A07D0ED1B00227F007B1C9B079B12803D2D032F1B661B58D4BC
:20240000A446202E46DA20371400BC401D00BD40F24033412A4380185941CB0F05D0C943E3
:20242000C043002264425041514162464D0D28D10D0D07D100281FD0241940414941013A27
:202440000D0DF9D0640006D3013000D30131002C01D140084000013A0BD4941CE40A04D113
:2024600012051144DB071944F0BDD907204B194300E0D9070020F0BD0029DDD1002CDBD121
:20248000F0BD0132C6074008CD0728434908002EE1D0D9E73C2E29DA203E40371400BC40C6
:2024A00000D00124F24014431A00BB401C43D317ACE7AC46202F08DA20360400B4400D002F
:2024C000B540F84039412843A5E73C2F0CDA203F40360400B44000D00124F84004430800C4
:2024E000B1400C43C117EAE710001900002494E70000F07FF0B50C0D661E3605891BE60AAB
:202500006405640D02D0651CED0A04D0002001210905803C2403A4461C0D671E3F05DB1BBE
:20252000E70A6405640D02D0651CED0A04D0002201231B05803C24037740644497B484B289
:2025400096B27443070C7E43150C6F4380B26843361802D3012000043F183004350C0019CB
:202560007D41844688B29AB250430C0C62431F0C7C438EB27E43921902D301263604A41974
:202580001604170C3618674101BC81B29AB25143040C62431B0C5C4380B25843121802D3F1
:2025A0000120000424181004130C401863412D185E410020474106BC88B293B258430C0C0B
:2025C0006343120C544389B251435B1802D301210904641819041A0C091862416D185641BB
:2025E0000020474118BCF902720D1143F0026A0D1043ED020A0D03D16D1940414941013B2E
:20260000124E9B1B7600B3420ED26D0007D30130002671416646354301D1400840001B056B
:20262000C918E4072144F0BD0BDA013306D1013004D101314F0D01D04908F2E7E107002035
:20264000F0BD013631050020EBE70000FF030000F0B51C0D671E3F05DB1BE70A6405640D14
:2026600002D0661CF60A04D0002201231B05803C2403D0252D060026F6432E661E096E66D3
:20268000CE0FF619B44649004F0D02D07E1CF60A03D000200021403F3F033E1BB600B44467
:2026A000013F7F05C91B49082E6F013676089C02950D25437543ED137543AD1301356D1044
:2026C000F603761B0CB4CC02450D2C43A2B2B3B25A43270C7B43350C6F43A4B26C431B19AE
:2026E00002D3012424043F191C041D0CA4187D4124196D41009A91B2ACB26143170C7C43F1
:202700002B0C5F4392B25A43A41802D301221204BF182204230C52187B41019C6C431B1963
:20272000520ED9010A434401A01A81B2B2B2514303145A43360C734387B27743D617D21971
:2027400000277E4136049B191704160C7F185E417316ED18F301002680337541A90F06D192
:202760006400690AE8055B0A184309D22FE00422944480337541A90AA8059B0A184326D32B
:20278000404149412404009A019B0D005543641B4343E41A95B286B27543170C7E43030CFE
:2027A0005F4392B25A43B61802D301221204BF183204330C52197B4152429C41002C02D4D4
:2027C0000022013051414008CA071043490802B06246D7079210084BD218084B9A4203D23C
:2027E00012058918C919F0BD0020002A01DC3900F0BD01331905F5E7FD030000FE07000052
:20280000002200B5203200F004F8080000BD000000220B150AD410B5944600F031F81414DE
:20282000013400DA0021CB17144C20470020002170476244343A0CD40C2A07DA04009140E7
:20284000904052422032D440214310BDD843D94310BD203207D40C469440524220321141EE
:20286000D040204310BD0800C917203203D452422032104110BD1800190010BD2F26002090
:202880000A0DCC0F531E1B05C91A520503D3C943404200D30131520D03D0531CDB0A07D0B5
:2028A000121B00206400611C89078912803A1203014BD21A70470000FF03000051434343E5
:2028C000C9188C46110C83B24B4310B4040C614392B280B2504362431C041B0C001910BC13
:2028E00059411304120CC0185141614470470000132310B512481C78FEF78AFF0100012CAE
:202900000AD003DD80220F4800F05EF80E48FEF777FF0E4B186010BD0A4C5422200000F083
:2029200053F80B4B6365A365E36523666366A366E36623676367A367E3672362E361E5E7FD
:202940005346000080EB00204C330000F83401205127002007B5604601880A0A0230DF2AB5
:20296000FAD1C9B2820804D3028840880004104300E00068014A5050039007BD80EB0020F2
:2029800010B5040008F032F9002804D0034B04199C4200D810BD0248FDF7A2FE000004205F
:2029A000E8C0002010B508F02BF910BD01480421014B1847A0E000201D160020014B1B68C6
:2029C00018470000A0E00020014B5B6818470000A0E000209A4200D2885470477047C046EC
:2029E000F8B55746DE464E464546E0B599460A9B07009A460D9B884693460B9C9B073BD1A6
:202A00000C9B9C423DD21E1B0B9415000C005E442A004B46013521002020B847B542F7D177
:202A2000A0460B9C002C20D0454636195346321B013C185D29004B46B847002CF6D12B00A4
:202A4000350098460D9B9B070FD55B46EC1A0C9BA3420AD9464698462A004B463100202089
:202A60000134B84701354445F6D32800F0BCBB46B246A946A046F8BD16001500002CD3D148
:202A8000E0E716001500002CCED1EEE7F0B54546DE4657464E46E0B585B09C4610AB1B7825
:202AA000149F934698460F9C129E139DBB074CD4002D42D1B44248D201233B4099460E9B48
:202AC000013B9A46302304E0524601341355A64201D9202CF8D14B46002B00D183E00E9BFE
:202AE000013B99463023A54205D82EE04A4601341355AC4229D0202CF8D1FB060CD57B050B
:202B000054D4A64263D0A54261D0119B102B50D0022B57D0202C32D1202301930E9B5A4690
:202B20000093039763460295FFF75AFF05B0F0BCBB46B246A946A046F0BD01233B4099467F
:202B400001233B422AD1B442B9D3FB061CD57B05DBD4002CD5D1119B102B5BD0119B022B79
:202B60006BD0302301240E9A13704346002B10D17B073ED52B260E9A631C1655CDE7230093
:202B8000013430260E9AD654202CC5D04346002BEED02D260E9A631C1655BEE74346002B47
:202BA0002FD0013DB44200D289E798E7119B102BB2D1BB0637D5202CAED058230E9A135595
:202BC0000134A7E7202CA7D02300013407E0631E012CC0D0119A102A31D0022AD1D16226B6
:202BE0000E9AD65496E7FB06CED57B0500D488E78BE723003E0790D520260E9A0133165553
:202C00008BE70C233B405A1E9341ED1AB44200D255E764E7BB060ED478230E9A0224137067
:202C200030235370A1E7202C00D175E778230E9A135501346EE75823EFE76033EDE70E9AE8
:202C4000A61E91464E44BA0602D55822327098E77822327095E7C04610B5002800D110BDCC
:202C600001F0B0FCFBE7C0460B0010B5002802D049681B68984710BDF0B55746DE464E462B
:202C80004546E0B595B083460F00924698461E9A1F9B10001900209EFFF7B5FA002800D04B
:202CA000EAE11E981F990122C54B5242FFF790FA002800D014E11E981F990122C14B524276
:202CC000FFF79CFA002800D0E9E01E981F990022BD4BFFF793FA002800D0C8E01E981F997E
:202CE0000022BA4BFFF774FA002800D0BFE01E981F9900220023FFF76BFA002800D0E4E0E8
:202D000000230B93229B5B0500D406260024302307E0172106AA013452181355013E202CFD
:202D200001D0092EF5D81E981F99FFF795FAA84BF2009B181A685B68050008920993FFF7BD
:202D400073FA02000B001E981F99FFF7CEF9089A099BFFF7FAF906900791FFF7A1FA814619
:202D6000FFF75EFA02000B0006980799FFF7BDF90022984B06900791FFF740FA002800D1B2
:202D80000DE101239C46E1444846FFF749FA02000B0008980999FFF721FA002802D00023D6
:202DA00099460135002E00D1D9E006954D46B94614E006AA944617230A2163442800013432
:202DC0001F19FEF757FF3031397028000A21013EFEF750FF092D00D817E10500202CE8D180
:202DE0004F46069D20240CAE06AA17239446634499465B46B34606930FE04B4628000A214D
:202E00000134E618FEF70EFF3031280031700A21FEF708FF051E00D1E4E0202CEDD1069BC9
:202E20005E469B460323229A1340012B18D1219B002B15D00B9B002B00D1FDE0219B013B80
:202E40002193202B0CD93023219A07E0172006A9013409180B55944200D3CCE0202CF5D196
:202E6000229B01940393219B0096029322E0229B52460493219B3900039358461E9B1F9CF8
:202E8000029600930194434600F04AF90400200015B0F0BCBB46B246A946A046F0BD229BE9
:202EA0005B070FD403224C4B2299019203912199009302914346524639005846FFF790FDD4
:202EC0000400E4E70422454BEEE71E9A1F9B00200021FFF70AF901231E901F910B9311E7D4
:202EE000229B54469B0711D1219B042B0ED9219B55469C465E46043C64442A004346013577
:202F000039002020B047A542F7D1B346344D26002B1F99465B46A3461C003200E878434608
:202F20003900013DA04701364D45F6D123005C469B46229B04349B07A9D55346219AE31A97
:202F40009A42A4D95E4615002200434639002020B04753460134E31A9D42F5D897E7280027
:202F6000FFF762F902000B001E981F99FFF7BDF80022184B06900791FFF72AF90CAE00282C
:202F800000D031E7069807990022124BFFF736F9002800D028E7012301359D4324E70022F9
:202FA000069807990B4BFFF713F9002800D0F9E64B46002B5CD101239C46E144F2E6C046B2
:202FC000FFFFEFFFFFFFEF7F65CDCD4165CDCDC130D900200000E03F3CC1002034C100201F
:202FE00044C10020069B5E469B460323229A1340012B00D181E0202C00D131E70B9B002BED
:2030000027D02D23335501342AE74F46069D202C00D1E7E63022331907E0172006A90134D9
:2030200009180A55202C00D1DCE6A342F5D12E220CAE0134F254D7E60C23229A134257D0DD
:20304000219B013B2193A34200D9FCE6202C00D106E7229B5B0703D52B2333550134FFE633
:20306000229B1B0700D4FBE6202333550134F7E6DB0700D496E69EE7229B55469B0711D14C
:20308000219B032B0ED9219B54469C465E46033D654422004346013439002020B047AC425C
:2030A000F7D1B346B9465F461C4EEC1C2A00B078434649460135B847013EAC42F6D1229BE9
:2030C000BB464F469B0700D4E1E65346219AE31A9A4200D8DBE65E461500220043463900BA
:2030E0002020B04753460134E31AAB42F5D3CEE6219BA34200D9A6E6B2E6219B002B00D10F
:2031000079E70B9B002B97D0219B013B21939C4200D298E6202C00D073E7A1E640C100201F
:20312000F0B5DE4657464E464546E0B599B081468B4692469846229A239B10001900FFF745
:2031400062F8002800D0CAE0229823990122824B5242FFF753F8002800D0C0E0229823992A
:2031600001227E4B5242FFF733F8002800D0B6E02298239900220023FFF72AF8002800D055
:20318000C9E1229B239C08930994089809998023269ADB001A400D928022269C120114408D
:2031A00022000B94269C07000E001C4200D0ADE00B00034300D0D5E0002A00D00AE22200DE
:2031C00006332493022313400C930223134200D002E2259B042B00D20FE2043B0B93002308
:2031E00004250A930022229823990023FEF7F0FF002800D003E25A4B269A134004930B9B98
:203200000393249B0293089B099C009301945946434652464846FFF72FFD02002020269BE1
:203220001F27034059424B415B421840531C0893594643464530C8470A9AD317D4185C401D
:20324000D30F0A936B1E0B9308AB9C460025674401E0202D0FD020000A21FEF70BFD0135D8
:203260007E193031317020000A21FEF703FD26000400092EEDD8052306930B9B59460593B1
:20328000002304930A3303930A9B4846029310AB0093089A43460195FFF7F8FB0C9B002B0F
:2032A0002DD05346C41A259BA34228D94D465F4681461E00534639001A19202043460134D4
:2032C000A847A642F6D8534648462599C21A01320023914200D386E1013018180FE0269B14
:2032E0000493259B0393249B0293229B239C009301944346524659464846FFF7BDFC19B023
:20330000F0BCBB46B246A946A046F0BD01432BD10B9B2200002B00D154E700230A93249BC8
:203320000A9A0024934200DD85E12298239900220023FEF74DFF002800D035E1269B084A90
:2033400002941A408023DB0013430493259B0393089B099CCBE7C046FFFFEF7FFFFFEFFF64
:20336000FFF7FFFF06232493B44B70009C46400D6044FEF759FFB24AB24BFEF7E6FEB24A1C
:20338000B24BFEF7BBFE3603B14B360B334304000D00380019000022AE4BFEF7A6FEAE4A88
:2033A000AE4BFEF7D2FE02000B0020002900FEF7A5FEFEF751FF0A90FEF736FFA84AA94B72
:2033C00004000D00FEF7C1FE0022A74BFEF796FEFEF742FFA54A0600A54B20002900FEF732
:2033E000B4FE040030000D000C96FEF71DFFA14AA14BFEF7AAFE02000B0020002900FEF768
:2034000074FE02000B0006000F00FEF79EFE320004000D003B0030003900FEF76FFE00221C
:203420000E900F91954B20002900FEF770FE0022934BFEF763FE02000B0020002900FEF721
:2034400066FE00228F4BFEF759FE02000B0020002900FEF75CFE0D008021040032003B00FC
:203460000020C905FEF741FE02000B0020002900FEF744FE02000B000E980F99FEF747FE08
:203480000022734BFEF73AFE7F4B0C9C9C46644400222305FEF759FE06000F0002000B006B
:2034A00008980999FEF794FE00280AD00A9B3000013B39000A930022714BFEF728FE06005B
:2034C0000F000A9A330063323900C62A12D802222698042510400B9A0C90002A25D1259BE2
:2034E000042B05D9002800D0A1E0259B043B0B93042541E00222269810400B9A0C90002AC2
:2035000012D1259B052B76D9002872D1259B0525053B0B9334E0802212069446229B089356
:20352000239B6344099330E605250B4300D1F6E608980999554A564BFEF758FE002808D082
:20354000089809990022534BFEF742FE002800D0E5E6249B002B1CD00D9B002B19D0249B20
:20356000013B2493259BAB4204D90C9B002B5AD002230C9300230B930A9B002B00D131E695
:203580000898099932003B00FEF7C1FD0890099128E6259BAB42EDD90C9B002B43D000230E
:2035A0000B9302330C93E7E78020269B3A4A00061A40802384460294089C099D2900DB0035
:2035C00013430493259B6144220003930B00009201938EE60524A8E600230B930A930233F2
:2035E00004250C93FEE553468C46013B63441B1A72E602230C930525C2E70423EDE5802015
:20360000089E099F000639008446269A224B6144134004930B9B32000393249B02930B00CA
:2036200000920193F3E5259B5B1B0B93A4E7022304250C93A0E79C1A013C76E601FCFFFF6F
:20364000FB799F501344D33FB3C8608B288AC63F0000F03F0000F83F61436F63A787D23F66
:2036600071A379094F930A400000E03F1655B5BBB16B0240EF39FAFE422EE63F00002C400F
:203680000000244000001840FF0300002D431CEBE2361A3F80842E41FFF7FFFFF0B5DE4654
:2036A00057464E464546E0B5A5B01E002E9B92460C93CD4ACD4B80468B461A60002900D1CC
:2036C000EAE1002330789946002800D1ECE1C84B4C460B93C74B454657460E930AE0631C28
:2036E000984622003B005946A84744463078002800D187E001362528F1D108239A46043BDF
:203700009946023B9846013B00229C460D943078711C0300203BDBB2102B03D80B9C9B0056
:20372000E3589F460300303B89460D9C092B3AD9002398462A2800D1C1E000239A462E281E
:203740004BD00300683BDBB2122B1ED80E999B00CB589F4663460E001A43D8E743460E0034
:203760001A43D4E74B460E001A43D0E710230E001A43CCE753460E001A43C8E780235B007C
:203780001A43FF3B9C467078E1444E4667284FD82428A4D90300253BDBB2422B9FD89649DD
:2037A0009B00CB589F46002394461E0000E00131B3009B195B001E180878303E0300303BE5
:2037C000092BF4D90123624689469C460023B0469A460E00E1442E28B3D1302180204942E9
:2037E0008C46C000024370784B4684446146092900D86CE12A2800D17AE101239C464E469B
:20380000E1449EE7A146A846BA46CA4503D801235B425344994653464A4659460020C04719
:20382000200025B0F0BCBB46B246A946A046F0BD0300693BDBB20D930F2B00D94FE701212D
:2038400099408C466D49894661464B4619400F91634649460B4200D028E10D9B0A2B3AD0C2
:20386000072B00D03BE70C9B190008C98846002B00D14BE121200243914614A98C461F2270
:203880000F2162448C4651460D950C91A24615000F9902E020290CD0130064461C402000C5
:2038A0003730092C00D80738013168541A090F2BF0D80C9B54460D9D9A460F9133E10C9B1C
:2038C00002CB8846002947DB0C9301239C4670784E46E14431E70C9B02CB14935346002BC5
:2038E00000D138E19C4608780B000C908C44002801D100F098FC89466146944603E05A7882
:203900000133002A01D08B42F9D1494662465B1A0C900F93530500D520E10223180010403C
:203920000D90134200D1CBE30D930B1BB1469A465E460C9822003B003100A84753460134E6
:20394000185D0028F6D1B3464E460D9B002B00D0C7E1149B0C93C9E60C9301239C46283829
:2039600049420243884670784E46E144E5E670786C2800D17FE180235B001A43FF3B9C4619
:20398000E14402E780239B001A4301239C467078E144FAE67078682800D173E180231A43EE
:2039A0007F3B9C46E144F0E6672800D103E1472800D15AE1452800D15AE1049207214246F2
:2039C0000C9B0392073352468B43190002920CC92800009201930C9122003B005946FFF7AC
:2039E0009FFB040082E6C04699340020B834012094D70020D8D7002024D80020419000007A
:203A0000462800D1DBE00492072142460C9B0392073352468B43190002920CC9280000924E
:203A200001930C9122003B005946FFF725F904005CE6631C984622003B0059462520A84772
:203A4000444653E60C9B04330D93631C9946920700D422E10C9B2200187859463B00A84735
:203A600043464444012B00D885E23300B8462E005F4625004C469946220043460134390017
:203A80002020B047AC42F7D12C00BB46350047464E460D9B0C9329E6DB4B30789846002391
:203AA0009946002800D012E60024AEE66F2800D188E000D80BE31023782800D1CFE09A43B9
:203AC0000A239C4600230F930A330D9380E05646B1008919490001330E181878303E010044
:203AE00030390929F4D9B2461E000133994628E60C9B023602CB8A46C9435046C9170840E1
:203B000082460C933078731C99461AE610231000984311331843814680201300C0000340EE
:203B2000024200D1A9E64B460693082305935346049310230393002302930F9B22000193E3
:203B40001CAB009359463B002800FEF79FFF434604000C93CAE501235B42C3E60F9B5345EF
:203B600001D953460F930223180010400D90134200D1B7E10D93D1460B1B9A463300A14473
:203B80002E0022004D460C98B9465F469B4608E04B463900541CB0475346185D002877D083
:203BA00022009542F4D15B46BB464F46A94635004C461E00C9E680231B011A43FDE620234B
:203BC0001A4320E708239C4600230F9308330D9380231100DB0019401A4200D116E10D2398
:203BE0009A431000802302009B001A401492184200D0C2E1802302005B001A4091460C9AF4
:203C000004320F92184200D0B7E2430600D59FE1030600D419E30C9B1B880993002B00D0B2
:203C2000FCE110339843002900D1F7E10023994643460593534604930D9B0690039300236D
:203C4000D2E0582808D0622867D102239C4600230F9302330D93BBE720231A43103B9C4688
:203C600000230F9310330D93B2E780231B011A4320231A43A1E6C0239B001A43F31C9946F7
:203C8000B07882E5C0231A43F31C9946B0787CE535005E46BB464F4657E64346012B00D8A5
:203CA00063E1631E43449A463300B9462E005F4655469B46A24622004B460134390020200E
:203CC000B047AC42F7D135005E46BB464F46A14654460C9B4A46187859463B004444A8472F
:203CE000D7E6A1460F9B984500D832E64444E41A3300B8462E005F4625004C469946220067
:203D00004346013439002020B047AC42F7D12C00BB46350047464E461BE680231000DB00AD
:203D200018401A4200D10FE1112118008A430D920D9A802311009B0019408C461A4269D1A1
:203D4000802311005B00194089460C9904310F911A4200D0CAE113005B0600D5F0E01300AF
:203D60001B0600D459E20C9B00229B5ED9175A184A4092B2D90F0C91002B00D1F9E11000B6
:203D800014AA944642461F23149252466344A84616944D460400B946B2461F00159201E00F
:203DA000202D0FD020000A21FDF764FF01357E193031317020000A21FDF75CFF26000400A2
:203DC000092EEDD8149B4F46A94645469846159B56469A46169C0D9B069343460593534672
:203DE00004930A2303930C9B02934B4601931CAB2200009359463B002800FEF747FE0F9BA6
:203E000004000C9372E4C046D92700200C239A431000E7E607220C9B0733934301329446AD
:203E20009C4462460C920CCBD90F0F911100194300D191E0D9171391129151401091139939
:203E40005940119110981199129A139B801A99411090119114AA00239446424699461492FD
:203E600052461F336344A846B24616944E46109C119DB94615921F0001E0202E10D020003F
:203E800029000A220023FDF733FF013630322B00BA550D0022000400002BEED1092AECD89D
:203EA000149B1094119545469846159B4F46B14656469A46169C0D9B06934346059353463B
:203EC00004930A2303930F9B02934B4601931CAB2200009359463B002800FEF7D7FD0400D9
:203EE000FFF704FC0F9B984500D8C1E18023DB000D9343460F9A1B199B1A994633002E0052
:203F00004D46B9465F469B460C9122004B46013439002020B047AC42F7D143460C9901337C
:203F20000F930B7835000C935E46BB464F46002B00D10EE50D9B002B00D1F6E4002319E6BF
:203F40000C9B1B781A0015E710239A430D92EFE60C9B1B78099361E6002399460028AAD1CB
:203F6000002200231092119374E70C9B2200187859463B00A8474C468BE50C9AFA3BFF3B22
:203F800007329A430133994691444B460C931368526815921A4306D1103290430022099211
:203FA000002900D081E06122810600D54122D2B20A9214AA91460A9A00210A3A1492424679
:203FC0001792524618925A460991B3461F311E000F9B4944BA4619941A9500246746984613
:203FE0008946159D16901B920AE03032D2B24B4601341A55A8454AD0202C4AD006000D0068
:204000003A00002330002900FDF772FED2B2092AEBD9149B9C466244D2B2E8E76123820675
:2040200000D54123DBB20A3B0C93434614A91F228C46159353466244A046B2464C46179778
:20404000A9461700099D0D9E1490169308E03033DBB201343B55B5420ED3202C0CD005001A
:2040600031002800FDF706FECBB20929EFD90C9A94466344DBB2ECE7159B4D46A14644463D
:204080009846169B564614989A46179FD0E5B742B2D9179B57469846189B5E469A461B9B60
:2040A00009949B461698199C1A9D43460593534604930D9B0690039300230293099B05E7FB
:2040C0000F9B984500D914E701330F932DE41023110099430D91692800D0BAE08023100032
:2040E000DB0018401A4200D122E61DE60C9B1B68DA0F1100002B00D18CE0DA179818504098
:2041000014AA914642461F23149252464B44A046A946169704006546B2461F000C911592E7
:2041200001E0202D0FD020000A21FDF7A3FD01357E193031317020000A21FDF79BFD2600C7
:204140000400092EEDD8149B444698460C9BAC461900159B56464D469A46169F0D9B0291E7
:20416000069343460593534604930A23039363463CE6002800D02EE602E60C9B1B689946CA
:20418000002B03D110339843002938D16123820600D54123DBB20A3B0C934346169353464F
:2041A00014A91F228C4617932B006244A0464D46B246189799461700149C0D9E159008E0B6
:2041C0003033DBB201343B55B5420ED3202C0CD0050031002800FDF74DFDCBB20929EFD917
:2041E0000C9A94466344DBB2ECE7169B149444469846179B56464D469A461598189F4346C9
:204200000593534604930D9B0690039300230293149BEBE50028A1D172E70C9B1B68D917BE
:204220005A184A40A6E580231000DB0018409C460F901A420FD00220030013400F931042E9
:2042400019D00023A1460F934CE50C9B1B680993E4E40A0034E40223180010400D90134269
:2042600000D03EE54346002B00D042E6FFF771FB01330F937FE463460D93F3E70EB40122FC
:2042800030B584B007AC08CC064D01000094280052420394FFF702FA04B030BC08BC03B03A
:2042A0001847C046D127002010B50C0084B00394012402A902900093034813006242FFF7F8
:2042C000EDF904B010BDC046652A002010B5094A0300146884B0002C08D0012200910648F1
:2042E000524203A9A047012004B010BD00F0B4F90020F9E7B8340120552A002000BEFDE70A
:20430000094A03001068002805D00849C3188B4207D81360704706480449C31810608B421D
:20432000F7D901204042F5E7B4340120000004208435012010B5FFF7E1FFC04670B5FDF76D
:204340003DFB074D074EB54209D20024013E761BB60808CD984723000134B342F9D170BD00
:20436000DCE80020E8E80020030010B5080011001B68984710BDC046F0B5C64600B5437D2D
:2043800007000C001600002B46D0002A17DD0B780A2B24D000239846012E13D00125290087
:2043A000635C01350A2B26D0B542F8D1464509DCA419013C23780D3B5A4253413B7580BCB4
:2043C000B846F0BD4346E018A419F11A013C3B68984723780D3B5A4253413B75EFE7037D11
:2043E000002BD7D102210F483B689847012EDFD001239846D2E7631E5B5C0D2BD4D0884574
:2044000004DA4346C91AE0183B689847022105483B68A8469847C7E70368110020009847CF
:20442000CDE7C04680D90020F0B5C6460B6806000C0000B5802B06D05A1C2260E418267152
:2044400080BCB846F0BD0F4B1D68002D16D00B1D98460D4F02E02D69002D0FD02B68002BDF
:20446000F9D03B68002B01D0AB42F4D1280041462268FFF781FF2D69002DEFD101220023AA
:20448000DBE7C046900401209C040120F0B54546DE464E465746E0B583B091461C008046D8
:2044A0000D00FDF7A1F80023304A12184B41002B02DA01222E4B52422E4908008A4607F092
:2044C00089FC07006B1C03D1404607F0EBFA0500002C27D0284E294B1C68002C18D04B4658
:2044E000002B21D1264B994602E02469002C0FD02368002BF9D04B461B68002B01D09C4268
:20450000F3D120002A004146B0472469002CEFD1002F26D1280003B0F0BCBB46B246A94601
:20452000A046F0BD174ED6E7154B99460A239B4602E02469002CEBD02368002BF9D04B4613
:204540001B68002B01D0A342F3D12A0041462000B0476B465A462000DA71D91D0122B0479F
:20456000E7E7504607F082FCD4E7C04640420F00FFFFFF7F98E80020754100209004012069
:204580009C040120654100200A4A1368002B05D10CE01A001B691032002B07D08342F8D168
:2045A000002902D118691060196170470029FCD01060FAE79004012010B500F0ABF9012068
:2045C00010BDC046F0B5CE46474680B583B06B460600DD1D2870FDF707F80023194A12186E
:2045E0004B41002B02DA0122174B524217490800884607F0EFFB164B81461C68002C14D03C
:20460000144F02E02469002C0FD02368002BF9D03B68002B01D09C42F4D120000122290090
:20462000FFF7AAFE2469002CEFD14B46002B05D1300003B0C0BCB946B046F0BD404607F053
:2046400015FCF5E740420F00FFFFFF7F98E80020900401209C04012070B5040007F022FA0E
:2046600001230100050001222000FFF70FFF084B1C68002C06D06368002B05D098472469B9
:20468000002CF8D1280070BD2469002CF3D1F9E790040120F0B5CE46474680B5A3B00400EC
:2046A0000D00FCF7A1FF0023274A12184B41002B02DA0122254B5242254E300007F08AFBC3
:2046C00000232200019307002B00224801A9FFF7EBFD214B804699461C68019B002B1AD097
:2046E000002C2FD01D4D02E02469002C0FD02368002BF9D02B68002B01D0A342F4D12000D3
:20470000019A02A9FFF738FE2469002CEFD14B461C6800230193002C06D06368002B0BD00F
:2047200098472469002CF8D1002F07D1404623B0C0BCB946B046F0BD2469ECE7300007F013
:2047400095FBF3E70194EFE740420F00FFFFFF7F98E8002025420020900401209C040120DA
:204760000FB400B583B004A901C90191FFF792FF03B008BC04B01847F0B5002915DD0E4B5B
:204780000D271A680D4B0E4CD3185D426B41451820215B001E5F0478A64207D09369194273
:2047A000FCD101301460A842F5D1F0BD93691942FCD11760F2E7C046383501200080FCBFE7
:2047C00034350120204B70B504000D1E1E682ADD002010211D4B013C1A689369194214D14F
:2047E000013093691942FCD1136823548542F4D1002E08D050239363516B183B0B401449C0
:204800008C4662441360280070BD002E08D050239363516B183B0B400D498C46624413604E
:204820000028F1D10CE0002E0AD05022074B1B689A63596B183A0A4005498C4663441A60B5
:2048400003204042E0E7C04648EF00203835012034100000064B10B51B68002B06D0002102
:20486000044A12689163044A1068984710BDC04648EF0020383501204CEF00200822034B4C
:2048800019688B691A42FCD17047C04638350120F8B51A4F1A4B3A680500D3185842434104
:2048A000184E14331C003368002D02D0002B0FD0F8BD002BFCD0002120009563FCF792F829
:2048C00020001149FCF7CAF8104B35601D60EFE70E4B200019600C493560FCF795F80121E8
:2048E0002000FCF77FF850223B689A63596B183A0A4007498C4663441A60D9E7383501202B
:204900000080FCBF48EF0020514600204CEF0020341000000D4B10B51B780D4B0D4C1B78BB
:204920000D4B02211B780D4B00202360FBF7BAFF02210120FBF7B6FFE12120680903FCF74F
:20494000A5FF01210648FFF71FFE10BDC0020010BC02001038350120B802001000400340E8
:20496000B0E0002010B5034B01001800FBF752FF10BDC0464035012010B5064B064C82B015
:204980000100009300220B232000FBF7FFFE02B010BDC04678C100204035012010B588B0B3
:2049A00004000D2200216846FEF708F80D22002104A8FEF703F84B236A466846137004A918
:2049C0000D2207F051FB1521082220006944FDF7FBFF08B010BDC046054B10B59C46604424
:2049E000000D800041180348FBF714FF10BDC0460000E0AF58EF002010B50A4B0A4AC4186E
:204A0000240DA40082B0009208482200E31CFBF7BDFE844202DC001B02B010BD01204042FE
:204A2000FAE7C0460000E0AF98C1002058EF002070B50D000400FBF771FE1A4A1A4B9446E6
:204A400001226444240DA400E65805212C792023A2406956013A1B1B002913DB00248B4250
:204A60000CDB13008B401E4208D1AB79002B05D18A401400344063425C41E4B2FBF75AFE9F
:204A8000200070BD002B02DA09E0013B07D314009C4019002642F8D1AB79002BE8D000245E
:204AA000ECE7C0460000E0AF38EE0020F0B557464546DE464E468846E0B583B006000525FD
:204AC000FBF72CFE434684465D571879334B344AF3181B0D9B009246D75801222024824028
:204AE000241A013A002D41DBA54232DC1100A9400F422ED14146096889464146897900293C
:204B000045D12C00AA40934659463A40394241D1802189018846002816D06146A44634001E
:204B20004E469946030001915100705A404500D24019A91812318900013208519A42F3D3E7
:204B4000019B64469C464B465A4617435246D75001E0012464426046FBF7ECFD200003B0E3
:204B6000F0BCBB46B246A946A046F0BD002C02DA10E0013C0ED31100A14025000F42F8D1C7
:204B8000414609688946414689790029BAD014246442E0E709246442DDE7C0460000E0AF41
:204BA00038EE002070B501250B7904009D40013D9540FBF7B3FD054B0549E3181B0D9B00EE
:204BC0005A58AA435A50FBF7B5FD70BD0000E0AF38EE0020F0B5DE4657464E464546E0B5CC
:204BE0001600DC22924685B01C004B0002935B18DB00C518AA445246834628001268CC3080
:204C0000009202682B0001921B4A80209446800263441860002C1CD08023DB0499460123BD
:204C2000D83598462B0055469A46144F03912000FCF7F2FF4A46430113432B603300424678
:204C4000C340134052463B431360631E1C40EED10399029B5B18DB005B441A000099DC32F2
:204C60001160019ACC331A6005B0F0BCBB46B246A946A046F0BDC046CC30000080E0000071
:204C8000F0B54E464546DE465746E0B583B089460CA984460D781F2A45D8494649008846E8
:204CA0004944C900461837003400DC373868CC3483462068310001901C4880248246A40299
:204CC00051440C6069424D411E216D428D4318498A465544052B0CD9A0201F214005D836AA
:204CE000540104430532053B3C600A403560052BF6D852019B06134342464A44D200624450
:204D00001000DC3213600300D8331D605B461360019BCC300360002003B0F0BCBB46B246F0
:204D2000A946A046F0BD05204042F5E7CC3000009FE0000010B50248FFF730FE10BDC046ED
:204D4000F0340120044B0CCBBFF35F8F0021116083F310887047C046AC340120054B196819
:204D6000EFF3108072B60A68002AFCD0BFF35F8F58607047AC34012070B5D024802519202A
:204D8000FBF7FEFDAD040022012124061920FBF7A3FD65620520FCF77FFAA5610A20FCF7C1
:204DA0007BFA65610A20FCF777FA70BD10B5044800F0A6FB034B186003685B68984710BDBB
:204DC000C8E000201835012010B50448FBF7BAFF0349044805F08CF910BDC046AC340120FB
:204DE000414B0020594B002030B5154C85B023681B681B69984723681B689969586905F091
:204E00009BF923681B68196AD86905F0ABF923681B68D868196905F07DF96A46094B6946A5
:204E200031CB31C21B680120136005F0D9FB013001D005B030BD0448FFF70EFCF9E7C046CD
:204E400018350120C0D90020C0C10020E42010B5800105F0DFFC042800D110BDE420800121
:204E600005F0D8FC024B01001800FFF779FCFEE7D8C10020014B18607047C04640EE00202B
:204E80000022014B1A60704740EE002010B50E4C2368197B5B685878FBF704FD2368197B42
:204EA0005B68D878FBF7FEFC236801225B680021D878FBF711FD23685B689A7801239340BA
:204EC000D0221206936110BD40EE002070B5012422004368D0265B7905009A4036067262E9
:204EE0006420B261FCF7D8F96B6864205B799C407461FCF7D1F970BD10B5FBF709FCC046CF
:204F000010B5041E1AD00E21415600290CDB0D228256531C05D011498068FFF743FE0E21F7
:204F20006156A068FFF758FD0F20205600280BDA10202056002802DA0023236010BDFFF7A2
:204F400011FDFF232374F7E7FFF70CFDFF231020E37320560028EFDBF1E7C046D0D90020F6
:204F6000F0B557464E464546DE46E0B5012687B0040004910E2105939A46330002926156FB
:204F8000B14F8B40DD43BC469046A9460D254B0080685B18DB00C218624465570392424653
:204FA000D7007A1E676893467A7807689446EA0190465246002A00D1BFE04A46C3183A40C7
:204FC0000260CC331A68A14F0835174042462D033D4315431D608023039A1B061360136016
:204FE000634632009A401300FFF7F4FD0E20320020568023051DAA40A1689B01CB181A607B
:2050000002003700083297401F605B4682008A18136143001B18DB008D4FCB18D8331F60F4
:20502000109F013F17618B4A1A601F22677B3A401A600F23E356884A9E409C46A023DB0503
:205040009E506246920193468026844F76045F443A683242FCD110220127A2567E4E9740E0
:205060009F51A023DB0599467C4B802698469701B944760447443B683342FCD1784B794E6A
:20508000CB181B0DDB00984663468446DB02C444B24633406646F603334311263343AE0013
:2050A000B446A026F6055E448B46049FE34437605F467760029FD202B760F36053461A4013
:2050C00021234544ED032A431A4363464D461033CB182B604B46059D5D60109D9D60DA6088
:2050E000012383400A6813430B600F225E4B80219C46A25649049201624413680B42FCD126
:205100001022594B80219C46A25649049201624413680B42FCD10E2101206156A3684A00C7
:205120005218D2009B18514AD8331A6007B0F0BCBB46B246A946A046F0BD4A463A40026016
:20514000CC229146C31899444A4617683F4A0235174042462D033D4315434A461560802572
:20516000039A2D061560156035000A1D954080229201821815600D0037000835AF405D46ED
:2051800017608A0082181561314DD8331D60029D8027013D15612F4A2F4D1A60E022120279
:2051A0001A60624601230096FFF76AFD0E211F206156637BA26818404B005B18DB00D318CD
:2051C000D83318600F202056A0238640DB055E518601F518214B7F049C46664433683B4268
:2051E000FCD11F4B1F4ED3181B0DDB005B18C0023040DB0303431120034304982860081D94
:205200008000101868600298A860EB60012308001D00183085408B409560280015682B4308
:20522000136093680342FCD00E2101226156A0688A4003689343036063681A78002300935D
:205240000133FFF71DFD66E7D01000007F00FEFF2060000040600000440400000C0000509D
:205260000000E0AFFD7F00FF1000005003A0000030B5094D0F2428680123010085B06C4419
:20528000027D113100932300FFF76AFE00222B6820781A7505B030BD40EE002030B5084C34
:2052A000030020680D00010083B0027D11310095FFF756FE002223681A7503B030BDC046A0
:2052C00040EE002010B50520FBF704FA030C642003495843FCF7CEFC0338FDD210BDC04692
:2052E0009A3B0000064B10B51B685B689A7801239340D02212065361FFF7E4FF10BDC0460A
:2053000040EE0020F0B545465746DE464E46E0B5704F80463C680D00237D85B0032900D11D
:20532000BEE0032B00D1C9E04346002B00D1C2E001260E2132006156A0688A4003689343AE
:2053400003600D23CC22E35691469C464B005B18DB00C718BA46D1444A46126802979246D2
:2053600062460232170303975B4FC318BB4657465A4617403A00039F17433A006746FF0166
:205380003A434F463A60554A370094468022634412061A601A6032000B1D9A4080239B01E9
:2053A000C3181A600A00083297408A001F60EB008218013B1361029B494FD8331F606F1EF3
:2053C0001761484A1A60E02212021A6063685A7801230096FFF754FC0E211F206156637B19
:2053E000A26818404B005B18DB00D318D83318600F23E3569C46330060468340A0203A4E13
:20540000C005835163469F01384B80269946381876044F443B683342FCD16646344BF7023C
:20542000D318344E1B0DDB0037405B184646DB033B43112706600E1DB6003B4396194660D8
:205440008560C360012308001D00183085408B409560280015682B43136093680342FCD09C
:205460000E2101226156A0688A4003689343036063681A78002300930133FFF701FC0E2144
:205480006156A3684A005218D2009B181A4AD8331A6005B0F0BCBB46B246A946A046F0BD4C
:2054A000002B00D03DE72000032241461130FDF78BFA2575EDE71148FBF712F9210000263C
:2054C00020000023032211310096FFF749FD3C68267529E740EE00207F00FEFFD010000057
:2054E0002060000040600000440400000C0000500000E0AFFD7F00FF03A0000018C2002041
:20550000F0B5DE4657464E464546E0B5904C83B02368002B00D0D7E001268E4B60602360E2
:205520004078FBF72DFA31006368D0255A782D0691406962A9619878FBF722FA31006368E4
:205540009A789140696269611879FBF719FA63680021187900228640AE62FBF7BDF97E4D55
:205560007E482900FFF764FA002800D1B2E007237A48FF260021A0602674E6732373FFF7AC
:205580003BFA40B2A073002800DAACE02900A068FFF78CFA40B2060008366073704BC00111
:2055A000360306431E40B3466E4E6368B446187ADA88000212041043DA78302791008C4428
:2055C000664636688246B743674EB046664641440F6036680127B4463E00604686430E6099
:2055E00059781B78F8209C46C001930203406046C0038046F8204646000306401F203343E3
:205600000600F8200E4080004901014033430B435649C8201943A3688946984639006346D2
:205620009940534B8446434419600E21615656464B005B18DB0043449C4460460660180083
:205640004C4ED03006605E46043806604846DC331860012340460097FFF712FB6368217B44
:205660005878FBF71FF96368217BD878FBF71AF96368012218780021FBF72EF963680121EF
:205680001878FBF73DF90E216156A3684A005218D2009B18384AD8331A600020FFF76CF9A6
:2056A000E0730020FFF768F90F2340B22074E356002B28DB002846DB200003B0F0BCBB4638
:2056C000B246A946A046F0BD0023002B00D023E70020F2E729002948FFF7AAF90028F7D00D
:2056E0000623264845E70F202056002820DA10202056002803DBFFF735F9FF232374002374
:2057000000202360D9E70E2161560029F1DB0D22A256531C10D1A068FFF75EF90F23E35614
:20572000002BE4DB1800FFF71DF9FF23E373DEE7FFF718F9E673DAE72900A068FFF732FAAA
:205740000E216156E7E70E2161560029DFDAE9E71C350120D4E00020D0D90020000030506E
:20576000FFFFFF9F04C0014004D0014000001024382000000000831001E000000000205003
:2057800010B501220021122002F09AFC0221122002F0C8FC02F030FD02F0D2FC0122002118
:2057A0000E2002F08DFC1320FBF7EAF8D02380221B0612035A629A6110BDC04610B504F02B
:2057C00041FEC0B210BDC0460120704710B5002201210B2002F074FC0B2002F093FC10BD5E
:2057E00010B5122002F094FC10BDC046022807D8044B4000C25A01239340D0221206D36174
:205800007047C046ECD900200048704788FF0020F0B5514B514C87B023600223A61DFF338E
:205820000C2230004E49A380FDF7CEF8042320000025012763770A22013300211F30A7763B
:20584000E5762577A377FDF7B9F82F23C022E254444B20002363444BBD3A6363434B0021F8
:20586000A363434B5330E363424B23644423E25202337132E554FDF7A1F820000C223E49A9
:205880004730FDF7A1F820000A220021D630FDF795F8C723394AE5540133E250384A04334B
:2058A000E250384A0433E250374A0433E252374A0C33E250364A0433E250364A0433E2501B
:2058C0000433E5500433E5500433E55080220433E5500433E55000235200A5520232A35473
:2058E0002D4A0021A7542D4AA3542D4B1E22E018FDF764F89623DB00E51828220021280083
:20590000FDF75CF8274B0922E0182749FDF75CF89B23DB00E218254B254981CB81C21B884F
:20592000280013802E222923A25CE35C04922D22A25C03922C22A25C02922B22A25C01929D
:205940002A22A25C00923200FEF798FCA0236722DB00E25007B0F0BD0100050488FF002042
:2059600034C20020A80B02C0A80B01FFFFFF00010188138813C0A80B40C2002008080808FE
:20598000080000B80B01581B88130000000101012B2B2B0001000C01A5040000AF0400003F
:2059A000E2040000A604000050C200205CC2002068C2002030B5284C01202100274A85B05C
:2059C00002F05EFC210006220020293102F058FCE223E35C002B3BD12E252A232922655D4A
:2059E000E35CA25C03952D25655D1D4902952C25655D1C4801952B25655D0095FEF7B0FE6A
:205A0000E369194A1B021B0C013B9BB293421CD8EE23E35C0220033B012B01D9FFF7D4FEC3
:205A2000E823E054BF3BE25CFF2A08D10022E2540E4B563263850E4BA3852E23E2540123A0
:205A400023800433A37005B030BDFFF7E1FEDFE7FEF7B2FDC0E7C04688FF0020040500001B
:205A600024DA002084C20020FDFF000008DCFFFF12340000F0B5124C124DA5440124124FAD
:205A8000124E2A0000210120114B02F009FC01200F4A01A902F0F4FB28000D4A01A905F0C4
:205AA00067FC002808D02300F822390030000134FEF756FE062CE4D1064B9D44F0BDC04693
:205AC000F4FAFFFF88FF002008DA0020B4C20020040500000C05000010B5FCF775FF10BD88
:205AE00010B5FCF771FF10BDF0B5D64646464F46C0B58AB004AC2100012004F049FB61791C
:205B00006378227803912179434D0291E17843480191A17800912900FEF722FE617AE3792A
:205B2000A2790191217A3E4800912900FEF718FE3C4E2900F26B3C481202120CFEF710FE09
:205B400029003A48FEF70CFE617CE37BA27B0191217C374800912900FEF702FE617BE37AAD
:205B6000A27A0191217B334800912900FEF7F8FD617DE37CA27C0191217D3B2400912E48CB
:205B80002900FEF7EDFD335D012B1FD03F234622F15C0133F35CB25C1B020B43012A1ED026
:205BA00042224427B15C9046013A9146B25C0293F35D2248019343239A46F35C00930B00FD
:205BC0002900FEF7CDFD335D032B0FD01C48FEF743FD0AB0E0BCBA46B146A846F0BD32008D
:205BE000290047321748FEF7BBFDEFE74B464246F35CB25C13435246B25C1343F25D1343B4
:205C000004D029001048FEF7ABFDDFE729000F48FEF7A6FDDAE7C046F4D90020ECC2002032
:205C200020C3002088FF00204CC300205CC300206CC3002090C30020B4C300200CC4002003
:205C400084C40020D8C3002064C4002044C4002030B5184C87B02100062268462931FCF7ED
:205C6000B3FE6D46210004222F31A81DFCF7ACFE21000E20042233316844FCF7A5FE21007B
:205C80000A20042237316844FCF79EFE210012200422C8316844FCF797FEC723E35C694693
:205CA0005A1E934100200133AB7504F071FA07B030BDC04688FF0020F0B5C646040000B50A
:205CC000FFF7A2FD23B20500002B38DDA30606D54F4B1B78012B4BD0012002F049FD40265E
:205CE000264023072ED4E30656D4E30448D4002E2CD002F0EDFC80460700032002F0BCFC5D
:205D0000260043239E4355D101F04EFB802800D174E083235B00EE54EB185E709E70DE7079
:205D20000423FF33EE540733EE54404602F0A4FC032003F013FEE223EB5C002B55D180BC34
:205D4000B846F0BD01F0F2FA002E2DD12406F6D5A12230493048FEF703FD2D4B1B78002BBB
:205D600003D1E233EB5C002B43D101F0E5FAE6E74026002002F0FCFC26402307B3D5E1E7C7
:205D80007C2224492548FEF7EBFC002002F0B0FA012002F0ADFAD7E779221E492048FEF71C
:205DA000DFFCFFF767FECFE702F092FC0700032002F062FC832200235200AB54AA1853705F
:205DC0009370D3700422FF32AB540732AB54380002F052FC032003F0C1FDE223EB5C002B2C
:205DE000B4D01048FEF738FCB0E70E48FEF734FCA5E708210C4802F085FBB6E702F068FC1E
:205E0000012002F039FCFFF735FE01F095FA96E7F2E20020BCDC002000C50020B4C40020EB
:205E200088C40020E8C4002030C50020F0B50023C64600B50B703B4B06001C680F00984614
:205E4000002C61D01D0003E06C680435002C5BD0200005F027FE21000200300005F00EFBF6
:205E60000028F1D14346ED1AAD10ECB2202C21D0212C0BD02300423B022B29D93800B11C14
:205E800005F008FE200080BCB846F0BDB2780D2A42D00023FA540133DBB2F21892780D2A10
:205EA000F8D1DA1CB25C0A2A0AD10022FA54FB185A70E7E7337A0D2B02D1737A0A2B01D040
:205EC000FF24DFE706223800B11CFCF77DFDD9E7FF2342462B409B00D3581349DE221348ED
:205EE000FEF73EFC300005F0DDFD32180130335C31180A2B01D0002B11D10D231370033B1D
:205F00000B7001233B70BDE73300C42206490848FEF726FCFF24B5E703220023C2E70A23E7
:205F20001370EEE718E10020B0DC00205CC500203CC50020F0B5DE4645464E465746E0B5C8
:205F4000CD4C0D00A54407910400FFF75DFC002306AAD3760021042209902800FCF72EFD05
:205F6000C64B20001900984605F0BCFA061E00D10AE300250EAB9B46C14B0B93C14B9A4617
:205F8000C14B089359463000FFF750FF0400FF2863D05B461F78002F67D07722089B1B787B
:205FA00093435ED0584605F07DFD0A90462C11D8A30099464A46B54B9B589F462022380077
:205FC000B349FEF75BF9B34B1D4200D1CFE20023079A137053461B78002B04D12BB2002B22
:205FE00001DA00F033FD4146002005F07BFA061EC8D12B00A848A94A0B99FEF7B1FB28005D
:206000008F239B009D44F0BCBB46B246A946A046F0BD0A9B062B01D100F0C7FC85231B020B
:206020001D4353461B78002BDDD1B3702B129C4A803B9B009A58FF2C2CD1079C330020004F
:206040009849FEF71BF9F02223000B9992009648FEF786FB02F0AEFAD1E784231B021D4321
:20606000DFE786231B021D43DBE7904B079F820099583800914602220A930237FCF7A4FCE2
:20608000452C9BD84A468A4B9B589F4681231B021D43C6E7A300994684484B46C658CCE761
:2060A0002923099AD35C002B00D056E22A33D35C082B00D051E22333D35CDC2B00D04CE243
:2060C00083231B021D43ACE7380001F033F806ABD8760A9B012BA1D101289FD8E323099A2B
:2060E000D05477E7380001F025F806ABD8760A9B012B93D1012891D8E723099AD05469E7F1
:20610000584604F06DFD80235B02984286D2D222099983B288540A001B0AD232537059E774
:20612000584604F05DFD80235B02984200D375E7D422099983B288540A001B0AD4325370C9
:2061400048E7584604F04CFD80235B02984200D364E7CF22099983B288540A001B0ACF3269
:20616000537037E70DAF3900584600F067FF002800D153E72F233A781FE00DAF390058468C
:2061800000F05CFF002800D148E737233A7814E00DAF3900584600F051FF002800D13DE79C
:2061A00033233A7809E00DAF3900584600F046FF002800D132E7C8233A780999CA547A78C5
:2061C0000133CA54BA780133CA54FA780133CA5400E70A9B132B00D920E7202F01D000F06B
:2061E0001BFC0023099A9371F4E6380000F0A2FF06ABD8760A9B012B00D00FE7062800D97E
:206200000CE76421002002F06FFA06ABDA7E3B230999CA54DEE6380000F08CFF06ABD876EE
:206220000A9B012B00D0F9E6012800D9F6E6E023099AD054CEE6380000F07CFF06ABD876E0
:206240000A9B012B00D0E9E6042800D9E6E6E223099AD054BEE6380000F06CFF06ABD876FB
:206260000A9B012B00D0D9E6012800D9D6E6D123099AD054AEE6C046C4FDFFFF78C500208F
:20628000A4DC0020F2E200207935012048DA0020D8C50020B080FFFF18C70020CA030000A2
:2062A000FCE00020F4C60020FCC6002018E1002064DB002006AA94461B2363441900584688
:2062C00000F052FF0F2206ABDB7E06A91A40CA760A99022900D9A1E60E21194200D09DE6EE
:2062E00019091F2B00D999E6EF230998C1540133C254012900D06DE6012001F073FF69E6A8
:20630000584604F06DFC80231B03984200D80AE383220023099952008B548A18537093701F
:20632000D3708523DB221B020B999200D9481D43FEF716FA75E6584604F04CFC0A9B032B94
:2063400000D96BE6431E9BB2FE2B00D966E6CC23099AD0543EE6380000F0ECFE06ABD8762C
:206360000A9B012B00D059E6012800D956E6C723099AD0542EE6584604F032FC80235B027A
:20638000984200D34AE6099B82B23D33120A18705A701FE6584604F023FC80235B029842DA
:2063A00000D33BE6099B82B23F33120A18705A7010E60DAF3900584600F040FE46230028E9
:2063C00000D0DDE201220999CA545B461B78202B00D000E32733C854FCE5584604F0FAFB3B
:2063E0000A9B022B00D919E683B20D2B00D915E6EA23099AD054EDE5380000F09BFE06AB9A
:20640000D8760A9B012B00D008E6012800D905E6EB23099AD054DDE5380000F08BFE06ABB9
:20642000D8760A9B012B00D0F8E5022800D9F5E5EC23099AD054CDE5380000F07BFE06ABD9
:20644000D8760A9B012B00D0E8E5012800D9E5E5ED23099AD054BDE5380000F06BFE06ABF9
:20646000D8760A9B012B00D0D8E5042800D9D5E5E8230999CB5C023B012B00D8D8E2EE23D1
:20648000C854A7E5584604F0ABFB80235B02984200D3C3E5CD22099983B288540A001B0AF6
:2064A000CD32537096E5584604F09AFB80235B02984200D3B2E5F122099983B288540A0064
:2064C0001B0AF132537085E5584604F083FB0A9B042B00D9A2E5802380B21B01984200D95F
:2064E0009CE5F323099AD0541300000AF333587070E50A9B022B00D090E5584600F002FE39
:20650000002800D18AE506AA94461B2363441900584600F029FEF52206ABDB7E09998B5434
:20652000002B00D08DE204328B5453E50A9B092B00D973E5202F00D067E2D6230022099975
:20654000CA5447E50A9B092B00D967E5202F00D054E20023099AD3773CE5099A58464E4995
:20656000293200F049FE002800D033E556E5380005F098FA04000322414638180234FCF756
:2065800023FA3B1907932EE5444A002300250B9230E581231B021D430023079A1370404B62
:2065A0001B78002B00D01EE50A980023B3702B123C4A803B9B009A586FE50B2001F0FCFDEE
:2065C000394902003800FDF759FEFCE40A20F5E7F023EF2209993800CB5C8A5C3349FDF753
:2065E0004DFEF0E4E723099A3800D25C2E49FDF745FEE8E42A23292209992D48CB5C8A5C33
:206600000A902E20085C03902D20085C02902C20085C01902B20085C0A9900903800FDF709
:206620002DFED0E4099B3800991D05F033FACAE40998204943780278807800903800FDF726
:206640001DFEC0E4E223099A3800D25C1649FDF715FEA2223B000B9952001748FEF780F846
:20666000B1E4E023BFE73B23BDE7C723BBE7C923C82209991148CB5C8A5C0A90CB20085C87
:206680000190CA20085C0A9900903800FDF7F6FD99E4C04698C6002094C60020A4DC0020AE
:2066A000F2E20020FCE00020A8C50020F4C500207CC500209CC50020ACC50020CCC5002060
:2066C000342333220999E348CB5C8A5C0A903620085C01903520D5E7382337220999DD48C3
:2066E000CB5C8A5C0A903A20085C01903920C9E730232F220999D748CB5C8A5C0A9032203D
:20670000085C01903120BDE7CF23D0220999CB5C8A5C38001202D0491A43FDF7AFFD52E464
:20672000D4230999D522CB5CF2E7D2230999D322CB5CEDE7D12356E7D623099AD35C002B1B
:2067400000D13BE411003800D63105F0A3F93AE4E523E4220999C148CB5C8A5C0A90E620E4
:20676000085C0A9900903800FDF788FD2BE4E32339E7F523099A3800D25CB949FDF77EFD0A
:2067800021E4F3230999F422CB5CC1E7F1230999F222CB5CBCE7CD230999CE22CB5CB7E77C
:2067A000EE2320E7ED231EE7EC231CE7EB231AE7EA2318E74623099AD35C002B00D111E156
:2067C0004723D35C002B01D1FFF7F8FB11003800473105F05FF9FFF7F6FB7722A14B1B782D
:2067E000934300D1F3E03D230999CA5C0133CB5C1B021343012B00D115E188231D43FFF735
:20680000E6FB3C220999984B8A5C38009200D15805F040F9FFF7D7FBE82399464946099BC8
:20682000924A5B5C38009B0099580A9205F032F94946F122099B52005B5C8D480B99FDF789
:206840008FFF4846099B0A9A1B5C0B999B009B58E4228848FF32FDF783FFFFF7B4FB772270
:20686000804B1B78934300D1B1E080231D43FFF7AEFB0E23FF33B6E6CC23B4E6E823B2E6B5
:2068800001F098FE062238007B49FCF79DF8FFF79AFB3F2309994022CB5C39E73D2309998B
:2068A0003E22CB5C34E7099B9B79002B01D1FFF785FB29232E20099A911DD35C0A91105CEA
:2068C0006E4904902D20105C03902C20105C02902B20105C01902A20105C0A9A009038006D
:2068E000FDF7CCFCFFF76FFB77225E4B1B7893436DD020231D43FFF76AFB7722594B1B78C6
:20690000934364D010231D43FFF761FB099BDB7F002B01D1FFF752FB099938001F3105F02B
:20692000B9F8FFF750FB8323099F5B00F854020AFB185A700202120E000E9A70D8700423DC
:206940000122FF33FA544E48C03B1D432E32133BBA5CFB5C02903220385C4A49019031209B
:20696000385C00900798FDF789FC6421002001F0BBFE454A0B994548FDF7F2FEFFF72AFBCD
:20698000002209985946C2543A78053BC2547A780133C254BA780133C254FA780133C25403
:2069A000473005F077F8FFF715FB584600F0AAFB002801D1FFF732FB09995846E43100F061
:2069C000D3FB002801D1FFF729FBFFF703FB862212021543E1E508005946473005F05AF8A2
:2069E000FFF7F8FA42331100D35C412219488A5C0A904420085C0190432043E60998594691
:206A00001F3005F047F8FFF7E5FA09985946D63005F040F8FFF7DEFA099B5946981D05F0F0
:206A200039F8FFF7D7FA84235B011D43FFF7CFFAC31E012B00D822E5EE230022CA54FFF709
:206A4000C9FAF9230122CA54FFF7C4FAA30099460F48AAE5CCC50020A8C50020E4C50020F3
:206A6000DCC50020793501203CE2002058E2002004C6002044C60020FCC5002068C20020AF
:206A800052C30000C0C6002079030000D4C6002018E10020F0B54746CE4680B5544C884603
:206AA000A5440400FEF7B0FE0500CA200026514F80003E7003F0AEFE002800D183E022281E
:206AC00008D00024200089239B009D44C0BCB946B046F0BD012003F0B7FF021EF1D01A236C
:206AE0006B44210000939946012007AB03F0B0F90004000C265408A92000FFF797F92028BC
:206B0000DFD1089B013365D029000622293108A804F02EFC0028D4D188223B7813432E2072
:206B20003B7080212923285C334AEB5C525804902D20285C314903902C20285C0A340290B9
:206B40002B20285C01902A20285C00904046FDF795FB200008A9FFF769F92128B1D16B46C8
:206B600020229B181B78202B3DD0290008A81F3104F04CFF0028A4D108A804F093FF46466E
:206B8000071D0A363A00050021003000F619FBF71BFF3100E019FFF7CDF90400300004F0D8
:206BA00081FF49462A1809880E320091144B414692B2012003F082F843461249124A1348CF
:206BC000FDF7CEFD7EE700230221114A012002F029FE76E76B469A8C0E4B9A4294D1802246
:206BE0003B7813439BE7EB7F002BC5D0BDE7C046DCFDFFFF7935012018E1002060C7002030
:206C000074C7002094DC00200C0400007CC7002051C30000FFFF0000F0B5C64600B5C8B026
:206C200088460400FEF7F0FD0700D220800003F0F1FD00255A4E3570182820D01AD800288A
:206C40001DD0172810D19220800003F0E3FD0123034200D08DE0534B1A78012A20D002200F
:206C600003F0F2FE021E1ED10024200048B080BCB846F0BD1C28F7D1022002F0AFFE022010
:206C800002F06CFE202301210220474A02F0CAFD0228E9D10022454B1A7002F069FEE3E784
:206CA00000221A70DBE72100022002F081FF002203041B0CE318013B20001A7007A9FFF7DA
:206CC000B5F82028D0D1079B01335CD039000622293107A804F04CFB0028C5D18822337864
:206CE00013432E20337080212923385C304AFB5C525804902D20385C2E4903902C20385CF2
:206D00000A3402902B20385C01902A20385C00904046FDF7B3FA200007A9FFF787F8212810
:206D2000A2D16B461B7F202B36D0390007A81F3104F06CFE002897D107A804F0B3FE46463E
:206D4000071D0A363A00050021003000F619FBF73BFE3100E019FFF7EDF80400300004F0D8
:206D6000A1FE2A180E32414692B2022002F080FE7BE792200D4A012113700F4B80001D800E
:206D800003F078FD67E76B461A8C0C4B9A429DD1802233781343A4E7FB7F002BCCD0C4E72B
:206DA000793501207735012051C300006935012018E1002060C7002042350120FFFF00006E
:206DC000F0B5DE464E4657464546E0B583B0FEF71BFD784B06001B78002B17D0764D002404
:206DE000764F39002800FFF755FE390004432800FFF712FFA4B2204380B2FEF75DFF03B086
:206E0000F0BCBB46B246A946A046F0BDFEF7FCFC804601F0EFFB0028E0D0FEF7F5FC01906E
:206E200001F0E8FB0328D9D98022634D002128001201FBF7C3FD80231B012F000024994650
:206E400001F09AFB2300C0B201343870A4B20A286ED001374C45F3D1594A2B88934200D1EB
:206E600089E0584A934200D185E0574F574B2A88A1463C009A421FD180231B019F4200D3A0
:206E800094E0534A9A469346EC1903E00134574500D180E001F070FB59462070280004F097
:206EA000C9FCB9460137BFB20028EFD00A2001F019FB3C0001F07EFB00232C19454A23701F
:206EC00045492B004548FDF74BFCE723019AD35C012B56D0280004F0E5FD002800D17EE7AF
:206EE0008822364F3E4B390028001A70FFF722F83B7881460400002B0BD0E2234246D35C9F
:206F0000002B43D1380004F0CDFD81B2380001F0F9FA4B461B0400D463E7E223F35C002BA0
:206F200000D15EE74A462F492F48FDF719FC58E723492A888A4233D18023A1461B019C4202
:206F40001BD02A4A9A4693462F1902E00137544521D001F011FB59463870280004F06AFC67
:206F6000A1460134A4B20028F0D00A20FAF794F901F020FBA0E7144B99464B465C1CA4B2DF
:206F80009AE74946280001F0BDFAA3E739001848FDF7E6FBB6E780231B0199460A4C8BE716
:206FA00008498A42C8D027001C005FE70134B946A4B281E7F2E20020A40C0120A404012013
:206FC0004F4300004C43000001080000504B0000B8C70020C10400007CDC0020D8C7002051
:206FE00079350120D0DC0020F8C700209CC70020F4C700200C4B1B78002B11D00B4B0C4A17
:20700000198891420DD01A88013292B21A801988084A914204D90121074A117000221A8019
:20702000704700221A80F2E76935012042350120FFFF0000973A000077350120F0B5DE4648
:207040004E4645465746E0B585B08B46019004F029FDC3B2984603AE032200213000FBF7C2
:20706000ADFC4346073B082B41D8254B00249A460423002100200025994612E08300C31820
:2070800010005B003038181880B2FF282FD84B1CDBB27254042B2AD001341900E3B29845EA
:2070A0001ED9019B4F461A5D53469B5C1F42E5D12E2A1CD10135EDB2042D18D8300003F02C
:2070C00089FD5B465B19013B18700021032230000134FBF773FCE3B2002100209845E0D8DA
:2070E000300003F077FD5B465855012000E0002005B0F0BCBB46B246A946A046F0BDC046A8
:2071000029DF002070B5040004F0CCFC002305004421074E07E00800E25CB25C10401142A2
:2071200004D00133DBB2AB42F5D3012070BDC04629DF002010280FD90A4B1B5C5B0702D564
:207140003038C0B270470300283B3E2B06D94728F8D93138C0B2F5E7FF20F3E75138C0B205
:20716000F0E7C04629DF0020F0B5C64600B505000E0004F097FCC30736D4C4B2102C33D879
:207180002878002831D0002C32D02A000227BB1A310003259846174E10E03738C0B2392BFF
:2071A0001FD9373BDBB2000103430B7043469B18DBB201319C421BD990780232335C2B4013
:2071C000022B01D12038C0B25378F75C2F40022F01D1203BDBB23928DFD83038C0B2392B18
:2071E000DFD8303BDBB2DEE7002080BCB846F0BD0120FAE729DF0020F0B54E464546DE4602
:207200005746E0B5037806008846914685B0002B38D004F047FCC0B2112833D112239B46B2
:2072200000239A461B4D02AFB34401AC310003222000FBF7C9FBA178002904D0404604F0D2
:20724000BBF800281ED053462000A37004F02AFC0023442105E0E25CAA5C114212D0013365
:20726000DBB28342F7D3390020000336FFF77CFF0137B345DAD10622484602A9FBF7A4FB22
:20728000012000E0002005B0F0BCBB46B246A946A046F0BD29DF002030B587B0FEF7B4FA0A
:2072A0006D460400A81D02F04DFA0E236B44180002F054FA0A236B44180002F05BFA122371
:2072C0006B44180002F062FA2100684606222931FEF702FC2000A91D04222F30FEF700FCF9
:2072E0000E2320006B44190004223330FEF7F8FB0A2320006B44190004223730FEF7F0FB82
:20730000122320006B4404221900C830FEF7E8FBC723E35C69465A1E934100200133AB75C2
:2073200002F036FF07B030BD7047C04610B5FEF76FFAFEF79FFB10BD10B500242000013408
:207340006421E4B201F0D0F9082CF7D1BFF34F8F034B044ADA60BFF34F8FC046FDE7C04676
:2073600000ED00E00400FA05BFF34F8F034B044ADA60BFF34F8FC046FDE7C04600ED00E08A
:207380000400FA05014B024A1A60704700E00040BFEDFBFF034A43689060026882F3088804
:2073A0001847704700ED00E0F0B5DE464E4657464546E0B58DB0FEF727FA04000434FF340E
:2073C000FEF722FA2279E37812021A436379E1301B041343A279060012061A438023511E2B
:2073E00040781B03994200D384E1D14B0493002800D07AE1CF4B03209A4600235246136053
:20740000CD4B00271A0007930123137002F0A6FAA0231B030193C94B09960693C84B0093D9
:20742000C84B0593C84B0393C84B9946FAF792F9FEF7EAF90500DA2000236A468000938548
:2074400003F0E8F9182800D1DDE000D9BEE0002800D1D8E0172876D19A20800003F0DAF9DC
:207460000123034200D003E1009B1B78012B00D10AE1032003F0E8FA002864D08023021CC4
:207480001B01984200D906E1B14B0435FF3519689B462B79E8781B020343687992B20004DB
:2074A0001843AB791B0603435018984201D95B1A9AB2A84B03201900029302F079FB83B2AA
:2074C00008935B4680461A680604360CB2183100A1481A60FDF744F943466A465BBA9385E7
:2074E0000BA90222032002F0C3FA002398464246059B1A805B4619682B79EA781B02134384
:207500006A7912041A43AB791B0613438B4200D8C3E0089B002B16D0BB199B4680238F4D4A
:207520005B01984678199B4500D37DE032000299FBF74AFA5F46534652461B689B191360ED
:207540000023039A13804B461B78012B47D0009B1B78012B00D1BFE02379E2781B0213433E
:20756000627912041A43A3791B06134352461268934200D95AE7CB46202579480499FDF781
:20758000EFF82379E2781B021343627912041A43A3791B06134352461268934200D191E091
:2075A0000023079A039913700B80069A059913700B8000225B461A70009B1A7028000DB0BA
:2075C000F0BCBB46B246A946A046F0BD1C28BAD1032002F003FA4B461B78012BB7D1099E24
:2075E000CB467378002B00D088E053461A682379E1781B020B436179402509041943A379ED
:207600001B060B43B9E7202301210320554A02F009F9032897D100224D4B1A6002F0A8F9E6
:207620005148FDF719F88EE7504F02995F44F31B1A009B46FBF7C8F9019A04994C48FDF7DE
:207640008FF842462900019800F018FC802252019446019B42466344FF2128000193FBF7ED
:20766000ADF902993A0028005944FBF7ADF962E79A20069A01218000137003F0FBF8009BE9
:207680001B78012B00D0F4E63A48FCF7E5FF032002F064F957E71A1CF6E63748FDF760F89B
:2076A00000234146079A03201370069A1370039A1180059A11804A461370009A137002F036
:2076C0008DF926E7002F1DD12C480499FDF748F801238025A37263E7099ECB467378002BBF
:2076E00083D02748FCF7B8FF7FE719002548FDF737F87FE6002815D140255FE72248FCF794
:20770000ABFF72E7019D04992A002048FDF728F80A2000F0E7FE802228001049520100F020
:20772000ADFBD1E702491A48FDF71AF8402545E75CDD00203C3501206C3501206B35012037
:20774000743501204C3501204E35012075350120EC340120AC1401209CCA0020AC240120B5
:20776000B4CB002052C3000004CB002000F0FFFF20CB00207CCA0020D0CA00201CCC002045
:207780007CCB002034CA002044CB0020ECCB0020C0C9002070B5FEF737F80400FEF734F847
:2077A0000434FF342279E37812021A43637901001B041343A279E13112061A438023501EF2
:2077C0001B03984227D24B78294E002B3ED10025284B8022E91880239B02E818520100F086
:2077E0004DFB80235B019C462279E37812021A43637965441B041343A27912061A436346C6
:20780000D318AB42E4D8130031002A001A48FCF7A7FF002070BD0D004978154E002904D1EF
:20782000164B9A42D3D10025EDE731001448FCF797FF2279E37812021A4363791B041343A0
:20784000A27912061A436B78002BE9D031000D48FCF786FF2279E37812021A4363791B0471
:207860001343A27912061A43044B9A42AFD1DAE748DD002000000A1000CD002000F0FFFF7C
:2078800048CC0020BCCC002010B500280CD10A4B1C68220009490A48FCF762FF0320013CEF
:2078A0004042A042804110BD012802D1054B1C68EFE701204042F6E70000021034DD00206D
:2078C0003CCD002000000A10F0B583B0FDF79CFF05001248FCF7C0FE114C124F124E3A0096
:2078E00021003000FCF73CFF2100104A1048FCF737FF21000F48FCF733FF0F496B782A7893
:207900000191A9780D4800912100FCF729FF3A0021003000FCF724FF03B0F0BD84C4002029
:207920001CDD00205CCD002090CD002034C20020A4CD0020B8CD002010CE0020E0CD002051
:20794000F0B5D64646464F46C0B582B0FDF75CFFCA4C0500821D2100C948FCF701FF9623B7
:20796000DB00EA182100C748FCF7FAFE9B23DB00EA182100C448FCF7F3FE3B22AA5CC34BF2
:207980009200D2582100C248FCF7EAFEE823E95CC04BC148984642468B00D35801228A42B6
:2079A000924121005242FCF7DBFE2100BB48FCF7D7FEC723EB5C012B00D140E1B84A210015
:2079C000B848FCF7CDFE2100B748FCF7C9FE3E223D23AA5CEB5C12021A432100B348FCF782
:2079E000BFFE2100B24AB348FCF7BAFE2100B24AB248FCF7B5FED820400102F00BFFB04B1A
:207A0000020021001800FCF7ABFE2100AD48FCF7A7FE2B00AC4E1F3332002100AB48FCF731
:207A20009FFE2100AA48FCF79BFEE023EB5C3200012B00D0A74AA84B2100A848FCF790FE1C
:207A40002100A748FCF78CFE2100A648FCF788FECE22CD23AA5CEB5C12021A4300D1C5E0FD
:207A60002100A148FCF77CFEA04F2100A048FCF777FED022CF23AA5CEB5C12021A4300D1BC
:207A8000BBE021009B48FCF76BFE21009A48FCF767FE21009948FCF763FE00F01FFE002805
:207AA00000D1CEE0012800D1ADE0954A21009548FCF756FE944B21001A0094489946FCF7D4
:207AC0004FFEE82342469A46EB5C21009B00D2588F48FCF745FEEA22AA5C8E4B9200D15806
:207AE0008D48FCF73DFEEB228C4BAA5C8C48995CFCF736FEEC22AA5C8A4B9200D1588A4833
:207B0000FCF72EFEED22894BAA5C8948995CFCF727FE5346EB5C012B00D89FE0023B012BB3
:207B200000D890E021008348FCF71AFE4A4621008148FCF715FE8149814B824A00918248C9
:207B40002100FCF70DFE21008048FCF709FE21007F48FCF705FEF222F123AA5CEB5C1202BC
:207B60001A4366D021006348FCF7FAFD21007948FCF7F6FDF422F323AA5CEB5C12021A430A
:207B800043D021007448FCF7EBFD21007348FCF7E7FDF923EB5C012B44D0210038004D4AD4
:207BA000FCF7DEFD21006E48FCF7DAFDE323EB5C3200012B00D0474A21006A48FCF7D0FDB7
:207BC000E621E523E422695CEB5CAA5C664800912100FCF7C5FD21003800644AFCF7C0FDB2
:207BE00002B0E0BCBA46B146A846F0BD3F4F21003800384AFCF7B4FD37E721003800354AA2
:207C0000FCF7AEFD41E75A4A50E72100314A3800FCF7A6FD21005148FCF7A2FDF923EB5CAA
:207C2000012BBAD1F4332100EA5C5248FCF798FDB8E721003800274AFCF792FD96E74E4ADD
:207C4000BDE6244A32E7EE23EB5CDA1E012A0ED94A4B4B481968FCF783FD63E7EE22AA5C1C
:207C6000464B9200D1584648FCF77AFD5AE7434A9B0099584248FCF773FD53E704DD00203E
:207C800060CE002084CE0020A8CE0020D4E20020CCCE002058E20020F0CE002028CF0020AF
:207CA0002CCE00204CCF00207CCF00209CCF002051C30000C4CF002052C30000F4CF0020BA
:207CC00024D0002054D0002034CE002078D0002094D000203CCE0020C4D00020E4D000208C
:207CE000FCD000202CD1002050D1002090CD00206CD1002090D10020ACD10020D0D1002081
:207D000054CE0020F8D100200CD2002014D2002034D2002094E2002058D2002090E200209C
:207D200064D2002084E2002068D2002080E200206CD200205CC3002088D20020E0D20020A2
:207D4000A8D20020B0D20020C0D20020E8D2002018D3002030D3002048D3002064D300209B
:207D60009CD30020D0D30020E4D300205CCD002048CE00207CD3002018CE00206CE2002078
:207D800074D2002010B5FDF73FFDC723C35C002B07D0094B1B78012B04D008490848FCF702
:207DA000DFFC10BD01F0FEFC064B020003491800FCF7D6FCF5E7C04676350120ECDC00201E
:207DC00048D4002014D40020F8B5CE4647461F4E80B531001E48FCF7C3FC1E4F032039005D
:207DE00001F048FC1C481D4A010000F037FE1C4B002598461B4B994606E02A0031004046E7
:207E0000FCF7AEFCFEF7DCFF01F036FB04006420F9F742FA042C0FD0002CF3D10135EDB24B
:207E2000042DEAD131004846FCF79AFC3900032001F020FC0025E5E731000B48FCF790FCB1
:207E40000420C0BCB946B046F8BDC046DCDC002068D40020AC1C01209570002025710020DA
:207E6000E0D40020B0D4002090D4002010B50248F8F768FF10BDC046A4140120F8B55746AB
:207E80004E464546DE468946E0B505001700002901D0002A09D15B495B48FCF761FCF0BCDE
:207EA000BB46B246A946A046F8BD80204001FAF767FD564E3060002800D19DE03B051A0DF8
:207EC0009046002B43D19B46514CAA462268C244EFF3108172B61368002BFCD0BFF35F8FE2
:207EE000616080215046490104F02EF822686368BFF35F8F5946116083F3108880224946E2
:207F0000306841445201FAF75FFD2268EFF3108172B61368002BFCD0BFF35F8F802261600A
:207F200050463168520104F057F822686368BFF35F8F5946116083F3108880235B019C4688
:207F4000E0444745C1D83068FAF72CFDA7E70023984680235B019B4600239A462C4C802399
:207F600080225B055201E918FAF72EFD2268EFF3108172B61368002BFCD0BFF35F8F616097
:207F800080212800490103F0DFFF22686368BFF35F8F5146116083F3108843463068FA1ABD
:207FA0005A4501D98022520149464144FAF70CFD2268EFF3108172B61368002BFCD0BFF3FC
:207FC0005F8F8022616028003168520104F004F822686368BFF35F8F5146116083F3108841
:207FE00080235B019C46E044306865444745B6D83068FAF7D7FC52E702490648FCF7B0FB55
:208000004DE7C04670DD002018D50020A0040120A414012038D5002003000800802110B570
:2080200049055918FAF7D0FC10BDC04610B50B4C2268EFF3108172B61368002BFCD0BFF38C
:208040005F8F61608021490103F07EFF0CCCBFF35F8F0021116083F3108810BDA414012058
:2080600010B5002818D1154C2268EFF3108172B61368002BFCD0BFF35F8F80206160802190
:208080008002090303F060FF0CCCBFF35F8F0021116083F3108810BD0128FCD1074C226848
:2080A000EFF3108172B61368002BFCD0BFF35F8FA0206160802100030903E3E7A41401203F
:2080C00070B5040015000E00F8F75AFC0123D022A3401206002E05D19362012D05D0022DD3
:2080E00009D070BD5362012DF9D1002201212000F8F7F2FBF5E7012200212000F8F7ECFB77
:20810000EFE7C0460123D02283401206936170470122D02382401B065B6813405A1E93418C
:20812000D8B270470B0010B50021032B01D8034AD15C0122F8F7F8FB10BDC0467CDD00203B
:2081400010B5FDF761FBE830C3790400012B03D0237A012B0DD010BD0820F8F711FCD02329
:2081600080221B0652005A629A615A61237A012BF1D10920F8F704FCD02380221B0692008D
:208180009A62E8E770B504000D00FDF73DFB0A2C0AD00B2C00D070BDD02380221B061201A5
:2081A000012D07D09A61F6E7D02380221B06D200012DF7D15A61EEE7030010B50A2803D007
:2081C00000200B2B07D010BDFDF7F8FA013843425841C0B2F7E700F07BFA0238434258415B
:2081E000C0B2F0E7D02380221B065200012801D09A6170475A61FCE710B5FDF705FB0A2001
:20820000F8F7BEFBD02380221B06D2005A629A61FDF7DCFA10BDC04670B5FDF7CFFA0D4D9E
:2082200004002B78834209D0012809D0FDF7ECFAD02380221B06D2009A612C70200070BDB1
:20824000FDF7E2FAD02380221B06D2005A612C70F4E7C0467E350120FA21074A890013882A
:2082600001339BB213808B4204D3002313800122024B1A707047C046583501207335012062
:2082800010B5002807D0012800D010BD90204003FFF7C2FEF9E792204003FFF7BDFEF4E74A
:2082A00010B50400080011001A00072C06D80D4BA4001B599F460C48FFF7E0FD10BD9020B8
:2082C0004003FFF7DBFDF9E70848FFF7D7FDF5E791204003FFF7D2FDF0E792204003FFF73C
:2082E000CDFDEBE780DD0020003012000010120010B5052818D009D800281AD001281DD11D
:2083000090204003FFF792FE174C06E0062803D191204003FFF78AFE134C21001348FCF759
:208320001FFAF9F717FA10BD1148FFF77FFE0E4CF3E71048FCF790F90B4CEEE7032808D152
:20834000094C0D482100FCF70BFA0020FFF788FEE3E70428E0D10120FFF782FE024C0748E3
:208360002100FCF7FDF9D8E7A0DD0020E0D500200010120068D5002080D50020B0D5002029
:20838000D0B5012600273C4A3C4C13683C4901331360238801339BB223800A684B689219B6
:2083A0007B410A604B6000F05FFAFEF723FEFFF753FF2288334B9A4228D8334C23783B2BC1
:2083C0001CD8324B1A783B2A10D8314B1A78172A06D900221A702F4A138801339BB213804B
:2083E0002D4C2378002B2CD10120D0BD00221A70274B1A780132D2B21A70E7E7002323701E
:20840000224B1A780132D2B21A70DBE7002323801D4C23780133DBB2237001F08BF91F495F
:2084200002200A684B6892197B410A604B601C490A684B6892197B410A604B60FDF7D6F9B0
:20844000BCE7184E336801333360FDF7C9F9002803D0002323703360C6E7134B32689A4236
:20846000C2D9FEF763FFBFF34F8F104B104ADA60BFF34F8FC046FDE784FF002056350120C2
:2084800070EA0020E60300007F3501207C3501207A3501204A3501207235012078EA002018
:2084A000E8E80020980401208713000000ED00E00400FA0500B585B0F8F758FE064B074AD4
:2084C000029300230193064B009301235B42F8F7E7FF05B000BDC04680EC002018FCFFFFC0
:2084E0007D810020034A1368181813688342FCD37047C04684FF0020014B186859687047B3
:2085000070EA0020F8B54E464546DE46574681468846E0B500291ED0154B00269A467F230B
:2085200020259B46134C4B469F5DFDF76DF9E830C378012B03D0002B01D15B461F405346E7
:2085400002229B5EBB420DD0A3691D42FCD1013627604645E7D34046F0BCBB46B246A946CF
:20856000A046F8BDA3691D42FCD10D232360EBE7343501200080034070B50A490A4C2288DE
:208580000B889A42FBD02388084A2088D55C084B0130198889B2F9F745FB89B22800218037
:2085A00070BDC046483501204635012084EF0020D0E200200022024B1A80024B1A80704742
:2085C000483501204635012010B5074C074A2388D054074B20881988013089B2F9F722FB15
:2085E00089B2218010BDC0464835012084EF0020D0E20020074B084A188810B51488074AD3
:20860000001912881988801A89B2F9F70BFB88B210BDC046D0E20020483501204635012022
:2086200010B50400FDF7F0F8052C1ED8114BA4001B593B309F460423437000210B20FFF78E
:20864000A1FD10BD05234370F7E700234370F4E701234370F1E70223437001210B20FFF77B
:2086600091FDEEE703234370E7E73B304378022BF3D0E2E7B0DD002010B50400FDF7C4F8EB
:20868000052C1ED8114BA4001B593B309F460423437000210B20FFF775FD10BD05234370B9
:2086A000F7E700234370F4E701234370F1E70223437001210B20FFF765FDEEE70323437051
:2086C000E7E73B304378022BF3D0E2E7C8DD002010B5FDF799F83B30407810BD10B5FDF735
:2086E00093F8E830407810BDF0B5D6464F4646468046C0B58A46FDF787F84346050058010B
:20870000C2239B009C46604402F084F80400FFF7F3FE8146002C0AD03B23EB5C032B03D087
:20872000172C0AD01C2C08D0404601F017F94046E0BCBA46B146A846F0BD002509E00D3472
:20874000F2D0FFF7D9FE4E460027801BB9418D4209DD404601F042F904000A20F8F79CFD1D
:20876000012CECD1E0E78D42DED18245F1D8DBE770B50500FDF748F80400FDF745F82A4B70
:208780000600002D26D11D70FDF73EF804233B30437000210B20E134FFF7F4FC6378002B66
:2087A0003AD100240025214B1C80FFF703FF204B1D70204B1D70204B1D70204B1C80204B0B
:2087C0001C80204B1C80204B1D70204B1D70204B1C8070BD01251D70FDF716F83B304570FD
:2087E00000210B20FFF7CEFC3B23F35C022B0BD0E1346378002BD4D01648FBF72DFF0D214F
:208800001548FFF77FFECCE70022144BE1341A706378002BC5D0EFE71148FBF71DFF0D21AF
:208820001048FFF76FFEBCE7F2E20020623501206D3501206E35012071350120503501203A
:20884000523501205C350120783501206F3501205435012084D6002094D600207D350120AA
:2088600064D6002074D60020F8B5CE46474680B5FCF7CAFF3E4B1B78002B09D03D4A3E4BC5
:208880001188994200D16CE0138801339BB213803A4B1B78002B08D0394A374B1188994204
:2088A0003FD0138801339BB21380364A1378002B0DD0F1233449C55CF13043780C881B02A8
:2088C0002B43A34226D90B8801339BB20B802F4B1B78002B08D02E4A274B1188994223D046
:2088E000138801339BB213802A4B2B4918880A88904203D21A88013292B21A80274C227847
:20890000002A03D01A880B889A4210D0C0BCB946B046F8BD0023137001220B80204B1A70FA
:20892000D5E700231380C0E700231380DCE71D4B1F789846032F17D0002F0DD0002300255B
:208940009946194E3078FFF73FFE4B460135EDB233700136AF42F5D100234246237013703E
:20896000D4E70023138093E70122104B1A70F3E7703501205A350120FFFF00006E350120F2
:2089800052350120713501205C3501206A3501204435012054350120F0E200206F350120FB
:2089A000783501208135012044EF002080350120F02010B504220849000101F0D7FFA02015
:2089C00004220649C00001F0D1FF802004220449400001F0CBFF10BDB4EC0020B8EC002042
:2089E000B0EC002010B58021002001F043FF002001F010FF902006220249000101F0B6FF18
:208A000010BDC04698EC002010B58021002001F031FF002001F0FEFEF02004220B490001A0
:208A200001F0A4FFA02004220949C00001F09EFF802004220749400001F098FF9020062266
:208A40000549000101F092FF10BDC046B4EC0020B8EC0020B0EC002098EC002070B5094B15
:208A6000094D0A4C2B600A4B0A4E23600A4B1E60002800D02860002900D02160002A00D0C8
:208A80001A6070BDAD870020FCE20020F8E2002005880020E1870020F4E20020902010B543
:208AA00082B069460622000101F016FF154B00211C68154B20002360144B22301B681BBA95
:208AC000636080231B04A3600023E36023616361A3610F4B1A689B88E26123840A22F9F757
:208AE0006DFF2000402200212C30F9F767FF2000802200216C30F9F761FFEC23054AE25056
:208B000002B010BDD834012001010600A8EC002098EC002063825363F0B54E464546DE46C6
:208B20005746E0B591B0FFF7B9FF0022924B934E1A60934B35781A60924B934A1C68F02364
:208B4000E25008220433FF32E252904BDA78188891469A88110A8C46D1B28846F621605250
:208B60005988F823E1520233E2520C220233E252002D00D1E1E0EA3B180001002218113945
:208B8000EC3289B21570755C01339BB2002DF3D1051DAAB2CD1D0631C9B2069101000831C9
:208BA00089B207910100093189B2089101000A3189B2099101000292421D92B203920B31B9
:208BC000821D92B289B204920A91C21D010092B2551B05950F250C3189B20B910100AA46DF
:208BE0000D3189B2824455460C910100871CC61C0E31ADB21030BFB2B6B289B20D9580B2B2
:208C00004D462D09AB4637255D44AA464D469F2D02D830255D44AA465546E318EC331D704C
:208C20004D460F232B403725A9469944092B02D8073DA94699444B46E719EC373B704346D6
:208C40001F093B00454637339F2D00D8073BA619EC36337045460F232B401E003736092B6B
:208C600001D830331E00029BE5186346EC352E701D092B00664637339F2E00D8073B039DAA
:208C80006519EC352B7065460F232B401D003735092B01D830331D00049BA218E318EC33C9
:208CA0001D70059B069DE318EC331D703723EC32137006220125079B6118E318EC331A7035
:208CC000089BEC31E318EC331D70099B0235E318EC331D700A9BE318EC331A700B9B093281
:208CE000E318EC331A700C9B2B32E318EC331A703B230B700D9BC532E318EC331A703932A1
:208D0000904206D2121AEC30002192B22018F9F755FE01235B420F931D4B89221878432315
:208D20002100009392000FAB00F0C8FF11B0F0BCBB46B246A946A046F0BD20230D93023B74
:208D40000C93013B0B93013B0A93013B0993013B0893013B0793133B06930B330593063346
:208D60000493013B0393013B029321201F21182214261327033B43E7A4EC002000E300206F
:208D8000A0EC0020D83401203501013D98EC002064350120F0B5DE4657464E464546E0B50E
:208DA00095B0FFF77BFEDE4B1C68DE4B1B78033B012B00D85CE10123FF2113AF5B423B80B9
:208DC000BB70F023D84AF970E25008220433FF32E252D64BDA781D8892469A88100A8046E0
:208DE000D0B28146F62025525888F823E0520233E252FF2900D148E12223232012251122F3
:208E000010261193013B1093013B0F93013B0E93013B0D93013B0C93013B0B93013B0A9374
:208E2000013B0993013B0893013B0793013B0693013B0593013B0493013B0393013B02938E
:208E4000013B0C21A619EC36A218317016000021EC363170B64E3178002900D153E162191D
:208E6000EC32117071786B1C002900D149E1E318EC331970B178AA1C002900D146E1A21852
:208E8000EC321170F178EB1C002900D141E1E318EC33197031792A1D002900D12EE1A21850
:208EA000EC32117071796B1D002900D133E1E318EC331970B179AA1D002900D12DE10720D0
:208EC000A218EC32EB1D11705D1CAAB2991C02928AB20392DA1C92B204921A1D92B2059260
:208EE0005A1D92B206929A1D92B21500811D0792C21DD81D8B4681B20130089181B20130D2
:208F0000099181B201300A9181B201300B9181B201300C9181B201300D9181B201300E91B2
:208F200081B201300F9181B20130AA1A109181B20130119180B2A218514609090E00514624
:208F400037369F2900D8073EE318EC331E7051460F230B401E003736092B01D830331E00EA
:208F6000029B4946E5184B46EC352E701D092B0037339F2900D8073B03996118EC310B702E
:208F800049460F230B4019003731092B01D830331900049B4546E318EC3319704346190943
:208FA0000B0037339F2D00D8073B05996118EC310B7041460F230B4019003731092B01D815
:208FC00030331900069BEC32E318EC3319705B4613703722079B0021E318EC331A70089B2C
:208FE0002F3AE318EC331A70099B073AE318EC331A700A9B0232E318EC331A700B9B033283
:20900000E318EC331A700C9B0932E318EC331A700D9B2B32E318EC331A700E9B0132E318A6
:20902000EC331A700F9B1C3AE318EC331A70109B0232E318EC331A70119BDE32E318EC338A
:209040001A703932121AEC302018F9F7B7FC394B8922187843232100009392003B0000F062
:209060002DFE15B0F0BCBB46B246A946A046F0BD00236381304B13AF1B68E3602F4B1A88B3
:209080003A809A78BA70D9789BE62D4A0233E252FE22294B2F2019881E25A1525A888023E9
:2090A0005B00E252274A0233E252244B1C261A6882235B00E250D63B1193013B1093013B12
:2090C0000F93013B0E93013B0D93013B0C93013B0B93013B0A93013B0993013B0893013BBC
:2090E0000793013B0693013B0593013B0493013B0393013B02931D22013BA2E6130004207D
:20910000E2E60120E0E606218B4615E713000220DAE60320D8E60520D6E613000620D3E603
:20912000D8340120683501203501033D98EC002000E3002064350120B4EC0020A4EC0020FD
:20914000320400003604000010B584B0FFF7A6FC204B214A1C6800236381F033E25008222E
:20916000F6210433FF32E2521C4B18889A8860525988F823E1520233E252194A0233E252FD
:20918000FE22184B200019880A30A1525A8880235B00E252144A0233E252144B00211A6881
:2091A00082235B00E250FF220433E254FF301C32F9F704FC01235B4203930D4B8922187898
:2091C000432321000093920003AB00F077FD04B010BDC046D83401203501043D98EC002002
:2091E00032040000B4EC002036040000A4EC002064350120F0B5DE4657464E464546E0B5BB
:209200006E4C89B0207801F01FFC021E07D1002009B0F0BCBB46B246A946A046F0BD02AB12
:209220009C4620780E24664D6444296806AB009400F00EFE238802000020432BE8D12B68CE
:2092400060491C7F08788442E1D15C7F48788442DDD19C7F88788442D9D1DC7FC8788442D7
:20926000D5D120201C5C08798442D0D121204979185C8842CBD1544C617825788C46694634
:20928000087E6146A778E6782943394331436BD192B219009A18069B4C489B460023994665
:2092A0004B4B844603934B4B4B4D9A464B4F4C4EF03191427FD20878362851D8800028582A
:2092C0008746487802300918F3E78878039B2070C87860700879A07048790631E07058461F
:2092E0001860E6E7887803318146E2E7534688781860CB78000298460B79404498464B7987
:2093000000024044984653460002404418600631CFE760464B7898468B780370CB784370B2
:209320000B7983704B79C370404602300918C0E78B7848783B70CB7802307B700B79BB70C2
:209340004B790918FB70B4E788783070C87870700879B07048790631F070AAE70131A8E717
:20936000FF28AED11100A4E7854217D018490D78854200D04BE702A8457C4878854200D08C
:2093800045E702A8857C8878854200D03FE702A8C07CC978884200D039E779E702A9497C88
:2093A0006145E3D102A9897CB942DFD102A9C97CB142DBD16CE74B4658B229E764350120B1
:2093C000D834012098EC0020A4EC0020ACEC0020A0EC00200CE30020E0DD0020B0EC002000
:2093E000B8EC0020002370B51F4CE356012B13DD0023FD221D4DEB56991E114228D0012B86
:209400002AD1002300202B7000220A21184B22701A60184B19601AE0154D164E2A683168F0
:20942000914213D2FD21114A127852B2901E084214D0012A03D1FFF76FFB0023E3560022B4
:209440002A602A6801330A3232602370012070BDFFF762FB01232B700120D5E7FFF79AFC92
:209460000023E356EBE7C04667350120683501208C04012008E30020002370B56D4C82B04E
:20948000E356062B25D0C2239B009C466A4D28784001604401F0BEF9222809D1FFF7AAFE65
:2094A0002378C6B2042B11D8644A9B00D3589F46002344220221287800F0B4F9EEE7002248
:2094C0005F4B1A60FFF728FB01232370012002B070BD0520FBE75B4B1B685A1C04D05A4D77
:2094E0005B082A68934222D30420F0E7052E33D0062E48D0FFF776FFE9E7022EFAD1534A5D
:209500004F4B126812691A60FFF744FC2670DDE7052E44D0062EEDD100220A214A4B1A601D
:209520004B4B19604B4B1A7001232370CEE7444A494B12681A60494A136801331360FFF7CF
:2095400029FC0A210022424B04201960414B2A601A7004232370BAE700233E4D3E4A2B70A3
:20956000374B10781978884247D03D4B1B689847032000220A21344B2A701A60344B19608A
:2095800003232370A3E700220A212F4B04201A602F4B19602F4B1A700123237097E7D820FF
:2095A000400101F037F90600D8200321400101F061F92C4A28782C490092214B112200F0EF
:2095C0007DFB0500D8203100400101F053F90D3521D0FFF7B9FD1C4A116813685B1A012B8D
:2095E000FBD9002515600A22194B1A60194B1D701E4B1B689847257068E7507859788842F0
:20960000B3D1907899788842AFD1D278DB789A42ABD10420ADE7164B1B68984700220A21A6
:20962000094B1A600A4B19600A4B1A70032323704CE7C0466835012064350120BCDE00208B
:20964000B4EC00200CE300208C040120D834012008E3002067350120BCEC0020A8EC002019
:20966000F8E20020881300000CD70020F4E20020FCE20020F0B5060090200023234C062249
:2096800083B000010D002100019301F025F967782378E2783B43A77820793B43617913430D
:2096A00003430B4325D01A4B1A4C1E701A4B1D601A4D1318AC464240F02063444A405B182C
:2096C0009B1801A904220001236001F04FF9802001A90422400001F049F900230A21104ABF
:2096E0001360104A1160104A1370104A137003B0F0BD90200E4A2100226000010622A3801B
:2097000001F034F9E27820796179CCE798EC002064350120A8EC0020D83401207856341258
:209720008C04012008E3002067350120683501200008DC00024A1368013313607047C046E3
:209740008C040120044B1A7802705A7842709A788270DB78C3707047B4EC0020044B1A789F
:2097600002705A7842709A788270DB78C3707047B0EC0020044B1A7802705A7842709A780D
:209780008270DB78C3707047B8EC0020044B1A7802705A7842709A788270DB78C3707047BE
:2097A000ACEC0020014B18687047C0460CE30020F8B545012E000935FF3507001021280066
:2097C000083601F057F8280001F024F8041EFAD180239B00F0181F2101F04CF80123BB400F
:2097E0000C490A889A430A800B490A889A430B4B0A807A00D4520022094BDA55C0239B00B5
:209800009C466644300001F005F80028FAD10130F8BDC0465E3501206035012008350120F7
:2098200000350120F0B505000C0016001F0083B0082800D980E0012958D08B1E022B00D94A
:2098400069E07B0764D4002F01D0022966D02800FFF7AEFF0F2239006B01914321431C00AF
:209860000834200001F006F8002E07D1344A35491688731C9BB28B4259D01380310AF6B2B5
:209880008023DB00E01800F0F5FFA0233100DB00661CE018FF3600F0EDFF0121300000F0D2
:2098A000E9FF300000F0B6FF0028FAD1012319003B40A940AB40244E32888A431343234AB0
:2098C000338013888B431380214B6A00D0520022204B5A55C0239B009C466444200000F08D
:2098E00099FF0028FAD068B203B0F0BDF0200422000101A900F0F0FF0320019B4042002B38
:20990000F2D07B0704D4002FA1D021233B429ED106204042E8E705204042E5E730233B42A1
:2099200000D194E77BB2002B00DA90E7F0E70A4BEF26FF211380A3E701204042D4E7C04650
:2099400010E30020F0FF00005E35012060350120083501200035012000C0FFFF10B5082834
:2099600002D90120404210BDFFF722FF0120FAE770B50500082828D844010834200000F098
:2099800049FF0F230340012B19D1C0239B00E618300000F03FFF132814D10134FF3402216F
:2099A000200000F067FF200000F034FF0028FAD1300000F02FFF14280AD1133870BD0520F9
:2099C0004042FBE703204042F8E701204042F5E72800FFF7EDFE04204042EFE7F8B50600E8
:2099E00008283ED845010835280000F013FF0F230340012B32D16C1CFF340821200000F0DC
:209A000039FF200000F006FF0028FAD101210800B040154B1A8882431A80144B1B88334115
:209A2000194213D1C0239B00EF18013BFF3BEC18082504E0200000F0EDFE054208D1380084
:209A400000F0E8FE0028F5D10130F8BD0020FCE73000FFF7ADFE0D204042F6E70520404255
:209A6000F3E701204042F0E7603501205E350120F0B54546DE4657464E46E0B583B00500D6
:209A800014000191082800D984E00822914643019944484600F0BEFE0F230340012B00D0E6
:209AA0007EE0002C00D178E0C0239B004B441800984600F0AFFE172801D01C2856D13A4B53
:209AC00001279B461B882B411F4237D1AF40F8204001484400F09EFE8002061C80B2A042ED
:209AE00000D9261C314BB6B29A46280000F07EFF0400404600F08EFE172801D01C2832D195
:209B000053461B881F422BD0B44221D34C460134280001993200FF3400F0C4FF20212000C1
:209B200000F0A8FE200000F075FE0028FAD15B465A461B8830003B4313800AE08026B600AE
:209B40004E44300000F066FEC30612D400071BD4002003B0F0BCBB46B246A946A046F0BD50
:209B6000B442C2D3D2E72800FFF722FE07204042EFE71021300000F07DFE5B46AF405A46E8
:209B80001B88BB431380A2E72800FFF711FE0D204042DEE701204042DBE70E204042D8E793
:209BA00005204042D5E7C046603501205E350120F0B54546DE4657464E46E0B583B0050080
:209BC00014000191082800D970E046010836300000F020FE0F230340012B6AD1002C62D089
:209BE000F0235B01F01800F015FE8002031C80B2A04250D89BB29B46C0239B0098462E4B0B
:209C000001279946F8235B019A46AF40B044B244280000F019FF0400404600F0FBFD17282C
:209C200019D01C2839D1002C1BD1280000F0DEFE0400504600F0EEFD800284422DD04B4696
:209C40001B881F42E4D0002003B0F0BCBB46B246A946A046F0BD4B461B881F4218D0002CA9
:209C6000F1D0221C5C4500D95A4694B20136280001992200FF3600F04FFF4021300000F076
:209C8000F9FD300000F0C6FD0028FAD12000DBE7002CBDD0E5E7231CACE72800FFF788FD1C
:209CA00007204042D0E70E204042CDE701204042CAE705204042C7E75E350120F8B545464B
:209CC000DE464E465746E0B51C006B461B8D05008B4616009846082800D9AEE0470108373D
:209CE000380000F097FD0F230340023B022B00D9A6E0002E00D1A6E0637822781B021343FD
:209D0000A27812041A43E3781B06134300D182E04346002B00D170E0C0239B009946B94482
:209D2000484600F077FD42280BD0EF231840222807D007204042F0BCBB46B246A946A0463E
:209D4000F8BDC0231B010422F818210000F00EFE4346190A80235B01F81800F08BFD434640
:209D6000D9B288235B01F81800F084FDF8235B01F81800F04FFD8002031C80B2B04245D82B
:209D80009EB20123AB409846304B9A46280000F02DFE0400484600F03DFD002838D0534663
:209DA00042461B881A4225D0B4423DD37C1C594628003200FF3400F075FE2021200000F0A9
:209DC00059FD200000F026FD0028FAD180239B009C4610240825674401E0054226D1380084
:209DE00000F018FD0442F8D03800102100F042FD3000A0E7B442C9D3D8E7380000F00AFD81
:209E0000400700D588E70B20404294E7331CB7E7042040428FE7380000F0FCFC400700D54A
:209E200076E70C20404286E7002084E73800082100F020FD0D2040427DE7012040427AE79A
:209E40000520404277E70E20404274E75E350120F0B54546DE4657464E46E0B589B00500E6
:209E60001400039104920593082800D914E14301083318001E00029300F0CCFC0F23034097
:209E8000023B0190022B00D90AE1002C00D10BE1874A93466A0092465A465146535A002B1F
:209EA0005AD1C022920033009446634498460127804BAF4099464346B8461F00280000F0F2
:209EC000C3FD04000600380000F0A4FC002800D18DE04B4642461B881A4200D183E0002C12
:209EE00000D188E00723019A1340032B00D185E0042B00D1A6E0022B00D0A1E05B46524670
:209F0000029F9B5A0137FF37002B40D106AC21002800082200F000FE4021380000F0AAFCBF
:209F2000380000F077FC0028FAD1059A2378137063785370A3789370E378D370A388129AA5
:209F40005BBA1380E2885946504652BA93B20A528022594C62551BE0072201990A40032ADA
:209F600012D0042A10D0022A0ED00023002698463100280000F00AFE5B465246029F4E4CFB
:209F800001379E52FF370FE0029F0137FF374A4C049A161C9A4200D91E1CB6B2320028004E
:209FA000039900F0B9FDB0464021380000F062FC380000F02FFC0028FAD152465B4651466C
:209FC0009B5A5A469B1B9BB25352002B02D00123605D18436055404609B0F0BCBB46B24672
:209FE000A946A046F0BD002C00D167E77AE704235B429846EFE700239846ECE75B465246AE
:20A00000029F9B5A0137FF37002BC0D106AC21002800062200F080FD4021380000F02AFC41
:20A02000380000F0F7FB0028FAD1059A2378137063785370A3789370E378D370A28882E769
:20A04000A04695E75B465246029F9B5A0137FF37002B9CD106AC21002800022200F05CFD61
:20A060004021380000F006FC380000F0D3FB0028FAD162782378023A1B029B1851465A46B4
:20A080009BB253520D4A934200D861E72800FFF78FFB0B4B98469EE701235B4298469AE701
:20A0A00005235B42984696E70E235B42984692E7083501205E35012000350120EA05000004
:20A0C00017FCFFFF7047C0460078C0B27047C04601707047002070477047C0467047C04692
:20A0E0007047C0467047C0467047C0467047C046002805D0002903D0034B1961D8607047BC
:20A1000002490348F8E7C04614E30020E19E0020C19E0020002805D0002903D0034B99614E
:20A120005861704702490348F8E7C04614E30020E99E0020E59E0020074B1A88920500D474
:20A14000FEE7002804D0002902D01962D861704702490348F9E7C04614E30020D59E002092
:20A16000D19E0020074B1A88920500D4FEE7002804D0002902D09962586270470249034813
:20A18000F9E7C04614E30020DD9E0020D99E002070B50C00052800D989E0464B80001B586C
:20A1A0009F46D8200978400100F064FBC82061884001090A00F05EFBD020A178400100F009
:20A1C00059FB002070BDD820400100F023FB2070C820400100F01EFB0500D020400100F0AF
:20A1E00019FB2D0240196080EBE790200622000100F0BCFB2100802004220E31400000F03B
:20A20000B5FB2100A02004220A31C00000F0AEFBF0200422A11D000100F0A8FBE37CA27CEE
:20A220001B021343227D244912041A43637D1B0613430B60A27D214B1A70C2E790200622D4
:20A24000000100F049FB2100802004220E31400000F042FB2100A02004220A31C00000F044
:20A260003BFBF0200422A11D000100F035FB124B1A78A2745A78E2749A782275DB78637592
:20A280000E4B1B78A3759CE70C783A2322009A430DD1002000F0BEFA0443E1B2002000F0C7
:20A2A000E9FA8EE7002000F0B5FA207089E70120404287E7D0DE0020C4EC0020653501201D
:20A2C000902000B587B004A90622000100F004FB802001A90422400000F0FEFAA02002A91A
:20A2E0000422C00000F0F8FAF020042203A9000100F0F2FA8021002000F0BCFA002000F060
:20A3000089FA902004A90622000100F02FFB802001A90422400000F029FBA02002A90422C5
:20A32000C00000F023FBF020042203A9000100F01DFB07B000BDC046F8B504000E00FFF735
:20A34000BFFF002C38D00022A2562378102A00DD6FE062789B18DAB25BB2102B69DCA3782F
:20A36000D318DAB25BB2102B63DCE378D318DAB25BB2102B5DDC2379D318DAB25BB2102B31
:20A3800057DC6379D318DAB25BB2102B51DCA379D318DAB25BB2102B4BDCE379D21852B276
:20A3A000102A46DC244D254F28002178203500F061FA0134BD42F7D1002E38D00022B2569F
:20A3C0003378102A35DC72789B18DAB25BB2102B2FDCB378D318DAB25BB2102B29DCF378B1
:20A3E000D318DAB25BB2102B23DC3379D318DAB25BB2102B1DDC7379D318DAB25BB2102B90
:20A4000017DCB379D318DAB25BB2102B11DCF379D21852B2102A0CDC3400094D064E2800EF
:20A420002178203500F026FA0134B542F7D10020F8BD01204042FBE7081F00000820000081
:20A44000081E0000B82010B5800100F0E3F90123184010BD017810B501394B425941437849
:20A460008901012B27D0C3788278012B1ED0012A01D110231943B820800100F0FBF9B8203F
:20A48000800100F0C7F97F210140B820800100F0F1F9B820800100F0BDF980214942014308
:20A4A000B820C9B2800100F0E5F910BD012A05D008231943DFE737331943DCE717331943B1
:20A4C000D9E7C04610B50400B820800100F0A2F90121382382110A4003402270202B17D0A8
:20A4E000382B10D01A000021103AD2B26170102A10D80122083BA270DBB20A4ADA40012386
:20A500001340E37010BD00236170A3700023F8E76170EEE7083BDBB2A170182BF6D8002304
:20A52000EBE7C0460100010110B50400B820800100F070F9430650D5012C26D0382318437E
:20A54000C1B2B820800100F095F9B820800100F061F97F210140B820800100F08BF9B82088
:20A56000800100F057F9802149420143B820C9B2800100F07FF9B820800100F04BF9382386
:20A5800003405A425341584210BDC723302118400143B820800100F06DF9B820800100F012
:20A5A00039F97F210140B820800100F063F9B820800100F02FF9802149420143B820C9B2AF
:20A5C000800100F057F9B820800100F023F9302303405A4253415842D6E701204042D3E7DB
:20A5E00070B50C000F2800D9E4E0744B80001B589F46FFF765FE002070BDB820800100F0D0
:20A6000009F938230340303B5A4253412370F2E7B820800100F0FEF8012303402370EAE789
:20A62000002900D1C4E008312000FFF785FEE3E7A820400100F0EEF80500B820400100F0F3
:20A64000E9F8F022030215405B192380D3E7F023A820098840010C0A194000F00BF9E307E2
:20A6600000D59FE0A30700D596E0630700D58DE0230700D584E0E3067CD4A30674D46306EF
:20A680006CD4E411B7D0BA201F21800000F0F2F8B1E7B0200D884001097800F0EBF8C02018
:20A6A000290A400100F0E6F8A5E7B020400100F0B1F80500C020400100F0ACF803025B19EF
:20A6C000238098E7982009884001090A00F0D2F8A0202178400100F0CDF88CE79820400146
:20A6E00000F098F80500A020400100F093F82D02401920807FE7324B9A780A70DA784A70B6
:20A700001A798A705A79CA709A790A71DB794B7100238B716FE7B820800100F07BF87F2130
:20A720000140B820800100F0A5F8B820800100F071F8802149420143B820C9B2800100F00C
:20A7400099F858E70800FFF785FE54E70800FFF7B9FE50E70878FFF7E7FE4DE7B2201F21E0
:20A76000800000F087F88CE7AA201F21800000F081F884E7A2201F21800000F07BF87CE7D1
:20A780009A201F21800000F075F874E792201F21800000F06FF86BE78A201F21800000F012
:20A7A00069F862E782201F21800000F063F859E7002139E7012040421EE7C046E8DE00202D
:20A7C00014E3002010B501780400D820400100F051F8C82061884001090A00F04BF8D02066
:20A7E000A178400100F046F810BDC04670B50500D820400100F00EF82870C820400100F0F4
:20A8000009F80400D020400100F004F824020019688070BD70B50500154C82B0E3689847DB
:20A8200063699847636A280C2E0AC0B2F6B2EDB2002B0AD0A26A002A07D001AB1870032111
:20A8400018005E709D70904707E0236A98473000236A98472800236A9847E369984705007B
:20A86000A369984723699847280002B070BDC04614E30020F0B5174D83B0EB6804000E00BD
:20A8800098476B6998470422AB6A2243200C240AC0B2E4B2D7B2002B0FD024023F042043C5
:20A8A0003606384330430190042101A89847AB6998472B69984703B0F0BD2B6A98472000D6
:20A8C0002B6A984738002B6A984730002B6A9847EDE7C04614E30020F0B5C646040000B559
:20A8E000214E82B0F3680D001700984773699847230ADBB29846736A200CC0B2E4B2002BCA
:20A9000016D0B26A002A13D0414601AB18705970180003219C70904739002800736A984768
:20A92000B36998473369984702B080BCB846F0BD336A98474046336A98472000336A9847EE
:20A940000024002FECD0F36998470134A4B228700135A742E4D0F36998470134A4B2287059
:20A960000135A742EFD1DBE714E30020F0B5C64600B51D4E82B0F36804000D0017009847BA
:20A98000736998470421B26A2143230CC9B2240A8846DBB2E4B2002A11D001A80370817076
:20A9A00044700321904739002800B36A9847B36998473369984702B080BCB846F0BD180064
:20A9C000326A90472000336A98474046336A98470024002FEBD001342878336AA4B29847B1
:20A9E0000135A742F7D1E2E714E30020F0B5144BC6469846134B00269C4600B54701B84443
:20AA000067444046FFF706FF05023800FFF702FFADB24419A4B2002C05D1002EF1D13000A0
:20AA200080BCB846F0BD4046FFF7F4FE05023800FFF7F0FEADB24619B6B2B442E1D1EEE7FB
:20AA40000820000008210000F0B5144BC6469846134B00269C4600B54701B8446744404627
:20AA6000FFF7D8FE05023800FFF7D4FEADB24419A4B2002C05D1002EF1D1300080BCB84695
:20AA8000F0BD4046FFF7C6FE05023800FFF7C2FEADB24619B6B2B442E1D1EEE70826000003
:20AAA00008270000F0B54F46D64646461400C0B50F00002A2AD0830099465D1C9023ED004E
:20AAC0009B01EE183000FFF7A5FE94239B019C46824665442800FFF79DFE53461B02C0181E
:20AAE00083B298464B46981C434622001B02C0004444C0183900A4B2FFF738FF3000210AFF
:20AB0000FFF7B8FE2800E1B2FFF7B4FEE0BCBA46B146A846F0BDC046F0B54F46D646464610
:20AB20001400C0B50F00002A2AD0830099465D1CA023ED009B01EE183000FFF76BFEA423D6
:20AB40009B019C46824665442800FFF763FE53461B02C01883B298464B46D81C43462200B6
:20AB60001B02C0004444C0183900A4B2FFF7B4FE3000210AFFF77EFE2800E1B2FFF77AFE6B
:20AB8000E0BCBA46B146A846F0BDC046F8B50F4B45019C462E00654428000F00FFF73AFE16
:20ABA000A4239B019C460836664404003000FFF731FE2402C0192418A4B22800210AFFF735
:20ABC00059FE3000E1B2FFF755FEF8BD082800007047C04610B50A22002100F0BDFB10BDE9
:20ABE00010B50A22002100F0B7FB10BD10B5034B0100186800F00EF810BDC04650E7002020
:20AC000010B5034B0100186800F0D4FF10BDC04650E70020F0B54E464546DE465746E0B599
:20AC20000D000B35060085B0162D21D8102900D9D4E000F0D5FA102518230221CA4FFB180C
:20AC40001A005C68083A944200D186E103226368A1689343E268CA6091600121E3185A68B3
:20AC600030000A435A6000F0C3FA20000830B8E007239D4300D5B1E0A94200D9AEE000F04E
:20AC8000AFFAFC235B009D4200D2E0E1690A00D1AEE0042900D9A1E138239846A90988440E
:20ACA0003931CB00082252429446AF4FFB189C446346DC68A44514D0032399460B00614665
:20ACC0009C4607E0E068002A00DB40E1814200D141E104004A46636893435A1B0F2AF1DDD6
:20ACE00041463A003C690832944200D11EE1032063688343581B0F2800DDACE13A617A61D0
:20AD00000028AADA7A68904680229200934200D336E1DA085809012383404046184380460B
:20AD2000D300DB199A687860E360A2609C60D46001208B109840404562D8434603420AD101
:20AD400003239943434640000431034203D1400004310342FBD00323B3469C460E00B84648
:20AD60000190F00040440100B246CB680BE064465A681F00A243DB68541B0F2C00DD39E163
:20AD8000002C00DB53E19942F1D101239946CA44534608319B07E8D1032205E003680838E8
:20ADA000013E834200D013E23242F7D14346019A5B68934342465360019A520001929A423A
:20ADC0001CD8002A06D119E004229146019ACA44520001921342F7D05646C2E70C233360D7
:20ADE000002005B0F0BCBB46B246A946A046F0BD80233F22402190469B0053E75E46474616
:20AE00000322BC68636893439846AB4203D35B1B0F2B00DD8DE0230043440293534B0820A8
:20AE20001B6810335B19019300F0E2FD504903900B688A46013306D08446019B4242013BD6
:20AE40006344134001933000019900F0B5FD03008146013300D11CE1029B834200D916E1FA
:20AE6000444B02989B461A68019B59469C4662440A6003990139484500D157E153461B6891
:20AE8000013300D15EE14B4602981B1A9B185A46136007234A4648461A400292184200D1E7
:20AEA00015E10398013384469B1A019A99444A44019263440A409B1A194030008A4600F0C6
:20AEC0007BFD431C00D158E14B46C01A0300534401935B461A68012052441A604B46494684
:20AEE000BB60019B03434B60BC4213D043460F2B00D82BE107210C3B8B43616801400520B6
:20AF000019436160E118486088600F2B00D93FE14B465B6818490868904200D20A601749C5
:20AF20000868904200D20A604C46B4E07B689846FEE6012229001343114365196160300063
:20AF4000BD606B6000F054F92000083049E7A268D060826081E66146C3E6DC680231A34215
:20AF600000D1BEE672E6C04648E30020FCEC002040E30020CCEC0020F4EC0020F8EC00208C
:20AF80005A0A042A7CD9142A00D9B0E010005B3082465C32D200082040428446BA18944442
:20AFA000624692680B308146944500D186E00800A2466146844602E09268914204D04C4667
:20AFC0005068A0439842F7D8D368614654469C466346A260E3609C60D460A9E6142967D9A5
:20AFE000542900D98CE06E239846290B88446F31CB0057E6BA46012051468446491905434C
:20B0000050464560856847466046EB605E469D60534639617961204308374860CF60300033
:20B020008F609C5000F0E4F850460830D9E6BA4601205E465244516801435160BA68300081
:20B04000D3609A6000F0D4F838000830C9E62B00E9080833F2E56119884601218C460D432E
:20B060004146656039617961CA608A60624602434A60E050300000F0BBF820000830B0E674
:20B080009A091000393238308246D20083E7BC4241D0BC686368032293431A005B1BAA42B1
:20B0A00002D30F2B00DD44E7300000F0A1F897E65B23984688445C31CB00F3E553469810AA
:20B0C00001238340404618438046786080E7019B039A4B440B40D31A194030008A4600F05A
:20B0E0006BFC431C00D0EFE600239A46F1E6542A2ED81A0B10006F326E308246D2004AE748
:20B10000AA235B0099422ED8DD3B9846E90B88447831CB00C6E5304B9B461A68019B9C46F5
:20B120005B4662441A60039B591EA7E64846084200D0A3E6B9684344894601210B43494605
:20B140004B60E7E653464A461A60A2E64860ABE7AA204000824226D8DA0B10007832773000
:20B160008246D20017E71D4B994226D87C239846A90C88447D31CB0094E5019A029B9446F4
:20B180004A46083B63449B1A019300239A46A0E621003000083100F00DFD5B461A68BB6899
:20B1A00099465B68B6E60D4882420CD89A0C10007D327C308246D200EDE6FE237E227F2175
:20B1C00090469B006EE5FE227E2092008246E2E643465B68F0E5C046CCEC00205405000073
:20B1E00010B5024800F000FC10BDC046C8EC002010B5024800F0FAFB10BDC046C8EC002012
:20B20000F0B557464E464546DE46E0B582460F0090461E00994683B0242B43D8012B41D090
:20B220000B0008204A4D1A0014780133295D0842F9D11D002D2C00D176E02B2C3ED0454B3E
:20B240009B4600230193002E53D1302C00D173E00A230A26994649465846F6F70BFD2B00FB
:20B260008C463D000200270000214C460020E146AC463D00303D092D07D9113D192D03D97A
:20B280003D00613D192D20D80A35AE421DDD4F1C05D082422AD327D00121604328181F78D8
:20B2A0000133E6E700F09AFB16230360002003B0F0BCBB46B246A946A046F0BD1C78254B6E
:20B2C000951C9B4600230193BDE767464A1C21D0019A002A00D040424246002AE7D00029D4
:20B2E00033D143461F60E2E7A945D5DA01214942D5E7102EAFD110239946302CABD1202289
:20B300002B789343582BA6D110236C78994610260235A0E7222251460A6042465846002A3B
:20B32000C5D058465F1EDCE71C7880231B069B460123951C019386E720222B789343582B4D
:20B34000E2D008230836994685E78346E9E7C04629DF0020FFFFFF7F10B504001300034A1B
:20B3600010680A002100FFF74BFF10BD50E7002030B5032A0CD90B0003439B0719D1046886
:20B380000B689C4215D1043A04300431032AF6D8551E002A0BD0002303E05A1C9D4206D02B
:20B3A0001300C25CCC5CA242F7D0101B00E0002030BD551EEFE7C0460323CAB2F0B5034098
:20B3C000002A35D00324002B2DD1FF230B401D02ED182B04ED182C000168264E4C408B19F0
:20B3E0008B43A119A143244E0B43334211D14168204F0C00CB196C408B43E119A1430B431C
:20B4000004303342F3D00378002B05D09A4204D001300378002BF9D10020F0BD9342FCD086
:20B4200001302042D1D00378002BF7D10020F4E7002B08D0032202E00130104203D0037894
:20B44000002BF9D1E9E702680A4B0B49D31893430B4206D14268074B0430D31893430B42F1
:20B46000F8D00378002BD8D043780130002BFBD1D3E7C046FFFEFEFE8080808030B5002A0B
:20B4800027D003000B439B0713D1032A11D9134D0BE0043A002A1CD0114C1C199C432C4249
:20B4A00017D104300431032A03D903680C68A342EFD00D78047801230139AC4207D00AE0A1
:20B4C000002C06D0C45C0133CD5CAC4203D19A42F6D1002030BD601BFCE7C0468080808017
:20B4E000FFFEFEFE034B10B51A680123503200F003F810BD50E70020F0B5002826D007003F
:20B5000038000C000678013702E00134AE4214D02578002DF9D1002E1DD03E000B003578A1
:20B52000013702E00133002CF7D01C78A542F9D10023002D06D11360F0BD002BE0D11760EB
:20B540000370F9E700213B003170F4E710680028D5D10020F0E700201660EDE7F0B5CE4660
:20B5600047460300944680B5012959D9012201209046012500260124404206E0221A9046CB
:20B58000260001257419A1420DD91F181A5D7F5DBA42F3D336D0012501223000013674197A
:20B5A0009046A142F1D844466246146001229146023A012500269046012407E04246A21ABB
:20B5C0009146260001257419A1420ED94746DF191A5D7F5DBA42F1D818D001250122B0462D
:20B5E000013674199146A142F0D8434601300133834203D36246494618001160C0BCB94641
:20B60000B046F0BD454505D00135BBE74D4504D00135D8E776190125B4E776190125D2E737
:20B62000012399460023E5E7F0B5DE4657464E464546E0B57D4C8246A54414008946200081
:20B64000190005AA1D00FFF789FF06AB9B460190FFAA20C31C329342FAD1002D0BD02300BF
:20B66000681E661920185F461A78C11A92000133B950B342F7D1059B2000019AE118029306
:20B68000FFF776FE002800D072E0002398464B46591B80231B012B4303932B006F1E00264F
:20B6A00045460800984608E0002D04D0029A9A4201D943469B1A0025F618B04220D35346EF
:20B6C0005A469919CB5D9B00D358002BECD1019A2B00954200D213009F4227D9844608000D
:20B6E00002E001339F421FD0E15CC25C9142F8D0010060469F4219D9019AB61A0136DAE791
:20B7000050460399484400F04DFB81444B464246981AB042D3D20020454B9D44F0BCBB46CE
:20B72000B246A946A046F0BD01006046019A531E954279D28446080003E05A1E9D4210D0CE
:20B740001300E15CC25C9142F7D001006046013301359D420AD8029B42469C46D51A66446F
:20B76000ABE70135010060469D42F4D90800D3E7019AAB1A934255D30133029305934B469D
:20B78000591B80231B012B430026984608006F1EB0420AD353465A469919CB5D9B00D358C7
:20B7A000002B14D0F618B042F4D250464146484400F0F8FA81444B46581BB042ABD3534657
:20B7C0005A469919CB5D9B00D358002BEAD1019A1300BA4214D28446080002E00133BB42CE
:20B7E0000CD0E15CC25C9142F8D0010060469F4206D9019AB61A0136F618D4E701006046FE
:20B80000019B013BB2D38446080002E0013B00D282E7E15CC25C9142F8D0029B60469C4685
:20B820006644B5E71300A7E7130091E7E4FBFFFF1C040000F0B54646D6464F46C0B50E0034
:20B8400009780500040090B0002953D07078002800D176E0B778002F53D0F378002B00D1B3
:20B860008AE03279002A00D170E0300000F01AF98021890007000143280000F093FA874252
:20B880004FD8FE2F00D98FE0C01B804640226846791CE946A844F7F791F8002F10D03F22C4
:20B8A000F8B2824633009446BC19B24461461A7848460A405146C91A013381549C42F5D106
:20B8C0002C003F254A46013CE35D2B40D35CE418A04503D227E05444A04524D34A46E35D30
:20B8E00031002B40D35C20003A009A46FFF740FD0028F0D1200010B0E0BCBA46B146A846C6
:20B90000F0BD002309042A780143002A07D01B04013513432A789942F7D1AC1EEAE79942FD
:20B92000FBD00024E6E74346D819DB5D002BF8D08021090100F036FA8044A045C2D200247A
:20B94000D8E72800FFF738FD0400D3E72A78002AE7D0000208433F0407431B063B4319BA48
:20B9600000232C001B02013513432A78002A13D08B42F6D1033CBDE70906000401433F0211
:20B980002A783943002A0BD0134301351B022A789942F7D1EC1EADE78B42EBD00024A9E7BC
:20B9A0009942F7D00024A5E701003B0032002800FFF73AFE04009DE7002370B5064C05004A
:20B9C00008002360F8F79CFC431C00D070BD2368002BFBD02B60F9E794040120014B186888
:20B9E0007047C04650E700207047C0467047C046802310B55B01082801D1180010BDFFF718
:20BA0000EDFF16230360173BF7E7C046024670B50A4392072AD11E4DEE0104C808C9541BB4
:20BA20009443344017D0D0B2D9B2401A2106014310D190B299B2401A210401430AD11002E4
:20BA40001902000A090A401A2102014302D1100E190E401A70BD9A42DFD010BA19BA88425C
:20BA600001D9012070BD0020C04370BD02780B7801300131002A09D09A4207D102780B783A
:20BA800001300131002A01D09A42EFD0D01A70BD0101010103000A7801311A700133002AF3
:20BAA000F9D1704710B583070AD00300032102E001330B4205D01A78002AF9D1181A10BDF8
:20BAC000030019680C4A0D4C8A188A4322420FD15968094A04338A188A43224208D15968C8
:20BAE000054A04338A188A432242F1D000E001331A78002AFBD1E1E7FFFEFEFE80808080CF
:20BB0000F0B5C646060000B508200D00FFF770FF04003000FFF764FB234B210098469B6826
:20BB20005F6803239F4338001138401B0019F6F7A1F8451E6543AC4208DC00213000FFF797
:20BB40003BFF43469B68DB19984206D03000FFF74FFB002080BCB846F0BD30006942FFF733
:20BB60002BFF01300ED0012243467F1B9B6817430E4A5F60136830005B1B1360FFF738FB15
:20BB80000120E7E700213000FFF716FF43469A68831A0F2BDADD064C04492468001B086093
:20BBA00001210B435360D1E748E30020CCEC002040E30020F0B5D6464F46464605000C0051
:20BBC000C0B5002948D0FFF70BFB2100012708394B6803209C46BB43CE1872688243604648
:20BBE000384080466A4891468468B44200D17CE07260B41864683C40A2464446002C30D1EA
:20BC00000C68A446091B8C686344A4460824A0468044C4455CD0CC68A04664464246E26084
:20BC200094605246002A1FD01F434F60336080229200934230D2DA085C090123A3404468B6
:20BC400023434360D3001B189A68CB608A609960D1602800FFF7CCFAE0BCBA46B146A8462F
:20BC6000F0BD5246002A0FD101224B44CF18BC46B468484F1A43BC425BD0F668E660B460E9
:20BC80004A6062461360D2E762463A434A608022336092009342CED35C0A042C3FD89C09C8
:20BCA000260039343836E40004192268083C0327944203D14EE09268944203D05068B8435C
:20BCC0009842F8D8D468CC608A60A160D160C0E75246002A35D14B441A00B068F368174351
:20BCE000C36098604F608A50B3E74B441A004346002B06D10B68C91A8C68D218CB68E36028
:20BD00009C60012313434B60234B81601B6893429FD8224B28001968FFF7F2FE99E7142C28
:20BD200013D9542C1DD81C0B26006F346E36E400BAE7E160A1604A606246CC608C6013606A
:20BD400087E71F434F60336083E726005C345B36E400A9E70123B610B34046683343436008
:20BD6000B1E7AA225200944205D8DC0B260078347736E40098E70A4A944205D89C0C2600BC
:20BD80007D347C36E4008FE7FE247E26A4008BE748E3002050E3002044E30020FCEC00201D
:20BDA0005405000010B503004418002903D107E00133A34202D01A78002AF9D1181A10BDB2
:20BDC0000020FCE7F8B5C046F0B5C646150000B504001E000268EFF3108172B61368002B65
:20BDE000FCD0BFF35F8F0423E3562268002B2BDBBFF35F8F0020106081F31088D022120676
:20BE00001278002752B290469A420ED1002080BCB846F0BDBFF35F8F176081F3108828008A
:20BE20003100F5F7B1FA0028F0D12268EFF3108172B61368002BFCD0BFF35F8F23792268F4
:20BE40007F2BE7D9434602E0D0231B061B682371BFF35F8F0023136081F310880120D6E7C2
:20BE60000268EFF3108172B61368002BFCD0BFF35F8FFF2303710368BFF35F8F00221A606E
:20BE800081F3108840BF704710B5084C2378002B0AD18023064807495B051A68C2500433BA
:20BEA0008B42FAD10123237010BDC0466635012044EE00100001001010B5014B984710BD94
:20BEC00045EE0020064B5A6802609A684260DA6882601A69C2605A6902619B6943617047A8
:20BEE000000002400268064B5A6042689A608268DA60C2681A6102695A6142699A6170479B
:20BF000000000240034B1A68C0239B009343024A136070470C8001400C900140054B1A68C9
:20BF200080239B005340C02292001340024A13607047C0460C8001400C900140F0B5D64682
:20BF40004F4646468023C0B5421804000D0086B09B039A422ED800270026B88A338B1749DA
:20BF60009847338B82461649B88A9847338B81461449B88A9847338B13498046B88A9847D8
:20BF80000600FFF781FF6846FFF79CFFD047C8478022D823290020005202C047B047FFF792
:20BFA0008BFF6846FFF79EFF06B0E0BCBA46B146A846F0BDF5F7F6FCCDE7C04649460000AB
:20BFC000455800005245000046430000F0B54E464546DE4657468023E0B515008218040034
:20BFE000894687B09B039A422DD800270026B88A338B16499847338B83461549B88A98472B
:20C00000338B82461349B88A9847338B12498046B88A98470600FFF737FF6846FFF752FFF6
:20C02000D847D0472A0049462000C047B047FFF743FF6846FFF756FF07B0F0BCBB46B24666
:20C04000A946A046F0BDF5F7ADFCCEE7494600004558000052500000464300000023F0B5F5
:20C06000DE4657464E4645469A46E0B589B001900E00988A45491B8B1400984753468146EA
:20C080004349988A1B8B9847534642490500988A1B8B98478046FFF7F7FE02A8FFF712FF3B
:20C0A000C847A847FFF73AFF251E22D00823C0219C460220490562468B6A1A4018423FD060
:20C0C000631B002D2FD1002A11D1002C11D0C0235B059B4602239A46063399465B464A462A
:20C0E00057469B6A1A401F4242D0002AF6D0002C30D1FFF707FFC047FFF7DEFE02A8FFF73F
:20C10000F1FE09B0F0BCBB46B246A946A046F0BD002C2FD1C0225205926A914608224F4659
:20C120003A40BF072DD50D2B1BD9002AF0D1C0225205926A914608224F463A40BF07F2D4D5
:20C14000002A04D12B002343002BB4D1D1E72B00002CF9D00B6E013C3370230001362B43A6
:20C16000F2E7019F013D3B7801370B660197E7E70025E5E7C0235B051B6E013C3370013672
:20C1800099E72B00002ADFD1DCE7C0464946000045580000464300005B494E464F5D202573
:20C1A00073203A2048656C6C6F20426F6F746C6F616465720D0A0000000000005B494E4624
:20C1C0004F5D202573203A2052756E20426F6F746C6F6164657220436F6E6669670D0A0094
:20C1E0005B494E464F5D202573203A20202D204E6574776F726B2054696D656F7574205358
:20C20000657474696E6773202D205243523A2025642C205254523A2025640D0A00000000AB
:20C220006465766963655F62616E6B5F636865636B206661696C65640D00000064657669FC
:20C2400063655F62616E6B5F636F7079206661696C65640D000000006A756D70206164646A
:20C2600072203D203078253038580D0A000000000A2A2A2A2050414E4943202A2A2A0A0070
:20C280000A0000006E6F7420737570706F727465640000004E6F207370696E6C6F636B738A
:20C2A0002061726520617661696C61626C650000486172647761726520616C61726D2025C5
:20C2C0006420616C726561647920636C61696D6564000000486172642061737365727400D8
:20C2E0004F7574206F66206D656D6F727900000052656C6561736500626F6F74325F7732A9
:20C300003571303830000000322E322E300000007069636F00000000426F6F7400000000B0
:20C32000417072203232203230323600666E692B00000000666E69006E616E00666E692D20
:20C34000000000005541525420737464696E000055415254207374646F7574005541525424
:20C3600020737464696E202F207374646F7574004E6F20444D41206368616E6E656C73202E
:20C3800061726520617661696C61626C650000004E6F2050494F207374617465206D61634D
:20C3A00068696E65732061726520617661696C61626C65004C45440020573578303020696B
:20C3C0006E697469616C697A6564206661696C002041434345535320455252203A20564584
:20C3E0005253494F4E20213D20307830342C20726561642076616C7565203D203078253069
:20C4000032780A00573578303020524553455400737069206661696C656420777269746941
:20C420006E6720627566666572000000573535525032302D533245003139322E3136382E3A
:20C4400031312E3300000000303030303030303000000000574F524B47524F5550000000C9
:20C4600025732D253032582530325825303258253032582530325825303258005B494E4685
:20C480004F5D202573203A204D4143203D202530325825303258253032582530325825309F
:20C4A0003258253032580D0A000000005B53454743505D2025732025643A20203E204465F0
:20C4C00076436F6E66696720757064617465206661696C65642C2052657472793A20256423
:20C4E0000D0A00005B494E464F5D202573203A202023204D41433A20253032583A253032E1
:20C50000583A253032583A253032583A253032583A253032580D0A005B494E464F5D20251F
:20C5200073203A202023204950203A2025642E25642E25642E2564202F20506F7274203A7C
:20C54000200D0A005B494E464F5D202573203A20256420005B494E464F5D202573203A20CF
:20C560000D0A00005B494E464F5D202573203A202023204757203A2025642E25642E25641C
:20C580002E25640D0A0000005B494E464F5D202573203A20202320534E203A2025642E255D
:20C5A000642E25642E25640D0A0000005B494E464F5D202573203A20202320444E533A20DA
:20C5C00025642E25642E25642E25640D0A0000005B494E464F5D202573203A2020232044D9
:20C5E000657374696E6174696F6E20446F6D61696E3A202573202F20506F72743A2025649C
:20C600000D0A00005B494E464F5D202573203A2020232044657374696E6174696F6E20499F
:20C62000503A2025642E25642E25642E2564202F20506F72743A2025640D0A005B494E465C
:20C640004F5D202573203A202023232055445020313A4E204D6F64650D0A00005B494E46C0
:20C660004F5D202573203A202023232055445020313A31204D6F64650D0A00000D000000E8
:20C680005B53454743505D2025732025643A2073656763705F726574202620534547435021
:20C6A0005F5245545F534156450D0A005B53454743505D2025732025643A20736567637094
:20C6C0005F72657420262053454743505F5245545F45524153455F454550524F4D0D0A0081
:20C6E000203E2053454743503A5550444154453A4641494C45440D005B53454743505D2017
:20C7000025732025643A2073656763705F72657420262053454743505F5245545F52454268
:20C720004F4F540D0A0000005245424F4F540D0A000000005B53454743505D2025732025E7
:20C74000643A205B554E4B4E4F574E5D3A25730D0A0000005B53454743505D202573202523
:20C76000643A20636D64203D3D2025730D0A00000D0A0000253032583A253032583A2530C0
:20C7800032583A253032583A253032583A2530325800000025642E25642E256400000000CD
:20C7A000256400005B53454743505D2025732025643A2053454743505F4447203D2025739A
:20C7C0000D0A000025642E25642E25642E256400256300002530325800000000253032584E
:20C7E0002530325825303258000000002564256400000000464C5553480000005B534547AD
:20C8000043505D2025732025643A206465765F636F6E6669672D3E73657269616C5F6F7030
:20C8200074696F6E2E756172745F696E74657266616365203D2025640D0A00005B534547ED
:20C8400043505D2025732025643A20756172745F69665F7461626C655B6465765F636F6EA3
:20C860006669672D3E73657269616C5F6F7074696F6E2E756172745F696E7465726661630A
:20C88000655D203D2025730D0A0000002E3A2D005B53454743505D2025732025643A2053DD
:20C8A000454743505F46573A4552524F523A544F4F4249470D0A0000465725642E25642E79
:20C8C00025642E25643A25640D0A00005B53454743505D2025732025643A205345474350E7
:20C8E0005F46573A4F4B0D0A0000000025733A25730D0A005B53454743505D2025732025A9
:20C90000643A204552524F52203A2025730D0A005B53454743505D2025732025643A20457C
:20C920004E44206F66205B70726F635F53454743505D2066756E6374696F6E202D20524589
:20C94000545B3078252E34785D0D0A0D0A000000FFFFFFFFFFFF00002573256325632563CC
:20C960002563256325630D0A00000000FFFFFFFF000000005B53454743505D2025732025E5
:20C98000643A203E3E20737472746F6B3A2025730D0A00002D2D2D2D2D454E4420434552DB
:20C9A00054494649434154452D2D2D2D2D0000002D2D2D2D2D454E44205253412050524984
:20C9C00056415445204B45592D2D2D2D2D0000005B53454743505D2025732025643A2062F6
:20C9E0007566203D2025730D0A000000257300005B4552525D202573203A20203E205345AF
:20CA00004743503A4552524F523A253034580D0A000000004F4300004C430000504B00008A
:20CA200045524E554C4C000045524E4F54415641494C000045524E4F504152414D0000008A
:20CA4000455249474E4F52454400000045524E4F434F4D4D414E44004552494E56414C49AA
:20CA600044504152414D000045524E4F50524956494C4547450000004D43000056520000EE
:20CA80004D4E0000494D00004F50000043500000444700004B4100004B4900004B450000F8
:20CAA000524900004C490000534D00004757000044530000444800004C50000052500000A7
:20CAC0005248000042520000444200005052000053420000464C0000495400005054000098
:20CAE000505300005044000054450000535300004E500000535000004D410000505700004A
:20CB0000535600004558000052540000554E00005354000046520000454300004741000037
:20CB20004742000047430000474400004341000043420000434300004344000053430000AB
:20CB4000533000005331000052580000554900005452000051550000515000005143000005
:20CB6000514B000050550000553000005531000055320000514F0000524300004345000025
:20CB80005546000046570000534F0000424F4F54000000004F50454E00000000434F4E4E27
:20CBA00045435400555047524144450041544D4F44450000554450005B494E464F5D2025C5
:20CBC00073203A20203E2053454743503A42555F5550444154453A4641494C4544202D2039
:20CBE000496E76616C6964206669726D776172652073697A653A20256C6420627974657380
:20CC000020284669726D776172652073697A65206D7573742062652077697468696E2025EC
:20CC200064206279746573290D0A00005B494E464F5D202573203A20203E20534547435003
:20CC40003A42555F5550444154453A4E4554574F524B202D204669726D77617265207369D7
:20CC60007A653A205B256C645D2062797465730D0A000000203E2053454743503A5550445D
:20CC80004154453A4E45545F54494D454F55540D00000000203E2053454743503A555044F3
:20CCA0004154453A524543565F4C454E202D202564206279746573207C205B25645D206236
:20CCC000797465730D0A0000203E2053454743503A5550444154453A4E4554574F524B2007
:20CCE0002D2055504441544520454E44207C205B25645D2062797465730D0A00203E205301
:20CD0000454743503A5550444154453A534F434B4F50454E0D0000005B494E464F5D202525
:20CD200073203A2057726974655F61646472203D203078253038580D0A000000203E20530F
:20CD4000454743503A42555F5550444154453A4641494C4544202D204669726D7761726538
:20CD6000207570646174652074696D656F75740D00000000203E2053454743503A42555FBC
:20CD80005550444154453A4641494C4544202D204E6574776F726B20646F776E6C6F616422
:20CDA0002074696D656F75740D0000005B494E464F5D202573203A2077726974655F6677C2
:20CDC0005F6C656E203D20256C642C20667775705F73697A65203D20256C642062797465D5
:20CDE000730D0A005B494E464F5D202573203A206275665F6C656E203E20302C205772698C
:20CE000074655F61646472203D203078253038580D0A00005B494E464F5D202573203A2008
:20CE2000203E2053454743503A42555F5550444154453A535543434553530D0A00000000A5
:20CE40005B494E464F5D202573203A20203E2053454743503A42555F434F50593A46414957
:20CE60004C4544202D20496E76616C6964206669726D776172652073697A653A20256C6402
:20CE800020627974657320284669726D776172652073697A65206D7573742062652077691B
:20CEA0007468696E202564206279746573290D0A000000005B494E464F5D202573203A2079
:20CEC000203E2053454743503A42555F434F50593A4E4554574F524B202D204669726D7721
:20CEE0006172652073697A653A205B256C645D2062797465730D0A005B494E464F5D202591
:20CF000073203A2077726974655F66775F6C656E203D2025642C2066777570646174652D40
:20CF20003E667775705F73697A65203D2025640D0A0000005B494E464F5D202573203A20A4
:20CF400066775F64617461203D203078253038580D0A00003D3D3D3D3D3D3D3D3D3D3D3DFE
:20CF60003D3D3D3D3D3D3D3D3D3D3D3D3D3D3D3D3D3D3D3D3D3D3D3D3D3D3D3D3D3D3D3D11
:20CF80003D3D3D3D3D3D00005B494E464F5D202573203A2025730D0A000000005B494E4626
:20CFA0004F5D202573203A20202573200D0A00005B494E464F5D202573203A20203E3E20D2
:20CFC00057495A6E657420446576696365205365727665720D0A00005B494E464F5D2025C9
:20CFE00073203A20203E3E204669726D776172652076657273696F6E3A2025642E25642E5D
:20D0000025642025730D0A00537461626C6500004175746F6D61746963202D20444843502A
:20D02000000000005374617469630000456E61626C65640044697361626C656400000000C5
:20D040004D6F646275735254550000004D6F646275734153434949005B494E464F5D20256F
:20D0600073203A20202D2044657669636520747970653A2025730D0A000000005B494E46E3
:20D080004F5D202573203A20202D20446576696365206E616D653A2025730D0A000000002B
:20D0A0005B494E464F5D202573203A20202D204465766963652067726F75703A2025730D51
:20D0C0000A0000005B494E464F5D202573203A20202D20446576696365206D6F64653A2054
:20D0E00025730D0A000000005B494E464F5D202573203A20202D2044617461206368616ECA
:20D100006E656C3A205B5541525420506F72742025645D202573206D6F64650D0A00000080
:20D120005B494E464F5D202573203A20202D204E6574776F726B2073657474696E67733AB7
:20D14000200D0A005B494E464F5D202573203A20092D204F627461696E696E6720495020B8
:20D1600073657474696E67733A205B25735D0D0A000000005B494E464F5D202573203A2067
:20D18000092D205443502F55445020706F7274730D0A00005B494E464F5D202573203A20B5
:20D1A000092020202B20533245206461746120706F72743A205B25645D0D0A005B494E4668
:20D1C0004F5D202573203A20092020202B205443502F5544502073657474696E6720706FA1
:20D1E00072743A205B25645D0D0A00005B494E464F5D202573203A20092020202B2046691E
:20D20000726D776172652075706461746520706F72743A205B25645D0D0A00005B494E460E
:20D220004F5D202573203A20092D205443502052657472616E736D697373696F6E207265DB
:20D240007472793A205B25645D0D0A005B494E464F5D202573203A20202D2053656172634C
:20D260006820494420636F64653A200D0A0000005B494E464F5D202573203A20092D2025DC
:20D28000733A205B25735D0D0A0000005B494E464F5D202573203A20202D204574686572DF
:20D2A0006E657420636F6E6E656374696F6E2070617373776F72643A200D0A0028544350C4
:20D2C00020736572766572202F206D69786564206D6F6465206F6E6C792900005B494E4609
:20D2E0004F5D202573203A20092D2025732025730D0A00005B494E464F5D202573203A207D
:20D30000202D20436F6E6E656374696F6E2074696D65722073657474696E67733A200D0A4D
:20D32000000000005B494E464F5D202573203A20092D20496E616374697669747920746960
:20D340006D65723A200000005B494E464F5D202573203A205B25645D2028736563290D0A15
:20D36000000000005B494E464F5D202573203A20092D205265636F6E6E65637420696E7435
:20D38000657276616C3A20005B494E464F5D202573203A205B25645D20286D736563290D9C
:20D3A0000A0000005B494E464F5D202573203A20202D2053657269616C2073657474696EC9
:20D3C00067733A200D0A00005B494E464F5D202573203A20092D20436F6D6D756E696361FA
:20D3E00074696F6E2050726F746F636F6C3A20005B494E464F5D202573203A205B25735D41
:20D400000D0A000055415254000000005B494E464F5D202573203A20092D204461746120B3
:20D42000257320706F72743A0D0A00005B494E464F5D202573203A20092020202B205541BE
:20D4400052542049463A205B25735D0D0A000000092020202B20256C642D000025642D002A
:20D4600025732D002564202F20000000466C6F7720636F6E74726F6C3A2025730000000044
:20D480005B494E464F5D202573203A20092D20446562756720257320706F72743A0D0A004B
:20D4A0004E4F4E45000000003131353230302D382D4E2D31000000005B494E464F5D2025AC
:20D4C00073203A20092020202B202573202F2025732025730D0A00002866697865642900DC
:20D4E0005B494E464F5D202573203A20202D2053657269616C2064617461207061636B6967
:20D500006E67206F7074696F6E733A0D0A0000005B494E464F5D202573203A20092D2054F9
:20D52000696D653A200000005B494E464F5D202573203A20092D2053697A653A20000000F5
:20D540005B494E464F5D202573203A205B25645D20286279746573290D0A00005B494E468D
:20D560004F5D202573203A20092D20436861723A200000005B494E464F5D202573203A2089
:20D580005B252E32585D2028686578206F6E6C79290D0A005B494E464F5D202573203A2031
:20D5A000202D2053657269616C20636F6D6D616E64206D6F64652073776974636820636F36
:20D5C00064653A0D0A0000005B494E464F5D202573203A20092D2025730D0A005B494E46DE
:20D5E0004F5D202573203A20092D205B252E32585D5B252E32585D5B252E32585D202848A8
:20D600006578206F6E6C79290D0A00005B494E464F5D202573203A20202320444843502053
:20D620004950204C65617365642074696D65203A20256C64207365636F6E64730D0A00007F
:20D640005B494E464F5D202573203A2020232044484350204661696C65640D0A00000000B6
:20D660005B444843505D202573203A20202D204448435020436C69656E742072756E6E694A
:20D680006E670D0A000000005B444843505D202573203A20202D204448435020537563635B
:20D6A0006573730D0A0000005B444843505D202573203A20202D2044484350204661696CD7
:20D6C00065642C2054727920616761696E2E2E2E0D0A0D0A000000005B444843505D202502
:20D6E00073203A20202D20444843502054696D656F7574206F6363757272656420616E64E0
:20D70000207265747279205B25645D0D0A0000005B4552525D202573203A20496E76616C6E
:20D72000696420706172616D65746572730D0A005B4552525D202573203A204661696C65FD
:20D740006420746F20616C6C6F6361746520666C617368206275666665720D0A000000001E
:20D7600063616E2774206572617365204D414320696E20662F770D005B494E464F5D202562
:20D7800073203A20203E2053544F524147453A45524153455F53544152542041505020420F
:20D7A000616E6B0D0A0000005B494E464F5D202573203A20203E2053544F524147453A45F0
:20D7C000524153455F53544152542042494E2042616E6B0D0A0000005B494E464F5D20255C
:20D7E00073203A20203E2053544F524147453A45524153455F454E440D0A000054544C00BE
:20D8000052532D323332000052532D343232000052532D3438350000584F4E2F584F46466B
:20D82000000000005254532F43545300525453204F6E6C7900000000525453204F6E6C7960
:20D840002052657665727365000000004E0000004F4444004556454E00000000203E2053A8
:20D8600045473A4154204D6F64650D005345473A4154204D6F64650D0A000000203E205360
:20D8800045473A4757204D6F64650D005345473A4757204D6F64650D0A0000005443505FB9
:20D8A0005345525645525F4D4F4445005443505F4D495845445F4D4F444500005544505F84
:20D8C0004D4F44450000000053534C5F5443505F434C49454E545F4D4F4445004D51545403
:20D8E0005F434C49454E545F4D4F4445000000004D515454535F434C49454E545F4D4F4490
:20D9000045000000434845434B5F49505F434F4E464C4943540000007365745F57355830FC
:20D92000305F4E657454696D656F7574000000006D61696E0000000006005250D3F0754283
:20D94000F8C0002006005250E182887F00C1002006005250ABB3605310C1002006005250AA
:20D96000BBFF3CB618C1002006005250861C030220C10020060052505422A29D28C100204C
:20D9800005005250DE65F468E0EA0010703500202035002020350020683500202035002086
:20D9A00020350020203500202035002020350020203500202035002060350020203500207F
:20D9C000583500202035002020350020503500209037002086350020803700208635002097
:20D9E0006A3700208635002086350020863500208635002086350020863500208635002069
:20DA0000783500208635002086350020863500208635002086350020783500202E3800209F
:20DA2000DA340020DA340020DA340020DA340020DA340020DA340020DA340020DA34002076
:20DA4000DA340020DA340020DA340020DA340020DA340020DA340020DA340020DA34002056
:20DA6000DA340020DA340020DA340020DA340020DA340020DA340020DA340020DA34002036
:20DA8000DA340020DA340020DA340020DA340020DA340020DA340020DA340020A437002049
:20DAA000FC370020A4370020DA340020DA340020DA340020DA340020DA340020DA34002004
:20DAC000DA340020DA340020DA340020DA340020DA340020DA340020DA340020DA340020D6
:20DAE000DA340020DA3400203E3A0020DA340020DA340020DA340020DA340020DA3400204C
:20DB0000DA340020DA340020DA340020DA3400203E3A0020403800203E3A0020A43700208A
:20DB2000FC370020A4370020000000000000F03F000000000000244000000000000059406B
:20DB40000000000000408F40000000000088C34000000000006AF8400000000080842E4116
:20DB600000000000D01263410000000084D797410000000065CDCD410D0A000006005250ED
:20DB800053B4F4A164C10020080052501200000008005250921000000900525000000002EF
:20DBA000BCC10020080052501210020009005250000000020CC2002002020202020202024F
:20DBC0000202020202020202D8D9002009FF00000160401000E080E026F00140451001407E
:20DBE000840000000A000B0013000000646973706C61795F4E65745F496E666F0000000012
:20DC0000736176655F446576436F6E6669675F746F5F73746F726167650000006C6F61644B
:20DC20005F626F6F745F446576436F6E6669675F66726F6D5F73746F726167650000000096
:20DC40009C5E0020BC5E0020BC5E002052610020E65F0020126000203260002052600020E8
:20DC6000FC5E00201C5F00203E5F0020605F0020765F00208C5F0020A25F0020CE5F002085
:20DC80007261002090610020AE610020D6610020F461002014620020346200205462002063
:20DCA00080620020A2620020C4620020EE620020C45E00200E5E002028630020406300204C
:20DCC000885E0020885E0020885E0020885E0020885E0020885E0020885E0020885E002014
:20DCE000E05E0020D05D0020D05D0020D05D0020D05D0020D05D0020D05D0020D05D0020AB
:20DD0000D05D0020B0600020185E0020185E0020185E0020885E002032610020D05D0020BE
:20DD2000D05D0020D05D0020D05D0020D05D0020D05D0020D05D0020D05D0020D05D00207B
:20DD4000D05D0020D05D0020D05D0020D05D0020D05D0020D05D0020FC600020F063002006
:20DD60002C6400202064002066640020626400205E64002040640020306500202665002079
:20DD80001C65002004650020EC640020D4640020BC6400206A640020A2660020986600201D
:20DDA0008E660020B0650020AC650020A8650020A4650020A06500209C6500209265002036
:20DDC000886500207E6500206E6500206A6500204C65002034650020086700208E63002027
:20DDE0008E630020F6660020E46600205A66002014660020FE650020D6650020E063002071
:20DE0000B85D0020B85D0020B85D0020B85D0020B85D0020B85D0020B85D0020B85D00205A
:20DE2000CC630020C8630020B66300207C6600207866002074660020B85D0020B85D0020AB
:20DE4000B85D0020B85D0020B85D0020B85D0020B85D0020B85D0020B85D0020B85D00201A
:20DE6000B85D0020B85D0020B85D0020B85D00206E660020756172745F6765745F636F6DE1
:20DE80006D616E646C696E650000000070726F635F53454743505F756470000070726F6359
:20DEA0005F5345474350000070617273655F53454743500073656763705F7265745F6861C1
:20DEC0006E646C6572000000646F5F73656763700000000070726F636573735F64686370EC
:20DEE00000000000646973706C61795F4465765F496E666F5F646863700000006469737015
:20DF00006C61795F4465765F496E666F5F6D61696E000000646973706C61795F4465765F7B
:20DF2000496E666F5F686561646572006465766963655F62616E6B5F636865636B000000C5
:20DF40006465766963655F62616E6B5F636F7079000000006465766963655F62616E6B5F72
:20DF6000757064617465000077726974655F666C6173680001020408D6800020BA800020A7
:20DF8000B4800020B8800020B8800020C4800020CC800020B280002065726173655F737405
:20DFA0006F72616765000000468400204C84002052840020608400203284002040840020C5
:20DFC0009E840020A4840020AA840020B88400208A840020988400205891002044910020A5
:20DFE000BE9000202C910020BE900020BE9000200E910020BE900020BE900020BE900020F1
:20E00000BE900020BE900020BE900020BE900020BE900020BE900020BE900020BE90002090
:20E02000BE900020BE900020BE900020BE900020BE900020BE900020BE900020BE90002070
:20E04000BE900020BE900020BE900020BE900020BE900020BE900020BE900020BE90002050
:20E06000BE900020BE900020BE900020BE900020BE900020BE900020BE900020BE90002030
:20E08000BE900020BE900020BE900020BE900020BE900020BE900020BE900020BE90002010
:20E0A000BE900020E8900020BE900020E0900020C6900020BA920020F69200200C93002013
:20E0C000D2920020E8920020E69F002038A0002084A00020A0A000209E9F0020C29F002003
:20E0E000EEA300201CA400202CA400204AA400208EA40020A6A40020C0A40020D8A40020B5
:20E10000F2A4002012A5002040A5002048A50020F2A3002050A50020F6A300200CA400200D
:20E120000020202020202020202028282828282020202020202020202020202020202020D7
:20E140002088101010101010101010101010101010040404040404040404041010101010AF
:20E160001010414141414141010101010101010101010101010101010101010110101010A5
:20E1800010104242424242420202020202020202020202020202020202020202101010106B
:20E1A00020000000000000000000000000000000000000000000000000000000000000003F
:20E1C00000000000000000000000000000000000000000000000000000000000000000003F
:20E1E00000000000000000000000000000000000000000000000000000000000000000001F
:20E200000000000000000000000000000000000000000000000000000000000000000000FE
:20E220000000000010000000000000000000010000000000000000000000020000000000CB
:20E24000000000000000030000000000000000000000FF000000000001B5486801318E4650
:20E260000047704609380149884701BD2D0A00200000000000000000000000000000000032
:20E2800000000000F0E80020503300004C33000054330000523300004D5300004D43000048
:20E2A00053340000433400007545002079460020C14500208D46002000000000000100008D
:20E2C000161714151819020000000000FD4C0020714C00207D4C0020894C0020E150002040
:20E2E0006D500020F54C00209950002001510020C94C002028C8002030C800203CC80020E4
:20E3000048C8002054C8002060C8002070C8002080C8002084C8002088C800208CC8002039
:20E3200090C8002094C8002098C800209CC80020A0C80020A4C80020A8C80020ACC80020AD
:20E34000B0C80020B4C80020B8C80020BCC80020C0C80020C4C80020C8C80020CCC800208D
:20E36000D0C80020D4C80020D8C80020DCC80020E0C80020E4C80020E8C80020ECC800206D
:20E38000F0C80020F4C80020F8C80020FCC8002000C9002004C9002008C900200CC9002049
:20E3A00010C9002014C9002018C900201CC9002020C9002024C9002028C900202CC9002025
:20E3C00030C9002034C9002038C900203CC9002040C9002044C9002048C900204CC9002005
:20E3E00050C9002054C9002058C900205CC9002060C9002064C9002068C900206CC90020E5
:20E4000070C9002074C9002078C900207CC9002080C9002084C900201CC8002020C800209E
:20E4200024C8002088C900208CC9002090C900200000000094C900209CC90020A4C90020E2
:20E44000ACC90020B4C90020BCC900200000000004D6002008D6002010D6002018D60020D9
:20E4600018D60020A8D2002020D600202CD6002034D6002040D600200102000054D600200F
:20E4800058D600205CD60020070809002C01000058020000B0040000080700006009000011
:20E4A000C01200008025000040380000004B0000807000000096000000E1000000C20100F8
:20E4C000008403000008070000100000D4D60020A4D60020B4D60020C4D60020D0D6002008
:20E4E000E4D60020F8D60020F4010100E187002005880020AD87002057495A6E6574000094
:20E500000A000000FFFFFFFF00C00000010257353530300000000000C19E0020E19E0020F3
:20E52000E59E0020E99E0020C59E0020CD9E00200000000000000000FFFFFFFF0000020085
:20E54000000000000000000048E3002048E3002050E3002050E3002058E3002058E30020C9
:20E5600060E3002060E3002068E3002068E3002070E3002070E3002078E3002078E3002023
:20E5800080E3002080E3002088E3002088E3002090E3002090E3002098E3002098E3002003
:20E5A000A0E30020A0E30020A8E30020A8E30020B0E30020B0E30020B8E30020B8E30020E3
:20E5C000C0E30020C0E30020C8E30020C8E30020D0E30020D0E30020D8E30020D8E30020C3
:20E5E000E0E30020E0E30020E8E30020E8E30020F0E30020F0E30020F8E30020F8E30020A3
:20E6000000E4002000E4002008E4002008E4002010E4002010E4002018E4002018E400207A
:20E6200020E4002020E4002028E4002028E4002030E4002030E4002038E4002038E400205A
:20E6400040E4002040E4002048E4002048E4002050E4002050E4002058E4002058E400203A
:20E6600060E4002060E4002068E4002068E4002070E4002070E4002078E4002078E400201A
:20E6800080E4002080E4002088E4002088E4002090E4002090E4002098E4002098E40020FA
:20E6A000A0E40020A0E40020A8E40020A8E40020B0E40020B0E40020B8E40020B8E40020DA
:20E6C000C0E40020C0E40020C8E40020C8E40020D0E40020D0E40020D8E40020D8E40020BA
:20E6E000E0E40020E0E40020E8E40020E8E40020F0E40020F0E40020F8E40020F8E400209A
:20E7000000E5002000E5002008E5002008E5002010E5002010E5002018E5002018E5002071
:20E7200020E5002020E5002028E5002028E5002030E5002030E5002038E5002038E5002051
:20E7400040E5002040E5002048E5002048E5002050E5002050E5002058E5002058E5002031
:20E7600060E5002060E5002068E5002068E5002070E5002070E5002078E5002078E5002011
:20E7800080E5002080E5002088E5002088E5002090E5002090E5002098E5002098E50020F1
:20E7A000A0E50020A0E50020A8E50020A8E50020B0E50020B0E50020B8E50020B8E50020D1
:20E7C000C0E50020C0E50020C8E50020C8E50020D0E50020D0E50020D8E50020D8E50020B1
:20E7E000E0E50020E0E50020E8E50020E8E50020F0E50020F0E50020F8E50020F8E5002091
:20E8000000E6002000E6002008E6002008E6002010E6002010E6002018E6002018E6002068
:20E8200020E6002020E6002028E6002028E6002030E6002030E6002038E6002038E6002048
:20E8400040E6002040E6002048E6002048E6002050E6002050E6002058E6002058E6002028
:20E8600060E6002060E6002068E6002068E6002070E6002070E6002078E6002078E6002008
:20E8800080E6002080E6002088E6002088E6002090E6002090E6002098E6002098E60020E8
:20E8A000A0E60020A0E60020A8E60020A8E60020B0E60020B0E60020B8E60020B8E60020C8
:20E8C000C0E60020C0E60020C8E60020C8E60020D0E60020D0E60020D8E60020D8E60020A8
:20E8E000E0E60020E0E60020E8E60020E8E60020F0E60020F0E60020F8E60020F8E6002088
:20E9000000E7002000E7002008E7002008E7002010E7002010E7002018E7002018E700205F
:20E9200020E7002020E7002028E7002028E7002030E7002030E7002038E7002038E700203F
:20E9400040E7002040E7002058E70020000000000000000000ED002068ED0020D0ED00206B
:20E96000000000000000000000000000000000000000000000000000000000000000000097
:20E98000000000000000000000000000000000000000000000000000000000000000000077
:20E9A000000000000000000000000000000000000000000000000000000000000000000057
:20E9C000000000000000000000000000000000000000000000000000000000000000000037
:20E9E000000000000000000001000000000000000E33CDAB34126DE6ECDE05000B000000EA
:20EA00000000000000000000000000000000000000000000000000000000000000000000F6
:20EA20000000000000000000000000000000000000000000000000000000000000000000D6
:20EA40000000000000000000000000000000000000000000000000000000000000000000B6
:20EA6000000000000000000000000000000000000000000000000000000000000000000096
:20EA8000000000000000000000000000000000000000000000000000E11700200D18002019
:20EAA000051A0020A9270020B5200020ED2600201919002029180020491800205D18002036
:20EAC000F10A0020651800208D0E0020A9170020BD070020314B0020ED000020E102002053
:020000041002E8
:2000000000200420F7000210CB000210CD000210C9000210C9000210C9000210C90002106B
:20002000C9000210C9000210C9000210CF000210C9000210C9000210D1000210D3000210D0
:20004000C1000210C1000210C1000210C1000210C1000210C1000210C1000210C100021008
:20006000C1000210C1000210C1000210C1000210C1000210C1000210C1000210C1000210E8
:20008000C1000210C1000210C1000210C1000210C1000210C1000210C1000210C1000210C8
:2000A000C1000210C1000210C1000210C1000210C1000210C1000210C1000210C1000210A8
:2000C000EFF30580103800BE00BE00BE00BE00BE00BE00BEF2EB8871E82C0610202D0610DC
:2000E0003801021090A31AE71E481F49086006C881F3088810471D480068002801D01948FB
:20010000F3E70DA40ECC002902D000F012F8F9E71749184A002000E001C19142FCD1164922
:200120008847164988471649884700BEFDE701C901C29A42FBD37047202D0610C0000020C1
:200140001C0D00209C39061000000420000004209C390610001004200010042000000000D0
:20016000704700000000000008ED00E0000000D0400D002068F10120C546021041030210C9
:20018000BD460210F8B5C04606480749091A8B10C90FC91810B5491003D0044B002B00D047
:2001A000984710BD1C0D00201C0D002000000000054B10B5002B03D00449054800E000BFB5
:2001C000FFF7E2FF10BDC04600000000DC6C0020A894051070B5094D094C05F013FB0100E8
:2001E000280004F081FC05F013FB0100200004F07BFCC82008F0AEFBEFE7C046A894051021
:20020000B894051070B584B00BF008F90A2001F029F83B4809F00AF809F016F808F0ECFF84
:2002200009F026F809F056F809F0E0FE09F05EFD0123C722002583548C3A83544533C554FE
:2002400009F004FD0AF07CF80AF0EEFB09F06EFF09F04CFDCC23C35C03AC2370FA2320001E
:20026000DB0063800EF07AFA20000EF08BFA0BF069FFD023010060881B061B78019020788F
:20028000204E214A0090300004F02EFC0BF042FF00211E4805F0B4FF1D4B002218601D4BD2
:2002A0001D4900931D48002308F0D8FE1C4B8022186008231B49009301950023D2001A485F
:2002C00008F052F91723802200931849002301951201174808F048F9062380220093D20077
:2002E000002314490195144808F03EF90021134801F01EFA002008F0BDF904B070BDC04623
:2003000080F0FA02CC94051054CB0510FFFFFF7FD86C0020F1A902108813000014950510E3
:20032000AC6F002020950510CDBC0210309505103DB6021044950510D5010210C420000084
:200340000023802200B583B0019341330449009392000023034808F007F908F02FF9FEE70B
:200360005895051005020210D02370B5044C1B061D782378AB4202D00AF02EFB257070BD05
:200380004DF1012010B5024804F0AEFB10BDC0466495051010B5052000F0F4F8014B1860E7
:2003A00010BDC0461C3B0020F8B5DE464E4657464546E0B58B4605000A991800160001F039
:2003C000EDFD0A9B6C001F02324B64199C46A4006444636881469F4200D967602B1FDBB2EF
:2003E0009846012B30D9C02380229B01E31812011A60294BAD0059599A4600291BD1730105
:20040000E026226853401E40802342465B01E3181E60012A30D9802380229B01E318120138
:200420001A6053464A4667605A51F0BCBB46B246A946A046F8BD586901F0B0FD01304300A5
:200440001B18033BFDD2DAE75B46012BCBD1C02303229B01E3181A60023AA3681A42FCD0AA
:200460007301E0262268AD0053401E4080230A4A5B019246E3181E605A4621685140032257
:200480000A401A6001225B469A40A3681A42FCD0C1E7C04600800040B83D0020F0B5464613
:2004A0004F46D646C0B51F00344B44009C462418A4006444636888461600FF2B02D8802374
:2004C0005B006360031FDBB29A46012B30D9C02380229B01E31812011A60294B85005959E6
:2004E000994600291BD17301E026226853401E40802352465B01E3181E60012A30D980232C
:2005000080229B01E31812011A6080235B0063604B465F51E0BCBA46B146A846F0BD586924
:2005200001F03CFD013043001B18033BFDD2DAE74346012BCBD1C02303229B01E3181A60B2
:20054000023AA3681A42FCD07301E0262268850053401E4080230A4A5B019146E3181E600F
:2005600042462168514003220A401A60012342469340A2681342FCD0C1E7C04600800040D8
:20058000B83D0020014B8000C0587047B83D00200FB400B5084883B004F022FA049B002BC1
:2005A00007D005A91800019104F054F8034804F017FA012004F066F88C9505106CC2051090
:2005C00010B50148FFF7E4FF9C950510EFF3108072B6034A1368002BFCD0BFF35F8F70473E
:2005E0002C0100D0BFF35F8F0022024B1A6080F3108870472C0100D070B5EFF3108C72B6EB
:200600000D4D2B68002BFCD0BFF35F8F0724CB08C618C05C01230C40A3401C000440034266
:2006200007D118433070BFF35F8F2C608CF3108870BD1000FFF7ACFF2C0100D0F8B547468F
:20064000CE46884680B5EFF3108C72B61C4D2C68002CFCD0BFF35F8F9A4222D80721012623
:20066000894602E00132934218D34D4637001540AF40D4080119045D2742F3D110003C43B5
:200680000C70BFF35F8F00220D4B1A608CF3108800280EDBC0BCB946B046F8BD0120404259
:2006A000EFE7BFF35F8F00232B608CF31088012040424346002BEDD00898FFF769FFC046E7
:2006C0002C0100D030B5EFF3108C72B60A4C2368002BFCD0BFF35F8F072301220B409A40A8
:2006E000CD08435D93434355BFF35F8F002323608CF3108830BDC0462C0100D0044A1078F4
:20070000431CDBB2172B00D9102313707047C0467805002010B5034B01001800024AFFF754
:200720006BFF10BDAC3D0020AC95051010B5064B064C82B00100009318221F232000FFF763
:200740007DFF02B010BDC046CC950510AC3D00200021044B044ABFF35F8F02C39342FAD156
:200760007047C046000100D0800100D0094A83009A1810B514684022544080322240064C75
:20078000C000A44663441A60044B9C466044416010BDC04604C0014004D0014000400140AA
:2007A000074B8000C3181B68C90092000A435A400C231340034A9446604403607047C0465A
:2007C00004C0014004D001408000002905D0064B9C460223604403607047044B9C46022315
:2007E00060440360F8E7C04604E0014004F00140D0231B061B6830B50500584243412F20C5
:200800005B4283430E48EC088446072028408000814020000B4D3C3063448000A400415150
:200820001B19002A05D08022920194466344196030BDC0229201944663441960F8E7C04615
:2008400030410140004001400123D0228340120693629361094A83009A1811684022514097
:2008600080320A400649C0008C4663441A60054B9C460523604443607047C04604C0014017
:2008800004D0014000400140054B064A1360064A136053609360D360136153619361704740
:2008A0008080808000E400E004E400E01F2318401E3B8340002905D0C021044A49005350DD
:2008C00013607047802201498B50FAE700E100E001228240034B1B6813405A1E9341D8B2A6
:2008E0007047C04600E100E070B50D00EFF3108672B60F4A1368002BFCD0BFF35F8F0D4BE5
:2009000010309B6884001B590B4A934203D09D4201D001F0C7F9074B9B681D51BFF35F8FDB
:20092000BFF35F8F0022024B1A6086F3108870BD240100D000ED00E0C1000210F0B5DE4692
:2009400057464E464546E0B50C0083B0EFF3108872B6634A1368002BFCD0BFF35F8F614BFA
:2009600061499A68030010339F00D55901938D4243D0A54254D05D4EAA1B2F2A3DD85C4BB2
:200980009B461B68994601231A009C4682404B4613401F2299466346024093409A468022EE
:2009A0005B4650469850BFF35F8FEFF305839B46002B37D0019B5B4501D001F073F901236D
:2009C0002A009A439068844208D176E04B005B189B00F3189868844236D01A00062151560B
:2009E0000029F3DA844254D04B46002B27D0C02251463F4B5200995019603A4B9B68DD51F7
:200A0000BFF35F8FBFF35F8F0022354B1A6088F3108803B0F0BCBB46B246A946A046F0BD8D
:200A20000D00EAE72A0063469A4390688442D5D106201056130000280ADA0D0031E0802358
:200A400051462B4AD150D8E706201856002821DB42001118890074188B46A1689960E17945
:200A6000D971062161569971002924DBA488F11A640524155C44091909051E4C490D21434F
:200A8000998013181C4A9B001178F31899711070AAE713005946002914D1FF319171174910
:200AA000918015490A789A71154A9B1B5B415A43120D0A7098E71149E2E706201056130012
:200AC0000028C5DA0F4A1049D21A083A5002400D014399800D4952080A43DA8084E7C046AB
:200AE000240100D000ED00E0C10002107C05002000E100E000E0FFFF5DF1012001BDFFFFF6
:200B0000AAAA0000B605002000F0FFFF00F8FFFF10B58308040003202040FF24054AC000B9
:200B20009446844081409B0063441A68A2430A431A6010BD00E400E070B501240443EFF3E2
:200B40000581EFF3108C72B6214A1368002BFCD0BFF35F8F1F4B05001F4AED1A6D416A43B2
:200B6000120D1E4D8900AE6852B27658A6421CD00621595691421CD012215956914222D06A
:200B80001E215956914220D02A2159560324914210D0134B19781A708171BFF35F8F0022A3
:200BA0000B4B1A608CF3108870BDAB680D4C5C50EFE700246100091989005B18FF21997166
:200BC00009499980E5E70124F4E70224F2E7C046240100D07C050020AAAA000000ED00E022
:200BE0005DF10120C100021001BDFFFF024B9C46614489000160704740000034F8B5124C03
:200C0000124DAC4212D20126002776422368002B0DD0FFF773FD01002000FFF7E7FF6660E1
:200C20002772BFF35F8F0C34AC42EFD3F8BDFFF765FD01002000FFF7D9FF6660BFF35F8F29
:200C40000834AC42E2D3F1E7C00C0020D00C002010B504000120FFF769FD034BC3189B00EB
:200C60002360BFF35F8F10BD40000034F0B5DE4657464E464546E0B587B0EFF30583032230
:200C800001251A40954091008846A946B34B03925C58B34B1D60B34B04934B46B248436329
:200CA0000823E55E002D37DAA3881BB2002B00DBADE0A379002B00D0EEE00823E05E002887
:200CC00020DB430062691B18DB00D3189E68DD68731C00D111E1A44801004144826A0B69A3
:200CE000B71A9B1A9F4215D30123026A039883401A420FD09C4800F053FC8D4202DCCCD10F
:200D00008642CAD940BF07B0F0BCBB46B246A946A046F0BD0E61EDE762696B0092465B19C6
:200D2000DB009A4453469E68DF6800F039FC8F42BADC00D103E1002F00DAE8E052465346D1
:200D400052691B699346049A934200D1D9E052460821605E528800045946104398470090C0
:200D600001910099019A0B001000134300D1CEE013000A00B61A9F41002806DB7A4800F035
:200D80000FFC009E019F36184F4153469E60DF6000229A5E002A00DA86E7530099186069FE
:200DA000C900411802938B68C9689B46B94200DD7AE702D1B34200D976E708239C46A4444B
:200DC000059565462281A446029B2C0006E053009918C90041188D68C968AB469B18DB00C7
:200DE000C318B94206DC00D1B3E01C000023E25E002AECDA230064469C4653461A806346DD
:200E0000059D1D80A3881BB2002B00DA51E72269EFF3108172B61368002BFCD0BFF35F8F26
:200E20000123A7885B42A3803FB22369BFF35F8F00221A6081F31088002F00DA39E723008E
:200E4000083322009A4666697B00DB19DB00F318996850468C460824115FDD68002910DBD3
:200E6000029306E0AB4244D00023E15E2000002906DB4C006418E4003419E368AB42F1DD6B
:200E8000029B078000201F5E1980002FDCDA1400A379002B00D110E70023A3712600082368
:200EA000E15E08364B1C00D12CE70800A246656902E03E004B1C1AD04B005B18DB00EF189B
:200EC0000A008C46E95E7B881BB2002BF1DA01235B42DC17BB60FC60824205D0534631801B
:200EE0001B893B8053461A8160464B1CE4D15446E5E6A3686345B7D9C2E76B1C00D0EAE625
:200F0000F8E65B4658461B69984700281BD153461B8822692381EFF3108372B61168002993
:200F2000FCD0BFF35F8F514662880A8022696580BFF35F8F0021116083F31088B4E6864228
:200F400000D8F8E6B0E65B461A685B680092019307E7B34500D848E74CE7C046F86C00208F
:200F60003C7005406D0C021000400540074810B50268EFF3108172B61368002BFCD0BFF333
:200F80005F8F04F0E9FD0020002110BDE86F002070B52E4C2569002D04D00A212C48FFF741
:200FA00025FE70BD2B4E0321300000F0EFFAE660FFF7A4FB284B03229C46D02322701B0640
:200FC0001B6801216370254B6044A3600F23800020610220638063694942A1801980023106
:200FE000198647311D83585218315A5275325C39995218320131995218320131995218325C
:2010000001319952083518329D52023118329952183201319952183201319952183201318B
:2010200099521832013199521832013199520C4B0C49DC6001303562FFF756FC01210320BA
:20104000FFF734FC084B1D60A7E7C046C4050020E86F00200040054040000034FFFF10009F
:20106000F86C00206D0C02103860054000487047C405002070B501000469EFF3108C72B663
:2010800020680028FCD0BFF35F8F02200D5E4C6968004019C00024180869002D36DB2688D8
:2010A0004E80BFF35F8F002606608CF31088E36063880498013320615B0405985B0CA2603B
:2010C00060611A1C002B1FD093B22804628018430A69EFF3108C72B61368002BFCD0BFF314
:2010E0005F8F8B8823808D800B69BFF35F8F00221A608CF310880B7801329A40CB68084964
:201100008C4663441A6070BD0122DDE7BFF35F8F002303608CF3108801204042F3E7C04608
:201120003C20000010B543890A1493421ADD53009B184269DB00D3180469EFF3108C72B64E
:201140002268002AFCD0BFF35F8F5A88090494B2090C8A4208D00369BFF35F8F00221A60D9
:201160008CF31088002010BD8022120214435C80012302698371BFF35F8F002111608CF34E
:201180001088044902788C469340C268012062441360E8E73C200000F0B54746CE46060070
:2011A00080B596246442E5170F00A4197D4183B08D4215D812D000F0FBF922002B00121AE6
:2011C0008B41002B16DC002B40D03000390000F02DFA03B0C0BCB946B046F0BD8442EAD911
:2011E0000024002500F0E4F922002B00121A8B41002BE8DD00F0DCF922002B00121A8B419A
:20120000002B0ADB00230193124B2200009312482B00FFF72FFF0130D7D0A846A1460F4D43
:201220000F4C6B6A984504D8AA6A4A45CDD29845CBD12268EFF3108172B61368002BFCD073
:20124000BFF35F8F200004F053FCEAE7002ABCD0D0E7C0466D0F0210C4050020004005404B
:20126000E86F0020F0B5CE46474680B583B0040000F09EF9FA2206000F0020000023002129
:20128000920001F0AFFC8019794104000D1E02DA01242D4D644296267642F71736196F41FC
:2012A000AF4215D812D000F083F932003B00121A8B41002B18DC002B43D02000290000F007
:2012C000B5F903B0C0BCB946B046F0BDA642EAD90022002316001F0000F06AF932003B00AA
:2012E000121A8B41002BE6DD00F062F932003B00121A8B41002B0ADB00230193134B320001
:20130000009313483B00FFF7B5FE0130D5D0114BB1469846104E736A9F4204D8B26A4A4551
:20132000CBD29F42C9D143461A68EFF3108172B61368002BFCD0BFF35F8F404604F0D8FB90
:20134000E9E7002AB9D0CFE7FFFFFF7F6D0F0210C4050020E86F002000400540F0B5574623
:201360004E46DE464546E0B506000F0085B0EFF3058399468B46002B12D0384900204B6ACE
:20138000BB4206D38A6ADB1B591E8B41B2424041184305B0F0BCBB46B246A946A046F0BD9E
:2013A0002F4B9A46DB68984653461B784046039300F0F6F84246039B040004339B009B589D
:2013C0000D001B1A39003000001BA941894510DC0DD020BF214A0020536A5B45D9D3926A57
:2013E000DB1B591E8B41B24240411843D1E78342EFD900F0DDF832003B00121A8B41002B4A
:201400001ADB00230193174B3200009350463B00FFF730FE011E0FDD104B5A6A5A451BD34D
:201420009B6AB34216D35046FFF77CFE0B4A0020536A5B45ADD3D2E7084A0020536A5B45E9
:20144000A7D30020926ADB1BB24240415A1E934118439EE75A45E6D120BFE4E700400540DA
:20146000C40500206D0F0210F0B5CE464746110080B583B004009C460C9D194300D16CE02E
:201480006146DB170193009353401E00019B4B401F0000980199361A8F4163460A996B602C
:2014A0000B9BAC6029612A606B6100F081F880197941002902DA0120314940422269EFF34F
:2014C000108972B61368002BFCD0BFF35F8F0223E65E636972009219D2009B182269904601
:2014E000002E42DB1A886280BFF35F8F002247463A6089F31088234A9860D9601A615A8825
:201500005D6101325204520C111C002A2BD088B23204024359802069EFF3108772B60168B3
:201520000029FCD0BFF35F8FA1881980A6802369BFF35F8F0021196087F310881248237861
:201540008446013199400120E36863441960EA6003B0C0BCB946B046F0BD0023012600279E
:2015600001229C4699E70121D1E7BFF35F8F0023136089F31088012200205242E7E7C04617
:20158000FFFFFF7F6D0C02103C20000010B5024A0248FFF731F810BDE8950510B03D002002
:2015A0000300416A0A00986A596A8A42FAD17047034B596A0A00986A596A9142FAD170472B
:2015C0000040054070B504000D00174A536A1900966A536A8B42FAD13000190024184D41B1
:2015E000AB4216D813D0104B2A005B6A9D4203D90D494B6A9342FCD3934207D10A4A02E096
:20160000516A994202D1916AA142F9D370BDA642E9D9054B5B6A1C005A1CEFD00122012432
:201620006442E5175242E3E700400540064A536A9942FCD807D1044B02E05A6A914202D1F6
:201640009A6A9042F9D8704700400540F8B5040021481E0017000D0000F0A0FC0100380086
:2016600000F09CFC069B36041B031E432368002B20DB1A4B1A49E3185A1E93418022920193
:2016800094465B421B0B174A1B0363441360164A13601F000A689743FBD1144B2560E2182C
:2016A0002123A06013602368002BFCDA0823E6601360F8BD3F2322681340AB42D9D1A3686D
:2016C0001B051B0D8342D4D1EE22E368D2021340B342CED1EDE7C046001BB7000040FDBF9A
:2016E00008C0004000E0004000F0004004300000044B00011B68044A5840F02303401360DC
:201700007047C0460040064000500640024B18680006000F7047C04600400640024B1A68FC
:20172000024B5A607047C046D06C002000800540194B1A4A10B5DA618022194BD2051A60A5
:20174000184C194A146000290AD0E022174BD2041A60002809D18022144B12061A6010BD35
:20176000E022D2041A600028F5D043011B1A9B001818802300015B04984209D203000C4AD5
:2017800013608022044BD2055860084B1A60E6E7084B1800F3E7C046008005402131B76A39
:2017A00000B00540FCFF01000820014000A00540D06C0020FFFFFF0010B580241C4BE405D8
:2017C0001C6000281AD001231A4C18431A4BDC611A4C44401C62596298628021144BC90509
:2017E0001960174817490860E021C9041960002A07D18022144B12061A6010BD0E4BD8610E
:20180000EBE753019B1A9B009A18802312015B049A4209D213000D490B60074B5A60802252
:20182000094BD2051A60E8E7094B1A00F3E7C04600B00540D3C007B0008005402D3FF84F2F
:20184000FCFF01000820014000A00540D06C0020FFFFFF008023024A9B000B43D362704721
:2018600000800540002310B50100988A1B8B984710BDC046162310B50100188802331B88C9
:20188000984710BDF8B54746CE4680B50F1E18D014239946043304000025012698464B46F8
:2018A0001888434621681B88984701C4431E984101350640AF42F2D13000C0BCB946B04624
:2018C000F8BD0126F8E7C04601207047D021F0B5C64609060A681D4B9200804600B5D358AC
:2018E00083F3108803230C68194D2B5540BFFFF75FFEFA2206000F0000234046002192007B
:2019000001F070F980197941002902DA0120114940422B5D0E00042B08D00F4A536A9E4285
:201920000ED8976A874201D29E4209D0285D0438431E984101234042984380BCB846F0BD08
:2019400020BF2B5D042BE9D1F0E7C046C46C0020D46C0020FFFFFF7F00400540F0B5C646F8
:20196000D02300B51B061C6886B005AB2200029301235A409340019300238046009380223A
:2019800023002549254806F005FE01283CD1244D285540BF1F21059805F028FCFFF708FE3B
:2019A000FA2206000F00002340460021920001F019F980197941002922DB2B5D0E00022B5B
:2019C00008D0184A536A9E4215D8976A874201D29E4210D02B5D022B19D1D0231B061A68B1
:2019E000EFF3108172B600200F4B9200D15006B080BCB846F0BD20BF2B5D022BE2D1E9E76B
:201A000001200A494042D8E709204042EFE7032302202B554042EAE70C960510BD010020E0
:201A2000D46C002000400540C46C0020FFFFFF7F00487047DC050020F8B506000F0015001E
:201A4000FFF7F6FF041E0AD0436828009847002804D13800B0472800A3689847F8BD0420D6
:201A60004042FBE7AA23064A1B0113608D235B00D3600449044B19605368002BFCDA704790
:201A80000040024000B0FA000060024003BDC04610B5040000F020F9A04710BDF0B5C6467B
:201AA00000B5040086B00F200E009046FEF710FF002105000F20FEF7F9FE00230022009208
:201AC00001930123029343460393D023049605946F4600240026012102201B06002C13D001
:201AE0001A6D1042FCD05C6540BF1A6D114203D120BF1A6D1142FBD09A6DA24209D0002665
:201B0000B200BC58EAE79A6D1A6D1142FBD140BFE6E70136062EF3D129000F20FEF7C6FE75
:201B200006B080BCB846F0BD0D4B0E4A70B5934210D31C000C4A99180B4D0C4A92686051FF
:201B4000FF20C00023500A4B0A4823500A48FFF7A5FF70BD01235B421C000849ECE7C046F9
:201B60000008042000000420F407000000ED00E0911A0210FC0700008D1A0210F3070000DA
:201B8000F8B5040006200D00FEF7FCFC002844D0374B3849E3185A1E93418022120494465C
:201BA0005B429B0D344A9B0563441360334A136018000A689043FBD12D4B314AE318594206
:201BC0004B4180215B00490006209952FEF7DAFC2900C00000F0E2F90130C3091ED1402751
:201BE00001226262A362266BF30722D4E36A254B0620E51800232B602663FEF7C3FC390074
:201C0000800000F0CBF97023E26A5A400E3313402B601D4B23630323A364F8BD1B4A9342EE
:201C20001ED900231A4A1B4F6262A362266BF307DCD5194B144AE3181A60656AA36A06207E
:201C4000AD01ED18FEF79EFC144900F0A7F9AD020100280000F0A2F90021FFF7B3FCC5E780
:201C60004006800E9F011A003F180300B9E7C0460080FCBF08C0004000E0004000F0004043
:201C8000207000202C10000001030000FEFF0000FFFF0000C0FF3F00303000004E0E00009F
:201CA0007047C04610B50148FEF772FC1C96051070B5074D074EB54209D20024013E761B9B
:201CC000B60808CD984723000134B342F9D170BDD00C00200C0D002070B5074D074EB54254
:201CE00009D20024013E761BB60808CD984723000134B342F9D170BD040D00200C0D0020F5
:201D0000054B064A06491A60064A074B1A6010000B689843FBD1704700E00040BFCDFBFEB8
:201D200008C00040FE7F3C0000F00040044BDB6C002B03D18022034BD2021A607047C04622
:201D4000000011504C201150044A054B1A60054A1368DB018033FBD17047C046FFFFFF015D
:201D600000F0004008C000404022034B9A675A671A67DA667047C04600F0014010B5FEF750
:201D8000E7FC10BDF8B52749274C284D641AA6103200302E00D930222800920000F0C4FF32
:201DA000BC2C3BD830202F232C196407204A801BE40F9B1B052B16D93700002C02D0B30021
:201DC000771CEA50001B33199B004108EB18C900C9181A605A6008339942FAD101230342C0
:201DE0001CD09843C619B300EA50731C2F2E15D09B00EA50B31C2E2E10D09B00EA50F31CBB
:201E00002D2E0BD09B00EA50331D2C2E06D09B00EA50731D2B2E01D09B00EA50054B9D6086
:201E2000F8BDC04600000210C000021000000020C100021000ED00E0002310B52E4C82B0AF
:201E4000A367FFF70FFE01222C4B1A60636C012BFCD103222A4B1A60274A936B012BFCD11D
:201E60000121284A284800930533FFF7EFFB05230121244A25480093FFF7E8FB00220221DD
:201E80000420234BFEF70AFBFFF740FC0B282CD90022012105201F4BFEF700FB0022002146
:201EA00007201D4BFEF7FAFA0022002108201A4BFEF7F4FA8023DB0000930022002109207A
:201EC000154BFEF771FA0022124B00210620FEF7E5FA0420FEF756FB104900F05FF801009D
:201EE0000020FFF7B7FC02B010BD0C20FFF700FC0B4B033BFDD2CBE7008000403CB000407B
:201F000030B00040008C86470080024000C00240001BB70000C2EB0B006CDC0240420F001F
:201F2000E02E000001480421014B1847F005002085180210014B5B6818470000F005002033
:201F4000014B9B6818470000F0050020124A936F9B0815D29066D166002905D0FFE7FFE7DF
:201F6000FFE7516F106F704704B580210906C2175140002800D0C84337F076FA002104BD36
:201F8000F0B5146E556E576F166FFFF7E3FF1466556657671667F0BD000000D0114A936FEA
:201FA0009B0813D210665166002905D0FFE7FFE7FFE7516F106F704704B5002801D00020F4
:201FC000C04337F051FA002104BDC046F0B5146E556E576F166FFFF7E5FF146655665767A2
:201FE0001667F0BD000000D094464A4A926F9208624601D228E0C046F0B5464E346E756E97
:20200000776F366F00F020F89446424A14665566576716676246F0BD94463E4A926F920805
:20202000624601D254E0C046F0B53A4E346E756E776F366F00F04CF89446364A14665566EB
:20204000576716676246F0BD002B24DB11D000293EDA00B5C943404200D1013100F038F83E
:20206000C943404200D10131DB43524200D1013300BD002AEBD1002801D1002905D000205D
:20208000C90FC90701D1C043410800B537F0DCF90022002300BD00B500290ADBDB43524252
:2020A00000D1013300F014F8C943404200D1013100BDC943404200D10131DB43524200D1BD
:2020C000013300F005F8DB43524200D1013300BD002923D1002B18D1002A0CD0BC460D4FD6
:2020E00038667A6600210023FFE7FFE7FFE77A6F386F67467047002801D00748010000B57A
:2021000037F0A2F90022002300BD02000B00002000217047000000D0FFFFFFFF002B00D02F
:20212000BFE0130C28D1002AE7D080B4114F39667A66FFE7FFE730B4040C7B6F396F1B0483
:2021400023433B667A66FFE7FFE7FFE7C04684B27B6F3D6F1B0423433B667A66FFE7FFE742
:20216000C04600232C042D0C7A6F386F00196941B0BC7047000000D0F0B594460025140EC1
:2021800001D112020835140F01D112010435940F01D192000235D40F01D152000135D40B81
:2021A0000134254F7C66254C3C660E0C93B2FFE7FFE7FFE73C6F6643360C7703BE467343A6
:2021C000DF0B5B04C01AB941130C7343DB18C91ACE086643360CB64493B273431F0F1B0137
:2021E000C01AB941130C73431F0B1B05C01AB941860D8F023E436643360C092D24DB520AF7
:202200007243801A7703460A6643360C16235B1BDE40DF40BF1964466643821B7046043517
:2022200006330100D940A840C01900D30131A24206D20023F0BD0000000000D0FFFFFFFF2D
:20224000121B0130F3D3F1E709277F1BFE406446A2B27243801A00D20139220C7243130C1F
:202260001204821A99410B007046043513370100F940A840801900D30131002B02D1A242EC
:202280000AD2F0BD013000D30131121BFAD2013BF8D1A24200D2F0BD013000D30131121BBB
:2022A000F7E7F0B51C0C00D080E00CB400251C0A04D11B02160E3343120208351C0B04D15F
:2022C0001B01160F3343120104359C0B04D19B00960F334392000235DC0B02D192185B4100
:2022E00001351C00971864410134464F7C66464C3C660E0CFFE7FFE7FFE7C0463C6F664332
:20230000360C7703BE4697B27743C01B00D20139C01B00D201399FB27743C91BC91B170C36
:2023200077437E04FF0B801BB941CE086643360C0C2D33DBB644120B1F053A431B0B97B293
:202340007743C01B00D201399FB27743C91B170C77433E043F0C801BB941860D8F023E4349
:20236000664329277F1BFE400C3D7746AF40BF1930BCA2B2ABB272437343801A9941220C15
:202380007243130C1204801A994102000B000137001BA941F9D2781E0021F0BD0C277F1B99
:2023A000FE4077467F0BAF40FF19E0E700245D1C07D0144F7D663966FFE7FFE7FFE7FFE7D9
:2023C0003C6F95B29EB265436643401BB141150C1E0C6543664336042F0C3E432D04401BFF
:2023E000B141994204D202000B0020000021F0BD01D19042F7D3801A994101349942F2D388
:20240000F6E70000000000D0FFFFFFFF48404140484018B41B4B5B68FC46019308BD04DF0F
:20242000B726021018B4174B1B68FC46019308BD00DFC12602109446134A926F920809D2DC
:20244000624618B40F4BDB68FC46019308BD0CDF792902100C4AF0B5146E556E576F166FA6
:202460006246FFF7EEFF084A1466556657671667F0BD18B4034B9B68FC46019308BD08DFC3
:202480001D280210E00E0020000000D0FFB550404240504059404B40594000E0FFB5154FFC
:2024A0004C00640D03D0BC4204D10C0314D80020090D09055C00640D03D0BC4204D11C03E8
:2024C0000AD800221B0D1B0501264B4009D44B4003D58B4200D18242FFBD9942FCD1904226
:2024E000FFBD0B43DB1803431343F5D0C9434918FFBD0000FF07000000B5FFF7CFFF804115
:2025000000BDC04600B5FFF7C9FF01D9002000BD012000BD00B5FFF7B9FF01D9002000BDD6
:20252000012000BD00B5FFF7B1FF804100BD012040054A00121804D85A00121801D80020B1
:2025400070470120704700000021002805D17047C1174840401AFAD0C90713B5064B1B6826
:2025600098470CBC441CA2401005120B0349091B09051943114310BDE46F00201F040000AF
:2025800010B54C00620D8023D218DB00D21A5B057E2A10DD9E3A13DACC1709034908194311
:2025A0005242D140640001341532202A05DAD0400843604310BD002010BD0846604310BDF7
:2025C000C80FC018013810BD18B4044B5B6AFC46019308BD24DF292B02100000E00E002054
:2025E000132370B51D78012D19D014DD1F48FFF741F906001E48FFF73DF91E4C8022310077
:20260000200000F091FB022D2DD01B48FFF72AF91A4B186070BD1A4B164CA364F5E7184B5F
:20262000144C23606360A360E36023616361A361E36123626362A362E36223636363A36338
:20264000E36323646364A364E36423656365A365E36523666366A366E36623676367A367F6
:20266000E367A364D1E7064BA364CEE75344000053460000E00E00204C330000E46F002014
:202680008526021007B5604601880A0A0230DF2AFAD1C9B2820804D30288408800041043F3
:2026A00000E00068014A5050039007BDE00E00200FB403BC0CBCF0B50124E407634000E000
:2026C000F0B50C0DCF0F661E3605891B640503D3C943404200D30131640D03D0661CF60A63
:2026E00007D0E41B00207F00791C89078912803C24031D0DDF0F6E1E36059B1B6D0503D3E5
:20270000DB43524200D301336D0D03D06E1CF60A07D0ED1B00227F007B1C9B079B12803D06
:202720002D032F1B661B58D4A446202E46DA20371400BC401D00BD40F24033412A438018EE
:202740005941CB0F05D0C943C043002264425041514162464D0D28D10D0D07D100281FD032
:20276000241940414941013A0D0DF9D0640006D3013000D30131002C01D140084000013ABF
:202780000BD4941CE40A04D112051144DB071944F0BDD907204B194300E0D9070020F0BD5B
:2027A0000029DDD1002CDBD1F0BD0132C6074008CD0728434908002EE1D0D9E73C2E29DAD9
:2027C000203E40371400BC4000D00124F24014431A00BB401C43D317ACE7AC46202F08DA82
:2027E00020360400B4400D00B540F84039412843A5E73C2F0CDA203F40360400B44000D0F2
:202800000124F84004430800B1400C43C117EAE710001900002494E70000F07FF0B50C0D2E
:20282000661E3605891BE60A6405640D02D0651CED0A04D0002001210905803C2403A44630
:202840001C0D671E3F05DB1BE70A6405640D02D0651CED0A04D0002201231B05803C24035E
:202860007740644497B484B296B27443070C7E43150C6F4380B26843361802D301200004AD
:202880003F183004350C00197D41844688B29AB250430C0C62431F0C7C438EB27E4392195F
:2028A00002D301263604A4191604170C3618674101BC81B29AB25143040C62431B0C5C43A7
:2028C00080B25843121802D30120000424181004130C401863412D185E410020474106BC4E
:2028E00088B293B258430C0C6343120C544389B251435B1802D301210904641819041A0C46
:20290000091862416D1856410020474118BCF902720D1143F0026A0D1043ED020A0D03D1F7
:202920006D1940414941013B124E9B1B7600B3420ED26D0007D301300026714166463543F5
:2029400001D1400840001B05C918E4072144F0BD0BDA013306D1013004D101314F0D01D0CA
:202960004908F2E7E1070020F0BD013631050020EBE70000FF030000F0B51C0D671E3F0580
:20298000DB1BE70A6405640D02D0661CF60A04D0002201231B05803C2403D0252D060026B7
:2029A000F6432E661E096E66CE0FF619B44649004F0D02D07E1CF60A03D000200021403FC5
:2029C0003F033E1BB600B444013F7F05C91B49082E6F013676089C02950D25437543ED1303
:2029E0007543AD1301356D10F603761B0CB4CC02450D2C43A2B2B3B25A43270C7B43350C4B
:202A00006F43A4B26C431B1902D3012424043F191C041D0CA4187D4124196D41009A91B2C6
:202A2000ACB26143170C7C432B0C5F4392B25A43A41802D301221204BF182204230C521898
:202A40007B41019C6C431B19520ED9010A434401A01A81B2B2B2514303145A43360C7343DD
:202A600087B27743D617D21900277E4136049B191704160C7F185E417316ED18F30100269C
:202A800080337541A90F06D16400690AE8055B0A184309D22FE00422944480337541A90AB6
:202AA000A8059B0A184326D3404149412404009A019B0D005543641B4343E41A95B286B2E0
:202AC0007543170C7E43030C5F4392B25A43B61802D301221204BF183204330C52197B4179
:202AE00052429C41002C02D40022013051414008CA071043490802B06246D7079210084B94
:202B0000D218084B9A4203D212058918C919F0BD0020002A01DC3900F0BD01331905F5E745
:202B2000FD030000FE070000002200B5203200F004F8080000BD000000220B150AD410B5D1
:202B4000944600F031F81414013400DA0021CB17144C20470020002170476244343A0CD495
:202B60000C2A07DA04009140904052422032D440214310BDD843D94310BD203207D40C46EB
:202B80009440524220321141D040204310BD0800C917203203D452422032104110BD1800BC
:202BA000190010BD5B2B02100A0DCC0F531E1B05C91A520503D3C943404200D30131520D12
:202BC00003D0531CDB0A07D0121B00206400611C89078912803A1203014BD21A70470000E0
:202BE000FF03000051434343C9188C46110C83B24B4310B4040C614392B280B25043624300
:202C00001C041B0C001910BC59411304120CC0185141614470470000132310B512481C780A
:202C2000FEF728FE0100012C0AD003DD80220F4800F07AF80E48FEF715FE0E4B186010BD3A
:202C40000A4C5422200000F06FF80B4B6365A365E36523666366A366E36623676367A367C1
:202C6000E3672362E361E5E753460000E00F00204C330000E46F00207D2C021007B56046BE
:202C800001880A0A0230DF2AFAD1C9B2820804D3028840880004104300E00068014A5050D9
:202CA000039007BDE00F0020F8B506000C000C4F380036F0F1FB2100300035F03FFB050095
:202CC000380036F0B9FB7443002D05D0054B2C199C4201D82800F8BD0348FDF759FCC04666
:202CE000C00C0020000004202896051070B50400054D280036F0D0FB200035F07FFB280076
:202D000036F09AFB70BDC046C00C002001480421014B18470006002085180210014B1B681C
:202D20001847000000060020014B5B6818470000000600209A4200D2885470477047C0467C
:202D4000F8B55746DE464E464546E0B599460A9B07009A460D9B884693460B9C9B073BD142
:202D60000C9B9C423DD21E1B0B9415000C005E442A004B46013521002020B847B542F7D114
:202D8000A0460B9C002C20D0454636195346321B013C185D29004B46B847002CF6D12B0041
:202DA000350098460D9B9B070FD55B46EC1A0C9BA3420AD9464698462A004B463100202026
:202DC0000134B84701354445F6D32800F0BCBB46B246A946A046F8BD16001500002CD3D1E5
:202DE000E0E716001500002CCED1EEE7F0B54546DE4657464E46E0B585B09C4610AB1B78C2
:202E0000149F934698460F9C129E139DBB074CD4002D42D1B44248D201233B4099460E9BE4
:202E2000013B9A46302304E0524601341355A64201D9202CF8D14B46002B00D183E00E9B9A
:202E4000013B99463023A54205D82EE04A4601341355AC4229D0202CF8D1FB060CD57B05A7
:202E600054D4A64263D0A54261D0119B102B50D0022B57D0202C32D1202301930E9B5A462D
:202E80000093039763460295FFF75AFF05B0F0BCBB46B246A946A046F0BD01233B4099461C
:202EA00001233B422AD1B442B9D3FB061CD57B05DBD4002CD5D1119B102B5BD0119B022B16
:202EC0006BD0302301240E9A13704346002B10D17B073ED52B260E9A631C1655CDE7230030
:202EE000013430260E9AD654202CC5D04346002BEED02D260E9A631C1655BEE74346002BE4
:202F00002FD0013DB44200D289E798E7119B102BB2D1BB0637D5202CAED058230E9A135531
:202F20000134A7E7202CA7D02300013407E0631E012CC0D0119A102A31D0022AD1D1622652
:202F40000E9AD65496E7FB06CED57B0500D488E78BE723003E0790D520260E9A01331655EF
:202F60008BE70C233B405A1E9341ED1AB44200D255E764E7BB060ED478230E9A0224137004
:202F800030235370A1E7202C00D175E778230E9A135501346EE75823EFE76033EDE70E9A85
:202FA000A61E91464E44BA0602D55822327098E77822327095E7C04610B5002800D110BD69
:202FC00001F0C4FCFBE7C0460B0010B5002802D049681B68984710BDF0B55746DE464E46B4
:202FE0004546E0B595B083460F00924698461E9A1F9B10001900209EFFF799FA002800D004
:20300000EAE11E981F990122C54B5242FFF774FA002800D014E11E981F990122C14B52422E
:20302000FFF780FA002800D0E9E01E981F990022BD4BFFF777FA002800D0C8E01E981F9952
:203040000022BA4BFFF758FA002800D0BFE01E981F9900220023FFF74FFA002800D0E4E0BC
:2030600000230B93229B5B0500D406260024302307E0172106AA013452181355013E202C9A
:2030800001D0092EF5D81E981F99FFF779FAA84BF2009B181A685B68050008920993FFF776
:2030A00057FA02000B001E981F99FFF7B2F9089A099BFFF7DEF906900791FFF785FA814626
:2030C000FFF742FA02000B0006980799FFF7A1F90022984B06900791FFF724FA002800D1A3
:2030E0000DE101239C46E1444846FFF72DFA02000B0008980999FFF705FA002802D00023AB
:2031000099460135002E00D1D9E006954D46B94614E006AA944617230A21634428000134CE
:203120001F19FEF73BFF3031397028000A21013EFEF734FF092D00D817E10500202CE8D154
:203140004F46069D20240CAE06AA17239446634499465B46B34606930FE04B4628000A21E9
:203160000134E618FEF7F2FE3031280031700A21FEF7ECFE051E00D1E4E0202CEDD1069BA0
:203180005E469B460323229A1340012B18D1219B002B15D00B9B002B00D1FDE0219B013B1D
:2031A0002193202B0CD93023219A07E0172006A9013409180B55944200D3CCE0202CF5D133
:2031C000229B01940393219B0096029322E0229B52460493219B3900039358461E9B1F9C95
:2031E000029600930194434600F04AF90400200015B0F0BCBB46B246A946A046F0BD229B86
:203200005B070FD403224C4B2299019203912199009302914346524639005846FFF790FD70
:203220000400E4E70422454BEEE71E9A1F9B00200021FFF7EEF801231E901F910B9311E78D
:20324000229B54469B0711D1219B042B0ED9219B55469C465E46043C64442A004346013513
:2032600039002020B047A542F7D1B346344D26002B1F99465B46A3461C003200E8784346A5
:203280003900013DA04701364D45F6D123005C469B46229B04349B07A9D55346219AE31A34
:2032A0009A42A4D95E4615002200434639002020B04753460134E31A9D42F5D897E72800C4
:2032C000FFF746F902000B001E981F99FFF7A1F80022184B06900791FFF70EF90CAE00281D
:2032E00000D031E7069807990022124BFFF71AF9002800D028E7012301359D4324E70022B2
:20330000069807990B4BFFF7F7F8002800D0F9E64B46002B5CD101239C46E144F2E6C0466B
:20332000FFFFEFFFFFFFEF7F65CDCD4165CDCDC160CD05100000E03F809605107896051086
:2033400088960510069B5E469B460323229A1340012B00D181E0202C00D131E70B9B002B7B
:2033600027D02D23335501342AE74F46069D202C00D1E7E63022331907E0172006A9013476
:2033800009180A55202C00D1DCE6A342F5D12E220CAE0134F254D7E60C23229A134257D07A
:2033A000219B013B2193A34200D9FCE6202C00D106E7229B5B0703D52B2333550134FFE6D0
:2033C000229B1B0700D4FBE6202333550134F7E6DB0700D496E69EE7229B55469B0711D1E9
:2033E000219B032B0ED9219B54469C465E46033D654422004346013439002020B047AC42F9
:20340000F7D1B346B9465F461C4EEC1C2A00B078434649460135B847013EAC42F6D1229B85
:20342000BB464F469B0700D4E1E65346219AE31A9A4200D8DBE65E46150022004346390056
:203440002020B04753460134E31AAB42F5D3CEE6219BA34200D9A6E6B2E6219B002B00D1AB
:2034600079E70B9B002B97D0219B013B21939C4200D298E6202C00D073E7A1E684960510AE
:20348000F0B5DE4657464E464546E0B599B081468B4692469846229A239B10001900FFF7E2
:2034A00046F8002800D0CAE0229823990122824B5242FFF737F8002800D0C0E022982399FF
:2034C00001227E4B5242FFF717F8002800D0B6E02298239900220023FFF70EF8002800D02A
:2034E000C9E1229B239C08930994089809998023269ADB001A400D928022269C120114402A
:2035000022000B94269C07000E001C4200D0ADE00B00034300D0D5E0002A00D00AE222007A
:2035200006332493022313400C930223134200D002E2259B042B00D20FE2043B0B930023A4
:2035400004250A930022229823990023FEF7D4FF002800D003E25A4B269A134004930B9B50
:203560000393249B0293089B099C009301945946434652464846FFF72FFD02002020269B7E
:203580001F27034059424B415B421840531C0893594643464530C8470A9AD317D4185C40BA
:2035A000D30F0A936B1E0B9308AB9C460025674401E0202D0FD020000A21FEF7EFFC013592
:2035C0007E193031317020000A21FEF7E7FC26000400092EEDD8052306930B9B594605936B
:2035E000002304930A3303930A9B4846029310AB0093089A43460195FFF7F8FB0C9B002BAC
:203600002DD05346C41A259BA34228D94D465F4681461E00534639001A1920204346013470
:20362000A847A642F6D8534648462599C21A01320023914200D386E1013018180FE0269BB0
:203640000493259B0393249B0293229B239C009301944346524659464846FFF7BDFC19B0BF
:20366000F0BCBB46B246A946A046F0BD01432BD10B9B2200002B00D154E700230A93249B65
:203680000A9A0024934200DD85E12298239900220023FEF731FF002800D035E1269B084A49
:2036A00002941A408023DB0013430493259B0393089B099CCBE7C046FFFFEF7FFFFFEFFF01
:2036C000FFF7FFFF06232493B44B70009C46400D6044FEF73DFFB24AB24BFEF7CAFEB24AF1
:2036E000B24BFEF79FFE3603B14B360B334304000D00380019000022AE4BFEF78AFEAE4A5D
:20370000AE4BFEF7B6FE02000B0020002900FEF789FEFEF735FF0A90FEF71AFFA84AA94B7E
:2037200004000D00FEF7A5FE0022A74BFEF77AFEFEF726FFA54A0600A54B20002900FEF722
:2037400098FE040030000D000C96FEF701FFA14AA14BFEF78EFE02000B0020002900FEF758
:2037600058FE02000B0006000F00FEF782FE320004000D003B0030003900FEF753FE00220D
:203780000E900F91954B20002900FEF754FE0022934BFEF747FE02000B0020002900FEF7F6
:2037A0004AFE00228F4BFEF73DFE02000B0020002900FEF740FE0D008021040032003B00ED
:2037C0000020C905FEF725FE02000B0020002900FEF728FE02000B000E980F99FEF72BFEF9
:2037E0000022734BFEF71EFE7F4B0C9C9C46644400222305FEF73DFE06000F0002000B0040
:2038000008980999FEF778FE00280AD00A9B3000013B39000A930022714BFEF70CFE06002F
:203820000F000A9A330063323900C62A12D802222698042510400B9A0C90002A25D1259B7E
:20384000042B05D9002800D0A1E0259B043B0B93042541E00222269810400B9A0C90002A5E
:2038600012D1259B052B76D9002872D1259B0525053B0B9334E0802212069446229B0893F3
:20388000239B6344099330E605250B4300D1F6E608980999554A564BFEF73CFE002808D03B
:2038A000089809990022534BFEF726FE002800D0E5E6249B002B1CD00D9B002B19D0249BD9
:2038C000013B2493259BAB4204D90C9B002B5AD002230C9300230B930A9B002B00D131E632
:2038E0000898099932003B00FEF7A5FD0890099128E6259BAB42EDD90C9B002B43D00023C7
:203900000B9302330C93E7E78020269B3A4A00061A40802384460294089C099D2900DB00D1
:2039200013430493259B6144220003930B00009201938EE60524A8E600230B930A9302338E
:2039400004250C93FEE553468C46013B63441B1A72E602230C930525C2E70423EDE58020B1
:20396000089E099F000639008446269A224B6144134004930B9B32000393249B02930B0067
:2039800000920193F3E5259B5B1B0B93A4E7022304250C93A0E79C1A013C76E601FCFFFF0C
:2039A000FB799F501344D33FB3C8608B288AC63F0000F03F0000F83F61436F63A787D23F03
:2039C00071A379094F930A400000E03F1655B5BBB16B0240EF39FAFE422EE63F00002C40AC
:2039E0000000244000001840FF0300002D431CEBE2361A3F80842E41FFF7FFFFF0B5DE46F1
:203A000057464E464546E0B5A5B01E002E9B92460C93CD4ACD4B80468B461A60002900D168
:203A2000EAE1002330789946002800D1ECE1C84B4C460B93C74B454657460E930AE0631CC4
:203A4000984622003B005946A84744463078002800D187E001362528F1D108239A46043B7B
:203A60009946023B9846013B00229C460D943078711C0300203BDBB2102B03D80B9C9B00F3
:203A8000E3589F460300303B89460D9C092B3AD9002398462A2800D1C1E000239A462E28BB
:203AA0004BD00300683BDBB2122B1ED80E999B00CB589F4663460E001A43D8E743460E00D1
:203AC0001A43D4E74B460E001A43D0E710230E001A43CCE753460E001A43C8E780235B0019
:203AE0001A43FF3B9C467078E1444E4667284FD82428A4D90300253BDBB2422B9FD896497A
:203B00009B00CB589F46002394461E0000E00131B3009B195B001E180878303E0300303B81
:203B2000092BF4D90123624689469C460023B0469A460E00E1442E28B3D130218020494285
:203B40008C46C000024370784B4684446146092900D86CE12A2800D17AE101239C464E4637
:203B6000E1449EE7A146A846BA46CA4503D801235B425344994653464A4659460020C047B6
:203B8000200025B0F0BCBB46B246A946A046F0BD0300693BDBB20D930F2B00D94FE70121CA
:203BA00099408C466D49894661464B4619400F91634649460B4200D028E10D9B0A2B3AD05F
:203BC000072B00D03BE70C9B190008C98846002B00D14BE121200243914614A98C461F220D
:203BE0000F2162448C4651460D950C91A24615000F9902E020290CD0130064461C40200062
:203C00003730092C00D80738013168541A090F2BF0D80C9B54460D9D9A460F9133E10C9BB8
:203C200002CB8846002947DB0C9301239C4670784E46E14431E70C9B02CB14935346002B61
:203C400000D138E19C4608780B000C908C44002801D100F098FC89466146944603E05A781E
:203C60000133002A01D08B42F9D1494662465B1A0C900F93530500D520E1022318001040D9
:203C80000D90134200D1CBE30D930B1BB1469A465E460C9822003B003100A8475346013483
:203CA000185D0028F6D1B3464E460D9B002B00D0C7E1149B0C93C9E60C9301239C462838C6
:203CC00049420243884670784E46E144E5E670786C2800D17FE180235B001A43FF3B9C46B6
:203CE000E14402E780239B001A4301239C467078E144FAE67078682800D173E180231A438B
:203D00007F3B9C46E144F0E6672800D103E1472800D15AE1452800D15AE10492072142468E
:203D20000C9B0392073352468B43190002920CC92800009201930C9122003B005946FFF748
:203D40009FFB040082E6C046FD390210CC6C0020C0CB051004CC051050CC05104190000030
:203D6000462800D1DBE00492072142460C9B0392073352468B43190002920CC928000092EB
:203D800001930C9122003B005946FFF725F904005CE6631C984622003B0059462520A8470F
:203DA000444653E60C9B04330D93631C9946920700D422E10C9B2200187859463B00A847D2
:203DC00043464444012B00D885E23300B8462E005F4625004C4699462200434601343900B4
:203DE0002020B047AC42F7D12C00BB46350047464E460D9B0C9329E6DB4B3078984600232E
:203E00009946002800D012E60024AEE66F2800D188E000D80BE31023782800D1CFE09A4355
:203E20000A239C4600230F930A330D9380E05646B1008919490001330E181878303E0100E0
:203E400030390929F4D9B2461E000133994628E60C9B023602CB8A46C9435046C91708407D
:203E600082460C933078731C99461AE610231000984311331843814680201300C00003408B
:203E8000024200D1A9E64B460693082305935346049310230393002302930F9B2200019380
:203EA0001CAB009359463B002800FEF79FFF434604000C93CAE501235B42C3E60F9B53458C
:203EC00001D953460F930223180010400D90134200D1B7E10D93D1460B1B9A463300A14410
:203EE0002E0022004D460C98B9465F469B4608E04B463900541CB0475346185D002877D020
:203F000022009542F4D15B46BB464F46A94635004C461E00C9E680231B011A43FDE62023E7
:203F20001A4320E708239C4600230F9308330D9380231100DB0019401A4200D116E10D2334
:203F40009A431000802302009B001A401492184200D0C2E1802302005B001A4091460C9A90
:203F600004320F92184200D0B7E2430600D59FE1030600D419E30C9B1B880993002B00D04F
:203F8000FCE110339843002900D1F7E10023994643460593534604930D9B0690039300230A
:203FA000D2E0582808D0622867D102239C4600230F9302330D93BBE720231A43103B9C4625
:203FC00000230F9310330D93B2E780231B011A4320231A43A1E6C0239B001A43F31C994694
:203FE000B07882E5C0231A43F31C9946B0787CE535005E46BB464F4657E64346012B00D842
:2040000063E1631E43449A463300B9462E005F4655469B46A24622004B46013439002020AA
:20402000B047AC42F7D135005E46BB464F46A14654460C9B4A46187859463B004444A847CB
:20404000D7E6A1460F9B984500D832E64444E41A3300B8462E005F4625004C469946220003
:204060004346013439002020B047AC42F7D12C00BB46350047464E461BE680231000DB004A
:2040800018401A4200D10FE1112118008A430D920D9A802311009B0019408C461A4269D13E
:2040A000802311005B00194089460C9904310F911A4200D0CAE113005B0600D5F0E013004C
:2040C0001B0600D459E20C9B00229B5ED9175A184A4092B2D90F0C91002B00D1F9E1100053
:2040E00014AA944642461F23149252466344A84616944D460400B946B2461F00159201E0AC
:20410000202D0FD020000A21FDF748FF01357E193031317020000A21FDF740FF2600040076
:20412000092EEDD8149B4F46A94645469846159B56469A46169C0D9B06934346059353460E
:2041400004930A2303930C9B02934B4601931CAB2200009359463B002800FEF747FE0F9B42
:2041600004000C9372E4C0463D2D02100C239A431000E7E607220C9B0733934301329446EE
:204180009C4462460C920CCBD90F0F911100194300D191E0D91713911291514010911399D6
:2041A0005940119110981199129A139B801A99411090119114AA002394464246994614929A
:2041C00052461F336344A846B24616944E46109C119DB94615921F0001E0202E10D02000DC
:2041E00029000A220023FDF717FF013630322B00BA550D0022000400002BEED1092AECD856
:20420000149B1094119545469846159B4F46B14656469A46169C0D9B0693434605935346D7
:2042200004930A2303930F9B02934B4601931CAB2200009359463B002800FEF7D7FD040075
:20424000FFF704FC0F9B984500D8C1E18023DB000D9343460F9A1B199B1A994633002E00EE
:204260004D46B9465F469B460C9122004B46013439002020B047AC42F7D143460C99013319
:204280000F930B7835000C935E46BB464F46002B00D10EE50D9B002B00D1F6E4002319E65C
:2042A0000C9B1B781A0015E710239A430D92EFE60C9B1B78099361E6002399460028AAD168
:2042C000002200231092119374E70C9B2200187859463B00A8474C468BE50C9AFA3BFF3BBF
:2042E00007329A430133994691444B460C931368526815921A4306D11032904300220992AE
:20430000002900D081E06122810600D54122D2B20A9214AA91460A9A00210A3A1492424615
:204320001792524618925A460991B3461F311E000F9B4944BA4619941A95002467469846AF
:204340008946159D16901B920AE03032D2B24B4601341A55A8454AD0202C4AD006000D0004
:204360003A00002330002900FDF756FED2B2092AEBD9149B9C466244D2B2E8E7612382062E
:2043800000D54123DBB20A3B0C93434614A91F228C46159353466244A046B2464C46179715
:2043A000A9461700099D0D9E1490169308E03033DBB201343B55B5420ED3202C0CD00500B7
:2043C00031002800FDF7EAFDCBB20929EFD90C9A94466344DBB2ECE7159B4D46A1464446F7
:2043E0009846169B564614989A46179FD0E5B742B2D9179B57469846189B5E469A461B9BFD
:2044000009949B461698199C1A9D43460593534604930D9B0690039300230293099B05E797
:204420000F9B984500D914E701330F932DE41023110099430D91692800D0BAE080231000CE
:20444000DB0018401A4200D122E61DE60C9B1B68DA0F1100002B00D18CE0DA179818504034
:2044600014AA914642461F23149252464B44A046A946169704006546B2461F000C91159284
:2044800001E0202D0FD020000A21FDF787FD01357E193031317020000A21FDF77FFD26009C
:2044A0000400092EEDD8149B444698460C9BAC461900159B56464D469A46169F0D9B029184
:2044C000069343460593534604930A23039363463CE6002800D02EE602E60C9B1B68994667
:2044E000002B03D110339843002938D16123820600D54123DBB20A3B0C93434616935346EC
:2045000014A91F228C4617932B006244A0464D46B246189799461700149C0D9E159008E052
:204520003033DBB201343B55B5420ED3202C0CD0050031002800FDF731FDCBB20929EFD9CF
:204540000C9A94466344DBB2ECE7169B149444469846179B56464D469A461598189F434665
:204560000593534604930D9B0690039300230293149BEBE50028A1D172E70C9B1B68D9175B
:204580005A184A40A6E580231000DB0018409C460F901A420FD00220030013400F93104286
:2045A00019D00023A1460F934CE50C9B1B680993E4E40A0034E40223180010400D90134206
:2045C00000D03EE54346002B00D042E6FFF771FB01330F937FE463460D93F3E70EB4012299
:2045E00030B584B007AC08CC064D01000094280052420394FFF702FA04B030BC08BC03B0D7
:204600001847C046352D02100CB430B585B008AC08CC064D0A000094010028000394FFF7B8
:20462000EDF905B030BC08BC02B01847352D021010B50C0084B00394012402A90290009319
:20464000034813006242FFF7D9F904B010BDC046C92F021010B5094A0300146884B0002C08
:2046600008D0012200910648524203A9A047012004B010BD00F0B4F90020F9E7CC6C0020A2
:20468000B92F021000BEFDE7094A03001068002805D00849C3188B4207D813607047064863
:2046A0000449C31810608B42F7D901204042F5E7245C00200000042068F1012010B5FFF74D
:2046C000E1FFC04670B5FDF7F3FA074D074EB54209D20024013E761BB60808CD98472300EA
:2046E0000134B342F9D170BD0C0D00201C0D0020030010B5080011001B68984710BDC04601
:20470000F0B5C64600B5437D07000C001600002B46D0002A17DD0B780A2B24D0002398463E
:20472000012E13D001252900635C01350A2B26D0B542F8D1464509DCA419013C23780D3BEB
:204740005A4253413B7580BCB846F0BD4346E018A419F11A013C3B68984723780D3B5A420B
:2047600053413B75EFE7037D002BD7D102210F483B689847012EDFD001239846D2E7631EB6
:204780005B5C0D2BD4D0884504DA4346C91AE0183B689847022105483B68A8469847C7E767
:2047A0000368110020009847CDE7C046B0CD0510F0B5C6460B6806000C0000B5802B06D0C6
:2047C0005A1C2260E418267180BCB846F0BD0F4B1D68002D16D00B1D98460D4F02E02D699B
:2047E000002D0FD02B68002BF9D03B68002B01D0AB42F4D1280041462268FFF781FF2D6990
:20480000002DEFD101220023DBE7C046505300205C530020F0B54546DE464E465746E0B5F1
:2048200083B091461C0080460D00FCF7C1FE0023304A12184B41002B02DA01222E4B524243
:204840002E4908008A4634F01FFE07006B1C03D1404634F057FC0500002C27D0284E294B57
:204860001C68002C18D04B46002B21D1264B994602E02469002C0FD02368002BF9D04B4618
:204880001B68002B01D09C42F3D120002A004146B0472469002CEFD1002F26D1280003B0B5
:2048A000F0BCBB46B246A946A046F0BD174ED6E7154B99460A239B4602E02469002CEBD00C
:2048C0002368002BF9D04B461B68002B01D0A342F3D12A0041462000B0476B465A46200067
:2048E000DA71D91D0122B047E7E7504634F0A4FDD4E7C04640420F00FFFFFF7FC80C002072
:2049000001470210505300205C530020F14602100A4A1368002B05D10CE01A001B691032C6
:20492000002B07D08342F8D1002902D118691060196170470029FCD01060FAE750530020C0
:2049400010B500F0ABF9012010BDC046F0B5CE46474680B583B06B460600DD1D2870FCF720
:2049600027FE0023194A12184B41002B02DA0122174B524217490800884634F085FD164B79
:2049800081461C68002C14D0144F02E02469002C0FD02368002BF9D03B68002B01D09C42E3
:2049A000F4D1200001222900FFF7AAFE2469002CEFD14B46002B05D1300003B0C0BCB946BF
:2049C000B046F0BD404634F037FDF5E740420F00FFFFFF7FC80C0020505300205C530020E7
:2049E00070B5040034F08EFB01230100050001222000FFF70FFF084B1C68002C06D06368CC
:204A0000002B05D098472469002CF8D1280070BD2469002CF3D1F9E750530020F0B5CE4607
:204A2000474680B5A3B004000D00FCF7C1FD0023274A12184B41002B02DA0122254B524227
:204A4000254E300034F020FD00232200019307002B00224801A9FFF7EBFD214B8046994664
:204A60001C68019B002B1AD0002C2FD01D4D02E02469002C0FD02368002BF9D02B68002BB5
:204A800001D0A342F4D12000019A02A9FFF738FE2469002CEFD14B461C6800230193002C98
:204AA00006D06368002B0BD098472469002CF8D1002F07D1404623B0C0BCB946B046F0BD70
:204AC0002469ECE7300034F0B7FCF3E70194EFE740420F00FFFFFF7FC80C0020B14702101F
:204AE000505300205C5300200FB400B583B004A901C90191FFF792FF03B008BC04B018475F
:204B0000F0B5002915DD0E4B0D271A680D4B0E4CD3185D426B41451820215B001E5F0478EC
:204B2000A64207D093691942FCD101301460A842F5D1F0BD93691942FCD11760F2E7C04616
:204B4000247000200080FCBF20700020204B70B504000D1E1E682ADD002010211D4B013C74
:204B60001A689369194214D1013093691942FCD1136823548542F4D1002E08D05023936335
:204B8000516B183B0B4014498C4662441360280070BD002E08D050239363516B183B0B4055
:204BA0000D498C46624413600028F1D10CE0002E0AD05022074B1B689A63596B183A0A4032
:204BC00005498C4663441A6003204042E0E7C046A43D00202470002034100000064B10B513
:204BE0001B68002B06D00021044A12689163044A1068984710BDC046A43D00202470002027
:204C0000A83D00200822034B19688B691A42FCD17047C04624700020F8B51A4F1A4B3A68EB
:204C20000500D31858424341184E14331C003368002D02D0002B0FD0F8BD002BFCD000212C
:204C400020009563FBF732FE20001149FBF776FE104B35601D60EFE70E4B200019600C49B0
:204C60003560FBF741FE01212000FBF71FFE50223B689A63596B183A0A4007498C466344E2
:204C80001A60D9E7247000200080FCBFA43D0020DD4B0210A83D0020341000000D4B10B54A
:204CA0001B780D4B0D4C1B780D4B02211B780D4B00202360FBF75AFD02210120FBF756FD42
:204CC000E12120680903FCF75BFF01210648FFF71FFE10BD1C2D0610182D06102470002033
:204CE000142D0610004003401006002070B50F4C0F4D104A24184D41A900A00F0843A90F49
:204D000069400D4B6040FDF76DFF4A01C30E1343CA0E58405140094B094AFDF763FF4A00D8
:204D2000C30F1343CA0F5840514070BD157C4A7FB979379EB9E5E41C6D4758BFBB49D094EA
:204D4000EB113113F0B504684568060023002A00C6468068F16803430A4300B5134304D142
:204D6000FCF726FC03000B43FAD023062A0A60402F061A43230A3B43070CBC4669404B4080
:204D8000984663460F041F43424003045A4043467B4032607360C20E4B011343C90E4001C1
:204DA0000843B360A10FAB000B43A20012196B41F060D101580E520EDB0108431A43040003
:204DC0001500430FD1001943C0000019694180BCB846F0BDF0B5DE4657464E464546E0B5BB
:204DE000AD4C97B005942478002C00D1D5E00EAB0D93AA4BAA4F0293AA4BAB4D9B465B4641
:204E00001E685C689B680B935B46DB680C93A74B05931B78DBB20693FCF7CAFBFFF766FFCE
:204E2000A34B70409B69614008900A91DB0433D5A04BDA6BE0231340402B2DD0EFF30583BD
:204E400099469D4B3E68984600239A462B004D467C68994630002100002D1AD0FCF7E6FB47
:204E6000EFF3108272B643461B68002BFBD0BFF35F8F3B68B34212D0BFF35F8F43465146BA
:204E8000196082F310883E687C6830002100002DE4D1FCF781F9E3E7FCF704FFCEE77B680A
:204EA000A342E9D1824B1400DE69FCF781FB0A220023801859414D4602000B1E02DA01227E
:204EC0007E4B52420CC72A686B6810001900012780185941374007430022009001912F6026
:204EE0006960BFF35F8F744B1A6084F310887449029B8C461B787349DB006344986888423A
:204F000049D00021FFF7F2FE089D0A9C45404C40EFF3108672B6684A1368002BFCD0380019
:204F20000199FFF7E3FE0B9B58400C9B5940BFF35F8F059B069A1B78934208D05B460CCBEA
:204F40005C405B4655409A68DB68504059405F460D9B0E955C609860D9601800FFF7F2FE36
:204F6000109A119B0E9C0F9DBA60FB60059A3C607D6013780133DBB21370BFF35F8F002267
:204F80004D4B1A6086F3108817B0F0BCBB46B246A946A046F0BD9A60B3E74B4B00900191B4
:204FA0009C464A4B4A4C9846A14665682468A10DAB02A2020B4310001900001969410290FB
:204FC000039102990027890E8A460399890101915146019808430299019089010091009802
:204FE0000199001BA9410D006146040040C98C46A4197D414145DAD14B461C605D600EAB50
:205000001800069407950D9300F02EF90E9B0F9C08930994264B9B69DB0400D4FAE0254B8D
:20502000DA6BE0231340402B00D1F3E0EFF305839A46402300249B460023009301941E4B60
:205040005C469846164F0023994653463D687E68A24628001C003100002C1AD0FCF7E6FAFF
:20506000EFF3108272B643461B68002BFBD0BFF35F8F3B68AB422DD0BFF35F8F43464946AD
:20508000196082F310883D687E6828003100002CE4D1FCF781F8E3E761F101204BF10120BF
:2050A000D80E0020300D0020200D00204CF101200000064000800040300100D0FFFFFF7F5F
:2050C00000000340FFFFFF00001C042000200420280D00207B68B342CED12300160054466D
:2050E0009A46009A019B1000190080185941504BDA6901231340034300930191FCF758FA3A
:205100000A2200238018594102000B1E02DA0122484B52423A607B60012C66D1464DA34668
:20512000009B019C2B606C60BFF35F8F0023434C236086F31088FCF73BFA80468946EFF35B
:20514000108672B62368002BFCD0BFF35F8F059B1B78002B52D13A4BDA681F2A5DD05A69EE
:205160001F2A5CD0DA691F2A5FD05B6A1F2B59D0FCF798FDFF23FF223249DB000A70324AB0
:205180000291944600980199052263445A60FFF7ADFD82460C0006980799FFF7A7FD534603
:2051A000614058401290139140464946FFF79EFD80460C0008980999FFF798FD434658400A
:2051C0006140149012A81591FFF7BCFD149815991E4B9B46129A139B5C4622606360012372
:2051E000059AA060E16013700CE0BFF35F8F00234246136086F31088013C24E7114B029358
:20520000124B9B46BFF35F8F00220C4B1A6086F31088F4E5FCF746FD08E700239B465B4609
:20522000DAB2A9E71C3B9B46F9E702239B46F6E700000640FFFFFF7F200D0020300100D047
:20524000000003404BF1012008000340300D002010B5FFF7BFFD10BD10B5024800F00CF8BF
:2052600010BDC046B06F002010B508220149FDF75BFD10BDB06F002010B588B004000D225B
:2052800000216846FDF74AFD0D22002104A8FDF745FD4B236A466846137004A90D2234F083
:2052A000C3F81521082220006944FDF73DFD08B010BDC04610B5034B01001800FBF702FA33
:2052C00010BDC04634F1012010B5064B064C82B00100009300220B232000FBF7AFF902B0CB
:2052E00010BDC046BC96051034F10120054B10B59C466044000D800041180348FBF7E2F995
:2053000010BDC0460000E0AFB43D002010B50A4B0A4AC418240DA40082B0009208482200C5
:20532000E31CFBF78BF9844202DC001B02B010BD01204042FAE7C0460000E0AFDC9605101A
:20534000B43D002070B50D000400FBF73FF91A4A1A4B944601226444240DA400E658052135
:205360002C792023A2406956013A1B1B002913DB00248B420CDB13008B401E4208D1AB7909
:20538000002B05D18A401400344063425C41E4B2FBF728F9200070BD002B02DA09E0013B56
:2053A00007D314009C4019002642F8D1AB79002BE8D00024ECE7C0460000E0AF943C002056
:2053C000F0B557464546DE464E468846E0B583B006000525FBF7FAF8434684465D57187906
:2053E000334B344AF3181B0D9B009246D758012220248240241A013A002D41DBA54232DCFC
:205400001100A9400F422ED141460968894641468979002945D12C00AA40934659463A40AB
:20542000394241D1802189018846002816D06146A44634004E469946030001915100705AF0
:20544000404500D24019A91812318900013208519A42F3D3019B64469C464B465A4617432E
:205460005246D75001E0012464426046FBF7BAF8200003B0F0BCBB46B246A946A046F0BD7D
:20548000002C02DA10E0013C0ED31100A14025000F42F8D14146096889464146897900294C
:2054A000BAD014246442E0E709246442DDE7C0460000E0AF943C002070B501250B790400CE
:2054C0009D40013D9540FBF781F8054B0549E3181B0D9B005A58AA435A50FBF783F870BD32
:2054E0000000E0AF943C0020F0B5DE4657464E464546E0B51600DC22924685B01C004B008B
:2055000002935B18DB00C518AA445246834628001268CC30009202682B0001921B4A80201F
:205520009446800263441860002C1CD08023DB0499460123D83598462B0055469A46144F5F
:2055400003912000FCF7FCFC4A46430113432B6033004246C340134052463B431360631EDC
:205560001C40EED10399029B5B18DB005B441A000099DC321160019ACC331A6005B0F0BC43
:20558000BB46B246A946A046F0BDC046CC30000080E00000F0B54E464546DE465746E0B514
:2055A00083B089460CA984460D781F2A45D84946490088464944C900461837003400DC37A7
:2055C0003868CC3483462068310001901C4880248246A40251440C6069424D411E216D427A
:2055E0008D4318498A465544052B0CD9A0201F214005D836540104430532053B3C600A40B0
:205600003560052BF6D852019B06134342464A44D20062441000DC3213600300D8331D6003
:205620005B461360019BCC300360002003B0F0BCBB46B246A946A046F0BD05204042F5E7DE
:20564000CC3000009FE00000F0B5C646431E00B50A3314D8072304001A0008342240234294
:205660006CD01300093BA34209D31030841A01F0CFFE374A27001568002D28D10EE001F010
:20568000C7FE334A1368002B06D0002503F056F9280080BCB846F0BD0027002407202D4DEA
:2056A0002B002900284245D100202B4E706031602A4EB44607266544B5431560284AEB1AF0
:2056C0001360284A6860286013604B600D60002FDBDD244F3E68A642D7D31F48036804E0C2
:2056E0001A68002A04D0180013005968A142F7D3AB42CAD01D001A680835904602600A1BD1
:20570000102A05D919194A6042460A6001602100134A761A10683E60864200D2166080226C
:2057200012060A435A6000221A600F4A136801331360ABE7EB1D83431900B5E701F068FEC7
:20574000034A27001568002DA8D0002CC1DA9CE7186D002028700020F0F00120F87F010093
:20576000C0F00120B0F00120CCF0012070B5002804D0083843680400002B00DB70BD02680D
:20578000002AFBD15B005B084360050001F040FE184A616813685B181360174B1A001B68F3
:2057A0009C42FBD850681618B4420DD0601883421AD02360AA4200D01560104A136801339B
:2057C000136003F0BBF8D9E70918501851608342F3D10B48150000689842EED058681B6882
:2057E000411869602B60E5E7054800688342F5D1DFE7C046B0F00120F0F00120D0F0012081
:20580000186D0020014B18687047C046B0F00120014B18687047C046C0F001207047C04682
:205820000BA10CC9126892009B581868203080F30988022080F31488BFF36F8F3FBCAE4644
:2058400008BC04BC62B61847C046C046C046C046000000D0086D0020D0231B061A6DD2075C
:2058600004D501219A6D1A6D1142FBD1D023FF221B061A658022024B52051A607047C0464F
:2058800004ED00E0000000000000000000000000EFF309811AA00CC8106880001B18186892
:2058A00020390160F0C144464D4656465F46F0C1146E556E566F176F3039F0C1106808B58F
:2058C00072B601F03FFF62B60CBC116808681030F0C8A046A946B246BB4680F309880D22AF
:2058E00012073038F0C81466556656671767F0C81847C046C046C046C046C046C046C046BE
:20590000000000D0086D002010B503F0A1F8040001F0F2FD002803D08022034B52051A6031
:20592000200003F023F910BD04ED00E010B5FAF747FEC04610B58024031F64041C60043BEB
:2059400019600349043B1960143B40381A6010BD2D5902108022044B52051A60BFF34F8FD2
:20596000BFF36F8F7047C04604ED00E0D0231B061B6808499B005A58002A08D000205850EA
:2059800005495B58BFF35F8F106083F3108862B67047C046A46F002030F00120EFF310802D
:2059A00072B6704780F310887047C046D02300221B065A657047C046002310B5084A094CFF
:2059C000052023601360FAF7DDFDFA218900FCF7E5FA054B013818600723236010BDC046EA
:2059E00018E000E010E000E014E000E070B5224B1A78D0231B061B689A4230D0FF231F4A09
:205A00001B0411680E200B4313601D4903F0BAFB0B201C4903F0B6FBD023FF221B061A6509
:205A20001A6DD20704D501219A6D1A6D1142FBD1D0252D062C68FF210F342000FBF768F8CD
:205A400020001149FAF750FF01212000FAF72EFFFFF7E6FE286801F075FEFAF7B1FDFFF7C9
:205A6000ABFFFF23054A1B0611680F200B431360064903F087FBC1E72806002020ED00E0DA
:205A8000915802101D580210595802100959021010B572B6FFF7AAFF10B50E20FAF73AFEA5
:205AA0000F20FAF737FE0022034B04481A70FCF73BF8FFF79BFFC04628060020915A021044
:205AC00010B50A4B1B78FF2B0CD0EFF30580002805D0D0231B061B684000C01810BD02F041
:205AE00085FAFBE7D0231B061868F7E72806002000B5144A0368127883B0FF2A08D1BFF396
:205B00005F8F00221A6081F3108820BF03B000BDD022120612680C48920013500B4811501F
:205B20000B4A0221944663449B10FF319940094B0122186801235B420093090A002300F047
:205B4000D9F8E3E728060020A46F002030F0012000FFFF2FACF0012010B51D4A0B0012783D
:205B600082B0FF2A2BD01B4902688C46022162449210FF319140090A40BF0068BFF35F8FA9
:205B80000022026083F31088EFF305831248DBB20068002B03D100F009F902B010BD0F4CEF
:205BA000019201AB0A000100200003F0D5FA019B002BF2D080220A4B52051A60EDE740BF95
:205BC0000268BFF35F8F0021116083F31088E4E72806002000FFFF2FACF00120415E021067
:205BE00004ED00E0F0B51D00304B06001B780F00140083B0FF2B4DD0FBF7DAFC22002B004C
:205C0000121A8B4101212A484942801859413668002920DC1BD0BFF35F8F0023336087F3BD
:205C20001088244B5A6A95420AD98022224B52051A60BFF34F8FBFF36F8F002003B0F0BD3F
:205C40009B6A0120A342F9D29542F7D1EDE7FA239B009842DFD3FA2200239200FCF7C4F936
:205C6000031ED8D0D0221206126814499200565013495750134A022194466644B610FF3145
:205C8000B140114A090A106800930122002300F031F8C6E70368BFF35F8F00221A6081F373
:205CA000108820002900FBF759FBC7E72806002018FCFFFF0040054004ED00E0A46F002026
:205CC00030F0012000FFFF2FACF0012010B500F005F8014B186010BDACF0012010B518209C
:205CE000FFF7B2FC041E03D0002308C000F0F0F8200010BDF0B5C6460D00060000B51F00C3
:205D0000904601F085FB2B0034682340002F0DD1002B28D04346002B28D02300AB43336092
:205D200002F00CFE200080BCB846F0BD9D42F1D0069B002B1AD0434680215A1E9341C904C7
:205D40001B061943069A2943301D01F07BFF02F0F5FD002824D002F03BFF040083010DD56C
:205D60002402240ADEE7069B002B02D102F0E6FDD8E741464B1E99410906E3E702F012FB35
:205D8000346823002B40002F0DD1002B05D04346002B02D02300AB43336002F097FEDFE755
:205DA00002F0ECFAD7E7AB42F7D1F0E7F8B5DE4657464E464546E0B505000F00060001F094
:205DC00027FB29682C6939430C362960A6422CD0002398468023DB049B4680235B049A460A
:205DE00080239B0499460FE06746002F0AD057463A4202D042461A4390464B46194302F058
:205E0000DBFD2968A6420ED020000F000268646813021B0A1F40BC465F463A42E4D06345D6
:205E2000E5D0A642F0D143469943296002F086FD2868F0BCBB46B246A946A046F8BDC046DC
:205E4000F8B5DE4657464E464546E0B505000F00060001F0DDFA29682C6939430C362960D1
:205E6000A6422CD0002398468023DB049B4680235B049A4680239B0499460FE06746002F0C
:205E80000AD057463A4202D042461A4390464B46194302F091FD2968A6420ED020000F008F
:205EA0000268646813021B0A1F40BC465F463A42E4D06345E5D0A642F0D143469943296048
:205EC00002F03CFDF0BCBB46B246A946A046F8BD0300083301224360C36003610023524226
:205EE000826003607047C046002303617047C04643689A684B608A6051609960036808619C
:205F0000013303607047C046030030B50D6808336A1C0DD01C005B681A68AA42FAD94B6067
:205F2000996003688C60013361600861036030BD04696368F3E7C0460369416882688A6062
:205F400051605968814205D00022026118680138186070475A60F7E7F0B5DE464E46574638
:205F60004546E0B585B0060002F01CFA4523F45C64B2002C21DD213B994621339A46B14462
:205F800009E0AA6BEB6B03969A4245D3013CE3B264B2002B11D0B56C002DF2D1736A002B13
:205FA0000BD0484601F0E2FE0028EFD002F014F8013CE3B264B2002BEDD14523FF22F25422
:205FC00002F084FD02F0EEF944233500F45C103564B2002C05DC13E0013CE2B264B2002A1D
:205FE0000ED03369002B0BD0280001F0BFFE0028F2D0013C01F0F0FFE2B264B2002AF0D1AF
:206000004423FF22F25402F061FD05B0F0BCBB46B246A946A046F0BD5346EF5CAB6B2A6CF6
:20602000013398467FB2002A13D12B689B46002B2AD04346AB637B1C1CD16B6A002BA5D0E6
:206040002800243001F092FE00289FD001F0C4FFAEE7686803A9FCF767FE6B682A6C9B1873
:20606000AA686B609342E4D32B686B604346AB637B1CE2D001F03AFAB84200D886E753467C
:2060800001377FB2EF5481E7A86802F0B5F85B46AB6043460190AB637B1C09D16B6A002BF8
:2060A0000FD1019B002B00D170E701F095FF7FE701F01CFAB842F4D9534601377FB2EF5413
:2060C000EFE72800243001F051FE002800D06DE7E7E7C046F0B5C64600B5846C82B0A26B79
:2060E000E36B002501909A4204D3280002B080BCB846F0BD4523226CE65CA76B76B2002A8C
:206100001CD0606801A9FCF70FFE6368226C9B18A2686360934201D32368636000250137F4
:20612000A763731C15D1636A002BDED02000243001F01CFE0028D8D00125D6E7236898469F
:20614000002BEBD1A06802F057F843460500A360E5E701F0CBF98642C7D24523013676B2D5
:20616000E654C2E770B505000E0000283FD0030C0A0C002B40D1002A2ED130006843030065
:206180004D3334D84C30FFF75FFA041E2FD00300002E2FD12360E563266402F003F9216C86
:2061A000E36B22684B43D0185B1A6260D218E260FF2300254422A0602000A563A35401322F
:2061C000A3541030FFF784FE20002430FFF780FE02F07CFCA5640BE0131CA9B2B2B24A434F
:2061E00080B29BB24343120C9B181B0CC5D00024200070BD4C33CDE7002AF8D1081CECE77F
:2062000070B505000E000024002828D0884226D34C20FFF719FA041E21D0C563002500600A
:20622000056402F0BFF8216CE36B22684B43D0185B1A6260D218E260FF234422A060200066
:20624000A563A3540132A3541030FFF741FE20002430FFF73DFE02F039FCA564A6632000A2
:2062600070BDC046F0B5CE46474680B585B00400884699460192022B00D19DE002F092F800
:20628000A36BE26B0027442500269A4232D8019B002B64D0002F5ED002F018FC01F0B8F808
:2062A00002F080F8635D5BB2013300D166554523E25C52B2013200D1E65402F007FC01A960
:2062C00002A801F0C5FD002800D06FE002F06AF8A26BE36B9A422CD002F0F8FB2000FFF798
:2062E0003BFE02F02BFB012702F05CF8A36BE26B9A42CCD9226CA66BA56B002A37D1236897
:2063000000209846002B00D183E0A36C0135A563002B00D170E04B46022B01D1002E04D1F4
:206320002000FFF7D7FE00283DD102F0CFFB012018E002F0CBFB20000199103001F0DEFBEB
:206340002000FFF709FE02F0F9FA0028CBD102F015F80127C8E702A801F06EFD9CE702F026
:20636000B5FB002005B0C0BCB946B046F0BD4B46002B29D141466068FCF7D6FC6368226C57
:20638000A16C9B18A2686360013593423AD2A5630029C5D1636A002BC7D02000243001F09E
:2063A000E5FC0028C1D001F0E9FFBEE72000FFF7D3FD02F0C3FAD4E701F0F4FF226CA36BF5
:2063C000A66BA56B002A9AD04146E068FCF7ACFC226CE36851429B1A2268E360934202D207
:2063E000A3685B18E3604A46A36C022A17D00135A563002B94D1CDE7636A002BCDD10028EA
:20640000D1D192E72368A5636360002900D087E7C0E7A06801F0F0FE4346A36075E7002D01
:2064200004D0A563002B00D078E7B3E70122A263002B00D072E7ADE770B54C20FFF704F9F8
:20644000041E2AD0002501230060C363056401F0A9FF216CE36B22684B43D0185B1A62603D
:20646000D218E260FF234422A0602000A563A3540132A3541030FFF72BFD20002430FFF757
:2064800027FD02F023FB0023002200212000A564A5602560E560FFF7E5FE200070BDC0463E
:2064A000F8B55746DE464E4645460400E0B592461D000F0002F0CCFAA26BE36B06009A42BD
:2064C0003BD300239846022D09D0300002F04EFB4046F0BCBB46B246A946A046F8BD45330D
:2064E000E35C226C5BB29846A36B9B46A36B9946002A2DD03900E068FCF716FC226CE36882
:2065000051429B1A2268E360934202D2A3685B18E3604B46022D51D00133A3634346013324
:206520003DD000F0E3FF804504D24346452201335BB2A35401239846C7E74523E35C226CD4
:206540005BB29846A36B9B46A36B9946002A11D12768002F46D04B460133A363434601330C
:20656000DFD1A36C002B33D0022D1BD15B46002B18D0DFE7002DBDD139006068FCF7D4FB1B
:2065800049466368226C01319B18A2686360934201D3236863604346A1630133C1D1A36C08
:2065A000002B15D02000FFF795FD0028C2D05346002BBFD0012352461360BBE7002B00D149
:2065C0000123A36343460133ABD1A36C002BCDD1636A002BAED02000243001F0C7FB0028BB
:2065E000E5D1A7E7A06801F007FEA760B3E7C046F0B5C646040000B50E0002F029FAA36B17
:20660000E26B050000279A4214D94522A75C01337FB29046A3637B1C13D1A36C002B1AD0EE
:206620002000FFF757FD002803D0002E01D0012333600127280002F099FA380080BCB846F8
:20664000F0BD00F053FF8742F3D2434601377FB2E7540127EEE7636A002BEAD0200024306D
:2066600001F084FB0028E0D10127E3E7F0B54746CE46040080B585B08846019201F092FE49
:20668000A76B002F5ED1019B002B3BD002A801F0D3FB002344269946452502F017FA00F086
:2066A000B7FE01F07FFEA35D5BB2013301D14B46A355635D5BB2013301D14B46635502F00D
:2066C00005FA01A902A801F0C3FB002822D101F069FEA36B002B2AD102F0F8F92000019974
:2066E000243001F00BFA2000FFF736FC02F026F9002824D001F056FEA76B002F22D1019BC6
:20670000002BCAD102F0E2F9002005B0C0BCB946B046F0BD2000FFF71FFC02F00FF901F0D7
:2067200041FEA36B002BEDD002F0D0F9E2E702F0CDF92000FFF710FC02F000F9DAE701F029
:206740001DFED7E7226C002A08D0E168A3688918E16099420BD24046FCF7E6FA7B1EA363EA
:206760002369002B06D102F0B1F90120CDE72168E160F0E72000103001F0F8FA0028F2D04C
:2067800001F0FCFDEFE7C046F0B5C646040000B584B0019101F006FEA36B002B00D07CE0A9
:2067A000019B002B65D002A801F046FB0023442698460027452502F089F900F029FE01F089
:2067C000F1FDA35D5BB2013300D1A755635D5BB2013300D1675502F079F901A902A801F086
:2067E00037FB00281ED101F0DDFDA36B002B30D102F06CF92368002B46D02000019924301A
:2068000001F07CF92000FFF7A7FB02F097F8002832D001F0C7FDA36B002B3ED1019B002BEB
:20682000C9D126E02000FFF797FB02F087F801F0B9FDA36B002B09D102F048F94346002BFE
:206840000FD1002004B080BCB846F0BD02F03EF9DFE702F03BF92000FFF77EFB02F06EF8A1
:20686000D7E701F09FFD616A002908D1A06801F01FFD02F02BF9E4E701F080FDC9E72021AB
:20688000236B1B68C91AF1E701F08CFDA06801F035FC804602F01AF9AFE7013BA36323685A
:2068A000002B0FD02369002B03D102F00FF90120C8E72000103001F059FA0028F5D001F0F7
:2068C0005DFDF2E702F0A8F9A060EBE710B5002933D0424B5A68904200D173E01A68002A3E
:2068E0002CD0DA68904200D176E09A68002A3ED05A69904200D16DE01A69002A3DD0DA6977
:20690000904261D09A69002A3DD05A6A904242D01A6A002A43D0DA6A904257D09A6A002A66
:2069200043D05A6B904253D01A6B002A43D0DA6B904245D09A6B002A2AD010BDDA68904292
:206940004AD05A69904245D01A00DC69A0423BD05C6AA0421FD0DC6AA04237D05C6BA042B8
:2069600036D0DC6BA0422BD011605060E5E75A6990422FD01A000832E7E7DA69904223D042
:206980001A001032E4E75A6A904204D0144AE2E738331A00E8E70422D2009A18E4E7DA6A32
:2069A000904213D01A002032D8E75A6B90420FD01A002832D5E71A00DC6B3032A042D3D108
:2069C0000722E9E70022E7E70322E5E70522E3E70622E1E70222DFE70122DDE7F810002003
:2069E0001011002070B5040016000D0001F0DAFC4422A35C5BB2013301D10023A35445224A
:206A0000A35C5BB2013301D10023A35402F05EF8A36B002B03D02000FFF79EFA70BD2000FB
:206A200032002900243001F05BF9F4E710B5FEF791FF044C2368022B01D9FEF78BFFF9F7EC
:206A400093FCF7E7246D0020826BF8B50300002A02DB826B012A16DD314C196B256826684D
:206A600022680139926B002A03DB2268926B012A0ADD656860686268926B002A03DB626886
:206A8000926B012A20DDF8BD264A10680028F0D10127F66B2D6B3E40AD1BA942E9DB5E686F
:206AA0003E42E6D0666867686168896B00291DDB6168896B012919DC51688C46002915D1AF
:206AC0002900366BFF6B08E0164A5668002EDAD1C76B0120404284462E6B01203840361A82
:206AE0008E4218DD63460133CDD00020D0231B061B6898420BD0850063599B6B0233C2D0DD
:206B0000FEF754FF0222635952429A63BBE7012380001350B7E75B689B07E3D50120E5E76B
:206B2000086D00202CF10120F0B5D6464F464646484BC0B51B6804009846474B0F001B680F
:206B40009946464B1B689A46EFF3108172B6D02636063368424D9B00EA5881F310887123EE
:206B60000021D154EFF3108272B633689B00E85882F310880830FFF7DFF9631C30D04444A3
:206B8000EFF3108172B6D022120613689B00EB5881F310889C60A04515D8EFF3108072B683
:206BA00013689B00E95880F3108848460831FFF7ABF92C4B1A68A24200D91C60E0BCBA4644
:206BC000B146A846F0BDEFF3108072B613689B00E95880F3108850460831FFF795F9EDE700
:206BE000002FCCD0204B5A68EFF3108072B631688900695880F31088CA60EFF3108072B651
:206C000031688900695880F3108890680861EFF3108072B631688900695880F310889068A5
:206C200008314160EFF3108072B631688900695880F3108808319160EFF3108172B6326893
:206C40009200AA5881F3108893611A6801321A60B4E7C04620F10120146D00201C6D002054
:206C6000086D0020C4F00120F8F00120F8B5CE464746960080B5804630000D009946FEF7B1
:206C8000E3FC071E00D196E07420FEF7DDFC041E00D18DE074220021FCF740F83200A5210D
:206CA00038006763FCF73AF8636B043E9E1907239E43002D4BD040222B78A354002B43D059
:206CC0006B780132A354002B3ED0AB780132A354002B39D0EB780132A354002B34D02B798D
:206CE0000132A354002B2FD06B790132A354002B2AD0AB790132A354002B25D0EB79013208
:206D0000A354002B20D02B7A0132A354002B1BD06B7A0132A354002B16D0AB7A0132A3540D
:206D2000002B11D0EB7A0132A354002B0CD02B7B0132A354002B07D06B7B0132A354002BA4
:206D400002D04E23AA7BE2544F230022E254089D1F2D26D82000256308302565FFF7C4F8C0
:206D600020001C30FFF7C0F820235B1BE3614A46414630006461A462FEF7DCFD01235B425B
:206D8000A3630E4B206098450DD00D4B98450AD0099B002B00D01C602000C0BCB946B0469F
:206DA000F8BD1F25D6E70122E36B1343E363EFE73800FEF7DBFC0024EEE7C046CD710210E7
:206DC0002D6A0210D023F0B54F46D64646461B061A68494B9200D358C0B59846474B484FC5
:206DE0009946484B9A4638E0444D464C6B78013BDBB26B70002B08D10221A35C8B43A35494
:206E0000BFF35F8F0122404B1A60FEF7AFFD72B6D0231B061A683C4B1968002944D0BFF354
:206E20005F8F012302216B70A35C0B43A354D021364B090618680A6800282ED0BFF35F8FC5
:206E4000012301212B70A35C0B43A354D022120613689B00FE50002E43D043469B6B02339A
:206E600029D1D0231B061A6891007E58002EBBD000224D467A5029781A680139C9B2544671
:206E800029700029B2D10120A15C8143A154BFF35F8F1E4A10601A68A8E7A05CC0070FD4A7
:206EA00019680029CAD1FBE7A15C890715D419680029B4D1FBE7E0BCBA46B146A846F0BDF6
:206EC0002A78531C2B700B689B00FE50002EC4D10B682A70002AC0D105E06B7801336B7048
:206EE000A5E713682E700121E25C8A43E254BFF35F8F064B1960B0E7086D00202CF00120B7
:206F000038F0012028F001203C0100D0380100D0F8B5EFF3108772B6D0231B061A682B4B7F
:206F20002B4C196800293CD0BFF35F8F01230221284E7370A35C0B43A354274D2B68002B6E
:206F40001FD0D021254B090618680A68002821D0BFF35F8F0121A35C0B43A3542B680133FA
:206F60002B60D0231B061A68002333700121A35C8B43A354BFF35F8F184B196087F31088B6
:206F8000F8BDFFF71FFFD021144B090618680A680028DDD1A05CC0070FD419680029D7D109
:206FA000FBE7A15C890703D419680029BCD1FBE7084E737801337370BFE72B683278013303
:206FC0002B60002ADAD10A68D0E7C0463C0100D028F001202CF0012048F00120380100D03D
:206FE000D020000603681D499B005A5870B5002A06D0013A5A50026893005958002900D0CC
:2070000070BD17495C5817490B78013BDBB20B70002B08D10120144DAB5C8343AB54BFF304
:207020005F8F124B1860D0231B061A684B78013BDBB24B70002B09D102200B498B5C834388
:207040008B54BFF35F8F0122094B1A60FEF78EFC002CD5D0FEF77EFCD2E7C04638F00120F9
:207060002CF101202CF0012028F00120380100D03C0100D0F8B54B4B4746CE4699464A4BEE
:2070800080B59846494C4A4E4A4F2368002B35D072B63368002B0FD0D0231B061A68910068
:2070A0007B58002B3BD001337B50D0231B061B689B00FB58012B2BD02368002B22D03E4BEB
:2070C000DB68DD68AB6B01334CD128000830FEF733FF3A4A1368013B13602368013B236042
:2070E0003368002B01D0FFF77BFF686BFEF73EFB2800FEF73BFB2368002BC9D1C0BCB9466A
:20710000B046F8BD3368002BBFD0FFF769FFBCE74B461B68002BCFD1FFF754FECCE7284923
:207120000B68002B2BD0274BBFF35F8F0121404602254170995C29439954D0222249120661
:207140000D681268002D13D0BFF35F8F012101700120995C01439954D0231B061A6891008F
:207160007B58A0E73368002BC8D0FFF739FFC5E79D5CED0710D40D68002DE5D1FBE7114B16
:20718000985C800703D408680028CDD1FBE70648427801324270D0E703789100013303702E
:2071A0007B5880E748F001202CF0012044F00120ECF0012038F001200CF1012040F00120F5
:2071C0003C0100D028F00120380100D010B5FEF7C1FB054CFFF74EFF2368022B01D9FEF7CF
:2071E000B9FBF9F7C1F8F5E7246D0020F8B5CE46474604000D0080B51F2900D91F2572B684
:20720000784E3368002B10D0D0231B061968764A88001358002B62D001331350D0231B06B2
:207220001B689B00D358012B52D0002C44D0236D9D4228D030D9012200279046226B934285
:2072400038D0954236D8E3692565002B02DB20235B1BE36193009B18644D9B00A269EB18C6
:207260009A4200D171E0002F0DD0D0231B06A26B1B689A4200D190E0A36B5D4D9B005B593C
:207280009B6B023357D13368002B01D0FFF7A8FEC0BCB946B046F8BDA26B002A47DB0121B7
:2072A0000020A26BD70F9142474100229046226B9342C6D12563C6E7EFF3108172B6D023AC
:2072C0001B061A684A4B9200D45881F31088AEE7484B1B68002BA8D1FFF774FDA5E74648DC
:2072E0000368002B5FD0454BBFF35F8F444880460120474678700227BC466746585C3843AA
:207300005854D0213F48090607680968002F52D0BFF35F8F0120474638700127585C3843BC
:207320005854D0231B0619688800135874E700220027904682E7A06BFEF738FB0222A36BD1
:2073400052429B005B599A639DE708239946A1444846FEF7F1FD2C4B226B19688A4200D93F
:207360001A6093009B189B00EA189446494652689068E2602061416091606246A261EA5853
:207380000132EA50002F00D06FE74346002B00D179E72000FFF758FB75E70121A26B1B4BEC
:2073A0009200D1506FE7154B5F5CBF070AD40768002F99D1FBE75F5CFF070AD40768002FDE
:2073C000A6D1FBE70E498846404649780131417097E7434640461B7801330370880013584B
:2073E0001AE7C046ECF0012038F00120246D0020086D002048F001203C0100D028F001205B
:207400002CF00120380100D050F001202CF10120F8B52D4B1B68002B00D1F8BDEFF31087B5
:2074200072B6D0231B061A68284B294C196800292FD0BFF35F8F01230221264E7370A35CC0
:207440000B43A354244D2B68002B1FD0D021234B090618680A68002822D0BFF35F8F01218D
:20746000A35C0B43A3542B6801332B60D0231B061A68002333700121A35C8B43A354BFF382
:207480005F8F164B196087F31088C6E7FFF79AFCDCE7A15C89070AD419680029C9D1FBE785
:2074A000A05CC00708D419680029D6D1FBE7094E737801337370C5E72B68327801332B60F9
:2074C000002AE0D10A68D6E7ECF001203C0100D028F001202CF0012048F00120380100D0C0
:2074E000014B18687047C04620F10120014B18687047C04640F00120F8B5DE4657464E46F5
:207500004546854BE0B51B68002B2CD1834B1D6801351D60002D32D0814B99464B461B68DC
:20752000AB4245D97F4C804D2B681A6B93009B189B00E358012B00D88EE06B681A6B930017
:207540009B189B00E358012B00D8B1E0D0231B061E68002E00D1DDE02B6801249B6B0233C4
:2075600000D189E0AEE00024704A1368013313602000F0BCBB46B246A946A046F8BD6C4B3D
:207580006C4A19681068186011606B490A6801320A601A681268002A00D082E0604B9946AE
:2075A00001234A465B4213604B461B68AB42B9D85F4E5C4C33681B68002B00D199E000236A
:2075C0009B465E4B984633E05A4682611A68013A1A60C36A002B0ED0026A476A97607A6052
:2075E0005A68924602001C32924533D05A46C2621A68013A1A604346026B1B689A4201D99D
:2076000043461A6093009B189B00E218944652689768C26007617960916062468261E258E0
:207620000132E250FFF710FA33681B68002B60D03368DB68D86883689D425FD3C1680269BE
:2076400083698A60516001005F6808318F42BBD15A60B9E75F60C9E76B681A6B93009B18DE
:207660009B00E358012B3CD9D0231B061E68344B1B68002B00D06CE7012E46D00024D023AD
:207680001B061B68012B42D06B689B6B023300D16EE70120FEF78AF902226B6852429A63B3
:2076A00066E71B681E4ADB6891461B68136035E7D0231B061E68002E23D02B689B6B0233DD
:2076C00009D000240020FEF771F902222B6852429A63002CD0D11A4B5C68002C00D147E7C5
:2076E000CAE7D0231B061E68154B1A68002AE2D1F2E701234A465B42136014E74A461360E5
:2077000011E70F4B5B68002B04D1012430E70C4A53602DE70124B2E748F0012020F10120B2
:20772000C4F00120246D0020086D0020D4F00120146D00201C6D0020C8F0012050F00120C5
:207740002CF10120F0B5D023DE4657464E4645461B06E0B51A68CB4B83461968CA4F85B08D
:20776000002900D106E1BFF35F8FC84B9846012341464B700221BB5C0B43BB54D021C44B9A
:20778000090618680A68002800D1FBE0BFF35F8F0121434601201970BB5C0343BB54BD4BAB
:2077A0001B68002B00D08BE05B469D000023BA4A03925351EFF3108172B6D0221206136822
:2077C000B64C9B00E35881F310881968EFF3108072B613689B00E35880F310885B6B103345
:2077E000994200D8B2E0AE4B1E689946625963599269196B8B005B18AA499B008C466344EB
:2078000002919A4200D1C6E05A46012393409A46029BB0009C4680198000844461469C4672
:207820003B000830604401220F009C460CE0002A04D04B4649461B68013B0B60143F14384A
:20784000002E00D17DE0013E3B68002BEFD04368984200D1F0E052460196BA46170005E0AF
:2078600061598A4259D05B68834260D0DA68916B4E1CF5D156683E42F5D0635989469963A9
:207880005B4660599363D0231B06625167461A6800280AD00299066B8C46B3009B199B00C0
:2078A00081696344994200D186E09300E35843461B78013BDBB241460B70002B12D109E079
:2078C0005A46754B9200D150D0231B061A68414600230B700121BB5C8B43BB54BFF35F8F24
:2078E0006B4B1960D0231B061A68434641465B78013BDBB24B70002B08D10221BB5C8B4350
:20790000BB54BFF35F8F01225E4B1A6005B0F0BCBB46B246A946A046F0BD51683942A2D0F0
:207920005B469363D0231B0667461A68BDE73B005746019E9A460022143F1438002E00D0B3
:2079400081E7D0231B0667461A68AEE7EFF3108072B613689B00E15880F31088EFF310867B
:2079600072B613689B00E05886F310884031F8F709FD38E7B95C890770D41968002900D098
:20798000F1E6FAE7BC5C0130204257D11968002900D0FBE6FAE760590830FEF7CDFA6359B7
:2079A00061591B6B08319800C018029B80009C466044FEF79DFA27E701214368C06B8C46D7
:2079C0000840301A59461E00CE406146314202D065596D68AB4303251D406E0845D1002D9F
:2079E00000D162E70126236825681B6BED6B35405B1B984200DC58E723689B6B002B00DADA
:207A000053E723689B6B012B73DD4B46591C00D14BE70120824264D0850063599B6B023381
:207A200000D142E7FDF7C2FF0222635952429A63D0231B061A6838E70022FFE64346444657
:207A40001B785A1C2270134A1268002A00D1ABE65C46114AA400A0500A682CE70B4B9846DE
:207A600042465B780133537088E6012661686568096BED6B334035404D1BA84214DC002B68
:207A8000B0D112E73C0100D028F001202CF00120380100D048F001202CF10120086D0020B4
:207AA00050F00120246D00206168896B0029E6DB6168896B0129E2DC039949680029DED143
:207AC000002BA6D0236821681B6BC96B31405B1AAB429EDA23689B6B002B9ADB01239946B8
:207AE0008FE70123039992008B50D0231B061A68DBE6039B186800288CD086E7F8B5CE46BC
:207B000047460C0080B5EFF3108272B6D02636063368464D9B00595982F310881C31FEF7FF
:207B2000F3F9434B1F68434B1B689846424B1B689946EFF3108172B633689B005A5981F36E
:207B4000108871230021D154EFF3108272B633689B00585982F310880830FEF7EDF9631C91
:207B60002DD0E419EFF3108272B633689B005B5982F310889C60A7420FD9EFF3108272B60F
:207B800033689B00595982F3108848460831FEF7BBF9C0BCB946B046F8BDEFF3108272B6BE
:207BA00033689B00595982F3108840460831FEF7ABF9224B1A689442EBD21C60E9E7204B3F
:207BC0005A68EFF3108072B631688900495980F31088CA60EFF3108072B6316889004959F2
:207BE00080F3108890680861EFF3108072B631688900495980F31088906808314160EFF3FC
:207C0000108072B631688900495980F3108808319160EFF3108172B632689200525981F3CD
:207C2000108893611A6801321A60B2E7086D002020F10120146D00201C6D0020C4F001200A
:207C4000F8F0012070B504000E001000EFF3108172B6D0252D062A68204B9200D25881F3E4
:207C60001088802109063143D1616168EFF3108672B62A689200D25886F310881162EFF3F9
:207C8000108672B62A689200D25886F310888E685662EFF3108672B62A689200D25886F3B2
:207CA00010888E681C327260EFF3108672B62A689200D25886F310881C328A60EFF310816C
:207CC00072B62A689200D35881F31088DC622368012101332360FEF727FF70BD086D0020A2
:207CE000F8B50400080011006268EFF3108772B6D0252D062E681C4BB600F65887F3108814
:207D00003262EFF3108772B62E68B600F65887F3108897687762EFF3108772B62E68B600BD
:207D2000F65887F3108897681C367E60EFF3108C72B62E68B600F6588CF310881C36966015
:207D4000EFF3108672B62A689200D35886F31088DC62236801332360002901D00120404206
:207D6000FEF7E2FEF8BDC046086D0020C36870B5D868016A426AC36A8A60516001005C68AA
:207D80001C318C4242D00022C2621A68013A1A60244B1B68002B2BD104008369C16802699C
:207DA00008348A6051605968A14231D01A68013A1A601D4B026B19688A4225D893001B49FA
:207DC0009B189B00CD186A689668C260066174609460CA5885610132CA50FEF735FED023DF
:207DE0001B061A68124B9200D058431E984170BD104B5A68946802624462616091601A680B
:207E0000C36201321A60E8E71A60D7E75A60BAE75A601A68013A1A60034B026B19688A4235
:207E2000CCD9F1E748F0012050F00120246D00202CF10120D8F00120034B1B680360034BB1
:207E40001B6843607047C046C8F0012020F10120F8B5CE46474604000D0080B572B6544ED6
:207E60003368002B10D0D0231B061968514A88001358002B55D001331350D0231B061B68BB
:207E80009B00D358012B45D04B4803689C4663689846EFF3108972B6D02109060B68474AAB
:207EA0009B009F5889F310887123FF5C002F14D0EFF3108072B6096889008A5880F3108899
:207EC0000021D15401243368002B01D0FFF788F82000C0BCB946B046F8BD2B685A1C17D0F4
:207EE000374A276811688F4205D06168614502D800232B60E6E761464746C91B8B42F7D9DA
:207F000061465B1A43442B6013682360036863600024D8E72B4B1B68002BB5D1FEF752FF34
:207F2000B2E729480368002B23D0284BBFF35F8F274880460120474678700227BC466746F8
:207F4000585C38435854D0212248090607680968002F16D0BFF35F8F0120474638700127C9
:207F6000585C38435854D0231B0619688800135881E7164B5F5CBF070AD40768002FD5D132
:207F8000FBE75F5CFF070AD40768002FE2D1FBE70F4988464046497801314170D3E743469A
:207FA00040461B78013303708800135863E7C046ECF0012038F0012020F10120086D0020B1
:207FC000C8F0012048F001203C0100D028F001202CF00120380100D0D02301211B061A682B
:207FE000014B9200D15070472CF10120EFF3108172B6D0231B061A68024B9200D05881F3E1
:2080000010887047086D002070B5354D01202B68002B00D170BD72B62B68002B0AD1314CBA
:2080200024682B68002B01D0FEF7DAFF63425C416000EFE7D0231B0619682B4A88001358E2
:20804000002B0FD001331350D0231B061B68254C9B00D358012BE3D12368002BE0D1FEF775
:20806000B1FEDDE721480368002B1ED0204BBFF35F8F012002261F4C6070585C304358543E
:20808000D0211D48090606680968002E15D0BFF35F8F012020700124585C20435854D0235D
:2080A0001B06196888001358CCE7114B5C5CA4070AD40468002CDAD1FBE75E5CF60708D423
:2080C0000668002EE3D1FBE70A4C617801316170D6E723788800013323701358B2E7C0468B
:2080E000ECF0012048F0012038F001203C0100D028F001202CF00120380100D0F8B5041E86
:2081000042D0016BEFF3108072B6D02212061368364D9B00EB5880F310881B6B994225D2FE
:20812000E369002B0BDBEFF3108172B613689B00EB5881F310881A6B20239B1AE361226B94
:208140002B4E93009B189B00A269F3189A421DD0EFF3108272B6D0231B061B689B00EB58D5
:2081600082F310881B6B236301200CE0206DEFF3108172B613689B00EB5881F310881B6BC6
:20818000984280414042F8BD0020FCE7270008373800FDF7D1FEEFF3108272B6D0231B06F9
:2081A0001B689B00EB5882F310881A6B114B226319688A4200D91A6093009B189B00F11861
:2081C0004A689068E260206147609760F258A1610132F250A36B002B02DBA36B012BC3DDE3
:2081E0002000FEF731FC0120CDE7C046086D0020246D002050F0012070B5041E08D0436DEC
:20820000016B026D013B4365914201D0002B01D0002070BD050008352800FDF78DFE202386
:20822000226D9B1AE3611E4B226319688A4200D91A6093001B499B189B00C818426896685B
:20824000E260266175609560CA58A0610132CA50A36B002B02DBA36B012B01DD0120D8E70D
:20826000D0231B06A26B1B689A4211D0A36B0E4D9B005B599B6B0233F0D0A06BFDF796FB5A
:208280000222A36B52429B005B5901209A63C0E70121A26B054B92000120D150B9E7C0460B
:2082A00050F00120246D0020086D00202CF1012070B5041E08D0036D8B4206D3226B9A423B
:2082C00002D0616D012905D070BD226B0B009A42F7D1F9E7E1692363002902DB2021CB1ABA
:2082E000E36193009B18214D9B00A269EB189A42EAD1260008363000FDF71EFE1C4B226BAE
:2083000019688A4200D91A6093009B189B00E9184A689068E260206146609660EA58A1618E
:208320000132EA50A36B002BCEDBA36B012BCBDCD0231B06A26B1B689A4210D0A36B0D4D45
:208340009B005B599B6B0233BED0A06BFDF72EFB0222A36B52429B005B599A63B4E701210E
:20836000A26B054B9200D150AEE7C046246D002050F00120086D00202CF10120D0231B0659
:208380001B68064A9B009A5810B5002A03D00121034A995010BDFDF7DDFAFBE738F00120A0
:2083A0002CF1012070B572B62C4B1B68002B10D0D0231B0619682A4A88001358002B10D026
:2083C00001331350D0231B061B689B00D358012B00D070BD234B1B68002BFAD1FEF7F2FCB6
:2083E000F7E721480368002B1ED0204BBFF35F8F012002251E4C6070585C28435854D02169
:208400001C48090605680968002D15D0BFF35F8F012020700124585C20435854D0231B06AC
:20842000196888001358CBE7104B5C5CA4070AD40468002CDAD1FBE75D5CED0708D405685F
:20844000002DE3D1FBE70A4C617801316170D6E723788800013323701358B1E7ECF0012080
:2084600038F0012048F001203C0100D028F001202CF00120380100D0F0B5C64600B5050063
:20848000FFF790FF2C4A2D4F1368013313603B68002B25D02A4E2B4A1368013313602A4BFC
:2084A0002A6B19688A4200D91A60280093009B189B00F1184A6808309468EA602C616060F8
:2084C0009060F258A9610132F2503B68002B2ED13B68002B01D0FEF783FD80BCB846F0BD1B
:2084E0001368174E012BD6D1A0239B0098463400B04420001434FDF7EBFC4445F9D1134B71
:2085000098461800FDF7E4FC114C2000FDF7E0FC1048FDF7DDFC1048FDF7DAFC0F48FDF7B2
:20852000D7FC42460E4B1A600E4B1C60B3E72800FEF78AFACCE7C04640F00120ECF00120F6
:20854000246D00204CF0012050F0012084F0012098F00120D8F001200CF10120F8F001205E
:20856000146D00201C6D002010B582B0059C0194049C0094FEF77AFB002807D001235B4226
:208580004360FFF779FF012002B010BD01204042FAE7C04610B582B0069C0194049C00943E
:2085A000FEF764FB002806D0059B4360FFF764FF012002B010BD01204042FAE7F0B5244B95
:2085C00087B06A460293302393810023214C802221480194009302A9FEF748FB002804D016
:2085E00001235B424360FFF747FF2300002504CB1A4E956369463260312219480A7301935E
:20860000009500234F3202A9FEF730FB002810D001277F424760FFF72FFF012263689A63AF
:20862000736000F0D3FC012808D00E4B1B6807B0F0BD012263689A637360F6E772B60A4B4F
:208640001F600A4B18600A4B1D60FDF725FAECE749444C45B4F00120CD710210086D00204E
:208660002D6A0210D0CD0510C4F00120ECF0012020F1012070B50400FFF794FE002C4CD0A2
:20868000260008363000FDF757FCE36A002B03D020001C30FDF750FC424A434D136801333D
:2086A0001360A36B013316D02B68002B14D031003E48FDF71DFC3E4A136801331360A36B01
:2086C000002B02DBA36B012B33DD2B68002B1CD0FEF786FC19E02B68364A1368013B1360F1
:2086E000354B1A681268002A10D01B68DB681A68324B1A602B68002B01D0FEF771FC606BF9
:20870000FDF734F82000FDF731F870BD2B4B013A1A602B68002BF0D1F1E7EFF3108172B6B2
:20872000D0231B061A68264B9200D45881F31088A6E7D0221206A36B1268934216D0A36B80
:208740009A421FD0A36B1E4E9B009B599B6B0233BBD0A06BFDF72AF90222A36B52429B00FC
:208760009B599A632B68002BB2D1CEE7154A9B009A58002A0FD00121134A99502B68002BF7
:20878000A6D1C2E70121A26B0F4B9200D1502B68002B9DD1B9E7FDF7DDF82B68002B97D1C2
:2087A000B3E7C0464CF00120ECF001200CF1012044F0012040F00120146D0020C4F0012085
:2087C000086D002038F001202CF10120F0B5D6464F464646C0B5FFF7E5FDD02109060B68DB
:2087E000494A9A461368013B1360086847494B78013BDBB24B70002B09D1022444490B5C76
:20880000A3430B54BFF35F8F0121424B196013680024002B65D1404B1B68002B61D03F4D55
:208820002B68002B47D03E4B3E4C984600239C4629E06146D962116801391160D86819699C
:208840009A6981604860180057680830874254D011680139116041461A6B09688A4201D949
:2088600041460A6091008A189200A7187968D9608E681E61706088609F61A3580133A3501A
:208880002B68002B0DD0EB68DB68186A596ADA6A81604860180057681C308742C9D151605E
:2088A000C7E7214B1A681268002A28D01B68DB681A681E4B1A601E4B1E4D98461C68534686
:2088C0009F00002C0AD00126FEF716FE002800D0EE51013C002CF7D143461C60EC59631E90
:2088E0009C41154B1B68002B01D0FEF779FB2000E0BCBA46B146A846F0BD5160A8E70B4B6F
:20890000013A1A60D7E7C04648F001202CF0012028F001203C0100D040F00120D8F00120C8
:2089200050F00120246D0020146D0020C4F00120D4F001202CF10120ECF00120044B10B57B
:208940001868002800D110BDFFF740FFFBE7C046ECF0012070B5041E0AD0144D2B68002B77
:208960001AD100212000FEF7DFF82B68002B0ED1D0231B061B680E4A9B009A58002A03D0E9
:2089800001210C4A995070BDFCF7E4FFFBE7FFF71DFF0028ECD0F6E7FEF7BAFA00212000D4
:2089A000FEF7C2F82B68002BE2D0F0E7ECF0012038F001202CF1012080231B060B4370B506
:2089C0004168036082680369C4688A6051605968814232D00022026120001A68E168013A3D
:2089E0001A60A369226908308A6051605968814225D01A68013A1A60124B226B19688A42AC
:208A000000D91A60930010499B189B00CD186A689668E260266170609060CA58A561013230
:208A2000CA50FFF7BFFC2000FEF70EF8074B1B68002B01D0FEF7D4FA70BD5A60CAE75A606A
:208A4000D7E7C04650F00120246D0020ECF00120F8B5194B00201B68002B00D1F8BDFCF7EB
:208A60009DFFD0231B061C681449A2008B58002B02D001338B50F1E7114E124D3368002B78
:208A80000DD0BFF35F8F01220F4B1A702B5D13432B55D0231B061C68A2008B58E9E72F5D7B
:208AA000FF0703D43368002BEBD1FBE7064D2C7801342C70DDE7C046ECF0012038F001209D
:208AC000380100D028F001202CF00120204B70B51B68002B0ED0D020000603681D499B0099
:208AE0005A58002A06D0013A5A5003689A005158002900D070BD1849545818490A78013AE0
:208B0000D2B20A70002A08D10120154DEA5C8243EA54BFF35F8F134B1860D0231B061A687C
:208B20004B78013BDBB24B70002B09D102200C498B5C83438B54BFF35F8F01220A4B1A6054
:208B4000FCF714FF002CD5D0FCF704FFD2E7C046ECF0012038F001202CF101202CF00120C8
:208B600028F00120380100D03C0100D0134B10B51B68002B0ED0D0242406236810499B005A
:208B80005A58002A06D0013A5A5023689A005258002A00D010BD0B490A78013AD2B20A7099
:208BA000002A08D10121084CE25C8A43E254BFF35F8F064B1960FCF7F5FEEBE7ECF00120DC
:208BC00038F001202CF0012028F00120380100D0EFF3108072B6D022120611680D4B8900CF
:208BE000C95880F31088C869EFF3108C72B611688900C9588CF31088096BEFF3108C72B61E
:208C000012689200D2588CF3108820235B1AD3617047C046086D0020EFF3108172B6D0233B
:208C20001B061A68054B9200D05881F31088002802D0436D013343657047C046086D0020A3
:208C4000F0B5DE4657464E464546E0B5CA4B8BB09A46CA4B06AC0393C94B9B46C94B0193D0
:208C6000C94B0593242399465B46D3469A465B461B681E68002E00D0A5E0FEF7C9FBFEF7AD
:208C80002FFC039A04901368834200D9ACE053461B6810601A6853425A41049BF11A019B4F
:208CA0001868FDF79FFEFFF749FE002800D130E1102200212000FAF731F8019B00222100F0
:208CC0001868FDF7D3FC0028D1D02368A068002B71DBA5686B69002B02D0281DFDF72CF942
:208CE000FEF7FEFB039B06001B68984200D2C7E0039B1E602368092BDFD8059A9B00D35815
:208D00009F464B46E85C01234A460343AB546168AA692D618B186B60B34200D9FCE0711A93
:208D20008A4231D8410710D4012398434B46E85428002B6A9847C0E7F31A9A4200D910E170
:208D40002B6A280098473B00AA69D7186F602D61BE42F1D29E4201D2BB42F1D95B46291DB9
:208D60001868FDF7D1F8E3E74B460122EB5C13434A46AB5463682D619A19AB616A60B24236
:208D800000D9CEE0002B98D05346291D1868FDF7BBF892E74B460122EB5C93434A46AB54DA
:208DA0008BE74B46EB5C9A0700D4D6E0012293434A46AB5481E76368E16898472368002BA5
:208DC00000DA7AE785E7DB681E68FEF721FBFEF787FB039904900B68834205D80860864226
:208DE00000D8A4E0002258E75B461B681A68002A3AD0042290460BE0012293434A46AB546D
:208E00002B6A280098475B461B681A68002A2BD0DB68DD681F682B1D18000293FDF78CF86F
:208E20004B464246EB5C1A42E6D0AB692D61DE19FF436E60BB420AD83700FF432B6A280002
:208E40009847AB692D61F6186E60BB42F4D9534602991868FDF758F82B6A280098475B46B6
:208E60001B681A68002AD3D15246594612680A6052461360039B049A1A60FFF75FFD17E7F3
:208E80005B461B681A68002A3CD0029504900BE0012293434A46AB542B6A280098475B461B
:208EA0001B681A68002A2BD0DB68DD681F682B1D18009846FDF740F84B460422EB5C1A42B5
:208EC000E6D0AB692D61DE19FF436E60BB420AD83700FF432B6A28009847AB692D61F6188F
:208EE0006E60BB42F4D9534641461868FDF70CF82B6A280098475B461B681A68002AD3D132
:208F0000029D049E5246594612680A6052461360EEE6FFF733FACBE6B14202D9994200D8C1
:208F200000E75B46291D1868FCF7EEFFC5E6FFF705FD5B461B68DB68DF683D1D2800FCF73D
:208F4000FBFF4B46FB5C5A0711D4012293434A46BB5438003B6A9847AAE62800FCF706FCE8
:208F6000ABE65346291D1868FCF7CEFFE0E6A8463300049D11E0C046106D0020BCF0012058
:208F8000206D002024F10120D4CD0510EB1A9A4214D83B6A380098473300BA693F619E1803
:208FA0007E60AE42F2D9AB4201D9B342F1D945465B4629001868FCF7A7FFCAE7454653464F
:208FC00029001868FCF7A0FFC3E7C04670B584B0FFF7E8F9184C2368002B15D0FFF776FD0E
:208FE00023680020002B0DD0144B8022029301235B42019320330093114900231148D20045
:20900000FFF7C8FA04B070BD0F4E3000FCF760FF0E4D2800FCF75CFF0D4B00221E600D4BB7
:2090200010210A201D60FDF79DF820600028D5D00949FDF74BFCD1E724F1012028F10120CD
:2090400008970510418C02105CF0012070F00120106D0020206D002000970510F8B5454661
:20906000DE4657464E46E0B507002820884616001D00FCF7E9FA041E1BD024230022C25454
:20908000FFF790F91D4B99461B68002B18D0FFF71DFD4346A3610A9B2760E5612362201DA3
:2090A000FCF722FF002E04D024220421A35C0B43A3542000F0BCBB46B246A946A046F8BD9C
:2090C0000F4B9B461800FCF703FF0E4B18009A46FCF7FEFE5A460C4B10211A6052460B4B78
:2090E0000A201A600022FDF73DF84B4618600028CDD00749FDF7EAFBC9E7C04624F101209E
:209100005CF0012070F00120106D0020206D00200097051030B50F4D85B02B68002B04D063
:20912000009101920290052902DD002005B030BDFEF76AFF00232D68022805D000226946C4
:209140002800FDF78FF8F1E769462800089AFDF789F8EBE724F1012030B514001A00022366
:209160000D0085B05B420093054B019069461868002302950394FDF793F905B030BDC046F4
:2091800024F10120F8B50E00EFF3108772B60C4B84009B681D59A94204D00A4B9D420AD21A
:2091A000F8F780FD064B9B681E51BFF35F8F87F310882800F8BD044B9D42F3D3F0E7C04620
:2091C00000ED00E0C0000210D400021010B5044B0022186800210023FDF744F810BDC0460D
:2091E00058F00120012110B5024B49421868FDF7CBFA10BD58F0012070B5D02480251920E1
:20920000F7F722FBAD040022012124061920F7F7C7FA65620520F8F725F8A5616420F8F7CB
:2092200021F865616420F8F71DF870BD10B5044800F0CCFB034B186003685B68984710BD32
:209240002C0600200470002010B501210448FCF7D7FF044B04491860044804F015FF10BDF7
:20926000FFFFFF7F58F00120CD910210E591021030B5154C85B023681B681B69984723689A
:209280001B689969586904F023FF23681B68196AD86904F033FF23681B68D868196904F0B6
:2092A00005FF6A46094B694631CB31C21B680120136005F061F9013001D005B030BD0448B2
:2092C000FBF78EFBF9E7C046047000201CCE051014970510E42010B5800105F067FA040036
:2092E00008482100FBF700FC042C00D110BDE420800105F05BFA044B01001800FBF7F4FB29
:20930000FEE7C0462C9705103C97051030B583B06B469C1D2200D9800621050004F03AFE4D
:209320002100052005F028F980235B00AB402288210013430420238005F01EF903B030BD54
:20934000014B18607047C0469C3C00200022014B1A6070479C3C002010B50E4C2368197BBF
:209360005B685878F7F702FA2368197B5B68D878F7F7FCF9236801225B680021D878F7F78B
:209380000FFA23685B689A7801239340D0221206936110BD9C3C002070B501242200436893
:2093A000D0265B7905009A40360672626420B261F7F758FF6B6864205B799C407461F7F74E
:2093C00051FF70BD10B5F7F7FBF8C04610B5041E1AD00E21415600290CDB0D228256531C47
:2093E00005D011498068FCF767F80E216156A068FBF77CFF0F20205600280BDA1020205651
:20940000002802DA0023236010BDFBF753FFFF232374F7E7FBF74EFFFF231020E37320569D
:209420000028EFDBF1E7C0462CCE0510F0B557464E464546DE46E0B5012687B0040004913C
:209440000E2105939A46330002926156B14F8B40DD43BC469046A9460D254B0080685B185D
:20946000DB00C2186244655703924246D7007A1E676893467A7807689446EA01904652460D
:20948000002A00D1BFE04A46C3183A400260CC331A68A14F0835174042462D033D43154356
:2094A0001D608023039A1B0613601360634632009A401300FCF718F80E20320020568023A4
:2094C000051DAA40A1689B01CB181A6002003700083297401F605B4682008A181361430039
:2094E0001B18DB008D4FCB18D8331F60109F013F17618B4A1A601F22677B3A401A600F2316
:20950000E356884A9E409C46A023DB059E506246920193468026844F76045F443A6832422F
:20952000FCD110220127A2567E4E97409F51A023DB0599467C4B802698469701B94476049D
:2095400047443B683342FCD1784B794ECB181B0DDB00984663468446DB02C444B24633408A
:209560006646F603334311263343AE00B446A026F6055E448B46049FE34437605F4677606A
:20958000029FD202B760F36053461A4021234544ED032A431A4363464D461033CB182B6085
:2095A0004B46059D5D60109D9D60DA60012383400A6813430B600F225E4B80219C46A25668
:2095C00049049201624413680B42FCD11022594B80219C46A25649049201624413680B42D1
:2095E000FCD10E2101206156A3684A005218D2009B18514AD8331A6007B0F0BCBB46B246D7
:20960000A946A046F0BD4A463A400260CC229146C31899444A4617683F4A02351740424631
:209620002D033D4315434A4615608025039A2D061560156035000A1D9540802292018218BE
:2096400015600D0037000835AF405D4617608A0082181561314DD8331D60029D8027013DE7
:2096600015612F4A2F4D1A60E02212021A60624601230096FBF78EFF0E211F206156637B91
:20968000A26818404B005B18DB00D318D83318600F202056A0238640DB055E518601F51810
:2096A000214B7F049C46664433683B42FCD11F4B1F4ED3181B0DDB005B18C0023040DB0302
:2096C00003431120034304982860081D8000101868600298A860EB60012308001D00183096
:2096E00085408B409560280015682B43136093680342FCD00E2101226156A0688A4003680D
:209700009343036063681A78002300930133FBF741FF66E7D01000007F00FEFF206000006E
:2097200040600000440400000C0000500000E0AFFD7F00FF1000005003A0000030B5094D9D
:209740000F2428680123010085B06C44027D113100932300FFF76AFE00222B6820781A758B
:2097600005B030BD9C3C002030B5084C030020680D00010083B0027D11310095FFF756FEAA
:20978000002223681A7503B030BDC0469C3C002010B50520F6F7F6FE030C642003495843AA
:2097A000F8F7FCFB0338FDD210BDC0469A3B0000064B10B51B685B689A7801239340D022BA
:2097C00012065361FFF7E4FF10BDC0469C3C0020F0B545465746DE464E46E0B5704F80467A
:2097E0003C680D00237D85B0032900D1BEE0032B00D1C9E04346002B00D1C2E001260E2123
:2098000032006156A0688A400368934303600D23CC22E35691469C464B005B18DB00C71861
:20982000BA46D1444A4612680297924662460232170303975B4FC318BB4657465A461740EE
:209840003A00039F17433A006746FF013A434F463A60554A370094468022634412061A60B4
:209860001A6032000B1D9A4080239B01C3181A600A00083297408A001F60EB008218013BC1
:209880001361029B494FD8331F606F1E1761484A1A60E02212021A6063685A78012300969D
:2098A000FBF778FE0E211F206156637BA26818404B005B18DB00D318D83318600F23E35669
:2098C0009C46330060468340A0203A4EC005835163469F01384B80269946381876044F447B
:2098E0003B683342FCD16646344BF702D318344E1B0DDB0037405B184646DB033B431127E5
:2099000006600E1DB6003B43961946608560C360012308001D00183085408B4095602800E7
:2099200015682B43136093680342FCD00E2101226156A0688A4003689343036063681A78E1
:20994000002300930133FBF725FE0E216156A3684A005218D2009B181A4AD8331A6005B040
:20996000F0BCBB46B246A946A046F0BD002B00D03DE72000032241461130F9F7D5F925753C
:20998000EDE71148F6F704FE2100002620000023032211310096FFF749FD3C68267529E799
:2099A0009C3C00207F00FEFFD01000002060000040600000440400000C0000500000E0AF00
:2099C000FD7F00FF03A000007C970510F0B5DE4657464E464546E0B5904C83B02368002B62
:2099E00000D0D7E001268E4B606023604078F6F72BFF31006368D0255A782D06914069623C
:209A0000A9619878F6F720FF310063689A789140696269611879F6F717FF6368002118799B
:209A200000228640AE62F6F7BBFE7E4D7E482900FBF788FC002800D1B2E007237A48FF26BC
:209A40000021A0602674E6732373FBF75FFC40B2A073002800DAACE02900A068FBF7B0FCAD
:209A600040B2060008366073704BC001360306431E40B3466E4E6368B446187ADA88000211
:209A800012041043DA78302791008C44664636688246B743674EB046664641440F6036685E
:209AA0000127B4463E00604686430E6059781B78F8209C46C001930203406046C003804643
:209AC000F8204646000306401F2033430600F8200E4080004901014033430B435649C82022
:209AE0001943A36889469846390063469940534B8446434419600E21615656464B005B18EF
:209B0000DB0043449C446046066018004C4ED03006605E46043806604846DC331860012360
:209B200040460097FBF736FD6368217B5878F6F71DFE6368217BD878F6F718FE63680122FC
:209B400018780021F6F72CFE636801211878F6F73BFE0E216156A3684A005218D2009B1870
:209B6000384AD8331A600020FBF7AEFBE0730020FBF7AAFB0F2340B22074E356002B28DBFA
:209B8000002846DB200003B0F0BCBB46B246A946A046F0BD0023002B00D023E70020F2E761
:209BA00029002948FBF7CEFB0028F7D00623264845E70F202056002820DA10202056002809
:209BC00003DBFBF777FBFF232374002300202360D9E70E2161560029F1DB0D22A256531C93
:209BE00010D1A068FBF782FB0F23E356002BE4DB1800FBF75FFBFF23E373DEE7FBF75AFBD0
:209C0000E673DAE72900A068FBF756FC0E216156E7E70E2161560029DFDAE9E708700020D1
:209C2000380600202CCE051000003050FFFFFF9F04C0014004D001400000102438200000F5
:209C40000000831001E000000000205010B501220021122001F01CFC0221122001F050FC4A
:209C6000022200210C2001F013FC01F08DFC01F055FC012200210E2001F00AFC1320F6F72E
:209C8000E3FDD02380221B0612035A629A6110BD10B504F0A3FBC0B210BDC04610B50C2008
:209CA00001F024FC431E9841400010BD10B5002201210B2001F0ECFB00210B2001F04EFCB9
:209CC00010BDC04610B5122001F010FC10BDC046022807D8044B4000C25A01239340D0224D
:209CE0001206D3617047C04648CE051000487047E44D0020F0B5C64600B57B4C7B4B86B0B7
:209D000023600223A61DFF330C2230007849A380F9F70AF801232000A3766423002563778F
:209D20000A225F3B00211F30E5762577A377F8F7F5FF2F23C022E2546E4B200023636E4B77
:209D4000BD3A63636D4B0021A3636D4B5330E3636C4B002723644423E25202337132E554D5
:209D6000F8F7DCFF20000C2267494730F8F7DCFF20000A220021D630F8F7D0FFC723634A12
:209D8000E5540133E250624A0433E250614A0433E250614A0433E252604A0C33E250604A20
:209DA0000433E250862204335204E250FA220433E5500433E5500433E5500433E5500433D0
:209DC000E5500433E55298460233E7540C33E552D2000E33E250C8239B00E0188022002196
:209DE000F8F79CFF8423DB00E01880220021F8F795FFE8239B00E01880220021F8F78EFF3C
:209E00002000213080220021FF30F8F787FF2000A13080220021FF30F8F780FF88239B00D3
:209E2000E01880220021F8F779FFA8239B00E01880220021F8F772FF94234246DB00E55030
:209E4000384B0021E252384BE23AE754374BE018F8F764FF9623DB00E51828220021280060
:209E6000F8F75CFF324B0922E0183249F8F75CFF9B23DB00E218304B304981CB81C21B887A
:209E8000280013802E222923A25CE35C04922D22A25C03922C22A25C02922B22A25C0192F8
:209EA0002A22A25C00923200FAF798FBA023DB00E01820220021F8F731FFA423DB00E0185E
:209EC00020220021F8F72AFFA823DB00E01820220021F8F723FFAC236822DB00E25006B0D9
:209EE00080BCB846F0BDC046E44D00200102020498970510A80B02C0A80B01FFFFFF0001B0
:209F00000188138813C0A80BA497051008080808080000B80B01581B88130000000101014A
:209F20002B2B2B00A4040000AF040000E2040000A6040000B4970510C0970510CC97051071
:209F4000F0B5C64600B5244882B0FBF77DFB041E32D00021204AF8F7E1FE204B01259846A7
:209F60001F4F3A00002101201B4B02F00FF821000120194A01F0FAFF21003800164A2EF032
:209F80003DFD002811D002F0DDF8D02301951B061B78144E00931A23010042463000FF335D
:209FA0000135FAF7A1FD062DDBD12000FBF7DEFB02B080BCB846F0BD02F0C4F8D0231B06B7
:209FC0001B78094C009386230100044A20005B00FAF78AFDECE7C0466405000064CE051092
:209FE000E44D00203C980510E8970510F0B5C64600B5414C01202100404A86B001F0B6FFF8
:20A00000210006220020293101F0B0FFE223E35C002B00D06DE002F095F82E22D026A25C8E
:20A020003606337805922D22A25C354D04922C22A25C010003922B22A25C324802922A22B6
:20A04000A25CFF2701922922A25C00922A00FAF74BFDE269294B12029846120C9A422CD064
:20A0600002F070F8424633680192E26901001202120C3B40009224482A00FAF735FD02F09A
:20A0800061F8336801002A003B402048FAF72CFDFFF730FEFFF754FF02F054F842463368D6
:20A0A0000192E26901001202120C3B40009218482A00FAF719FD00F081FCEE23E35C012013
:20A0C000033B012B01D9FFF7E9FDE823E054114B23800223A370EE33E3581B021A0C01D07A
:20A0E0000D4B1A80012004F03FFD06B080BCB846F0BDFAF725FC8EE7E44D0020640500003F
:20A1000080CE051080980510B8980510EC9805101C990510010200005807002010B5F8F7B1
:20A1200003FE10BD10B5F8F7FFFD10BDF0B5DE46454657464E46E0B5D0258FB008AC2100B1
:20A14000012003F0F1FF01F0FDFF6F4E2D062B78079662790100059222796C480492E2782C
:20A16000B0460392A278029262780192227800923200FAF7B9FC01F0E5FF627A2B7803924C
:20A18000227A634E0292E27901000192A279300000924246FAF7A8FC01F0D4FF5D4E5E4FD9
:20A1A000F26B2B781202120C0100009238004246FAF79AFC01F0C6FF584F424601002B780A
:20A1C0003800FAF791FC01F0BDFF627C2B780392227C534F0292E27B01000192A27B3800EC
:20A1E00000924246FAF780FC01F0ACFF627B2B780392227B4B4F0292E27A01000192A27A50
:20A20000380000924246FAF76FFC01F09BFF627D2B780392227D01000292E27C424801923F
:20A22000A27CFF2700924246FAF75EFC3B239846F35C012B28D04623F35C012B2ED001F0F3
:20A2400081FF3F22B25C2B68944640226446B25C01001202224304924422B25C3B400392F4
:20A2600043229146B25C3148029242229246B25C019241229346B25C0092079AFAF734FC0C
:20A280004346F35C032B1CD02948FAF7A9FB0FB0F0BCBB46B246A946A046F0BD01F052FF9E
:20A2A0003F222B68B55C0132B25C473612022A43010001923B40079A00961E48FAF714FCAD
:20A2C000E2E75B465246F35CB25C13434A46B25C13434422B25C13430AD001F033FF2B687B
:20A2E000154D0100079A28003B40FAF7FDFBCBE701F028FF2B68114D0100079A28003B40CE
:20A30000FAF7F2FBC0E7C04650CE05105899051098990510E44D0020D0990510EC990510CA
:20A32000089A0510389A0510689A0510D89A051098C10510989A0510489B05101C9B051068
:20A3400030B5184C87B02100062268462931F8F7EBFC6D46210004222F31A81DF8F7E4FC68
:20A3600021000E20042233316844F8F7DDFC21000A20042237316844F8F7D6FC21001220F7
:20A380000422C8316844F8F7CFFCC723E35C69465A1E934100200133AB7503F0C5FE07B033
:20A3A00030BDC046E44D00200C4B1B78002B11D00B4B0C4A198891420DD01A88013292B24D
:20A3C0001A801988084A914204D90121074A117000221A80704700221A80F2E750F10120E2
:20A3E00036F10120FFFF0000973A000059F10120F8B557464E464546DE46314BE0B5D7184E
:20A40000FF00CF190C0080461600C16ABC4252D80022230092465A6808339244BB42FAD95A
:20A42000884753468346002B46DD00239946434642469B69D069002B36D0320021009847EA
:20A440000500002D2CDD4346DB6A98474346A94458634346DB6A98475B46C01A194B98427D
:20A4600006D90CE06368AB4210DCED1A0834013EBC42F7D9CA4502DD4B46002BD7DA484634
:20A48000F0BCBB46B246A946A046F8BD002DF1DDA742EFD322685B1B521922606360E9E767
:20A4A000002DD6D0A946D4E74346626821685B6998470500C5E7884700239946DFE7C04652
:20A4C000FFFFFF1F204E0000F0B5CE46474680B593B0002316006A4605000C000593069309
:20A4E0000793D37300283CD000293AD00B78002B3DD10B69002B31D1200007AA06A900F048
:20A50000BBF900282ED12000069905AB08AA00F05FF9002826D12278002A35D108AA059BBC
:20A520000A9262680B930C9227890AA9CF60FF180323022299462369002B08D0D200904670
:20A540004046E268FF180A500A1853604A462800FFF74EFFB8423BD0032003E0CB68002B81
:20A56000CAD1012013B0C0BCB946B046F0BD0120002EF7D00B69002B02D0CB68002BF1D098
:20A580002B68002BB8D1EDE73100280000F0AAF8092819D00028E5D108AB059F0A936368FE
:20A5A0000B970C93238922780AA9FF18CB60002ABED004AB72BA1A800B6102234B61023380
:20A5C000994603220237B6E7A378002BCAD0E3E720780028C6D00F236B4400930022030008
:20A5E0003100280000F096F8BCE7C046031E06D0008D054A904204D0421C1A85704700208E
:20A60000FCE701221A85F9E7FFFF0000F0B5D6464F464646C0B508AC24789A46A446304CCA
:20A620000C19A400245A002C25D14C1E55D40E00A500455B37002600002D03D1013CF7D267
:20A6400000270BE0AA4246D0013C05D3A500455B002DF7D1013CF9D28F423ED25346BF0056
:20A66000C719BB70634600203A80FB70E0BCBA46B146A846F0BD00292FD00023012704003C
:20A68000002599467F422688002E19D17E1C20D001350434A94211D02688002EF8D0BB000C
:20A6A0009846804443461E80668801375E804B462380638001350434A942E4D14C1EB6E7A1
:20A6C0007B1CECD1013504348D42F7D02688002EF8D12F00EEE70920C8E70220C6E7C046CC
:20A6E000FFFFFF3F30B5030083B0101E02D0002902D1012003B030BD002BFAD09D681C68C8
:20A7000001232000009313000A002900FFF77EFFF0E7C046F0B5040083B0002809D008984F
:20A72000002806D0002B07D10A25030000201D7000E0012003B0F0BD01200029FAD0002A9A
:20A7400011D0012B30D0022B2CD10325012A29D1E6680A00606831000095FFF757FF00281B
:20A76000E8D1089BE2E7A6682768002EE2D03800002203E0013204309642DAD004888C42B7
:20A78000F8D18178C5789642D3D001208B42D1D1012B14D0022B0AD1062D03D0072DE0D0AD
:20A7A000012D06D00820C5E70225012AD0D00730C0E707259200BF18089BFD70B6E7062D7C
:20A7C000CFD0072DEED0012DECD10625F2E7C046F0B57F2918D98024E401A1423DD3802495
:20A7E0000026A403A142764106360478012C0FD1082485786D422C4045782C4332252C43F7
:20A8000014700132CCB214E00478012C27D00426023C65426C4108258778A4007F423D40A5
:20A82000477830343D432C4314700132CCB27F290AD98027C9097F423C4314700D00CCB27E
:20A840000132C9097F2DF7D814700189090A51700189002091701E60F0BD0526C5E70824BD
:20A86000857804266D422C4045782C4332252C4314700132CCB2E7E7030070B500282AD057
:20A88000002928D0002A26D04068002823D01C890120002C20D01E691B78251D002B1CD05F
:20A8A000124B01205B1B9E4216D873197F2B16D98024E401A34214D38024A403A34212D347
:20A8C0000B4C641BA64207D803300B600133C0181060002000E0012070BDA51CE0E70120CA
:20A8E000F3E70220F1E70320EFE7C046FEFFFF0FFAFFFF0F10B5074C074A2388D054074BE9
:20A9000020881988013089B2F7F720FB89B2218010BDC04638F10120E03D002060060020BD
:20A9200030B587B0FFF7E2F96D460400A81D02F069FE0E236B44180002F070FE0A236B4421
:20A94000180002F077FE12236B44180002F07EFE2100684606222931FFF7E0FB2000A91D06
:20A9600004222F30FFF7DEFB0E2320006B44190004223330FFF7D6FB0A2320006B44190005
:20A9800004223730FFF7CEFB122320006B4404221900C830FFF7C6FBC723E35C69465A1E29
:20A9A000934100200133AB7503F0BEFB07B030BD10B5FFF79FF9FFF7C3FA10BD0122044BBA
:20A9C00010B500201A7003490932F6F7F5FEFEE760F101200020042010B5044B1B78002B34
:20A9E00000D010BDF6F79AFEFBE7C04660F1012010B501F0A7FBD023074C1B0601001B7888
:20AA00002000064AFAF770F80122054B002005491A70F6F7D1FE10BD749B0510CCCE0510A6
:20AA200060F1012000200420F0B5DE464E4645465746E0B587B0FFF759F9D026050001F0DB
:20AA400081FB36063378804605209946F5F79AFDE04CE14F4B462200414600903800FAF7F7
:20AA600043F801F06FFB3378804606209946F5F789FDDA4F4B462200414600903800FAF73C
:20AA800033F801F05FFBD64FAA1D33780100009238002200FAF728F801F054FB9622D14F93
:20AAA000D200AA1833780100009238002200FAF71BF801F047FB9B22CB4F010038003B27C1
:20AAC000D200AA18337800922200FAF70DF801F039FBEF5DC54ABF00BA58337801000092FE
:20AAE000C3482200FAF700F801F02CFBC14A01009346E8225846AA5CBF4F92008258337870
:20AB0000380000922200F9F7EFFF01F01BFBBB4F0100220033783800F9F7E6FF01F012FB81
:20AB2000C722AA5C01003378012A00D14FE1B44AB44E009230002200D026F9F7D5FF01F0BF
:20AB400001FBB14F36060100220033783800F9F7CBFF01F0F7FA3D22AF5C0132AA5C3378CD
:20AB600012023A4301000092A8482200F9F7BCFF01F0E8FAA64FA74A3378010000923800C5
:20AB80002200F9F7B1FF01F0DDFAA34FA34A33780100009238002200F9F7A6FF01F0D2FA62
:20ABA0008046D82033784001994603F0FFFD9C4F4B462200414600903800F9F795FF01F0BB
:20ABC000C1FA984F0100220033783800F9F78CFF01F0B8FA2A001F3233780192924A010019
:20ABE0000592009291482200F9F77EFF01F0AAFA2200010033788E48F9F776FF01F0A2FA99
:20AC0000E022AA5C01003378012A00D1DDE0894A894E009201962200D0268848F9F764FFB9
:20AC200001F090FA36060100220033788448F9F75BFF01F087FAFF23010022009A46814819
:20AC40003378F9F751FFCD23EA5C994601339846EB5C1B0213436CD001F074FA524633685A
:20AC6000010013404A46AE5C4246AA5C76481202324300922200F9F737FF744E01F062FA28
:20AC8000D0231B0601002200984671481B78F9F72BFFCF23EA5C9A4601339946EB5C1B02AA
:20ACA000134354D001F04EFA4346FF221B68010013405246AA5C674894464A466746AA5CF6
:20ACC00012023A4300922200F9F70EFFE823EB5C042B4DD1604B9846D02501F033FA42466F
:20ACE0005E4F2D062B780100009238002200F9F7FBFE01F027FA5A4A2B780292594A5A4FC2
:20AD000001925A4A0100009238002200F9F7ECFE01F018FA564A01002B783000009222000A
:20AD2000F9F7E2FE07B0F0BCBB46B246A946A046F0BD01F007FA52463368444E13403D4AD4
:20AD40000100009230002200F9F7CEFE96E701F0F9F94346FF221B6801001340354A3000C2
:20AD600000922200F9F7C0FEE823EB5C042BB1D001F0E8F9D0231B060100220099463D4802
:20AD80001B78F9F7B1FE01F0DDF9FF239A464B46010022001B783848F9F7A6FE03F098FFD3
:20ADA0008046002870D001F0CDF94B4652461B68010013404246012A00D18EE12F4A0092B0
:20ADC0002F482200F9F790FE6BE0059A20E72D4AAEE6C046B4CE0510CC9C0510FC9C051099
:20ADE0002C9D0510589D0510849D05103C070020B49D051064060020E09D05100C9E051091
:20AE0000989C05103C9E0510749E0510A09E0510D49E051051C30000109F051052C300000C
:20AE20004C9F0510889F0510A09C0510B89F0510E09F0510A89C051040A005101CA0051066
:20AE400060A0051098A00510C8A005109C9B0510ECA005101CA10510F4A10510F4A30510FE
:20AE60004CA4051054A4051020A405105CA40510B89B051044A1051074A10510C09C0510D5
:20AE8000A8A10510849C051001F05CF94B4652461B6801001340A24AA24800922200F9F75F
:20AEA00023FE01F04FF9D0231B0699469E4A1B780100009290469D482200F9F715FE01F066
:20AEC00041F9E8225F464B469146AA5C01009200BA581B78964800922200F9F705FEEA2252
:20AEE000AA5C944B9200D1589348F9F7FDFDEB22924BAA5C9248995CF9F7F6FDEC22AA5C37
:20AF0000904B9200D1589048F9F7EEFDED228F4BAA5C8F48995CF9F7E7FD4B46EB5C002B56
:20AF200000D1EDE0013B012B00D8CBE001F00AF9D0231B069946010022001B788548F9F72E
:20AF4000D3FD01F0FFF84B46010022001B788248F9F7CAFD01F0F6F84B46010022001B784B
:20AF60007E48F9F7C1FDF123EA5C9B4601339A46EB5C1B02134300D188E001F0E3F84B46BE
:20AF8000FF221B68010013405A46AA5C7448944652466746AA5C12023A4300922200F9F7FD
:20AFA000A3FD01F0CFF8D0231B060100220099466C481B78F9F798FDF323EA5C9B460133E6
:20AFC0009A46EB5C1B0213436ED001F0BBF84B46FF221B68010013405A46AA5C6248944642
:20AFE00052466746AA5C12023A4300922200F9F77BFD01F0A7F8D0231B069946FF239A46D4
:20B000004B4601001B7822005848F9F76DFDF923EB5C012B65D001F095F84B4652461B6801
:20B02000010013403E4A300000922200F9F75CFD01F088F8D0231B069946010022001B78ED
:20B040004B48F9F751FD01F07DF8E3224B46AA5C01001B78012A42D0314F22000097454886
:20B06000F9F742FD01F06EF8E622D023AA5C1B061B780292E522AA5C01000192E422AA5C54
:20B080003D4800922200F9F72FFD25E601F05AF84B46FF221B6801001340214A3000009257
:20B0A0002200F9F721FD7CE701F04CF84B46FF221B68010013401A4A300000922200F9F707
:20B0C00013FD96E7EE23EB5CDA1E012A21D92B4B2B481968F9F708FD28E72A4A6FE6059F93
:20B0E000BBE701F02FF84B4652461B68010013400A3AAA5C244800922200F9F7F5FC97E7CD
:20B10000EE22AA5C1D4B9200D1581D48F9F7ECFC0CE71A4A9B0099581948F9F7E5FC05E7B8
:20B12000A89C0510A8A10510F4A10510C8A10510FCA10510A00600202CA205109C06002013
:20B1400038A20510900600203CA205108C06002040A20510EC9905105CA2051098A20510B2
:20B160001CA10510BCA20510E0A2051008A3051058A3051098A30510B8A3051078060020C5
:20B1800048A20510B49C05102CA3051070B582B0FEF7ACFDC723C35C002B0ED0104B1B7872
:20B1A000012B0CD000F0CEFFD0230E4C1B0601001B7820000C4AF9F797FC02B070BD00F000
:20B1C000C1FFD0231B0605001E7802F04BFA074C0090330029002000034AF9F785FCECE7D9
:20B1E00057F10120ACA405109CCE05106CA40510F0B5D6464F46464603780500C0B5002BDB
:20B2000000D085E0C368002B00D17CE01B051E0D002B00D1A0E07E4B0026984680235B01E3
:20B220009A467C4F7C4C434680221B68FF21180052019946F7F772FD80235B059C4680229F
:20B2400069685201614489194846F7F76DFD012138684942FBF798FA2268EFF3108172B6A7
:20B260001368002BFCD0BFF35F8F616080216868490130182EF000F90023002200213868DB
:20B28000FAF7F0FF22686368BFF35F8F0021116083F310884346EA681868921B524501D9C0
:20B2A00080225201A9688919F7F73EFD012138684942FBF769FA2268EFF3108172B613687B
:20B2C000002BFCD0BFF35F8F80224346686861603018196852012EF0BFF8002300220021C4
:20B2E0003868FAF7BFFF22686368BFF35F8F0021116083F3108880235B019C46EB6866448C
:20B300009E4200D28FE7E0BCBA46B146A846F0BD0121404F49423868FBF736FA3E4C2268C5
:20B32000EFF3108172B61368002BFCD0BFF35F8F61608021686849012EF09EF800230022EB
:20B3400000213868FAF78EFF0CCCBFF35F8F0021116083F31088D6E72D4B2E4F98462E4C8C
:20B36000012138684942FBF70FFA2268EFF3108172B61368002BFCD0BFF35F8F61608021EC
:20B380006868490130182EF077F80023002200213868FAF767FF22686368BFF35F8F00214B
:20B3A000116083F3108880224346A96818685201F7F7BAFC012138684942FBF7E5F92268B4
:20B3C000EFF3108172B61368002BFCD0BFF35F8F80224346686861603018196852012EF0CA
:20B3E0003BF80023002200213868FAF73BFF22686368BFF35F8F0021116083F310888023B1
:20B400005B019C46EB6866449E42A9D37BE7C04660530020645300206853002010B5044897
:20B42000F5F716FC0120FBF707F8024B186010BD685300206453002030B585B0019080206D
:20B4400000236C464001237002910392FAF7FCF88022084D002152012860F7F75FFC0122D7
:20B46000694652420448F6F7E7FA2868FAF77EF905B030BD60530020F1B102100300080043
:20B48000802110B549055918F7F74EFC10BDC04670B5040015000E00F5F7D6F90123D0225F
:20B4A000A3401206002E05D19362012D05D0022D09D070BD5362012DF9D10022012120004F
:20B4C000F5F76EF9F5E7012200212000F5F768F9EFE7C0460123D022834012065361704754
:20B4E0000123D02283401206936170470122D02382401B065B6813405A1E9341D8B2704714
:20B500000B0010B50021032B01D8034AD15C0122F5F76EF910BDC046E4CE051010B5FEF7EF
:20B52000E5FB04000820F5F78FF9D02380221B0652005A62E8349A61E179002900D15A61A1
:20B54000237A012B00D010BD0920F5F77DF9D02380221B0692009A62F5E7C0460A280AD0C8
:20B560000B2800D07047D02380221B061201012907D09A61F6E7D02380221B06D2000129BD
:20B58000F7D15A61EEE7C04610B50A20F5F75CF9D02380221B06D2005A629A61FEF786FB68
:20B5A00010BDC04610B5FEF773FB084B1A78824207D0D02280211206C900012802D09161AF
:20B5C000187010BD51611870FBE7C0465FF10120FA21074A8900138801339BB213808B4212
:20B5E00004D3002313800122024B1A707047C04640F1012054F10120137870B504000E008D
:20B600001500002B09D1C2239B009C466001604403F0CCF8002809D170BD080001F0ECF8E6
:20B62000300000F0B5FF00232B70ECE7200002F03DF9200002F0FAF8EEE7C046F0B5DE46B5
:20B6400057464E464546E0B5DB4BD3B08022002118000B93F7F762FB8022D84B002118002E
:20B6600052010F93F7F75AFBD54B1A00109301235B421360D34B0C93D34B0D93D34B0E9347
:20B68000D34B1593D34B1193D34B0993D34B0A93D34B1993D34B1A93D34B1B93D34B149387
:20B6A000D34B1C93D34B1693D34B1793D34B1F93D34B0693D34B1893D34B1D93D34B1E9341
:20B6C000D34B2093D34B2193FFF786F900F092FA002856D00C9B0B9F9946109B9B46DA46AC
:20B6E000CB460E9B04930D9B0393119B05930F9B0793C2225B46920094461B7899465B0174
:20B700001D0063441800089303F050F853461B780400083583420AD000F014FD4B460100D8
:20B72000099A0A980094F9F7DFF953461C70172C7ED056D8002C63D0132C02D1484602F093
:20B740007FF8012380229C46D200E344E2449446049B203701330493039B01330393059B08
:20B7600004330593079B63440793AB4B9A45C0D11420FDF7EFF8FFF72FF900F03BFA002837
:20B78000A8D10C9B0D9D1C000433994600230E9E0B9F9A462B78BB4637002678002B17D1C8
:20B7A000C2239B009C467001604402F0FFFF002800D085E0013438704C4500D18CE02023D7
:20B7C0009C466B78013526780137E344002BE7D0584601F011F8584600F0DAFE53462B705D
:20B7E000DEE71C2CADD1039B1B78002B53D1089802F0DCFF00285CD10023049A1370A0E7B1
:20B80000BC22002301214846FF3201F073FF814597D100F097FCBC23FF3301000093099AEA
:20B820004B461998F9F760F9484602F009F888E780239B009C466544280002F0B7FFC0072D
:20B8400000D58FE0039B1C78002C00D193E0049B1B78002B47D000F075FC059B1B68129365
:20B8600000231393129B139CC01AA141002906DC00D066E7FA23DB00984200D261E700F0E3
:20B8800061FC4B460100099A1A98F9F72DF9039B1B78002BABD0380000F0AEFF380000F07A
:20B8A00077FE0023039A1370089802F07FFF0028A2D0484601F0FAFF484601F0B7FF9BE7F7
:20B8C000300001F0F3FF300001F0B0FF534601343B704C4500D072E70121159B4942186875
:20B8E000FAF752FFF6E6484603F07AF8002805D1F86804F07DFC002800D122E78022079C25
:20B9000000212000D200F7F709FA2100F868434A04F0A4FC041E00DD88E0002800D162E7D8
:20B920003F4B984200D15EE73E4B984200D148E1802302009A433C4B9A4200D101E700F0A2
:20B9400001FC644201004B46099A21980094F9F7CBF8039A39004846FFF74EFE0023049AA8
:20B960001370EEE60121280002F050FF039B1C78002C00D06BE74B464846229303F030F876
:20B98000002800D1DDE6002120223800F7F7C6F9380022A900F0DAFC002800DAF8E03800C8
:20B9A00000F05AFE002800DA02E10123039A1370049B1C70C5E6C046446C0020405C0020AE
:20B9C000285C00201CCF0510406C00202C5C0020D86C0020305C002008CF0510D4A40510C6
:20B9E00008A5051040A5051090A50510F8CE0510F4A50510E8CE05102CA6051070A60510DB
:20BA000020CF05109CA60510DCA6051008A7051040A7051084A705102C5C0020FF0300008A
:20BA20008087FFFF0098FFFF0097FFFF6E4C1B9A2300C02122A8F8F7E7FD00F083FB6423D1
:20BA40000100149A1C980094F9F74EF8642300259846FEF7C1FF43465E1B22AB3200F86819
:20BA6000591904F0E1FC002800DD8FE08022030093435E4A93422BD0040000F063FB169A1A
:20BA800001006342179801960095F9F72DF800F059FB149A01001F98F9F726F800F052FB1B
:20BAA0004B460100099A1E98F9F71EF8039B1B78002B00D08EE0089802F078FE002800D1FA
:20BAC0003FE6484601F0F2FE484601F0AFFE38E60A20FCF73FFF632DBBD900230293424BC4
:20BAE000029A9E1A80239B009E4200D91E003F4B00259846FEF770FF029B741BE918069B1E
:20BB000022009C46F868614404F08EFC00283BDC030080229343434516D0A046040000F09C
:20BB200011FB42466342010001921798169A0095F8F7DAFF00F006FB029B0100149A18988F
:20BB40000096F8F7D1FFA9E70A20FCF703FFAE42D0D8029B01209C46B44463461C00029357
:20BB6000FCF7F8FE224B9C42B9D900F0EBFA149A01001D98F8F7B8FF0123049A137000F0EB
:20BB8000E1FA059B1860DCE52D18E0E72D18A2E7380000F0FDFC039B1B78002B8BD0380007
:20BBA00000F02AFE380000F0F3FC039B1C7082E7380000F0EDFC39004846039AFFF71CFD3F
:20BBC000BFE500F0BFFA4B460100099A2098F8F78BFFBEE6380000F00FFE380000F0D8FCDD
:20BBE0000023039A137066E7BF1300000097FFFFBE130000014B18787047C0465BF1012077
:20BC0000F8B500F09FFA2A4B2A4E010032001800F8F76AFF032001F009FE0320264901F0C0
:20BC200089FC26480022010000F06AFE03F04AF8042802D0032002F097FF0025204F01F033
:20BC40007BFB04000A20FCF785FE042C27D0002CF5D10135032D12D100F074FA194B0100A5
:20BC600032001800F8F740FF01F00EFB03F02AF8042802D0012002F077FF2000F8BD00F0F1
:20BC800061FA2B00010032003800F8F72DFF01F053FB04000A20FCF75DFE042CD7D100F015
:20BCA00051FA094B010032001800F8F71DFFDDE7BCA70510F4E205102454002021A90210F4
:20BCC00030A805100CA80510E8A70510F0B5DE464E4645465746E0B593B0FEF707F8964BD8
:20BCE000964F0293964B3C780993964B81460393954B964D0493964B964E0593964B0A9326
:20BD0000964B9B460CAB9846954B0793954B0B93954B0693012C19D0022C52D0002C0FD1E9
:20BD2000322407E0013C6420E4B2FCF713FE002C00D1AAE0FFF736FC0028F3D001233B7002
:20BD40000A20FCF707FE3C78012CE5D1C7234A46D35C002B08D000239A463370FFF750FF93
:20BD6000042800D0C1E02C70FEF7E0F9FFF70EFA02233B705B460022002118680023FAF776
:20BD800071FA4146012002F0CFF94046434642464146407A1B7AD279897900900798F8F7FE
:20BDA000A3FE0A20FCF7D6FDCDE701F0C5FA00283FD0FFF7F7FB00280DD0FA20C000FCF79D
:20BDC000C9FD2B78012BF4D13378002BEDD0FFF7E9FB0028F1D1040000F0B4F9029A010074
:20BDE0000698F8F781FE4A463B23D35C9A4600F0A9F9D0231B060100039A1B780498F8F7D8
:20BE000073FE059B3C701C702C70FDF7F5F9FDF72FFAFEF795FA5346042B61D902F052FF75
:20BE200004288DD0012002F09FFE0A20FCF792FD89E7040000F086F9029A01000B98F8F70B
:20BE400053FE4A463B23D35C9A4600F07BF9D0231B060100039A1B780498F8F745FE059B7D
:20BE60003C701C702C70FDF7C7F9FDF701FAFEF767FA5346042B00D962E704210020FDF7D2
:20BE800045FA0A20FCF766FD5DE700F05BF9D0231B0601009A46029A1B780998F8F724FE85
:20BEA0004A463B23D35C089300F04CF95246010013780498039AF8F717FE059A3C70147065
:20BEC0002C70FDF799F9FDF7D3F9FEF739FA089B042B00D924E704210020FDF717FA1FE752
:20BEE00004210020FDF712FA98E700F02BF9029A01000A98F8F7F8FD3B234A46D45C00F039
:20BF000021F9D0231B0601001B78039A0498F8F7EBFD534652463B70059B2A701A70FDF7BB
:20BF20006BF9FDF7A5F9FEF70BFA042CA5D90A20FCF710FD07E7C04604E305105BF10120DC
:20BF40006CA80510E0E205109CA8051057F1012058F1012055F10120C4A80510D86C002069
:20BF6000F8A8051024A905104CA9051010B5002807D0012800D010BD90204003FFF77EFA35
:20BF8000F9E792204003FFF779FAF4E710B50400080011001A00072C06D80D4BA4001B590B
:20BFA0009F460C48FFF748FA10BD90204003FFF743FAF9E70848FFF73FFAF5E791204003EE
:20BFC000FFF73AFAF0E792204003FFF735FAEBE71CE305100030120000101200D0B5012650
:20BFE00000273F4A3F4C13683F4901331360238801339BB223800A684B6892197B410A6097
:20C000004B6002F06BFEFEF7CFF9FFF7E1FA2288364B9A4228D8364C23783B2B1CD8354B8E
:20C020001A783B2A10D8344B1A78172A06D900221A70324A138801339BB21380304C237802
:20C04000002B38D10120D0BD00221A702A4B1A780132D2B21A70E7E700232370254B1A7884
:20C060000132D2B21A70DBE700232380204C23780133DBB2237001F0BDFA01F0F9FA2149A6
:20C0800002200A684B6892197B410A604B601E490A684B6892197B410A604B60FDF718FECB
:20C0A00000F0B8FB0128B7D102F00CFE0128B3D1FEF792FCB0E7154E336801333360FDF7B0
:20C0C00001FE002808D1124B32689A42BAD9FEF76FFCFEF773FCB5E7002323703360B1E7B9
:20C0E000E04D00203EF10120C80E0020E603000062F101205EF101205CF101203AF1012026
:20C1000053F10120D00E0020400D0020585300208713000000B585B0F4F7A8FF064B074ACC
:20C12000029300230193064B009301235B42F5F79BF905B000BDC046E010002018FCFFFFF4
:20C14000DDBF0210014B186859687047C80E0020F0B54E464546DE465746E0B52F4B83B030
:20C1600001931B7881468846022B4CD0032B51D0002928D02A4B00269A467F2320259B4607
:20C18000284C4B469F5DFDF7B1FDE830C378012B03D0002B01D15B461F40FEF71DFC534606
:20C1A00002229B5EBB4216D0A3691D42FCD127600136FEF711FCB045E3D8019B1B78022B7B
:20C1C00018D0032B0DD0404603B0F0BCBB46B246A946A046F0BDA3691D42FCD10D23236021
:20C1E000E2E708220F498B691A42FCD10720FFF771F9E8E708220B498B691A42FCD10720BF
:20C20000FFF76EF9DFE70720FFF764F94346002BB0D1D2E70720FFF763F9F7E762060020B4
:20C220002070002000800340F8B5DE46454657464E46E0B5894692469B46C5B2FFF782FFF3
:20C2400080460AE00A20FCF785FB4646FFF77AFF0027801BB9418C4215DD280002F0C0FB45
:20C26000041EEFD050450CD849462800A2B201F007FC00280DDBF0BCBB46B246A946A046DB
:20C28000F8BD5446F0E78C4201D18345E5D80248F1E70248EFE7C0460098FFFF0097FFFFE0
:20C2A000F8B5C7B2040038000E00150002F098FB002809D0A8421AD882B23100380001F009
:20C2C000DFFB00281BDBF8BDFF231C40C2239B009C4664016444200002F068FA1C2804D038
:20C2E000200002F063FA002809D10020EBE72800310082B2380001F0C3FB0028E3DA014839
:20C30000E1E7C0460097FFFF10B592B20400C0B201F016FB002800DB10BDFF231C40C22306
:20C320009B009C4664016444200002F03FFA1C2804D0200002F03AFA002801D10148EBE7B5
:20C340000148E9E7808DFFFF8097FFFFF0B585B004000E0020F0B4FB051E00D0AAE0DC2080
:20C36000F9F772F96060A0204000F9F76DF9A060DC20F9F769F9E0608C20F9F765F9206143
:20C38000CA204000F9F760F96061CA204000F9F75BF9A0610820F9F757F9A368E061002B1B
:20C3A00000D17CE0E368002B00D178E02369002B00D174E06369002B00D170E0A369002B86
:20C3C00000D16CE0002800D169E06068002800D165E00C2515F094FCA06814F071FFE0686E
:20C3E00004F022FC206905F08FFB60690DF038FCA0690DF035FCE06918F0D8FB6268A068FC
:20C400004F4B00954F4914F0B9FF051E5CD14E49A0694E4A0EF088F9051E00D068E0A3684C
:20C42000E069029300234A4F4A494B4A0197009319F070FE051E51D1002300220121206963
:20C4400005F068FB051E5DD1444B20690021036004F04CFCA2683900206904F04DFCFA2137
:20C460002069C90004F056FCE269A169206904F08FFC051E50D12169E06805F0FBF9051EA5
:20C4800054D1FF213068364B20700140E068354C354A009404F038FC012005B0F0BDFFF7F0
:20C4A00051FE324B0100324A1800F8F71DFB01204042F2E7FFF746FE2E4C01002B00200098
:20C4C0002B4AF8F711FBF2E7FFF73CFE2A4C0100274A20006B42F8F707FBE8E7FFF732FE48
:20C4E000264C0100224A20006B42F8F7FDFADEE7FFF728FE224C01001D4A20006B42F8F737
:20C50000F3FAD4E7FFF71EFE1E4C0100184A20006B42F8F7E9FACAE7FFF714FE1A4C0100D5
:20C52000134A20006B42F8F7DFFAC0E7FFF70AFE164C01000E4A20006B42F8F7D5FAB6E781
:20C5400014AF0510B51D041044EA0510DD050000251504107CE30510C5060000030303035F
:20C56000A1C2021029C2021009C30210CCAE051068E30510E0A9051040AA05106CAF0510AF
:20C5800024AF0510B4AF051000B0051048B0051010B50400FFF7D6FD2D4B01002D4A1800CF
:20C5A000F8F7A2FAE068002801D005F037FA2069002801D005F022FBA068002801D014F0F0
:20C5C00093FE6068002801D015F0BAFB6069002801D00DF04DFBA069002801D00DF048FB06
:20C5E000E069002801D018F0E5FA6068002803D0F9F7BCF800236360A068002803D0F9F7D2
:20C60000B5F80023A360E068002803D0F9F7AEF80023E3602069002803D0F9F7A7F80023D2
:20C6200023616069002803D0F9F7A0F800236361A069002803D0F9F799F80023A361E0694E
:20C64000002803D0F9F792F80023E36110BDC04688B0051058E30510F0B5DE46454657469D
:20C660004E468046E0B58DB0FFF76CFD43461B7881469A460500FFF765FD544B01001A0055
:20C680000993534B1800F8F72FFA5346C2229B0092009B46534694465B0163440A934D4BFA
:20C6A0000B934346D86804F02FFF041E3AD0FEF793F9802322009A43474B9A4212D0FFF75C
:20C6C00041FD464D0100099A28006342F8F70CFA0124644220000DB0F0BCBB46B246A946E7
:20C6E000A046F0BDFFF72EFD2E000027801BB94100292ADC25D0FFF725FD4B460493002315
:20C700000593049B059CC01AA141002940DC002957D00A20FCF71EF94346D86804F0F4FE0D
:20C72000041EC4D1FFF70EFD43460600D86804F0E3FC2B4D030031002800099AF8F7D4F96C
:20C74000C8E7FA235B009842D5D3FFF7FBFC08900A9802F02BF80500504602F041F9524695
:20C76000634208990290019500920B98099AF8F7BBF9FFF7E7FC0500FFF7E4FC4B460693F2
:20C7800000230793069B079CC01AA1410029BEDDFFF7D8FC5B460500D800C2239B009C466E
:20C7A000604402F003F80600504602F019F90D4C0190534629002000099A0096F8F794F9C7
:20C7C00086E7094B9842A4D9E2E7C0463CE30510A4B0051024B105100097FFFFE0B00510B1
:20C7E000C4B105106CB105108713000010B5C06803F01AFE10BDC04670B50400044DFEF7A9
:20C80000EBF8E06803F052FEA842F8D070BDC0468097FFFF014B18687047C04654F00120C2
:20C82000F0B50E0015001F0083B0002A0ED00024F8F70EFD2A1B01903019042A00D904226C
:20C8400001A90434F6F770FAA542F1D800203D6003B0F0BDF02010B504220849000102F093
:20C8600051F8A02004220649C00002F04BF8802004220449400002F045F810BD103B00208B
:20C88000143B00200C3B002010B58021002001F0BDFF002001F08AFF9020062202490001D1
:20C8A00002F030F810BDC046F43A002010B58021002001F0ABFF002001F078FFF02004225E
:20C8C0000B49000102F01EF8A02004220949C00002F018F8802004220749400002F012F8AF
:20C8E000902006220549000102F00CF810BDC046103B0020143B00200C3B0020F43A0020B9
:20C9000070B5094B094D0A4C2B600A4B0A4E23600A4B1E60002800D02860002900D021606A
:20C92000002A00D01A6070BD55C80210F8060020F4060020ADC8021089C80210F0060020EF
:20C94000902010B582B069460622000101F090FF154B00211C68154B20002360144B22301F
:20C960001B681BBA636080231B04A3600023E36023616361A3610F4B1A689B88E26123843C
:20C980000A22F6F7CBF92000402200212C30F6F7C5F92000802200216C30F6F7BFF9EC23DD
:20C9A000054AE25002B010BDF46C002001010600043B0020F43A002063825363F0B54E466E
:20C9C0004546DE465746E0B591B0FFF7B9FF0022924B934E1A60934B35781A60924B934A6E
:20C9E0001C68F023E25008220433FF32E252904BDA78188891469A88110A8C46D1B28846A4
:20CA0000F62160525988F823E1520233E2520C220233E252002D00D1E1E0EA3B1800010021
:20CA200022181139EC3289B21570755C01339BB2002DF3D1051DAAB2CD1D0631C9B20691A0
:20CA40000100083189B207910100093189B2089101000A3189B2099101000292421D92B271
:20CA600003920B31821D92B289B204920A91C21D010092B2551B05950F250C3189B20B9120
:20CA80000100AA460D3189B2824455460C910100871CC61C0E31ADB21030BFB2B6B289B2B6
:20CAA0000D9580B24D462D09AB4637255D44AA464D469F2D02D830255D44AA465546E31846
:20CAC000EC331D704D460F232B403725A9469944092B02D8073DA94699444B46E719EC3780
:20CAE0003B7043461F093B00454637339F2D00D8073BA619EC36337045460F232B401E00FA
:20CB00003736092B01D830331E00029BE5186346EC352E701D092B00664637339F2E00D80C
:20CB2000073B039D6519EC352B7065460F232B401D003735092B01D830331D00049BA21822
:20CB4000E318EC331D70059B069DE318EC331D703723EC32137006220125079B6118E318E5
:20CB6000EC331A70089BEC31E318EC331D70099B0235E318EC331D700A9BE318EC331A70DA
:20CB80000B9B0932E318EC331A700C9B2B32E318EC331A703B230B700D9BC532E318EC33D6
:20CBA0001A703932904206D2121AEC30002192B22018F6F7B3F801235B420F931D4B8922E3
:20CBC000187843232100009392000FAB00F0DEFF11B0F0BCBB46B246A946A046F0BD202367
:20CBE0000D93023B0C93013B0B93013B0A93013B0993013B0893013B0793133B06930B335C
:20CC0000059306330493013B0393013B029321201F21182214261327033B43E7003B002017
:20CC2000FC060020FC3A0020F46C00203501013DF43A002048F10120F0B5DE4657464E46E6
:20CC40004546E0B595B0FFF77BFEDE4B1C68DE4B1B78033B012B00D85CE10123FF2113AF12
:20CC60005B423B80BB70F023D84AF970E25008220433FF32E252D64BDA781D8892469A8889
:20CC8000100A8046D0B28146F62025525888F823E0520233E252FF2900D148E1222323209E
:20CCA0001225112210261193013B1093013B0F93013B0E93013B0D93013B0C93013B0B9305
:20CCC000013B0A93013B0993013B0893013B0793013B0693013B0593013B0493013B0393A8
:20CCE000013B0293013B0C21A619EC36A218317016000021EC363170B64E3178002900D11D
:20CD000053E16219EC32117071786B1C002900D149E1E318EC331970B178AA1C002900D1A5
:20CD200046E1A218EC321170F178EB1C002900D141E1E318EC33197031792A1D002900D159
:20CD40002EE1A218EC32117071796B1D002900D133E1E318EC331970B179AA1D002900D15D
:20CD60002DE10720A218EC32EB1D11705D1CAAB2991C02928AB20392DA1C92B204921A1D27
:20CD800092B205925A1D92B206929A1D92B21500811D0792C21DD81D8B4681B2013008917C
:20CDA00081B20130099181B201300A9181B201300B9181B201300C9181B201300D9181B240
:20CDC00001300E9181B201300F9181B20130AA1A109181B20130119180B2A218514609091B
:20CDE0000E00514637369F2900D8073EE318EC331E7051460F230B401E003736092B01D8E8
:20CE000030331E00029B4946E5184B46EC352E701D092B0037339F2900D8073B0399611866
:20CE2000EC310B7049460F230B4019003731092B01D830331900049B4546E318EC33197077
:20CE4000434619090B0037339F2D00D8073B05996118EC310B7041460F230B401900373198
:20CE6000092B01D830331900069BEC32E318EC3319705B4613703722079B0021E318EC336D
:20CE80001A70089B2F3AE318EC331A70099B073AE318EC331A700A9B0232E318EC331A7052
:20CEA0000B9B0332E318EC331A700C9B0932E318EC331A700D9B2B32E318EC331A700E9B1B
:20CEC0000132E318EC331A700F9B1C3AE318EC331A70109B0232E318EC331A70119BDE3298
:20CEE000E318EC331A703932121AEC302018F5F715FF394B89221878432321000093920038
:20CF00003B0000F043FE15B0F0BCBB46B246A946A046F0BD00236381304B13AF1B68E360AF
:20CF20002F4B1A883A809A78BA70D9789BE62D4A0233E252FE22294B2F2019881E25A15273
:20CF40005A8880235B00E252274A0233E252244B1C261A6882235B00E250D63B1193013B8D
:20CF60001093013B0F93013B0E93013B0D93013B0C93013B0B93013B0A93013B0993013BD5
:20CF80000893013B0793013B0693013B0593013B0493013B0393013B02931D22013BA2E6FE
:20CFA00013000420E2E60120E0E606218B4615E713000220DAE60320D8E60520D6E61300CD
:20CFC0000620D3E6F46C00204FF101203501033DF43A0020FC06002048F10120103B0020E6
:20CFE000003B0020320400003604000010B584B0FFF7A6FC204B214A1C6800236381F03351
:20D00000E2500822F6210433FF32E2521C4B18889A8860525988F823E1520233E252194A2B
:20D020000233E252FE22184B200019880A30A1525A8880235B00E252144A0233E252144BDC
:20D0400000211A6882235B00E250FF220433E254FF301C32F5F762FE01235B4203930D4BF5
:20D0600089221878432321000093920003AB00F08DFD04B010BDC046F46C00203501043D23
:20D08000F43A002032040000103B002036040000003B002048F10120F0B5DE4657464E46B8
:20D0A0004546E0B56E4C89B0207801F099FC021E07D1002009B0F0BCBB46B246A946A046F4
:20D0C000F0BD02AB9C4620780E24664D6444296806AB009400F024FE238802000020432BCC
:20D0E000E8D12B6860491C7F08788442E1D15C7F48788442DDD19C7F88788442D9D1DC7FB3
:20D10000C8788442D5D120201C5C08798442D0D121204979185C8842CBD1544C61782578D0
:20D120008C466946087E6146A778E6782943394331436BD192B219009A18069B4C489B4607
:20D14000002399464B4B844603934B4B4B4D9A464B4F4C4EF03191427FD20878362851D849
:20D16000800028588746487802300918F3E78878039B2070C87860700879A070487906312E
:20D18000E07058461860E6E7887803318146E2E7534688781860CB78000298460B7940445C
:20D1A00098464B7900024044984653460002404418600631CFE760464B7898468B78037028
:20D1C000CB7843700B7983704B79C370404602300918C0E78B7848783B70CB7802307B709D
:20D1E0000B79BB704B790918FB70B4E788783070C87870700879B07048790631F070AAE74B
:20D200000131A8E7FF28AED11100A4E7854217D018490D78854200D04BE702A8457C487883
:20D22000854200D045E702A8857C8878854200D03FE702A8C07CC978884200D039E779E782
:20D2400002A9497C6145E3D102A9897CB942DFD102A9C97CB142DBD16CE74B4658B229E71C
:20D2600048F10120F46C0020F43A0020003B0020083B0020FC3A00200807002024F005101A
:20D280000C3B0020143B002010B5044B187800F0CDFA0622024B1A7010BDC04648F1012031
:20D2A0004FF10120002370B51F4CE356012B13DD0023FD221D4DEB56991E114228D0012BEA
:20D2C0002AD1002300202B7000220A21184B22701A60184B19601AE0154D164E2A683168F2
:20D2E000914213D2FD21114A127852B2901E084214D0012A03D1FFF761FB0023E3560022C4
:20D300002A602A6801330A3232602370012070BDFFF754FB01232B700120D5E7FFF78CFCAF
:20D320000023E356EBE7C0464EF101204FF101204853002004070020002370B56D4C82B0DF
:20D34000E356062B25D0C2239B009C466A4D28784001604401F02AFA222809D1FFF79CFE07
:20D360002378C6B2042B11D8644A9B00D3589F46002344220221287800F0BCF9EEE7002241
:20D380005F4B1A60FFF71AFB01232370012002B070BD0520FBE75B4B1B685A1C04D05A4D86
:20D3A0005B082A68934222D30420F0E7052E33D0062E48D0FFF776FFE9E7022EFAD1534A5E
:20D3C0004F4B126812691A60FFF736FC2670DDE7052E44D0062EEDD100220A214A4B1A602D
:20D3E0004B4B19604B4B1A7001232370CEE7444A494B12681A60494A136801331360FFF7D1
:20D400001BFC0A210022424B04201960414B2A601A7004232370BAE700233E4D3E4A2B70B2
:20D42000374B10781978884247D03D4B1B689847032000220A21344B2A701A60344B19608B
:20D4400003232370A3E700220A212F4B04201A602F4B19602F4B1A700123237097E7D82000
:20D46000400101F0A3F90600D8200321400101F0CDF92C4A28782C490092214B112200F018
:20D4800085FB0500D8203100400101F0BFF90D3521D0FFF7ABFD1C4A116813685B1A012B28
:20D4A000FBD9002515600A22194B1A60194B1D701E4B1B689847257068E7507859788842F1
:20D4C000B3D1907899788842AFD1D278DB789A42ABD10420ADE7164B1B68984700220A21A8
:20D4E000094B1A600A4B19600A4B1A70032323704CE7C0464FF1012048F1012000F10510FE
:20D50000103B00200807002048530020F46C0020040700204EF10120183B0020043B0020D9
:20D52000F40600208813000004B20510F0060020F8060020F0B5060090200023234C062222
:20D5400083B000010D002100019301F091F967782378E2783B43A77820793B4361791343A2
:20D5600003430B4325D01A4B1A4C1E701A4B1D601A4D1318AC464240F02063444A405B182D
:20D580009B1801A904220001236001F0BBF9802001A90422400001F0B5F900230A21104AE8
:20D5A0001360104A1160104A1370104A137003B0F0BD90200E4A2100226000010622A3801C
:20D5C00001F0A0F9E27820796179CCE7F43A002048F10120043B0020F46C002078563412A6
:20D5E00048530020040700204EF101204FF101200008DC00024A1368013313607047C04675
:20D6000048530020044B1A7802705A7842709A788270DB78C3707047103B0020044B1A78EB
:20D6200002705A7842709A788270DB78C37070470C3B0020044B1A7802705A7842709A7863
:20D640008270DB78C3707047143B0020044B1A7802705A7842709A788270DB78C370704714
:20D66000083B0020014B18687047C04608070020024A1368013313607047C0464C530020A5
:20D68000F8B545012E000935FF35070010212800083601F0BBF8280001F088F8041EFAD12F
:20D6A00080239B00F0181F2101F0B0F80123BB400C490A889A430A800B490A889A430B4BC5
:20D6C0000A807A00D4520022094BDA55C0239B009C466644300001F069F80028FAD10130CB
:20D6E000F8BDC04644F1012046F10120F46F0020EC6F0020F0B505000C0016001F0083B0A5
:20D70000082800D980E0012958D08B1E022B00D969E07B0764D4002F01D0022966D0280013
:20D72000FFF7AEFF0F2239006B01914321431C000834200001F06AF8002E07D1344A35496B
:20D740001688731C9BB28B4259D01380310AF6B28023DB00E01801F059F8A0233100DB005C
:20D76000661CE018FF3601F051F80121300001F04DF8300001F01AF80028FAD101231900D5
:20D780003B40A940AB40244E32888A431343234A338013888B431380214B6A00D0520022B5
:20D7A000204B5A55C0239B009C466444200000F0FDFF0028FAD068B203B0F0BDF020042299
:20D7C000000101A901F054F80320019B4042002BF2D07B0704D4002FA1D021233B429ED109
:20D7E00006204042E8E705204042E5E730233B4200D194E77BB2002B00DA90E7F0E70A4B4E
:20D80000EF26FF211380A3E701204042D4E7C0460C070020F0FF000044F1012046F1012082
:20D82000F46F0020EC6F002000C0FFFF10B5082802D90120404210BDFFF722FF0120FAE7D3
:20D8400070B50500082828D844010834200000F0ADFF0F230340012B19D1C0239B00E6182A
:20D86000300000F0A3FF132814D10134FF340221200000F0CBFF200000F098FF0028FAD1C7
:20D88000300000F093FF14280AD1133870BD05204042FBE703204042F8E701204042F5E7BB
:20D8A0002800FFF7EDFE04204042EFE7F8B5060008283ED845010835280000F077FF0F23A7
:20D8C0000340012B32D16C1CFF340821200000F09DFF200000F06AFF0028FAD101210800B0
:20D8E000B040154B1A8882431A80144B1B883341194213D1C0239B00EF18013BFF3BEC1823
:20D90000082504E0200000F051FF054208D1380000F04CFF0028F5D10130F8BD0020FCE72C
:20D920003000FFF7ADFE0D204042F6E705204042F3E701204042F0E746F1012044F10120E1
:20D94000F0B54546DE4657464E46E0B583B0050014000191082800D984E00822914643011D
:20D960009944484600F022FF0F230340012B00D07EE0002C00D178E0C0239B004B441800E2
:20D98000984600F013FF172801D01C2856D13A4B01279B461B882B411F4237D1AF40F8201F
:20D9A0004001484400F002FF8002061C80B2A04200D9261C314BB6B29A46280000F0E2FF19
:20D9C0000400404600F0F2FE172801D01C2832D153461B881F422BD0B44221D34C4601343D
:20D9E000280001993200FF3401F028F82021200000F00CFF200000F0D9FE0028FAD15B4618
:20DA00005A461B8830003B4313800AE08026B6004E44300000F0CAFEC30612D400071BD41D
:20DA2000002003B0F0BCBB46B246A946A046F0BDB442C2D3D2E72800FFF722FE07204042C1
:20DA4000EFE71021300000F0E1FE5B46AF405A461B88BB431380A2E72800FFF711FE0D2079
:20DA60004042DEE701204042DBE70E204042D8E705204042D5E7C04646F1012044F1012074
:20DA8000F0B54546DE4657464E46E0B583B0050014000191082800D970E046010836300080
:20DAA00000F084FE0F230340012B6AD1002C62D0F0235B01F01800F079FE8002031C80B209
:20DAC000A04250D89BB29B46C0239B0098462E4B01279946F8235B019A46AF40B044B24402
:20DAE000280000F07DFF0400404600F05FFE172819D01C2839D1002C1BD1280000F042FFD4
:20DB00000400504600F052FE800284422DD04B461B881F42E4D0002003B0F0BCBB46B24625
:20DB2000A946A046F0BD4B461B881F4218D0002CF1D0221C5C4500D95A4694B201362800FC
:20DB400001992200FF3600F0B3FF4021300000F05DFE300000F02AFE0028FAD12000DBE739
:20DB6000002CBDD0E5E7231CACE72800FFF788FD07204042D0E70E204042CDE70120404244
:20DB8000CAE705204042C7E744F10120F8B54546DE464E465746E0B51C006B461B8D05008D
:20DBA0008B4616009846082800D9AEE047010837380000F0FBFD0F230340023B022B00D9AA
:20DBC000A6E0002E00D1A6E0637822781B021343A27812041A43E3781B06134300D182E0C0
:20DBE0004346002B00D170E0C0239B009946B944484600F0DBFD42280BD0EF2318402228A7
:20DC000007D007204042F0BCBB46B246A946A046F8BDC0231B010422F818210000F072FE9F
:20DC20004346190A80235B01F81800F0EFFD4346D9B288235B01F81800F0E8FDF8235B01D6
:20DC4000F81800F0B3FD8002031C80B2B04245D89EB20123AB409846304B9A46280000F082
:20DC600091FE0400484600F0A1FD002838D0534642461B881A4225D0B4423DD37C1C594673
:20DC800028003200FF3400F0D9FE2021200000F0BDFD200000F08AFD0028FAD180239B005D
:20DCA0009C4610240825674401E0054226D1380000F07CFD0442F8D03800102100F0A6FDAC
:20DCC0003000A0E7B442C9D3D8E7380000F06EFD400700D588E70B20404294E7331CB7E709
:20DCE000042040428FE7380000F060FD400700D576E70C20404286E7002084E73800082103
:20DD000000F084FD0D2040427DE7012040427AE70520404277E70E20404274E744F1012015
:20DD2000F0B54546DE4657464E46E0B589B005001400039104920593082800D914E1430173
:20DD4000083318001E00029300F030FD0F230340023B0190022B00D90AE1002C00D10BE183
:20DD6000874A93466A0092465A465146535A002B5AD1C0229200330094466344984601274F
:20DD8000804BAF4099464346B8461F00280000F027FE04000600380000F008FD002800D1D7
:20DDA0008DE04B4642461B881A4200D183E0002C00D188E00723019A1340032B00D185E0C9
:20DDC000042B00D1A6E0022B00D0A1E05B465246029F9B5A0137FF37002B40D106AC2100F3
:20DDE0002800082200F064FE4021380000F00EFD380000F0DBFC0028FAD1059A237813703C
:20DE000063785370A3789370E378D370A388129A5BBA1380E2885946504652BA93B20A52DD
:20DE20008022594C62551BE0072201990A40032A12D0042A10D0022A0ED00023002698468E
:20DE40003100280000F06EFE5B465246029F4E4C01379E52FF370FE0029F0137FF374A4CA7
:20DE6000049A161C9A4200D91E1CB6B232002800039900F01DFEB0464021380000F0C6FC39
:20DE8000380000F093FC0028FAD152465B4651469B5A5A469B1B9BB25352002B02D00123AA
:20DEA000605D18436055404609B0F0BCBB46B246A946A046F0BD002C00D167E77AE704235C
:20DEC0005B429846EFE700239846ECE75B465246029F9B5A0137FF37002BC0D106AC210051
:20DEE0002800062200F0E4FD4021380000F08EFC380000F05BFC0028FAD1059A23781370BF
:20DF000063785370A3789370E378D370A28882E7A04695E75B465246029F9B5A0137FF3775
:20DF2000002B9CD106AC21002800022200F0C0FD4021380000F06AFC380000F037FC00280B
:20DF4000FAD162782378023A1B029B1851465A469BB253520D4A934200D861E72800FFF7E2
:20DF60008FFB0B4B98469EE701235B4298469AE705235B42984696E70E235B42984692E7F9
:20DF8000F46F002044F10120EC6F0020EA05000017FCFFFF10B5140008284ED807294FD8A7
:20DFA000294B89005B589F4611781F2948D8274B40019C46604400F029FC012010BD234B31
:20DFC00040019C46604400F0F1FB1F2303402370F3E71F4B40019C46604400F0E7FB800227
:20DFE0002080EAE71B4B4001F5E71378012B1ED0002B25D101218140174B1A888A431A8019
:20E00000DBE7154B1A880123024113402370D4E711781F2914D882239B009C464001604470
:20E0200000F0F4FBC9E7822340019B00C9E78340094A11880B431380BFE701204042BDE7A3
:20E040000A204042BAE7C04614F10510082C0000081F0000081E000044F101207047C046BF
:20E060000078C0B27047C04601707047002070477047C0467047C0467047C0467047C04606
:20E080007047C0467047C046002805D0002903D0034B1961D860704702490348F8E7C046DB
:20E0A000100700207DE002105DE00210002805D0002903D0034B9961586170470249034824
:20E0C000F8E7C0461007002085E0021081E00210074B1A88920500D4FEE7002804D00029D1
:20E0E00002D01962D861704702490348F9E7C0461007002071E002106DE00210074B1A887A
:20E10000920500D4FEE7002804D0002902D099625862704702490348F9E7C0461007002099
:20E1200079E0021075E0021070B50C00052800D989E0464B80001B589F46D820097840014A
:20E1400000F064FBC82061884001090A00F05EFBD020A178400100F059FB002070BDD8202F
:20E16000400100F023FB2070C820400100F01EFB0500D020400100F019FB2D0240196080EC
:20E18000EBE790200622000100F0BCFB2100802004220E31400000F0B5FB2100A020042220
:20E1A0000A31C00000F0AEFBF0200422A11D000100F0A8FBE37CA27C1B021343227D244947
:20E1C00012041A43637D1B0613430B60A27D214B1A70C2E790200622000100F049FB21001E
:20E1E000802004220E31400000F042FB2100A02004220A31C00000F03BFBF0200422A11D91
:20E20000000100F035FB124B1A78A2745A78E2749A782275DB7863750E4B1B78A3759CE755
:20E220000C783A2322009A430DD1002000F0BEFA0443E1B2002000F0E9FA8EE7002000F006
:20E24000B5FA207089E70120404287E734F10510203B002049F10120902000B587B004A9A5
:20E260000622000100F004FB802001A90422400000F0FEFAA02002A90422C00000F0F8FABB
:20E28000F020042203A9000100F0F2FA8021002000F0BCFA002000F089FA902004A9062240
:20E2A000000100F02FFB802001A90422400000F029FBA02002A90422C00000F023FBF02010
:20E2C000042203A9000100F01DFB07B000BDC046F8B504000E00FFF7BFFF002C38D0002220
:20E2E000A2562378102A00DD6FE062789B18DAB25BB2102B69DCA378D318DAB25BB2102BA5
:20E3000063DCE378D318DAB25BB2102B5DDC2379D318DAB25BB2102B57DC6379D318DAB28A
:20E320005BB2102B51DCA379D318DAB25BB2102B4BDCE379D21852B2102A46DC244D254FDB
:20E3400028002178203500F061FA0134BD42F7D1002E38D00022B2563378102A35DC727820
:20E360009B18DAB25BB2102B2FDCB378D318DAB25BB2102B29DCF378D318DAB25BB2102BF2
:20E3800023DC3379D318DAB25BB2102B1DDC7379D318DAB25BB2102B17DCB379D318DAB2D9
:20E3A0005BB2102B11DCF379D21852B2102A0CDC3400094D064E28002178203500F026FAA8
:20E3C0000134B542F7D10020F8BD01204042FBE7081F000008200000081E0000B82010B5DD
:20E3E000800100F0E3F90123184010BD017810B501394B42594143788901012B27D0C37845
:20E400008278012B1ED0012A01D110231943B820800100F0FBF9B820800100F0C7F97F2176
:20E420000140B820800100F0F1F9B820800100F0BDF9802149420143B820C9B2800100F035
:20E44000E5F910BD012A05D008231943DFE737331943DCE717331943D9E7C04610B5040006
:20E46000B820800100F0A2F90121382382110A4003402270202B17D0382B10D01A000021D9
:20E48000103AD2B26170102A10D80122083BA270DBB20A4ADA4001231340E37010BD00238E
:20E4A0006170A3700023F8E76170EEE7083BDBB2A170182BF6D80023EBE7C04601000101E0
:20E4C00010B50400B820800100F070F9430650D5012C26D038231843C1B2B820800100F0BE
:20E4E00095F9B820800100F061F97F210140B820800100F08BF9B820800100F057F9802103
:20E5000049420143B820C9B2800100F07FF9B820800100F04BF9382303405A4253415842FB
:20E5200010BDC723302118400143B820800100F06DF9B820800100F039F97F210140B82054
:20E54000800100F063F9B820800100F02FF9802149420143B820C9B2800100F057F9B82021
:20E56000800100F023F9302303405A4253415842D6E701204042D3E770B50C000F2800D953
:20E58000E4E0744B80001B589F46FFF765FE002070BDB820800100F009F938230340303B26
:20E5A0005A4253412370F2E7B820800100F0FEF8012303402370EAE7002900D1C4E00831DE
:20E5C0002000FFF785FEE3E7A820400100F0EEF80500B820400100F0E9F8F022030215409E
:20E5E0005B192380D3E7F023A820098840010C0A194000F00BF9E30700D59FE0A30700D57D
:20E6000096E0630700D58DE0230700D584E0E3067CD4A30674D463066CD4E411B7D0BA204C
:20E620001F21800000F0F2F8B1E7B0200D884001097800F0EBF8C020290A400100F0E6F88C
:20E64000A5E7B020400100F0B1F80500C020400100F0ACF803025B19238098E798200988E6
:20E660004001090A00F0D2F8A0202178400100F0CDF88CE79820400100F098F80500A0208C
:20E68000400100F093F82D02401920807FE7324B9A780A70DA784A701A798A705A79CA7081
:20E6A0009A790A71DB794B7100238B716FE7B820800100F07BF87F210140B820800100F061
:20E6C000A5F8B820800100F071F8802149420143B820C9B2800100F099F858E70800FFF7E9
:20E6E00085FE54E70800FFF7B9FE50E70878FFF7E7FE4DE7B2201F21800000F087F88CE76D
:20E70000AA201F21800000F081F884E7A2201F21800000F07BF87CE79A201F21800000F0E9
:20E7200075F874E792201F21800000F06FF86BE78A201F21800000F069F862E782201F2110
:20E74000800000F063F859E7002139E7012040421EE7C0464CF105101007002010B50178F8
:20E760000400D820400100F051F8C82061884001090A00F04BF8D020A178400100F046F853
:20E7800010BDC04670B50500D820400100F00EF82870C820400100F009F80400D020400166
:20E7A00000F004F824020019688070BD70B50500154C82B0E368984763699847636A280C86
:20E7C0002E0AC0B2F6B2EDB2002B0AD0A26A002A07D001AB1870032118005E709D70904714
:20E7E00007E0236A98473000236A98472800236A9847E36998470500A36998472369984710
:20E80000280002B070BDC04610070020F0B5174D83B0EB6804000E0098476B69984704225B
:20E82000AB6A2243200C240AC0B2E4B2D7B2002B0FD024023F0420433606384330430190E2
:20E84000042101A89847AB6998472B69984703B0F0BD2B6A984720002B6A984738002B6A70
:20E86000984730002B6A9847EDE7C04610070020F0B5C646040000B5214E82B0F3680D0091
:20E880001700984773699847230ADBB29846736A200CC0B2E4B2002B16D0B26A002A13D0E4
:20E8A000414601AB18705970180003219C70904739002800736A9847B36998473369984722
:20E8C00002B080BCB846F0BD336A98474046336A98472000336A98470024002FECD0F3691A
:20E8E00098470134A4B228700135A742E4D0F36998470134A4B228700135A742EFD1DBE744
:20E9000010070020F0B5C64600B51D4E82B0F36804000D0017009847736998470421B26A5F
:20E920002143230CC9B2240A8846DBB2E4B2002A11D001A8037081704470032190473900AA
:20E940002800B36A9847B36998473369984702B080BCB846F0BD1800326A90472000336A3C
:20E9600098474046336A98470024002FEBD001342878336AA4B298470135A742F7D1E2E751
:20E9800010070020F0B5144BC6469846134B00269C4600B54701B84467444046FFF706FFC7
:20E9A00005023800FFF702FFADB24419A4B2002C05D1002EF1D1300080BCB846F0BD404680
:20E9C000FFF7F4FE05023800FFF7F0FEADB24619B6B2B442E1D1EEE7082000000821000038
:20E9E000F0B5144BC6469846134B00269C4600B54701B84467444046FFF7D8FE050238008E
:20EA0000FFF7D4FEADB24419A4B2002C05D1002EF1D1300080BCB846F0BD4046FFF7C6FED3
:20EA200005023800FFF7C2FEADB24619B6B2B442E1D1EEE70826000008270000F0B54F46A7
:20EA4000D64646461400C0B50F00002A2AD0830099465D1C9023ED009B01EE183000FFF70F
:20EA6000A5FE94239B019C46824665442800FFF79DFE53461B02C01883B298464B46981CAE
:20EA8000434622001B02C0004444C0183900A4B2FFF738FF3000210AFFF7B8FE2800E1B210
:20EAA000FFF7B4FEE0BCBA46B146A846F0BDC046F0B54F46D64646461400C0B50F00002AD6
:20EAC0002AD0830099465D1CA023ED009B01EE183000FFF76BFEA4239B019C4682466544CA
:20EAE0002800FFF763FE53461B02C01883B298464B46D81C434622001B02C0004444C01889
:20EB00003900A4B2FFF7B4FE3000210AFFF77EFE2800E1B2FFF77AFEE0BCBA46B146A84647
:20EB2000F0BDC046F8B50F4B45019C462E00654428000F00FFF73AFEA4239B019C46083634
:20EB4000664404003000FFF731FE2402C0192418A4B22800210AFFF759FE3000E1B2FFF7C8
:20EB600055FEF8BD08280000F0B5C64600B582B00400FBF7BBF80600FBF7B8F833003B33D3
:20EB800005005978052C3DD8484AA4001259974600225A7000210B20FCF7E0FC02B080BCE6
:20EBA000B846F0BD01225A700229F3D1A423DB009C4665442B78002BECD028002AF0A2FA39
:20EBC00081B22800FDF7C4FAE4E702225A70A823DB00EC182378002B1CD1A023DB009C4692
:20EBE00065442B78002B3FD101210B20FCF7B6FCD4E703225A70CDE704225A70CAE7052276
:20EC00005A70C7E70229C5D1A823DB00EC182378002BE2D0FBF76AF88046FBF767F83B23D0
:20EC2000F35C07005A1F2000012A25D9042B33D02AF068FA210082B20020FEF781FECD3721
:20EC40003B79012BC9D11A4A1478002CC5D11370184B1E68F8F744FC002302000121300076
:20EC60000094FAF757FAB8E728002AF04BFA81B22800FDF76DFAB7E72AF044FA41460E4A0D
:20EC80000E4E4244127821310300009230002200FF3100F0B1F8D2E72AF034FA084B0200B0
:20ECA00021001800FDF7A2FDC9E7C0468CF1051056F10120D86F0020A404000070530020E6
:20ECC000B86F002010B5FBF711F83B30407810BD10B5FBF70BF8E830407810BDF0B5CE462D
:20ECE000474680B583B0FBF701F80400FAF7FEFF0021354A01911378002B0DD0F123334DE9
:20ED0000E75CF13463782E881B023B43B34233D92B8801339BB22B802D4B2E4918880A885E
:20ED2000904203D21A88013292B21A802A4E3278002A1CD01A880B889A4218D3274B1F783C
:20ED40009846032F2FD0002F0DD0002300249946234D2878FBF7CEFD4B460134E4B22B70AE
:20ED60000135A742F5D1002342463370137003B0C0BCB946B046F0BD002313700122194BDF
:20ED800029801A703B23C35C062BC5D8164B01A91868F7F72DFC019B002BBDD08022134BFF
:20EDA00052051A60B8E70122114B01A91A70114B1868F7F71DFC019B002BD4D080220B4BEA
:20EDC00052051A60CFE7C04652F1012042F101203CF101205807002051F1012064F1012048
:20EDE000A03D00205AF10120DC6F002004ED00E063F10120E06F002070B51D006B46040093
:20EE000016001A7C74230800E254A1672AF07AF97C23E0520433E6500433E5502000FBF720
:20EE2000E5FB2100020074312000FBF74DFB041E07D10948F5F7D4FD0848F5F7D1FD20009E
:20EE400070BD210001240648F5F74EFE0548F5F7C7FD6442F3E7C046B0B20510CCB205102C
:20EE600080B20510A0B205101148F0B5C36A002B1CD107000F4E040032000F4D0F49104BF8
:20EE8000283703E013691032002B02D09942F9D102C469680435002904D0BC4202D23200FF
:20EEA000074BF3E7002323600133C362F0BDC04638110020A4F1051054F2051003130000F0
:20EEC0000213000070B5051E0DD0084C03E023691034002B07D0290060682AF0CFF80028F5
:20EEE000F5D1200070BD0024FBE7C046A4F105100200064B064803E003691030002B02D01C
:20EF00009A42F9D170470020FCE7C04602130000A4F10510064B074A03E01A691033002A57
:20EF200003D09042F9D1586870470348FCE7C046A4F1051002130000D8B2051070B5051E11
:20EF40000DD0084C03E020691034002806D0290060682AF093F80028F5D1206870BD002079
:20EF6000FCE7C046A4F1051010B5007A11F036FB002803D040790007800D10BD0020FCE775
:20EF8000807A072813D006D803280CD9043843425841800070470938C3B2012200209A4211
:20EFA00040414000F6E7431E9841C0B2F2E70120F0E7C046807A032804D9043843425841D4
:20EFC000800070470123834280414042F9E7C046837A042B04D802209842804140427047EA
:20EFE00000200322083BDBB29A424041C0B2F6E7436D0A0010B5002B02D0006D89089847F7
:20F0000010BDC046836D10B5002B06D0006D9847023843425841404210BD0020FCE7C0466B
:20F02000030010B51B6808005C79110063425C41034B64421C4017F05DFA200010BDC046B4
:20F04000808FFFFFF0B557464546DE464E46E0B514000D009A469DB0002977D0002A75D05C
:20F06000D368002B72D01369526993426ED39B1AA26993426AD3080001F0C2FEE3686669F6
:20F0800098462369B0449B46A369070099465B464E449E1B8023DB01994500D975E14C2259
:20F0A000C123AA5A9B009A4200D104E1012F5DD900230993032F4CD0013FFFB2012F45D88A
:20F0C0006B68A76999461900781CF2F767FF4B46591A894500D112E14B1CB3423CD8002349
:20F0E0004646C8B2F218D0550133A7699942F9D2534601377F18B046A761002B26D06A6898
:20F100006369934228D32E00143631002698D0478146002822D143466A683100981AF3F7CB
:20F1200003FE10AB6A680293434628000193A369310000935030434611F086FD814600281B
:20F140000CD1A369109A934200D104E1904B994604E02F69B74244D98E4B994648461DB032
:20F16000F0BCBB46B246A946A046F0BDEB68B342F2D84C22C123AA5A9B009A4200D0C1E018
:20F180002B6999440CAB9B4609935A462100237A501C137009310222F3F7C6FD4B46594642
:20F1A0005ABA93B21B0A0B713423CA709C465A460999AC4405326046521AE34613F052FEEB
:20F1C0008146002808D141465846A26913F04AFE8146002800D1AAE0E96810A817F08AF90F
:20F1E000BCE76B680C229A46AB68002110A81E000B93F3F793FD29003200143110A8F3F727
:20F2000093FD2000230011AA083011781E7801337140117001328342F7D14C22C123AA5A8D
:20F220009B009A4278D13B004B440A930CAB1E0009932100237A02223370701C0931F3F701
:20F2400073FD0A9B28005BBAF3709AB22300120A32714246183306970593E3680536D31A50
:20F260005A46D31A0493434603934B46029343460193099B5246F61A5030009610A911F0EC
:20F2800015FD8146002800D068E70B9B9A450FD06369072B00D85FE74046082221000838BD
:20F2A000F3F742FD6369083B6361A3690833A3610023994652E70F234A4693439B46237AB6
:20F2C000002E00D148E749464246535401239C46013EE144B34500D93EE740465A46484430
:20F2E0000021D944F3F71AFD4B46A36117236669237223699E1B9B464B46F61AD6E60123F5
:20F300000021EAE60CAB1800082221000993F3F70BFD0EAB9B4638E70CAB18000822210081
:20F320000993F3F701FD4B460EAE0A9381E7584610A913F0A7FD8146002800D04CE7584669
:20F3400013F0D2FDEA68814600280ED0110010A817F0D0F802E7696862695B18A361099B84
:20F36000521A6261012BA3D0F0E6A06910A94044F3F7DAFCE968A36910A85B18A361761AC7
:20F3800017F0B8F80123099396E6034B9946E5E60094FFFF0096FFFF008FFFFFF0B545469F
:20F3A000DE4657464E460123E0B55B420D0014009846C1B0002A00D1ADE1D668002E00D16C
:20F3C000A9E113695269934200D2A4E1A1699B1A8B4200D29FE12800B61801F011FD032842
:20F3E00000D110E10138C0B2012800D993E16B68A0699A465B00984200D276E1EB68534426
:20F400000133984200D270E15146F2F7C7FD89460B1E00D069E124339B46AB445246310075
:20F420005846F3F781FC524628006369564453446361A36959469B1A10AAA36190300292D4
:20F44000009352463300019611F0FEFB37008246002800D0CFE0A669109B9E4200D05AE172
:20F46000BB19013B1878EB6831009B4601331B180A005A40C91A914313401943C91788436B
:20F48000431C42469846F31A9C4680238A435B0031009E4200D92BE1711A8E422DD9012372
:20F4A0009A465B460A934346A84605000800614694464A46A1460B9309910100099B0C00C9
:20F4C0005C40C91AA14323401943C9173B181B78AB465C4663405C422343DB170B43514633
:20F4E0000130994352188642E7D80A9B45469B460B9B4C46984691466246434649465940B7
:20F500000B0059420B43DB179A430021099218A83022F3F703FC3022002124A8F3F7FEFB4F
:20F520005B46F31A99464346099A13404A46D31A4C22A3619846C123AA5A9B009A4200D0C3
:20F54000D8E02B6914AE43449A46B3465A462100237A501C137009310222F3F7E5FB53462F
:20F5600059465BBA9AB2120ACB700A71286C13F0C3FB0A38431E98413F2240429043AB6C1B
:20F5800080300D90286C0C9313F0B0FB0B9011A813F078FA0022296C11A813F0D1FA82466E
:20F5A00000281DD140239C465A46AC44604605323100921B0E9013F035FB824600280FD104
:20F5C0004B46FF2B00D8AEE0013BFF3B1A0039000E989B4613F026FB8246002800D1A5E050
:20F5E00011A813F055FAE96824A816F083FFE96818A816F07FFF504641B0F0BCBB46B2469A
:20F60000A946A046F0BD6B689A46AB689B46A3699946DA4578D0072B67D9636937000833BF
:20F62000636108235B429C46E1444B460837A3612B6909934B4558D84A46D31A0B93A36154
:20F6400030AB18000C2200210A93F3F767FB29005A4624310A98F3F767FB310031AB08312D
:20F660001A783078013642401A7001338E42F7D14C22C123AA5A9B009A424FD014AE082269
:20F6800021003000F3F750FB16AB9B465A462100237A501C137009310222F3F745FB5946CE
:20F6A0000B9B28005BBACB709AB2099B120A0A71069310AB0593E2682369BA1A9B1A0493C3
:20F6C0004B4602935B4605339B1B524600930A99330003970197903011F020FB8246002876
:20F6E00015D06E4B984200D085E76D4B9A4682E71900D1E614AE082221003000F3F714FB4F
:20F7000016ABC2469B4621E73700260090E7A269109B9A4247D0634B9A466CE74B4614AE86
:20F72000B3460B93B2E780235B004DE721210B9A18A8F3F7F3FA5E46D94500D2ABE00B9B24
:20F74000BB460F94AA464C460E9F99460A9602E00136B44242D3390011A813F0C7F9002856
:20F760001ED130AD290011A813F07CFA002817D130004346584043421843C0174B46C043B6
:20F7800000932A00002318A911F08CFBA642DFD25B4601223800991913F044FA0028D7D0E9
:20F7A000554682461CE7030043459ED04C22C123AA5A9B009A4202D000239A461BE7A3693A
:20F7C00003E0013BFA5C002A04D1002BF9D1364B9A4610E7A361FB5C2372EDE70A9B5F465A
:20F7E0000A959B465546A1460F9C0A990E9813F039FA8246002800D0F2E60E9813F0EAF9B9
:20F800008246002800D0EBE60D9A0C9994460E98614413F007FA8246002800D0E0E60B9AB7
:20F820000E9818A913F0FEF98246002800D0D7E60E9818A913F016FA8246002800D0CFE6FB
:20F840000E9813F051FB824611A813F021F95346E968002B00D0C7E64B46A26924A8019189
:20F86000009339005B4611F037FBEA6818A924A811F0CEFA002801D053460993E96824A8F5
:20F8800016F038FEE96818A816F034FE0023099A93428BD129E730AB0A93A6E7009DFFFF3C
:20F8A000808EFFFF0094FFFF008EFFFFF0B5C646C36904000F0000B5002B36D0626EE36D28
:20F8C0009B1A1F4A94466344BB4231D38023E5588026AF420FD82DE023682A005B6FC04797
:20F8E00000281ED000281DDB854225D3A5594519A551AF421ED9A36D7D1B002B03D0206DA6
:20F90000984702281AD0236A616E9846A359606AC9184346002BDFD12A00E3699847002832
:20F92000E0D1084880BCB846F0BD036A002BC5D10548F7E70020F5E70448F3E70448F1E740
:20F940004D410000808DFFFF008FFFFF0094FFFF0098FFFF836970B50400002B2ED0B82241
:20F960008258002A26D0A026B82506E06259824222D3121A625107D0A369A159606A891A67
:20F9800098470028F2DC70BD9823E358A4211A00180008320B30A251226C6050AC200D33C6
:20F9A000043163502350002A04D0516892688A1A9B1823500020E6E70148E4E70148E2E75E
:20F9C0000094FFFF008FFFFF30B5AC25445904341460044A1A60B0231622C2504359002068
:20F9E000197030BDFC3F0000F0B5B42357464546DE464E46E0B5C758C1238DB00391058903
:20FA000004009B009D4200D193E06DBAADB2A023FF22E358904626002A402D0A5A709D700B
:20FA20009C23BC363100E058924608229B46F3F77BF9A421404661587BBA9AB203400B7028
:20FA4000236C120A99464A70002B00D173E0A8233D48E2588446103BE35807929B1A634444
:20FA60000893B423E35804AF0A93AC23E35838009B1A5A46A158943A0993F3F755F902A9AC
:20FA80008C46112363445D705046B02522681870635949463B72D369126A200000923A00D3
:20FAA000FFF7D0FA002838D1099B002B46D1397A0A9F61514546B433E750A4307BBA205837
:20FAC0009AB21D40120A05704270A020A825235862591970B821D21A6358D2199B1863501D
:20FAE000235814399B182350D81C226C6050AC20053363512350002A04D0516892688A1A66
:20FB00009B1823500822013AB35C0133DBB2B354002B09D1002AF6D10C480DB0F0BCBB46CF
:20FB2000B246A946A046F0BD039B012B08D00020F3E7074D6BE7B023E15CC6E70548ECE72C
:20FB40002000FFF707FFE8E74D4100008094FFFF030300000094FFFFB423F0B50400C646F6
:20FB6000C0589846043BE358160000B5162B0FD0142B39D1A36B002B36D08023DB01984249
:20FB800032D831002000FFF72FFF80BCB846F0BDAC23E758021F3D78002D19D0A56B002DC8
:20FBA00022D08025ED01A8421ED8100C7870E058170A8770E058C2700029E2D04246E15886
:20FBC000A36B2000A258DB6898470028D9D0DCE78021C901884207D8110C7970E158100ADA
:20FBE0008870E358DA70CCE70048CEE70094FFFFB421131D10B543500439415816290CD0F8
:20FC000014291FD1826B002A1CD08022D201934218D80021FFF7E8FE10BDAC2141580C78C6
:20FC2000002C0CD18024E401A3420BD8130C4B70AC23C158140A8C70C358DA70E9E7846B6A
:20FC4000002CEFD10048E7E70094FFFFF8B50400C068E26F00280CD1032A38D9216F4B7850
:20FC60008D781B04C9782D022B430B43842104336350E66D1E4B37000D303518A918F3185C
:20FC80000837994225D8216F280028F0DBFE8421E368E26F6158D318E06DE3608B421BD374
:20FCA0000022E260320031000D32E266226780220B31E36767662066A1665202934208D2E8
:20FCC00000205BBA9AB2120AF3724A70F8BD0948FCE76E204042F9E70023AD186566E36792
:20FCE000EB1C05352066A3660348E5662567EDE74D410000008EFFFF809AFFFF426803005F
:20FD000010B500201A2A08DC9C6B002C05D0842218009A58196FE468A04710BD10B5026867
:20FD200004005279836F002A02D1C268002A11D1162B11D0142B17D00020152B09D1E36FFB
:20FD4000022B30D1226F1378022B30D0012B1CD0194810BD162B28D12000FFF777FF0028F8
:20FD6000F7D1A36F142BE7D1E36F012B1BD1236F1B78012B17D1114B20899C4660444342FF
:20FD800058410F4B40421840E3E75078002810D0643843425841CD234042DB011840064B4B
:20FDA0009C466044D5E70748D3E70748D1E70748CFE70748CDE7C0468099FFFFFCFCFFFFD6
:20FDC000809AFFFF008EFFFF0089FFFF8088FFFF8087FFFFF0B54546DE4657464E468C23B9
:20FDE000E0B5C2580400884689B0002A00D0D1E08A4B84259B468A4B99466159636F0029D6
:20FE000000D17DE0002B00D0EBE0E668E26F002E00D078E0914200D2ADE0E667665105219D
:20FE20002000FFF743FD002800D080E080239A46E358666E042B00D8D9E0337801AF3B72BA
:20FE4000143B032B00D9D2E073787B72B378BB72B37872781B02134322685BBA12889BB25C
:20FE60009A4200D2C3E00822216E3800F2F75CFF05237B613379F2781B0213435BBA9BB20D
:20FE8000591DBB61FE603961002B00D1AFE02000FFF70CFD00284AD15346E16BE0500029AD
:20FEA0004DD04C22C1238A5A9B009A4244D03A002000FFF773FA002800D06FE0BB69002B11
:20FEC00000D072E0574B22899A4200D18BE08822A3580133A350032B6ADC0822216E013A67
:20FEE0008B5C0133DBB28B54002B28D1002AF5D14D4809B0F0BCBB46B246A946A046F0BDF2
:20FF0000002B17D0E26F002A00D188E72000FFF705FFCD235A46DB01C318134200D16CE73A
:20FF20000028E6D1A36F162B63D00020E1E74845DFD162E7E36772E73B7A142BB7D180232C
:20FF4000BA69DB019A4252D8E36D2366636EDA1CA2665A1DE2663A7AA2671A707A69FB68A8
:20FF6000A16E9B182367BB69E3675BBA9AB2120A0B704A70CAE7206F521AE267411828F0AF
:20FF800061FDE26FA16E50BA83B21B0A08704B706651B8E70022C2500020AAE7234B984289
:20FFA00006D01F4B9842A4D127E78823E05094E72368002B13D0B823E358002B29D1B023A7
:20FFC0001522E250133A0433E250083BE15820000A70E358123201215A70FFF705FD13482E
:20FFE00087E7134885E73B7A172B00D16FE711487FE74346012B98D163681A2B95DCA36B42
:020000041003E7
:20000000002B92D084222000A258216FDB6898476FE72000FFF79EFC04486AE7FFFEFFFF43
:20002000809AFFFF030300008094FFFF808EFFFF0094FFFF008EFFFF10B5002819D0036825
:20004000002B16D0B823C358002B0FD1B0231522C250133A0433C250083BC1580A70C358EB
:20006000263201215A70FFF7BFFC10BDFFF772FCFBE70148F9E7C046008FFFFF10B50028CF
:2000800018D00368002B15D0B823C358002B0ED1B0231524C4500433133CC450083BC458E4
:2000A0002170C35801215A70FFF79EFC10BDFFF751FCFBE70048F9E7008FFFFFB023142268
:2000C00010B5C250AF3BA0328350083A825801211370436801220133DBB24360FFF73CFD98
:2000E00010BDC04670B501210400FFF773FE051E17D1A36F142B16D1A36C0822E363636BEB
:200100000021A362206EF2F709FEE36D2366636EDA1C0533E36623676368A2660133DBB2FC
:200120006360280070BD2368002B13D0B823E358002B11D1B0231522E250133A0433E250F9
:20014000083BE15820000A70E358083201215A70FFF74AFC034DE4E72000FFF7FBFB014D77
:20016000DFE7C0460089FFFFA023A422C35810B5DC1C8450AC240533043283500351002969
:2001800004D04A688968521A9B18035110BDC046C36D0366436EDA1C05338266C3660367AF
:2001A0007047C046C36D1A0008324266036603320D338266C36603677047C0469823C3586A
:2001C0009C22190083500831043281500331043281500D3304328350043283507047C046EB
:2001E000436F002B01D0C06F70470020FCE7C0468C2203008058012806D0083A9A58002A7C
:2002000003D1586F431E98417047D96F8A42F8D20120F9E7A823A021C358026C405810B501
:20022000181A002A10D0136D002B10D059790C098F290AD8052C0CD8022C08D11B79D2688C
:20024000DB069B0E9B18C01810BD0B2C01D00248FAE71368C018F7E70094FFFFF8B5040015
:200260000E001500002800D1CFE00368002B00D1CBE043681B2B00D09DE0C127616FBF00EC
:20028000002938D1A36D002B04D0206D9847013000D169E001212000FFF79CFD002800D09D
:2002A00072E0E26FA36F002A0FD1172B06D0162B35D0152B00D19EE0554854E0012120007F
:2002C000FFF788FD00285FD1A36F162B27D0152B00D190E0172BEFD1216F636861671A2B16
:2002E00007DD636D002B04D000220021206D9847616F0029C6D0E76FAF4200D92F00002D91
:2003000000D07AE03900606F16F0F4F8E36F002B00D06DE08C22A3503800636723E02389CD
:20032000BB4252D062D223681B79002B31D0012B03D1236F1B78012BBED1B823E358002BFE
:2003400035D1B02315220121E2500433133AE250083BE258200011706422E3585A70FFF7E4
:2003600043FB0028C4D0F8BD636D002B00D191E72268206D526F9108984701212000FFF702
:2003800029FD002800D18CE7224B9842EBD10020E9E7236F1B78002B00D08DE78433E35852
:2003A000042B00D088E7B823E358002BC9D02000FFF7D0FAD5E701F0A7F8174B984200D1BC
:2003C0005BE7002800D158E7CDE723681B79002B00D071E78433E358042B00D16CE7236FA6
:2003E0001B78042B00D183E70948BCE70B48BAE7636FDB1990E70A48B5E73A003000F2F79A
:2004000093FCE36FDB1BE3677CE70648ABE7C0460089FFFF808DFFFF0095FFFF0094FFFFBB
:200420000097FFFF008FFFFFF8B504000F001600002837D00368002B34D043681B2B03D037
:2004400001F062F8002819D1200000F077FE002814DB0500B04212D8B823E358002B13D19D
:20046000B4231722E550043BE250002D13D101212000FFF7B9FA002800D12800F8BDB82319
:20048000E3583500002BEBD02000FFF763FA0028F4D12800F2E7043B2A003900E058F2F7E2
:2004A00043FCE4E70048E9E7008FFFFF030010B5002820D00268002A1DD0426800201A2A1E
:2004C00000DC10BDB8229A58002A10D1B022152101249950043213399950083A99580C706C
:2004E0009A58012150701800FFF77EFAE9E71800FFF730FAE5E70148E3E7C046008FFFFF28
:2005000010B5041E12D0503010F0B6F82000903010F0B2F82000343012F0BAFA2000403090
:2005200012F0B6FAD021200015F0E4FF10BDC04610B50822C1630021006EF2F7EFFB10BDFB
:2005400010B5082201640021BC30F2F7E7FB10BD52BA93B21B0A027043707047037840781D
:200560000002184340BA80B27047C046902310B5C25C04000020002A00D110BD2268002AFF
:2005800023D0B823E358002B1BD191231522E15C1F33E250133A0433E250083BE0580270EC
:2005A000E358200059700121FFF71EFA084B9842E3D090230022E2540028DED10433E058B6
:2005C000DBE72000FFF7C6F9F0E7E0540148D4E78097FFFF008FFFFF10B590230124C4541E
:2005E0000133C1540333C25010BDC04670B505000C001600002915D00C21012015F060FF8B
:2006000000281BD0002383602B6804604660002B06D01A009B68002BFBD19060002070BDD2
:200620002860FBE70468002C05D02000A46815F04FFF002CF9D100232B60EFE70048EEE7CD
:200640000081FFFFF0B5DE4657464E4645460400E0B597B003A892469846019112F012FAB5
:20066000200012F003FA061E00D1A0E012F03EFB209B0500C718229B01209B46BB445946AF
:2006800015F01EFF041E00D186E0431918004146209A9946F2F748FB229A2199E019F2F7C7
:2006A00043FB3100012203A812F04AFA061E16D003A812F0EDF906AF5946200015F01AFF88
:2006C0003800402115F016FF200015F001FF300017B0F0BCBB46B246A946A046F0BD52468C
:2006E000019903A812F056FB061EE1D1229A209B944663441A00494603A8984612F0B2FBB3
:20070000061ED5D1210003A812F0BCFB061ECFD100239946249B06AFA844002B0FD142E037
:2007200029001800F1F73AFC0A1E3CD0239839004844F2F7F9FA249B9A4534D2D14603A864
:2007400012F0D2FB00282DD14246210003A812F089FB002826D1390003A812F093FB00280F
:2007600020D103A812F0C0FB00281BD12A00210003A812F077FB002814D1210003A812F0C7
:2007800081FB00280ED1AA46249BCA449A45C7D8002DD0D02A00C9E703A812F079F9054E82
:2007A00006AF8DE7060003A812F072F984E7024E8DE7C0460081FFFF0094FFFFF0B5050002
:2007C00087B010000E0014001F0028F09BFC0E9B009004930D9B320003930C9B290002933D
:2007E000019723000920FFF72DFF07B0F0BDC046F0B5050087B010000E0014001F0028F03F
:2008000081FC0E9B009004930D9B320003930C9B29000293019723000A20FFF713FF07B012
:20082000F0BDC046A323DB009C4610B5806B604412F0F8F910BDC046034B10B59C46806B88
:20084000604412F0EFF910BD24050000F0B54F464646D646C0B5060088B005A898460D00E7
:20086000170012F00FF9736B9946002B3AD0119B002B15D11D4B9A46280012F085FA002295
:20088000010005A812F05CF9041E0CD005A812F0FFF8200008B0E0BCBA46B146A846F0BDA9
:2008A000134B9A46E8E7290005A812F01FF9041EECD1390005A812F0D5F9041EE6D10C229F
:2008C000B36B0292109A48460192424600929D6952463B0030212C30A8474146380015F048
:2008E00009FED3E7336B9946C1E7C04628B4051038B40510A323DB0010B59C460C00816BDA
:200900008AB0019220236144009402AAFFF79EFF0AB010BD074B10B59C460C00816B8EB099
:20092000019230236144009402AAFFF78FFF0EB010BDC04624050000A323DB009C4670B506
:200940000600806B0C006044150012F06BF9002807D1044BB06B9C462A002100604412F03E
:2009600061F970BD24050000F0B5050085B001A80F00160012F086F8280012F005FA00224F
:20098000010001A812F0DCF8041E05D001A812F07FF8200005B0F0BD290001A812F0A6F8CA
:2009A000041EF3D1390001A812F05CF9041EEDD1280012F0E9F912F099F93060E6E7C04635
:2009C000034B10B59C46806B6044FFF7CDFF10BD24050000A323DB009C4610B5806B604404
:2009E000FFF7C2FF10BDC04670B504000D0000280ED0C06D002806D009F03AF9E06D15F088
:200A000067FD0023E365B2212000490015F072FDB222290020005200F2F786F9EB6D002602
:200A2000002B11D0CA210120490015F049FDE065002811D009F014F9EB6DE06D9A68D968CE
:200A400009F068FE061E01D1300070BDE06D15F03FFD0023E365F7E7004EF5E70081FFFF64
:200A600010B5040084B0080011001A00012C0ED0022C0AD1074C099B0293089B0193079BCD
:200A80000093069BA04704B010BD0348FBE7034CF1E7C046BD070310808FFFFFF107031071
:200AA00003000020332B01D8014AD05C7047C04694F5051003000120332B02D8014AD35C34
:200AC0009840704794F505104A7A836B0A2A02D0024ADA607047024AFBE7C0462508031080
:200AE0003908031010B5140C130AE4B22402C9B2DBB21B04214312061943836B82B0114371
:200B000001910422DB6801A9984702B010BDC046F0B51D0017001A0CD2B21B0A1202CCB292
:200B2000DBB21B0414431C432A06836B83B01443DB680422019401A906009847002805D120
:200B4000B36B2A0039003000DB68984703B0F0BDA323DB009C4670B50400806B604411F026
:200B600097FFA323DB009C46A06B604411F08AFFA323DB009C46A56B0920654411F076FF48
:200B800000220100280011F0DBFF002800D070BDA323DB009C46A06B604412F01BF800289B
:200BA000F5D1104BA06B9C46604411F071FF0D4BA06B9C46604411F065FF0A4BA56B9C467D
:200BC0000A20654411F052FF00220100280011F0B7FF0028DBD1034BA06B9C46604411F03A
:200BE000F9FFD4E72405000010B50400D0220021F2F794F8200050300FF038FD2000903014
:200C00000FF034FD2000343011F03CFF2000403011F038FF10BDC046B22210B5002152003D
:200C2000F2F77CF810BDC04610B5DC220021F2F775F810BD70B504000021FEF7D9F920004C
:200C4000FFF7B0FA2000FFF7B9FA002588236567E550043BA567E567E5500833E5500C3BD7
:200C600000211E4AE563E560E06DE550F2F756F89023E5542033E5500433E5500433E55059
:200C8000203B0021E058154AF2F748F8200008220021BC30F2F742F8606C2564002805D04C
:200CA000FFF72EFC606C15F013FC65640025E06CFFF726FCE06C15F00BFCA36BE564002B08
:200CC0000AD09D2636019859FFF71AFCA36B985915F0FEFBA36B9D5170BDC0464D41000089
:200CE000017170474171704781677047817170478163C2637047C046C16102627047C04611
:200D0000416182617047C046C361009B41628261036270474167704710B5016542650021DE
:200D20008365FEF765F910BDC16242628362704710B5041E1BD0002919D0406B002816D0AB
:200D400023681B79002B12D1A36B1B78012B10D0C1234A889B009A4207D0FFF745FE002854
:200D600002D10122A36B1A7010BD0020FCE70248FAE70248F8E7C046008FFFFF808FFFFF21
:200D8000C160704707230B40036170470164704710B54430FFF72AFC10BDC0468164C2649C
:200DA0007047C046836B034A9A580A60024A98587047C046980A0000940A00009823DB0010
:200DC0009C4610B5806B6044FFF710FC10BDC046836B034819509921C9005A507047C0467C
:200DE000C4040000826B014BD15070479C0A0000836B99707047C046016142617047C046FE
:200E0000036D002B0FD05B791B09022B0DD00B2B09D894221201DA4001200223104001388D
:200E20009843033070470020FCE70120FAE7C04610B5007A0FF0D2FB002811D043791B09EE
:200E4000082B0FD00AD80120022B06D0063B5A1E9341584202239843033010BD0B3BF6E730
:200E60000020FAE70320F8E7102803D81949800009588F46862040427047174911609022E2
:200E800092011A808023009A5B0000201360F3E78021C904116000221A80009B00201A6050
:200EA000EAE70E491160902292011A808023009A00201360E0E70949E0E70749F2E7064992
:200EC00000201160902292011A80C023009A1360D2E7C04650F505100002500500404004BE
:200EE000F0B50700C64604000D001600603700B53800683498460BF0D9FE20000BF0D6FE54
:200F00002900320038000CF0D5F8051E0AD141462000069A0CF0CEF8051E03D1280080BC13
:200F2000B846F0BD38000BF0C1FE20000BF0BEFEF4E7C046F8B5070004000E0060373800C7
:200F400068340BF0B3FE20000BF0B0FE3A000021300010F0C5FB051E08D1220001213000C5
:200F600010F0BEFB051E01D12800F8BD38000BF09DFE20000BF09AFEF6E7C046C1677047A3
:200F800001657047002303654165704700238165C365704700238365C1657047C423C0587D
:200FA000034BC31A5A1E93415B4218407047C04680B40510F0B5C64604000D0000B500291F
:200FC0002AD0080028F09EF80600FF2835D8C423E7589846002F0CD01A4B9F4206D03800C4
:200FE00028F090F80100380015F090FA00234246A3500120711C15F063FAC427E051002897
:201000001DD032002900F1F78FFE0022E3599A55002080BCB846F0BDC423C658094D002E36
:2010200008D0AE4206D0300028F06CF80100300015F06CFAC423E550EAE70348E9E7034877
:20104000E7E7C04680B40510008FFFFF0081FFFF016342637047C046F0B5C64680460868BA
:201060000F0000B5002814D080260D000024760205E0B44209D268680435002809D028F079
:2010800041F824180138FE28F3D9044880BCB846F0BD434600201F67F8E7C046008FFFFFDC
:2010A000C823C0587047C0460902114301807047090211434180704701727047C1717047EF
:2010C000D023C1500433C2507047C046036B002B01D0186E7047436B002BFAD10120404218
:2010E000F8E7C046002804D0036B002B01D0586870470020FCE7C04610B5002806D0006BF7
:20110000002802D04068FDF705FF10BD0020FCE70389064A934206D00132934201D10448B8
:2011200070470448FCE70448FAE7C0460303000050B40510D8B2051048B40510036C002B2D
:201140000AD04C22985A064B9C466044431E9841044B9C46604470478020C001FBE7C0466F
:20116000FCFCFFFFFF3F00008020C0017047C046002804D0006B002800D0C06D70470020BA
:20118000FCE7C04610B504000800002C13D0002911D0216B00290ED023681B79002B0AD1C4
:2011A0000B78012B09D0FFF71FFC002802D10122236B1A7010BD0248FCE70248FAE7C04635
:2011C000008FFFFF808FFFFFF8B54746CE46040080B50D0016001F00002800D177E0042A2E
:2011E0000FD9052228003B49F1F79EFD6388082E14D8394A93425FD03848C0BCB946B0462C
:20120000F8BD354B42889A42F6D100239946E36D002B37D161233B603148EEE76B71637883
:20122000AB71626852BA93B21B0A2B72EA712A4B62889A42E0D109235B429946B1444B4640
:20124000542B3DD928002100A36820226B720C310A30F1F769FD2800210030222C312A306F
:20126000F1F762FD5A22236E1BBAAB542A00190A5A325170190C1B0ED370E36D91705E3537
:20128000002B1FD09A68612398461300904458334B450BD8130C2B70130A6B70AA70E36DCF
:2012A000002B03D0D968E81CF1F73EFD434600203B604645A1D2AFE7002305359946A6E727
:2012C0000935A4E76122582390460022E0E7054893E7C046C8F5051003030000808FFFFFD6
:2012E0000096FFFF0094FFFFF0B54646D6464F460500C0B50C001600002800D19BE0042AA8
:201300001ED9052220004E4927F078FB071E00D08FE0731F032B13D9C022637992001A43B1
:201320006A80A3796B70237AE1791B020B435BBA9BB26B60434B9A421AD001339A4215D0F4
:20134000414FE86D002806D008F092FCE86D15F0BFF80023EB65B2212800490015F0CAF895
:201360003800E0BCBA46B146A846F0BD374FE8E73300093B542BE3D921002800637A202298
:20138000AB600A310C30F1F7CFFC2100280030222A312C30F1F7C8FC21005A235A31E25CB3
:2013A0004B781B0213438A7812041A43CB78EF651B0613431BBA2B6633005E3B022B2CD910
:2013C0005E235F22E35CA25C1B04120213436022A25C134398461ED03300613B9845AFD870
:2013E000CA210120490015F06BF8E865002824D061239946A14408F033FC42464946E86DEC
:2014000009F088F98246002809D14B46A41943449C42A5D094E7612EA2D00B4F9BE7E86DB3
:2014200008F026FCE86D15F053F800235746EB6591E7074F85E7074F92E7074F8BE7C04606
:20144000D0F5051003030000008FFFFF808FFFFF00A1FFFF0094FFFF0081FFFF70B5041E1B
:201460004ED00368002B4BD0836B002B48D043681B2B45D0FEF76EFA051E01D0280070BDC0
:201480002000FFF773F8051EF8D123681B79002B0DD16368002B29D0012B14D0C123228929
:2014A00020009B009A4224D001F0BCFD0EE0012B10D0144D9023E35C002BDFD02000FFF7BA
:2014C00055F80500DAE7200005F0F4FF23681B79012B07D1C12322899B009A420CD02000CC
:2014E00002F0A8FB0028C9D00500E3E701236360C4E704F079FBE9E7200003F0A1FCF1E775
:20150000004DBBE7008FFFFF10B5041E0DD00368002B05D109E02000FFF7A0FF002803D185
:2015200063681B2BF7D1002010BD0148FCE7C046008FFFFF70B5856B0400002D44D0AA79A9
:201540002B00002A46D10022EA64DA79002A3CD100222A65244A9B58002B02D0A85814F012
:20156000B7FFA323DB00E81811F092FA1F4BE81811F08EFA2800543010F096FA9723DB00C3
:20158000E85814F0A5FF9823DB00EC58002C05D02000A46814F09CFF002CF9D1A223DB0027
:2015A000E85814F095FFB023EB5C002B17D09D2424012859FEF7A4FF285914F089FFAA2150
:2015C0002800090114F096FF70BD286D14F080FFA36BBDE7E86C14F07BFFA36BB3E7AC2300
:2015E000E85816F01BFBE2E7CC09000024050000F8B5CE4647460500806C80B5002801D05B
:20160000FEF77EFF6C6B002C0ED0E06D002806D008F02EFBE06D14F05BFF0023E365B22122
:201620002000490014F066FFAB6B002B02D02800FFF780FFAB6C002B00D1D8E06B6B002B5C
:2016400000D1DDE0AB6B002B00D1E3E0AA6C002A00D1E8E0686B002800D1E4E0B2220021C9
:201660005200F1F75BFBAA22AC6B002112012000F1F754FBA323DB00E01811F003FA764B14
:20168000E01811F0FFF92000744B5430E36010F019F80323A370AC6CD02200212000F1F736
:2016A0003DFB200050300EF0E1FF200090300EF0DDFF2000343011F0E5F92000403011F0C6
:2016C000E1F92800FFF744FA071E20D12B689C6D002C38D02378002B00D1B3E0002630006E
:2016E0000136A35D002BFAD10221023014F0E8FE002800D1A4E002002300A4191978042961
:201700000AD0032900D170E014F0E2FE544F3800C0BCB946B046F8BD18210133118002328B
:20172000A342EBD176008619002301223380AB6B9A71D8642B684B4A196891420BD0002224
:20174000AB6BDA71E3E7AA6BD96D9071D164454A19689142F3D11C6D002CF0D02368002BFB
:20176000D4D04420804640482200002184463F4E033B082B07D84046F3181B5C002B02D024
:2017800004316145C2D853680432002BF0D10129BCD901200231AE6B14F092FEAD6B30658A
:2017A0002A6D002A4CD02368002B19D00326B44601264421B1462D48033B082B0CD8C31862
:2017C0005B5C002B08D066461B021BB21E4316804E4633435380043263680434002BEBD1C5
:2017E000002313800133EB7191E7172195E7D021012014F065FE6B6BA864002B00D021E719
:20180000B2210120490014F05BFEAB6B6863002B00D01BE7AA210120090114F051FE031EE6
:20182000A86300D012E70024180014F051FEA86CAC6314F04DFE686BAC6414F049FE6C63D6
:201840000B4F64E70221012014F03AFE061E00D06AE7074F5BE7C046240500003909031002
:2018600080A1FFFF03030303FEFF000094F505100081FFFF0B682C4A70B5040001609342DB
:2018800005D02A4A934205D0294A934245D14B79012B44D0CB69002B43D00B88982523818D
:2018A000002301202349635114F00AFEE065002813D001201F4914F003FE6051002829D008
:2018C0002000FEF76FFC2000FEF778FC2000FFF78FFE051E1CD1280070BD174D982614F0D1
:2018E000F7FDA05914F0F4FD0023A0222360E365A35163662366A366E3662367A350043A03
:20190000A3500832A3500432A3500432A350E2E7E06DE3E7E06D084DE0E7084DDBE7084DA0
:20192000D9E7084DD7E7C0460403040303030303040303034D4100000081FFFF80A1FFFF7B
:20194000808FFFFF008CFFFF70B50025036804001B8845600381FFF76DF9CC23266BE5505A
:20196000A562E562002E12D0F06D002805D008F07FF9F06D14F0ACFDF565B221300049008F
:2019800014F0B8FD206B14F0A3FD00232363C82300222000E250FFF72BFE70BD70B50025C1
:2019A000036804001B88002103814560FFF742F9CC23266BE550A562E562002E12D0F06D2A
:2019C000002805D008F054F9F06D14F081FDF565B2213000490014F08DFD206B14F078FDAE
:2019E00000232363C82300222000E250FFF700FE70BDC04610B5041E0ED0C06D002806D0C8
:201A000008F036F9E06D14F063FD0023E365B2212000490014F06EFD10BDC04670B5041EBE
:201A20006DD098254059002804D0354914F06EFD00236351E06D002804D0314914F066FD29
:201A40000023E365606C002804D0FEF759FD606C14F03EFDA36B002B21D02000FFF76AFD56
:201A6000A06B14F035FDA06CFEF74AFDA06C14F02FFD656B002D0FD0E86D002806D008F07A
:201A8000F7F8E86D14F024FD0023EB65B2212800490014F02FFD656B280014F019FDE06C98
:201AA000FEF72EFDE06C14F013FD256B002D11D0E86D002806D008F0DBF8E86D14F008FD8C
:201AC0000023EB65B2212800490014F013FD206B14F0FEFCC423E558002D09D0094B9D4255
:201AE00006D0280027F00EFB0100280014F00EFDC4230022DC212000E25014F0FBFC70BD10
:201B00004D41000080B4051010B58C220021F1F705F910BDF0B50400C5B00E0015001F0047
:201B200001714271002922D102238371013B03810723013D23616B1E9D41244B9C4665443E
:201B400025806380022F2AD1214B21681A000832E260204A2264204A914233D01F4A6265E6
:201B600000221433A265E365002045B0F0BD012303810129DCD180221949520004A8F1F782
:201B8000D3F8184A03AB127820001A7080220096520004A9FFF7A4F90028C9D0E5E7FDF7EB
:201BA00063F9114B226823640B4BE0609A420BD00E4B63650023A3650D4BE3658023DB00A5
:201BC000E367D1E70B4ACAE70B4BF2E70303000014F60510FCFB051003030303ECF505109B
:201BE00040F6051020C005102CFB051008F6051030F60510E4F50510F4F5051070B5051EE7
:201C000013D060300BF052F8280068300BF04EF86C6C002C05D02000A46814F059FC002C81
:201C2000F9D18C21280014F065FC70BD10B50121040013F01BF803000120002B08D1042125
:201C4000200013F013F8431E984143420320184010BDC046FD23821E1A4204D0013843429B
:201C60005841C0B270470320FCE7C046012804D0033843425841800070470120FCE7C046FF
:201C80000138C3B20020052B03D8024AD3182C22985C704714F70510C31E0020082B03D80C
:201CA000024AD3184422985C7047C04694F50510836B002B0ED0DB6C002B03D10AE091423E
:201CC00006D002331A88002AF9D10120404270470020FCE70368DB6D002BF3D1F5E7C04682
:201CE000042904D0032917D00120404270471821836B002B0BD0DB6C002B01D107E00233E9
:201D00001A88002AF0D08A42F9D10020EEE70368DB6D002BF4D1E7E71431E9E710B5182821
:201D200005D00124172803D08620404210BD0024002909D060000A4B001940001B18D878EB
:201D4000E223DB0103430B80002A06D06100054B091949005B181B8F13600020E6E7C04632
:201D600048F7051014F70510182807D01738431E9841022340429843033070470420FCE7DC
:201D8000042807D00338431E9841162340429843173070471820FCE7F0B50700160085B025
:201DA000092919D00A2903D0274C200005B0F0BD2F2BF9D901AD280010F064FE0A2010F07F
:201DC00055FE00220100280010F0BAFE041E27D0280010F05DFEE8E71F2BE5D901AD280064
:201DE00010F050FE092010F041FE00220100280010F0A6FE041EEBD1A323DB009C46B96BB9
:201E00002800614410F072FE041EE1D13100280010F028FF041EDBD120230A9A1360D7E74B
:201E20000A4BB96B9C462800614410F05FFE041ECED13100280010F015FF041EC8D13023E1
:201E40000A9A1360C4E7C0460094FFFF24050000F8B5CE4647460600150080B5914202D8B4
:201E6000531A012B09DC30003221384AFEF7B4FB3648C0BCB946B046F8BD4A780F78806B63
:201E800012028C1C1743002128222230F0F746FFA542E8D37BBA9BB22A1B9A42E3D3E3184D
:201EA0009C4246D200211A1B012ADCD0627820781202024357BAB8B2844625480234814685
:201EC0003089484516D04A1C132A05D8B06B1031490041184F801100A342E4D8A542C2D15D
:201EE000002928D00022B36B103149005B1800205A80BEE7D0B2012802D004380228EBD83F
:201F00000220120A8243012AE6D132689146B26B002A02D0D079012814D04A46526D002A83
:201F200001D1D9E7023210880028D5D08445F9D1C9E7A54297D130002821064AFEF74CFBDF
:201F4000044896E7126D002AEDD1E6E7008DFFFF030300000092FFFFF0B5DE4657464E4669
:201F60004546E0B50400806BCDB083685B7A0A2B00D179E0D14DD24AD24B4361037885615A
:201F80000261002B1FD1D04BD049C618D04B4158C31830200290606BCE4A2C300190402010
:201FA00000903000A847051E07D028004DB0F0BCBB46B246A946A046F0BD80213000C90092
:201FC00014F098FAA06BC24B0CAEC518402229003000F0F7A9FE202214A92800F0F7A4FEC3
:201FE000BD4BA06B9C46202231006044F0F79CFE3000402114F07EFA636BA76C58682C3347
:202000000493A36B99469B690593B14B4B44069323899A46236852461B7908934C23FA52E3
:20202000C1239B009A4569D0FCF762FF051E00D160E1007A0EF0D2FA00281BD043791B0949
:20204000082B06D014D801220792022B14D0062B10D10223EA7A13405A425341DB0008338A
:202060003B610323079307E09C4D9D4A9D4B84E70B2BEED000230793287A0EF0AFFA834637
:20208000002800D136E1687A10F0F0FC8046002800D12FE180235B000293C03B059D0093D0
:2020A0003021914A069B04980196A847051E00D07BE75B465B791A07520E0992079A032A7D
:2020C0001ED11D090B3D6B1E9D4107236D429D433B690C350C335B1B3B60089B0932F86018
:2020E0007A60BD60002B00D1BEE0089B012B00D1C2E080213000490014F0FCF97B4D54E7F7
:202100005B4638001B790122DB06DB0E414634300A9310F015FD051E07D1380001224146EE
:20212000403010F00DFD051E05D080213000490014F0E0F939E7404610F0D8FD5B461D7984
:20214000079B6D09AD0080460B90F8607D60002B00D1AFE00A990B0043440793EFF71EFFC7
:20216000079B634A591A39609245C2D16B183B60089B002B00D0EEE043465B00F218079289
:20218000099AB044944663449A4643460A93BB68B244002B00D0F2E0380009992A005144A2
:2021A0001430F0F7C1FD380009992A00491951442430F0F7B9FD0896D023E558002D14D06B
:2021C0000433E058444A454B05994A44994273D03A4BCB1A59424B415B000293069B009274
:2021E000019300213023049AA84750239846B844594640460EF056FA051E96D1902399466E
:20220000B944594648460EF04DFA051E8DD15B465A794046120701230799920D0EF064FAFC
:20222000051E00D081E75B465A795146120700234846920D0EF058FA051E00D075E75B468F
:202240005B791B09022B70D00B9B002B54D180213000490014F04EF91D4BA06B9C46402108
:20226000604414F047F9A0E6099B0A969A460023B2440B9307968FE7099BB2469C46B4448C
:2022800063460793002308960B93099A3800944607992A0061442430F0F746FD079B380020
:2022A0009C46099A1430511961442A00F0F73CFD0A9681E703005AE701238EE7BD07031040
:2022C000D5090310F5080310BC050000BC0900007C05000058B405109C050000F107031029
:2022E000C10903101509031068B405100094FFFF03030000234D58E638000B9A0899343077
:2023000010F048FD804600281ED138000A990B9A403010F03FFD802107004900300014F04A
:20232000E9F8002F98D03D003FE6404604210EF019FC8046002807D1042148460EF012FC80
:202340008046002800D17FE780213000490014F0D1F8454629E6089B012B00D0C9E6434600
:20236000099A5B00B0449A46D2184346BD68B2180792B2440893002D87D17D6885E71D000C
:202380000AE7C046008FFFFF042909D0052902D00120404203E0836B034A1A6100207047A0
:2023A000836B024A1A61F9E7C1090310D5090310F0B54646D6464F46C0B5816B06008B687E
:2023C0009A7A0A2A3BD8404BD340DB0737D502681379002B3DD13D4BCB5C002B2FD03C4B87
:2023E000CB58002B5FD01F68002F5FD0394A07239146AC229046E432924619E04246B258DA
:20240000290CD1544246B258290AD21851704246B258DC1CD21843469570F0582A00F9681D
:202420000019F0F781FC5246BF582B19002F1BD04A46BD68D21AAA42E0D2274804E0002060
:2024400073680133DBB27360E0BCBA46B146A846F0BD012BC3D11E4BCB58002B2BD01F68E6
:20246000002FC3D11D48EFE7DA1F140C100AE4B2C0B2D2B2AC2175582C7174586071705803
:202480008271B422B350B0239E3AF25073580B3A1A70736830000133DBB273600A3AAB3922
:2024A000FDF75AFBD0E7536C002B9CD10022002000240723DEE7536C002BD3D01A68002A37
:2024C00091D10648C0E7C0469E06000032050000BC040000FD3F00000096FFFF0094FFFFA2
:2024E00010B50400FFF726F8A06B13F0F1FF0023606CA363002804D0FEF702F8606C13F052
:20250000E7FFA36C63640023A36410BD70B5836B056B04001E78002D11D0E86D002806D08A
:2025200007F0A6FBE86D13F0D3FF0023EB65B2212800490013F0DEFF206B13F0C9FF0022CA
:202540002068636B856A23636263002D02D09A68002A16D12000FEF7EDFFA06B13F0B8FF13
:202560000023606CA363002804D0FDF7C9FF606C13F0AEFFA36C63640023A3641B33636021
:2025800070BD002EE6D11900C06A0C31A847E1E770B50400AC25816CFDF7E6FD23686159EF
:2025A0001A79A36B20005B690431984700281FD1B4231022E250043B0632E2506359023A8E
:2025C0001A70A36B1B78002B13D163680133DBB26360200008220021BC30F0F79FFBA36C8B
:2025E00001222364636B01212000E362FDF7B4FA70BD23681B79002B04D0012BE9D10933CD
:202600006360E6E70F336360E3E7C04630B5036885B01A7901235A40836B01A95B6904001F
:202620009847051E02D0280005B030BD01212000FDF7D0FB051E10D1A36F162B12D1206F32
:202640000378142B0ED17033E358102B15D0322202212000FDF712FD194D0C2101A813F00A
:2026600049FFE0E70A2202212000FDF707FD0C2101A8144D13F03EFFD5E70C22043001A9A5
:202680000EF0C6FB051E0FD1A36B1B78002B06D023681B79002B0ED10A336360DDE763681E
:2026A0000133DBB26360D8E7332202212000FDF7E5FC054DD1E7012BCFD10E336360CCE7DD
:2026C000008DFFFF0089FFFF0092FFFFF0B5CE46474680B585B01E000CAB914604CB050028
:2026E00018780F00904610F0C1F9040010F0FEFA4B46186001A810F0C5F92100002201A853
:2027000010F01EFA040001A8002C0CD010F0C0F9502202212800FDF7B1FC200005B0C0BC84
:20272000B946B046F0BD10F055FA041E09D10F4BA96B9C464022614401A810F073FA041E1D
:2027400001D001A8E2E74246310001A810F06AFA041EF6D1390001A810F084FA040001A87A
:2027600010F096F9002CD8D0D2E7C0467C050000F0B5002918D0846B628C002A14D02C25C4
:20278000FF270A4E2434100A431EDBB2052B06D8F3185B5D002B02D03A40914205D0023435
:2027A000A31E1A88002AEED10020F0BD14F70510002906D08889984203D8C8899042804137
:2027C000704701204042FBE7F0B5DE4657464E4645460024E0B51C60914202D8541A052CB7
:2027E00006DC3C48F0BCBB46B246A946A046F0BD856B8C1DA246AC460468002D06D0ED7904
:20280000012D03D165462D6D002D02D1656D002D5DD02C885746002C57D02F4EB0460136F7
:20282000B1460689464524D04E4538D06C880235002CF6D15246BA1A574546D00D2092B24B
:202840004870901C40BA52BA0C70887084B290B20A71000A7F1A9C22240A4871CC701F60A4
:202860006346202112019B5800200B4361468B50B8E7260A012E02D0043E022ED6D8FD2665
:202880002640012ED2D19742ABD8D61B012EA8DD66BAB4B2240A3E707C700237C6E70F4E6E
:2028A000B3460F4E26405E45EDD00E4EB442EAD00D4EB442E7D003D80C4EB442B6D1E2E76D
:2028C0000B4EA619022EB1D8DDE70A488AE70A4888E7C0460096FFFF03030000010400003A
:2028E000FFFEFFFF010600000305000003040000FCF7FFFF0094FFFF80A1FFFF70B50400FC
:20290000914202D8531A012B06DC200032211F4AFDF762FE1D4870BD881C8242F5D34B78DA
:202920000D781B022B435BBA9BB2121A9342ECD8C318984211D21A1A022AE6DD81784578EF
:202940000902294349BA89B2CD1C9542DDD80278002A04D040198342EDD80020DBE7A36B02
:20296000C21C0B481A500B4819502068056B002DF3D00B00406B2100A8470028EDD020004D
:202980007021054AFDF728FE0348C4E7008DFFFF940A0000980A00000088FFFFF8B54546BE
:2029A000DE4657464E460368E0B51D6F0400002D4CD091420BD9200032212D4AFDF70CFE4A
:2029C0002B48F0BCBB46B246A946A046F8BD531A032BF0DD8F1CBA42EDD34E780B78360205
:2029E0001E4376BAB6B2D21B9642E4D8BE19B7420CD23B005A1C9642DDD31B78B11A8B424B
:202A0000D9D8002B2DD0D3189E42F3D82B689A46002B1FD0504626F075FB8146B74217D2F5
:202A20003B0003E043465B449E4211D95A1C1B7890469B469945F5D14A465146404625F060
:202A4000DDFF0028EED1C8235246E2500020B8E70435DBE720007821064AFDF7BDFD054840
:202A6000AFE720002F21044AFDF7B6FD0248A8E7008DFFFF808AFFFF009AFFFFF8B547461D
:202A8000CE4680B51F00002399463B60C8330600C0580C001500984600282DD0914204D944
:202AA0001648C0BCB946B046F8BD26F02BFBC31D02002D1BAB42F3D8494621701031617042
:202AC0003B6083B2D91C013349BA5BBA88B2A170237199B24346A271000A090AE0706171E0
:202AE000E01DF158F0F720F99C228023B16B120188585B0003438B500020D2E70096FFFF37
:202B0000F8B5040033481700069E834217D08021200006F0EFFF051E06D080230125326821
:202B20001B01134333606D42002F20D02A490822200007F003F8002844D12800F8BD002ACF
:202B400017D18B7A072B23D02BD8012B20D0023B022B30D88021200006F0CCFF00281DD03B
:202B60008023012532681B01134333606D421B49DDE78021200006F0BDFF051ED6D0802337
:202B8000012532681B011343134933606D42CEE72021200006F0AEFF0028E1D100250F4955
:202BA000C5E7093B012B06D80821200006F0A2FF0028D5D1F2E70021200006F09BFF00289B
:202BC000CED1EBE78023012532685B01134333606D42B2E70303000084B4051078B4051000
:202BE000F0B545465746DE464E46E0B504000D001700984689B0002960D00669002E66D050
:202C0000C4224369A0589C462368002868D06C4A821A511E8A4152421040A26B6949515885
:202C20008A46002900D194E09921C900525801219346894612991B6C0491614602960391C5
:202C4000666B5A466036019600905146380006F0F9FF23895C4A0600934200D182E0616B5D
:202C6000226860311279380000914146FFF748FF00281CD0002E60D1012D1FD04B46002BD5
:202C800001D1022D60D0514E636B31221B6ED90508D4073A590705D4CC21490201320B42CE
:202CA00000D179E002212000FDF7E8F907E0012D63D04B46002B49D0002EE5D1002630007B
:202CC00009B0F0BCBB46B246A946A046F0BDC4220368A0589E6BDB6B9C462368002896D180
:202CE0001A79002A99D19A79022A96D1384EE6E706AB9B46524603CA03C3584612F0BAFBA2
:202D00000238022859D85B465B6820001978FEF7E7FF23890028A2D08022616B5202086EB0
:202D200002430A66002E00D1284E226860311279380000914146FFF7E3FE012D24D04B46E9
:202D4000002BA1D1022D9FD1224E9DE7022DB3D1FAE79A6C92465146DA6C93464A1E9141E1
:202D6000894667E7CC239A46BA440221504611F07DFF0028BCD1238971E7174B9E429DD0CB
:202D8000124B9E4298D199E7134B9E4296D00F4B9E4200D078E791E701210232194200D007
:202DA00080E7013A980700D57CE7243A1A4053425A4152428A43303274E700231B78FFDE01
:202DC00080B40510C4040000030300000086FFFF80A2FFFF8089FFFF00D9FFFFF0B5CE46A1
:202DE000474680B5836B04009E7883B0032E01D1026896799B689A7A0A2A00D992E0704B09
:202E0000D340DB0700D48DE023681B79012B00D193E001212000FCF7DDFF051E00D086E083
:202E20002368656B1B79002B0ED08423E358072B0AD1A36F162B07D1236F1A780B2A03D153
:202E40001A1D1B79002B63D0E86D002806D006F00FFFE86D13F03CFB0023EB65CA210120E4
:202E6000490013F02DFB071E00D1A1E006F0F8FEA36F162B00D094E0226F13780B2B00D0C2
:202E80008FE07933E058092800D87CE0937951791B020B4312795BBA9BB2002A00D072E000
:202EA0000733984200D06EE007239946454B98464B460333834266D84A46216F8A5C002A6F
:202EC00068D14A468A185578927812022A4352BA92B27F2A57D99D18A946854253D8380038
:202EE000C91807F017FC050040454AD0364B984241DA364B984229D1502202212000FDF7CF
:202F0000BDF8380006F0B4FE380013F0E1FA0EE05378002B98D19378002B95D140332B6619
:202F2000012E2CD1002563680133DBB26360280003B0C0BCB946B046F0BD072AF2D0002ED7
:202F400000D066E78022636B1A66EBE7204B984213D18423E0588145AAD30022A36B3100E6
:202F60009B68200000923A00FFF73AFE051EC8D1636BDF65D6E70028EBD02A22BDE7154D74
:202F8000D5E72B22B9E7322202212000FDF776F8114DB6E72B2202212000FDF76FF80F4D4D
:202FA000AFE70A2202212000FDF768F80C4DA8E7502202212000FDF761F80A4DB7E7C046D3
:202FC0009E06000080DAFFFF81DAFFFF80D7FFFFD2D9FFFF808BFFFF008DFFFF0086FFFF86
:202FE0000089FFFF0081FFFF10B5002402980460002B03D0914205D9094802E0002303607C
:20300000002010BD521A052AF6DD0B234B70093BCB70013B0B710C708C704C710533EEE7F3
:203020000096FFFFF0B5DE4657464E464546E0B5436804009FB00F2B01D900F0B8FC954A4D
:203040009B00D3589F460F23436000251FE0FFF75DFA00251BE00121FCF7BCFE051E16D186
:20306000A36F162B00D0EAE16E33E358042B00D029E2236F1B780E2B00D024E26368002558
:203080000133DBB2636002E0FFF792F9050028001FB0F0BCBB46B246A946A046F0BD856B36
:2030A000AB689B7A022B00D126E2012B00D047E3794B7A4AEE18036830005979FDF748FA8B
:2030C0002368774A186AA918DB692E229847051EDDD13022A36B734D5A51636BDF6D002F09
:2030E00000D12DE3CC370121380011F0BFFD002801D100F010FCAC232168A26B086A52595D
:203100009846E3580390C969380002916649063301910EA90091310012F042F9051EB6D12C
:203120004346E1580E9B58BA82B2120A4A710422023308710E93D318B422A350B0239E3A33
:20314000E250A03B0B70636801210133DBB220006360153AFCF700FD050098E7836B9E689F
:2031600000230B93AC33C758143BC3589846FEF7F3FE051E00D08AE7B37A042B00D9FCE1EC
:20318000002B00D1FDE1A36B484A9A5C002A00D1F7E1474A9A58002A00D185E31168002964
:2031A00000D1EEE15268002A01D100F015FC20001B690CAA0EA99847051E00D067E7A36B79
:2031C0009B685D7AAC23E3580A2D00D18DE3042209251A71A36B002B00D1C8E1344A985893
:2031E000002800D1C3E14068AC23E658FEF71EFD00237071A26B0C932368002A00D1B1E1A5
:203200002B495058002800D1ACE14068002205921A6AAC260492DB69264A03930BAB02932A
:2032200043469446DB1B63440193A3592900083300930EAA002311F0B9FF051E00D026E773
:203240000B9BA25958BA81B2090AD171B421083390716350B0239E39E150A13B137063686A
:2032600001220133DBB2200063601539FCF774FC05000CE7FCF722FF050008E7FFF788F95F
:20328000050004E7FCF72EFF050000E7FFF7BEF90500FCE660F70510BC050000030300006B
:2032A000BE050000BC090000FA3F000032050000BC040000454100000121FCF78BFD051E10
:2032C00000D0E4E6A36F276F162B00D0B2E08426A359292B00D8F6E03B78022B00D0F2E0DF
:2032E0003B1D9946236848465979FDF737F9626B236820815080197951705A88824200D9ED
:2033000001E31B88834200D2FDE2CE4BA06B9C4620226044B91DEFF707FD2623FD5C202D15
:2033200000D9D0E02B00A1592B33994200D82DE14B465B191A00263210785278120202439E
:2033400052BA92B29246013A022A00D8BBE02A002C325244914200D0B5E01A0023325678D8
:203360001178360225330E431B7876BAB6B2002B00D0D3E2A36B30009846FBF7B9FD4346BB
:203380009860A36B9968002900D10BE32000FDF79BFBA36B27379B46636B98465B461B7867
:2033A000002B00D1C8E1002D00D0ADE10C234344069363685A460133DBB2636000231370F9
:2033C00043462A00390006985E609D60EFF7ACFC2368DB6805E0626B04335268904200D106
:2033E000DDE018680028F6D12F2202212000FCF745FE954D4BE6FFF7F1FC050047E6836BC1
:203400009E6800230A93B37A012B71D00121FCF7E1FC051E00D03AE6A36F162B0AD1256F85
:20342000B37A2A780C2A00D18CE102229343052B00D162E10A2202212000FCF71FFE834DBC
:2034400025E6836B9B689B7A042B4BD9093B012B4AD801212000FCF7BDFC051E00D016E699
:20346000A36F162BE6D16368206F0133DBB263600278A56B13000D3B59424B4174496B54DC
:203480000D2A00D00AE28423E15804291BD903799A1D914217D9C2185579927912022A430E
:2034A00052BA92B2DD1DAD18A9420CD99B18C018027AC57912022A4352BA92B209339B1828
:2034C000994200D1C1E5322202212000FCF7D6FD604DDCE5012300254360D8E503F0EAFF4A
:2034E0000500D4E5002BB4D1062300256360CEE5052300256360CAE5280054300EF0ECF84D
:20350000AC260E90A56B40BAA15982B2120A543508714A7128000EF0DFF801002068A259A9
:20352000076A0E9B0197C0690632009028000EF09FF9051E00D0AAE52268A06B156A464B03
:203540000195D269454900928022C3184118D20054300EF0BDF9051E00D098E506220E9B59
:20356000A159E8E5586C002800D04EE64EE62368586C002800D036E636E6093B012B00D899
:2035800001E663680133DBB2636080E52B002A33994298D100239A464B465B19DDE6FBF707
:2035A000A7FC22890100130020002835FFF700F92B004B4400283DD1802252019046284A10
:2035C000A4469146B02212011C0093465346002B00D16FE162782078E57812020243A0782B
:2035E0002D0205436DBAADB2291D994200D953E1424542D04A4537D05A4512D1002D00D1F1
:203600004AE12679721CAA4200D045E1621D002E71D0961902E00132B2426CD010780128DD
:20362000F9D85D1B2B1F053D6418022DCFD8094D2DE55446282202212000FCF71FFD094D6F
:2036400025E5C0469C050000009AFFFF0089FFFF32050000008DFFFFBC090000BC05000052
:20366000FF0100000092FFFF012D44D12279002A41D16246CC201550D3E762461268166F46
:20368000002E00D19FE1032D00D805E1627920791202024352BA92B2A81E824200D0FBE06B
:2036A000A279E81E9246824200D0F5E03768002F21D0E21D0794089554460D00E24606924B
:2036C000099303E077680436002FB2D0380025F019FD8442F6D122003900069825F08EF91C
:2036E0000028EFD1C82250462900D446079C089D099B875095E764469CE78733013AE2508C
:2037000063680133DBB2F4E643460C225B68424406929E4200D04CE643469B689D4200D08E
:2037200047E62A003900069825F068F9002800D03FE60C2363604BE60C334344069338E628
:20374000BF4DA4E42A1D0A928422A258AD1804229343022BF4D1A06B2A0054300AA90DF036
:20376000DBFF002800D03FE6A06B54300DF0B0FF2368DB6F984200D236E6B37A023B022BE3
:20378000BED8636BDF6D002FDAD00A9B99469D4200D2A2E0EB1A012B00DC9EE0236F4A463C
:2037A00006934B4656781B7836021E4370BA83B2C0B29B46FEF75AFA8246F3B218000793CB
:2037C000FEF75EFA53468046002B01D0002812D1A123DB009E4200D1ECE00133FF339E42D4
:2037E00000D1DAE08123DB009E4200D09EE006239A46033398460A9BCC37023351463800C8
:203800000A9311F033FA002800D1EDE50A9BAA1E934200D957E65E781A783602164376BA91
:20382000B6B202330A93AD1BAB4200D04BE64346002B85D00EAA9346424601924A46069BB2
:2038400059460433D21A009220000BAAFEF73EFF051E01D0FFF71BFC5146380011F006FA3C
:20386000002800D1E4E05346062B00D1C5E00A9B029500935A46414638000B9B019611F0DF
:20388000B5FB0500002D00D13AE7332202212000FCF7F4FBFFF7FBFB644614E68C23012278
:2038A0000025E250FFF7F3FB2268526C002A00D074E466E66446A36B1B78002B17D1CC239A
:2038C000E358002B01D0FFF7C0FB2368DB79022B00D1AFE60025FFF7DAFB32212000594A88
:2038E000FCF77AFE574DFFF7D2FB052271E42000FEF732FB051EE2D0502202212000FCF7BB
:20390000BDFBFFF7C4FB462202212000FCF7B6FB4D4DFFF7BCFB4D4DFFF7B9FB2F220221EC
:203920002000FCF7ABFB4A4DFFF7B1FBA36B2268002B02D0D979012941D0536D002B0BD0AD
:203940001A885946002A07D0914200D153E75A880233002AF8D18B4623893E4A93423ED055
:20396000C1229200934200D03EE558463A4A3B4902408A4200D13EE783225200964200D1C0
:2039800039E7374A964200D135E7364A934500D92AE59E4200D027E52DE706239A46053370
:2039A000984628E7502220000231FCF767FB2E4DFFF76DFB06239A46043398461BE71B6D7F
:2039C000002BBDD1B9E764466E2202212000FCF755FB264DFFF75BFB254DFFF758FB079BB2
:2039E000012B03D0043B022B00D9FDE40223360A9E43012E00D0F7E4FDE643460CAD2B70C2
:203A000040460FF033F80FF071F90D90002800D196E60A9B290002930B9B3A0001935B4603
:203A2000504600930396434611F050FB050029E7282202212000FCF721FB044DFFF727FBD5
:203A40000094FFFF008DFFFF8091FFFF0093FFFF808FFFFF03030000FFFEFFFF0104000096
:203A60000503000003050000008FFFFF008BFFFF008AFFFFF0B5DE46574645464E46E0B57E
:203A8000050089B008001700FBF732FA041E00D18CE02B8982899A4202D8C2899A4207D2D7
:203AA000002009B0F0BCBB46B246A946A046F0BDFBF78EFA002808D09723AA6BDB00D358B7
:203AC000002BEDD01B88002BEAD02000FBF758FA9823AA6BDB00D35881469846002B4ED04E
:203AE000002845D000239B464346BA46A0464F461C00A9465B4620683900CC30059311F07F
:203B0000B5F8002843D005AB2068002200934146294BFEF7F5FF0390002838D1042F1ED106
:203B20004B469A6B972306ADDB00D6582A002368CC3303CB03C2280011F09CFC023802280D
:203B400036D8079B30881D78002804D11FE07088023600281BD0FEF707F9A842F7D123005F
:203B6000444698464D4641465746AA6B134BD1502000FBF71FFA00280DD13C6090E7002826
:203B8000F6D02B685B6C9846002BABD188E7A468002CAFD184E7FEF75DF801002800FEF786
:203BA000E7FD002800D17BE73C6079E7044878E7039B1B78FFDEC04603030000BC04000045
:203BC0000094FFFF70B5836B04001B78DAB0012B1BD0456BAB68002B17D003685B6A002BD8
:203BE00013D001A8FDF718F829002368AA68D86A5E6A0C3101ABB047002803D16A68029B1A
:203C00009A4204D001A8FDF7F5FE5AB070BD2800FDF7F0FEB22201A952002800EFF784F8C9
:203C2000B2220021520001A8EFF778F80122A36B1A70E7E7F0B54E46DE4657464546E0B59B
:203C40004668AFB007900F2E01D900F0B4FF954AB300D3589F460F23079A53600023089320
:203C600008982FB0F0BCBB46B246A946A046F0BD0798FEF74BFCF1E70123079A5360EDE79F
:203C80008C25079B5B59002B01D100F0EBFB079B5B6E1B78162B01D000F0E9FC079B9B6EBA
:203CA0001A785B781B0213435BBA9CB28C2300220799CA5007982200036F9846836B4146B8
:203CC000DB68984708900028CAD1032C01D800F088FC43461B78012B01D000F0C8FC434695
:203CE000271F1D1D252F01D800F07BFC079C280023685979FCF732FC636B22682081588096
:203D000012795A70684B984201D000F038FF079B2022986B654B9C4643466044991DEFF787
:203D200003F826234246D45C202C01D900F054FC230024339F4201D200F04EFC079B2022D5
:203D4000586B002184600C30EEF7E8FF079B41465B6B273118009A680C30EEF7E5FF23000A
:203D60002333EA185278E95C12020A4351BA89B20D91012901D800F02FFC8C466344D91C0B
:203D80008F4201D200F028FCD20501D500F024FC0233EA5C511E0F2901D900F01DFC9B18F6
:203DA0005A1C974201D200F017FC01D900F083FC079B5421986B3E4B0AAA1E930023521800
:203DC0001380223006221EA9EEF7AEFF002325342E190D98711CF25C002A04D1CA5CFF2AEC
:203DE00001D100F00CFE02339842F4D8CC2207998A580B68012A04D0DA79022A01D100F0F9
:203E0000E2FD84229A58002A06D0079C20009047002800D0ABE12368079A2648916B002255
:203E20000A502548DD680A501E925B7A012B01D100F001FE00232968A9469846002901D12E
:203E400000F0C1FD079B4F469946AA460D9D002405E00234A54201D800F0ACFD396833197F
:203E60005B78325D1B0213435BBA9BB28B42F0D148461EAAFFF7FEFD002801D000F0B7FD99
:203E80001E9A002AE5D05546434607989B005959436B5960836B9A6043680133DBB243601D
:203EA000DEE6C046A0F70510030300007C05000003020102940A0000980A0000AC23079C4B
:203EC000E558236822895979281DFCF741FB2368AE1D186A04223100DB6998470890002817
:203EE00000D0BDE6290023681422186A0A31DB6998470890002800D0B2E62F00C1222368C0
:203F00001E3759889200914200D94DE31988914200D249E308223800A049EEF705FFA04B6C
:203F2000079C9C46A06B202231006044EEF7FCFE2000FFF747FEA36B1B78002B01D000F013
:203F40001BFD6368616B0133DBB2636020238B6023682022186A0C31DB6998470890002891
:203F600000D07DE6079C2E00636B27369A682623EA54636B300019009A680C31EEF7D4FE7C
:203F8000636B00219A685B68B6185BBA9AB23370F31C98469946CC23B170E358120A727086
:203FA000012B01D100F0C1FC02270024079B1E945B6B47445868FAF79BFF00281AD0FBF715
:203FC00007F8002816D00122079B9B6B5B781A4201D100F0CEFD0B210023797009393B7028
:203FE000BB707B71F9703A71270008374744063406331E936B4A390007981EABAA18FEF774
:204000003DFD0890002800D02AE61E9FE719002F08D07ABA023793B2F27047444246B946DC
:204020001B0A53704B46B4225D1BB0230798012185509E3AC250043BC358143A1A70013AF9
:20404000FBF78AFD08900BE60798FEF7B1F9089006E600231193079B986B8668B37A0A2BE0
:2040600000D935E2504ADA40D20700D403E30523079A536000230893F2E5AC220798836B9D
:204080008658A63A996842609A78032A00D1E6E18B7A042B00D8DDE1093B012B00D9DDE513
:2040A000002A00D1DAE5012373713F33B3713E3B3371079BF71D1A689B6B002B04D0D979FC
:2040C000012901D100F06FFC556D002D01D100F065FD002329889B46002901D100F096FC44
:2040E000FF339946C1239B0098463300BA465E462E4C9B46079F07E0424500D175E26988F3
:204100000235002900D185E23800090AFEF73CF90028F4D13A892B88A242EDD11A0A110058
:20412000012A02D004390229E9D8FD221A40012AE5D149465BBA9AB20B40514602368B5515
:20414000130A8A195370DAE7B42304220798C250043B1232C250043BC358083A1A70436807
:2041600001220133DBB201214360FBF7F5FC089076E50798FBF7B6FF089071E50798FEF7F8
:2041800045FA08906CE50798FBF798FF089067E50798FEF7FDF9089062E5C04690B4051023
:2041A0009C050000FC3F0000A206000003030000079D0121AB6B28009C68FBF70BFE031E51
:2041C000089000D04CE52A008433D6582D6F936FAE19162B00D04AE22B78102B00D046E2BF
:2041E000A37A022B00D135E3012B01D000F0FFFB079A936B9A461EAB9946012349465B422E
:204200000B80089B116811935346002B00D14CE25246AC4BD358002B00D146E2186800280A
:2042200000D146E25B68CC309B4611F0F9F80730C308AF1D9846BE4201D200F0DCFBC00AE3
:204240002B79C0B2834200D0D5E343466A79DBB29A4200D0CFE34346FB189E4200D0CAE3AB
:204260000121584610F002FD079C2168002801D100F082FC0B6A42460393CB6958460293F1
:204280003023019311AB390000934B4611F06CF806002168079B10AD5B6B28005A88497939
:2042A000FCF756F9320053421A43D2179046119F302423005F407B421F43FF174A461678C0
:2042C0002B785E4073421E43F61753786A781D0055406B421D43ED17079B30221B6812A9D8
:2042E000186ADB6998470890002800D0B8E44046079B75499A6B3843744B3043D45051449C
:204300004B462843009412AA0CF0CCFD079C2000FDF722FE0890002800D0A1E463680133A1
:20432000DBB263609CE4079B9B6B9B689B7A042B00D885E0093B012B00D984E0079B5B6B6C
:20434000DB6D002B00D17EE0079C00212000FBF741FD0890002800D082E463682100013391
:20436000DBB26360A36F162B00D080E1236F1A780F2A00D07BE1626BD76D002F00D136E3B6
:2043800084223C008A58CC34052A00D829E11879FDF776FC061E00D17DE30798036F197959
:2043A000FDF7F2FF002800D075E3052E00D113E31EAB9846079D2B6F5879FDF757FC011EB2
:2043C00000D168E3200010F051FC002800D162E38423EB582800072B00D802E12A6FD57930
:2043E00091792D020D436DBAADB22A000832934200D0F6E0836B12AA1B691EA907009847F4
:204400000890002801D0FFF72BFC01953B6F42460833009331000023200010F01FFE08902F
:20442000002801D0FFF71CFC3800FBF767FC0890FFF716FC0798FEF7D1FC0890FFF710FC4D
:20444000002B00D07AE70A23079A536000230893FFF706FC002B00D022E6FFF7FFFB03686B
:204460009A7915E6079C05212000FBF71FFA0890002801D0FFF7F4FB636E1B78162B00D04F
:20448000F5E007998B6E1A785B781B0213435BBA9CB24B59002B01D0FFF708FC8023DB015A
:2044A0009C4200D9F7E2079D611D2800FBF7FEF90890002801D0FFF7D3FB8023E850FFF713
:2044C000F9FBC046BC040000BC050000BC090000AC22079CB421A558143AA2580992042250
:2044E00062509343022B58D10023079C1E9321680B6E002B00D14CE28B6E002B00D148E21C
:204500000A005430683260310DF080F90890002800D041E2A76B543738000DF0DDF81EAA4A
:204520009146AC2292460832904601005246404623682058A2581218186A0190DB69380019
:2045400000934B460DF008F90890002800D023E25346E158434620004746E2581E9C13197C
:20456000C351B37A023B022B00D898E20D00119A002A12D0B423079C120AE158481CE05017
:204580006A54AC21E2586058119D561CE6508554E258119865581218E250B02316220798C9
:2045A000C250A43B2B70DAE5186A08223900DB6998470890002800D1B1E4FFF751FB5B469F
:2045C00001219A6B53780B435370002C04D033790133A34200D1A9E0322202210798FBF7B1
:2045E0004DFDD74B0893FFF73BFBD64AD6491A408A4200D19DE5D54A934200D199E5D44A6F
:20460000934200D195E500D9E9E1D24A934200D075E58EE55B46B3461E005B4659BA1D1DA3
:20462000079B57461A685B4689B20933F171090A7970117A7D190027012900D136E1B42213
:2046400016210D20079CAD1BA550043AA150043AA1580870A2582000D754D2183F0A577079
:2046600001210122FBF778FA0890FFF7F9FABA4B0893FFF7F5FAAC22079CB421A558143AFA
:20468000A25809920422625019009143022900D12AE7023B022B00D97FE7B04B0893B4239D
:2046A00000220799CA50FFF7DBFA4B6C002B00D0B4E5AB4EEEE503339F428DD3A95CAA18FE
:2046C000527812020A4352BA92B293469A18974282D19A465B46AA44002B01D1FFF768FBE3
:2046E00000230B939F4B0C960993079B0E9556465D469B460F94032D00D86DE7F478B178D8
:204700007378240232780C431B0264BA1343A4B25ABA211D894692B2A94200D95CE7102A02
:2047200000D987E0099B92009B589F464E442B1F1D1BA342DFD10B9B0E9D0F9C002B01D08A
:20474000FFF744FBFFF734FB311D4E4432005846FEF724F90028EAD00890FFF781FA311D04
:204760004E4432005846FDF773FB002800D0FEE40C9B0B93DBE7012C00D82DE773793279E4
:204780001B0213435ABA92B20A920232944200D022E7DB0500D51FE75B469A6B9723DB00D9
:2047A000D358002B00D071E10A9B5B08013398460E2B01D90E2398460221404611F080FE1D
:2047C000002800D1EEE15B46996B9723DB00C8500A9BB71DB144FE18002B17D032000300F4
:2047E0004646AA4690460A941D00012E0CD07C783B7824021C4364BAA0B2FDF7B5FA00283A
:2048000011D102374745F2D155460A9C4E468EE7311D4E4432005846FEF770F8002886D059
:204820000890FFF71DFA0237AB1C2C80013E4745DAD1E9E74C4A934200D077E7012C00D04B
:20484000C1E03379002B00D0BDE05B46CC2205369C506CE7A91D8E4200D2C2E66A792B79D3
:2048600012021A4352BA92B28D18AE4200D2B8E6079CA06B54300CF0DFFF002800D0B0E6D8
:20488000AE4200D0ADE62268A06B156A374B0195D269374900928022C3184118D200543020
:2048A0000DF016F8002800D130E59AE607993148896B08588046002800D1AAE08022D20134
:2048C0009146FF2292469132B1440996002793464646089321E0B46CA3B298464D451FD8AD
:2048E0004B462404240CA21C5B1B934218D3434651465BBA9AB2120A0B402B706A70023547
:204900002800F16C2200EEF70FFA5B460237F65847442D19BFB2002E02D0F369002BDAD166
:204920007FBA089B099EBFB289E601225242072705247271B371F17133727172FFF736FBEE
:20494000008DFFFFFFFEFFFF010400000106000003050000030400000089FFFF0094FFFF9D
:20496000808BFFFFE0F70510FF010000BC090000BC0500009C0A00000C23079A1000536083
:20498000FDF7EAFA0890002801D1FFF7EBFAFFF767F98B4B089382E68A4B089A9A4201D17E
:2049A000FFF75EF97BE61D6D002D01D0FFF791FBFFF78AFB01239C4679680437E044002955
:2049C00001D0FFF744FA282202210798FBF756FB7D4B0893FFF744F922AB9846EAE47B4AAF
:2049E0009A18022A01D9FFF78AFBFFF7A2FB784B0893FFF735F9079B764E19684AE4CC236B
:204A00000799FE3ACA500B68FFF7FBF9092304250CE6883010588046002800D04EE76E4837
:204A200009588846B94200D048E7926C9046BA4200D104E642E700239A46B046079E47466E
:204A4000296800245744002905D118E00134A300E958002913D07B783A781B0213435BBABD
:204A60009BB28B42F2D130001EAAFFF703F80028BDD11E9A002AE9D0A046FFF705FA02231F
:204A80009C460D9BE2445345D9D89CE72F2202210798FBF7F3FA514B0893FFF7E1F88F18FB
:204AA000002F00D1F9E5089A30001292FAF768FA8346FDF7CFF801000798FDF759FEC0B26E
:204AC000FDF7DEF85A460600002A00D1E5E5002800D1E2E50094079C01903B00494620002F
:204AE00012AAFDF7F3FD0890002800D054E75346E2584346E7583000791CE1500794D41932
:204B0000FDF7CAF8424653462070079C5846A758E358791CA150DF19FDF79CF83870A36BF7
:204B20002168002B34D02E4A9B58002B30D05868002830D0B423079CE2580B6A0493CB694B
:204B40000999039311AB0293264B6D1A9B1A5B1BAC250193635902329B1800934A4631004D
:204B6000129B10F061FB0890002800D014E76559FDE40023FFF73DFA1B4EFFF78BFB462265
:204B800002210798FBF77AFA184B0893FFF768F84B6C002BCBD1144B089380E5144B0893C2
:204BA000FFF75EF8502202210798FBF767FA114B0893FFF755F8024B0893FFF751F8C046BB
:204BC000008FFFFF009BFFFF0092FFFFFCF7FFFF0094FFFF008DFFFFC4040000009AFFFFB1
:204BE000BC0400004B410000008AFFFF8091FFFF80A1FFFF0081FFFF41727047F0B54F4690
:204C00004646D64615009C22C0B51F0000230C00816B120184B006003B608B50AC4202D8DF
:204C20002B1B012B06DC814804B0E0BCBA46B146A846F0BD0323A01C237063708542F2D3A1
:204C40002B1A1F2BEFDD0C9B002B00D192E020227749EEF769F8230022339D42E3D3726BB2
:204C6000EB1A9268511C9942DDD823239846013BE254716BA0448A68002A00D081E0A845A8
:204C8000D1D84346EB1A012BCDDD40464B6800215BBA9AB203704346120A023342709D426E
:204CA000C1D9434603339A4681709D42BBD3EB1A012BB8DD434605339D42B4D3EA1A052A3D
:204CC000B1DD2B2241715A700223914603723368C171597932890930FBF73AFC4846FBF7D1
:204CE000E9FE9C21B36B09015A5802435A500B220621187F4244914608422ED0A622D2001D
:204D0000995A0C9A002A44D0002900D08BE01B8C002B00D185E04D4500D284E74A46AD1A2A
:204D2000052D00DC7FE7002241463320CA724946487041465BBA4A7302328A739AB2120A8E
:204D4000CB730A74FBF7B6FE9C220625B16B12018B5803438B502A004A4450464546131ACF
:204D6000023B5BBA99B2090A121BEB70417000203A6059E72F4B20229C466144EDF7D4FF56
:204D800069E740460C31EDF7CFFF716B8B68984475E74D4500D246E74B46EB1A072B00DC12
:204DA00041E7002043464A46D872332353704ABA93B29C464346DA73634642461B0A137451
:204DC0000B001D3B13320390012B06D90633022B03D94B1EFF3B042B21D803AB009330000F
:204DE0002B0002F02BF9002800D01DE74046039B59BA8AB21D0004335BBA120A82749AB23C
:204E0000120A4174437382733320FBF753FE9C22B16B12018B58083503438B509BE7064882
:204E200002E7064800E7002595E7C0460096FFFF50F905109C0500000094FFFF0092FFFFF8
:204E4000F0B5DE4657464E464546E0B5436804008FB01B2B00D1B9E2816B002900D1B5E21B
:204E60001A2B03D8C14A9B00D3589F46C04D28000FB0F0BCBB46B246A946A046F0BD02F04F
:204E80006FF8051EF3D101236360F0E7012300254360ECE7002301210A930B930AAA0BAB5D
:204EA00001F042FC051EE2D10A9B0B9E9B469F19BB4200D969E2252E00DC66E2A36B5846C2
:204EC000984623685979FBF749FBAA4B984200D07EE223225A440392974200D255E22223C3
:204EE0005946C85C233E831C0590B34200D94CE2844613006244110052781B5C1202023142
:204F00008A461343D20500D53FE28F4200D23CE252465BBA9BB2591CBA1A914200D934E2D8
:204F200053445A1C9946974200D22EE21B78BA1A991C914200D928E201334B4419000DAB64
:204F400000933A0020000CAB01F010FC002800DA4DE200D124E2012800D117E3C122636B03
:204F6000920022815A802268200012795A7001F0CDFB061E00D0E4E25B467F482022991C51
:204F80004044EDF7D1FE059A202A00D902E2606B039982600C30EDF7C7FE43469E6023005C
:204FA0005446AA461D00A14500D825E260782378000218432B6840BADB6880B203E0043399
:204FC000904200D1A0E21A68002AF8D10234EAE76A4A03689446186A2022DB6961449847AB
:204FE000051E00D043E7022120000CAB0BAAFAF7EBFC051E00D03AE70B990C9A00908A187D
:2050000020000DABFFF7FAFD051E00D02FE70D9E0221330020000B9AFBF77AFD051E00D0A0
:2050200025E7320020000C99FAF7E2FD051E00D01DE7200003F0F6FA051E00D017E7182377
:20504000636014E798230E00DB00CB5822369946002B00D189E1488C002800D18BE1484B62
:20506000484F98462368002903D0CA79012A00D160E15A6D002A04D106E0834200D132E15F
:2050800002321388002BF8D170880236002800D171E1A16BE6E78B78032B00D162E1002B89
:2050A00000D15BE101232000CB700BAA0D210CABFAF78AFC051E00D0D9E60B9F0C9B0D90B3
:2050C000FA18974200D95DE1022B00DC5AE17B1CFE1C38709846310020000DABFDF774FBE7
:2050E000051E00D0C3E60D9B0D21F6184346F31A023B5BBA7B709AB24346120AF61B5A7091
:20510000200033000B9AFBF703FD051E00D0AEE6320020000C99FAF76BFD051E00D0A6E64F
:20512000032300256360A2E602F064F8051E00D09DE6636BDB6D002B00D12DE11523002598
:20514000636094E601F038FE051E00D08FE60D2363608CE601F054FE051E00D087E620005B
:2051600003F0ACFB0F23636081E6C04624F80510808FFFFF030300007C0500009C050000CD
:205180000305000078B4051001F092FE051E00D06DE6200003F0BCFB051E00D010E19D2391
:2051A000A26B1B01D1582000FBF7C2F9A36BDB78002B00D1F0E007230025636057E601F063
:2051C000B9FE1B230025636051E64B7F002B00D0D1E001F0DFFE051E00D048E60021200015
:2051E000FBF728FD022120000CAB0BAAFAF7ECFB051E00D03BE601260B990C9A20008A18CA
:2052000000960DABFFF7FAFC051E00D02FE60D9F02213B0020000B9AFBF77AFC051E00D022
:2052200025E63A0020000C99FAF7E2FC051E00D01DE6A36B00255E771A23636017E69D23DA
:205240001B01C958FBF77CF9082120000CAB0BAAFAF7BAFB051E00D009E60B9E0C9BF21813
:20526000964200D98EE0012B00DC8BE0B71C390020000DABFDF702FC051E00D0F7E50D9B4F
:205280000821FF18BF1BBB1E5BBA9AB2120A337072703B0020000B9AFBF73AFC051E00D0FE
:2052A000E5E53A0020000C99FAF7A2FC051E00D0DDE50523A26B127F134200D199E0083341
:2052C00000256360D3E501F093FA051E00D0CEE50B236360CBE501F043FE051E00D0C6E599
:2052E00013236360C3E5434504D01CD8C04A934200D0C9E64D468021286804F0FBFB002889
:205300000DD108223900286804F018FC002806D129683088CC3101F011FC00280FD1AD6854
:20532000002DE8D1B0E6B34A94466344022B00D9AAE6DFE70A6D002A00D0A2E699E6AE4BA6
:20534000A26BD5502B68002B15D0200001F068FB051E00D08BE50923636088E58022636BD5
:205360001A66DDE603689B7999E603685B6C9946002B00D06FE628212000A04AFBF72CF921
:205380009E4D74E59E4D72E53C00322120009D4AFBF722F99B4D6AE50B230025636066E54C
:2053A0002368C12259889200914211D2964A1B8893420DD98C230122E250944B238156E556
:2053C000282120008D4AFBF707F950E5904D4EE5462120008F4AFBF7FFF88E4D47E53C00CA
:2053E0005746012800D18CE0002800DB88E005003DE5002563603AE52C00554643469B68BE
:20540000002BB8D01B68626B53604B461B78012B00D03BE14B465A78002A00D036E10423FF
:205420004B449A469F42B0D34B469978DB781B020B4351465BBA9BB27F1ABB42A5D8534496
:2054400004934346744903925A505B46AB4655460993049BAB4200D8E6E0A36B6E495B7F9E
:205460005A1E93416D4A5B4294464246525880219B0B9B03890163440A4200D006E10499CA
:205480004A1B032A00DC80E72A1D9246914200D27BE7EE78AA7836021643524676BAB6B2C8
:2054A0008A1A964200D970E76A78297812020A435146914652BA92B28F192000012105921D
:2054C00001F062FE00283AD180235B0199452FD0059A102A00D93CE1A0231B01994500D10F
:2054E000E4E0D0231B01994500D1F1E14B46002B06D13A0051462000FDF700FA00281ED1CF
:2055000003983D000390A4E7F9F7F2FC2A890600010013002800FDF74BF9002800D055E558
:20552000002E00D152E543462C009E60554665E73A0051462000FDF731FA0028E0D00600AD
:205540005D46002E20DB022E00D129E784232268D358002B04D020009847002800D046E7EF
:205560000022A36B2E4920005A502E495A5003F03DF8002800D03AE7002E02D1022363606F
:2055800075E41223636072E4350070E40C9A0D9B9A4200D3F9E6561CB34200D2F5E6127861
:2055A0009B1B9A4200D9F0E6B3180493049BB34200D80DE7049B9B1B012B00D1E5E6236840
:2055C00030005979FAF7CAFFC12202369200904200D1C3E40D4B9842E8D1236859889142EE
:2055E000E4D2094A1988914200D9DAE6DEE7C04603040000FCF7FFFFBC0400000092FFFF82
:205600000096FFFF008DFFFF0203000003030000008FFFFF8091FFFFC4090000FFFFF71FE3
:20562000940A0000980A0000099BAA465D469B4653465A469F1A3A0001212000FBF752FA66
:20564000061E00D07DE743463A0059462000DB689847061E00D074E7022223681B69134277
:2056600006D0A16B9F4BCB589F490B408B4215D06D2120009D4AFAF7AFFF9C4DFFF7F7FB51
:205680004346984A9B589B0300D539E72F212000964AFAF7A1FF954DFFF7E9FB43462000D3
:2056A00099681A77FBF710FA039E4FE7BA4500D96BE6012E00D868E6AE1DB74200D264E627
:2056C0002B796D792D021D436DBAADB2BB1B9D4200D95AE600227519B9462F00A36B1A84D3
:2056E000B74200D8F2E0BB1B012B00D14DE6737832781B021343A26B5DBAA8B20236002A19
:2057000000D1DDE0D26C002A01D1D9E0023211880029E5D08842F9D1754A76499A180A404F
:2057200092B2002A00D1A2E0B8225201934200D19DE00132FF321940914200D197E0013847
:20574000FF380428CCD8A36B1A8C002AC8D11D84C6E7A4239B01994592D0CC239B01994571
:2057600000D0CDE6BA4500D90FE6012E00D80CE6AB1D9F4200D208E66A79297912020A4391
:2057800052BA92B2F91A8A4200D9FEE5A62100259146BA462700A06BC9004552994499450E
:2057A00000D882E04A46D21A032A00DCECE5DD789A782D021543991C6DBA1A1D0891ADB260
:2057C000914500D2E0E54946891A8D4200D9DBE552190592BA6B3968002A61D0D26C002A37
:2057E0005ED05E78197836020E43694673BACB839CB202E09C4205D002321388002BF9D1BA
:20580000059BCCE73A4BF2183A4B1A4092B20692002A32D0B822520196422ED00132FF3258
:205820003340934229D0631EFF3B042BE8D8A623BA6BDB00D35A002BE2D1C0222D4B5201FC
:205840003340934203D0013CFF3C042CD8D838000899AA1C01F0C2FB002800D0BFE569463D
:20586000A623BA6BC98BDB00D152059B97E7FCF77BFA002800D133E765E72000FCF774FA82
:205880000028BDD0A623BA6BDB00D35A002BB7D1069B002BDBD0B8235B019E42CDD1D6E7C1
:2058A000CA6D002A9DD1059B79E73C00A623A26BDB00D05A574643425841039B184320E648
:2058C0002268D26D002A00D021E709E74F4617E63A0051462000FCF7BBFA002800D10FE6F4
:2058E0002DE6C046C409000030004000009AFFFF00E3FFFFFFFEFFFFA62370B5826BDB0028
:20590000D35A0400002B19D019001D39012906D90631022903D9013BFF3B042B0ED8AC2530
:20592000505912F07BF9002802D1A36B585170BD0722034B034919F05DFDF8E70248F6E73D
:20594000B9F30410041306100094FFFFF0B54E4699464546DE465746002390464A46E0B546
:2059600087B0136004000F0000F0D0FE051E07D0280007B0F0BCBB46B246A946A046F0BDAC
:20598000C123A26B9B0092889A4271D20926042347456BD84246D21BB24267D300223A70AE
:2059A0002B327A703B715A1CC1239B009A4652BA91B2090ABA70F9701A000021781DFAF769
:2059C000C7FDA36B9B88534500D2B9E02B20FBF771F8A36BBE199A469C231B019B4653460F
:2059E0005A4659469B58524603435350A223DB00D15800292BD0B04538D3744BD25A434693
:205A0000901D9B1B984231D8002333702C337370931C5BBA98B2000AF07050BAB37083B25E
:205A20001B0A30717371B01DEDF77EF95246674B2C20D35A06330393FBF73CF85946A26B30
:205A40005358924603435350039B9C466644062223681969114203D14B46F61B1E6087E7C6
:205A6000B04503D34246921B052A04DC584D7FE7072602238CE7B21D0392A6225146D200B2
:205A80008A5A93461D2A00D184E0172A00D184E0182A00D184E0192A00D184E01E2A00D14F
:205AA0008CE0013AFF3A042A50D800230593039B9845DBD34246D31A032BD7DD0A22924671
:205AC00005ABB2440093524643465946200001F0B5FA00286AD15A46059B51BA8AB2B17101
:205AE00003999A44120A5BBA4A7099B2090A717251463372039BFF22C91A9A4563D0307070
:205B0000332089B28B1C5BBA707098B21340B3704BBA99B21A40090AA623717159463271F1
:205B2000A26BDB00000AF070D1523320FAF7C2FF9C22A16B12018B58564603438B508BE7FC
:205B40000021244AF81DFAF703FD3FE7CA6C9246002A10D12CE0172B1FD0182B20D0192BBD
:205B600021D01E2B2AD05B46013BFF3B042B9CD902239C46E24453461888002821D0002295
:205B80000021FCF7CBF853461B889B460028EAD11D2BE0D11D239B4687E717239B4684E720
:205BA00018239B4681E719239B467EE70500DFE6DB6D9A46002BDED1074DD9E61E239B46DE
:205BC00073E7064DD4E6064DD2E6C046140500000096FFFF0303000080A1FFFF808FFFFF6E
:205BE0000094FFFF00207047F0B54E46DE4657464546E0B5466804008DB0172E03D8CC4AFD
:205C0000B300D3589F46CB4D28000DB0F0BCBB46B246A946A046F0BD01F0A2F9051EF3D12A
:205C200001236360F0E701F045FC0500ECE7002302210893099308AA09AB00F075FD051E34
:205C4000E2D1099B089F9846FA18974200D952E2222B00DC4FE2390022318A4200D24AE2C0
:205C600022234046FB5C22380433834200D942E2A06BC9180BAB8146009320000AAB00F0EE
:205C800075FD002800DA88E200D03BE23800AA4907221A3022F0B2FE4B469988002800D12E
:205CA0004BE2C1239B00994200D34FE28C230122E250A24B3A002381022143462000FAF7CD
:205CC00027FF8346031E0BD12268063312691A429AD02000FFF710FE8346002800D193E774
:205CE0005B46002B00DA54E3022B00D18CE7099B089F9946A36BB8469A465B46C844012B67
:205D000001D102267642474500D9F4E14B46252B00DCF0E1236838005979FAF71FFC874B96
:205D2000984200D0C2E25B46012B00D02AE33B002233984500D29CE223239C46BC446346DD
:205D40000393434500D994E22223FF5C4B46233B9F4200D98DE2606B83689F4200D0B1E323
:205D60003A0003990C3022F049FE002800D0A9E3039B9C466744474500D9BCE14346DB1B88
:205D8000012B00DCB7E17B783A781B0213435BBA9BB218009946F9F7ABF803902289010020
:205DA00013002000FCF704FD002800D0CEE12368DB681A68002A00D1C8E14946043305E076
:205DC00004331A1F1268002A00D1BFE19142F7D15B468946012B08D053465B7F002B04D0BD
:205DE000636B5B68994500D0B0E1039B200099461900FAF769FE53464A469A60BB1C9845EE
:205E000000D878E1BA78002A00D09FE1FB1C434500D970E14146C91A012900DC6BE1791D8A
:205E20008946414500D966E13B79F9781B020B43484641465BBA9BB2091A8B4200D95AE1E2
:205E400051464B4404933E4B0795CA505B46013B5A1E93413B4A5B4213408322D203944654
:205E6000634406936E234D46B246A1465B420393049BAB4200D820E2049A531B032B3DDDF2
:205E80002E1DB2423AD3EF78AB783F021F437FBABFB2931B9F4231D86B782A781B0213434F
:205EA0005ABA984651464846069B92B201F06CF9F4190390002800D088E3B0239B01984541
:205EC00000D150E3CC239B01984500D100E3AC239B01984500D05FE1A6420FD8012F0DD965
:205EE0004B461B6830005979FAF738FBC1239B00984200D031E30635AC42B9D04C46FAE00D
:205F000001F078F9051E00D07EE6092363607BE60021F9F75FFF051E00D0BDE08C230122A7
:205F2000E250A36F162B00D1D2E0032344E0C04690F80510008FFFFFF0F8051003030000DC
:205F4000C40900000020FFFF9D23826B1B01D158FAF7F6FAA26BCA4BD35C002B00D0A3E0B4
:205F60000B2329E000F044FC051E00D04CE60D23636049E600F09CFF051E00D044E62000AB
:205F800002F09CFC051E00D03EE60E2363603BE600F036FF051E00D036E6200002F0B8FC51
:205FA0001623051E08D028212000B64AFAF714FB2AE600F0BFFF1B230025636024E608212D
:205FC0000BAB0AAA866B00F0AFFB051E00D01BE60A9B0B9A99188B4200D98CE0012A00DCC4
:205FE00089E0981C8346814200D284E05F7818783F0207437FBABFB2023A97427BD8A36BB0
:206000005F449A465246A04BD550BB4500D308E2A0465C468B4604963B1B032B00DC26E13E
:20602000211D8F4200D222E1E378A2781B0213435BBA9EB203917B1A9E4200D917E163787A
:2060400022781B0213435BBA9DB22A00082140468E4B01F099F8002800D09EE003998A19E6
:20606000102D00D197E1974200D8CEE11400D3E700F0A2FE051E00D0C6E50B236360C3E5A5
:2060800000F06EFF051E00D0BEE507236360BBE50F2391E701238FE7002800DAB4E5012878
:2060A00000D142E77A4DAFE5200000F0B9FC051E00D0A9E5A36B002B4FD0764A9B58002B0F
:2060C0004BD01A681523002A00D075E70B2373E7236F1B780D2B00D027E70D2120000BABCE
:2060E0000AAA00F021FB051E00D08DE50A9D0B9AAE18B54253D332212000674AFAF76CFAD1
:20610000654D81E5636B228964495A802268B81C904612795A704A465B4BD550202222F02F
:206120006DFC00281FD0099B089F9946A36BB8469A460023C8449B46E5E52123C122FB5C71
:206140009200914202D2012B00D9AFE52F212000534AFAF741FA524D56E523685B6C002BDD
:20616000AFD10B2328E74B465B7F002B00D095E14246062312691A42E8D04A46053B5377AC
:20618000099B089F9946A36BB8469A4602260123C8449B467642B6E53D48050034E5A36BAC
:2061A0002F7899460135002F13D0AE42A3D3013A9742A0D83900012010F082F94A46394B36
:2061C000D050002800D14AE129003A00ECF7ACFDED19AE428FD3731B012B8CDDAB1C98466C
:2061E0009E4288D36F782B783F021F4343467FBABFB2F31A9F4200D97DE70022494647449D
:20620000B346A2464646B8461F4BCA50B04500D828E143469B1B032B00DCF4E0371DB8454B
:2062200000D2F0E0F578B3782D021D4343466DBAADB2DB1B9D4200D9E5E074783378240256
:206240001C4364BAA4B222000D215046164B00F09BFF0028A1D17E190D2CD7D1320039001D
:206260005046FBF7F5FD0028D0D00500CCE4444641E732212000084AFAF7AEF966E7C046C5
:20628000320500000092FFFFC4090000D64D00100094FFFFBC040000008DFFFF50F90510FC
:2062A000009AFFFFCC0900002902AC0F46212000CA4AFAF791F9C94DA6E4039B4C46079D01
:2062C000002B00D04BE15B46012B36D002212000099B089AFAF71CFC002800D05DE7802155
:2062E000A66BBF4BBF4AF358C90313408B4247D0934243D080229201934205D10123337796
:20630000226812691A4201D1B74D4CE6200002F06DF9002804D1200002F084F9002801D017
:20632000050040E69D231B01F1582000FAF700F9636BA3621323636066E4200000F02AFEB5
:20634000051E00D060E402212000099B089AFAF7DFFB051E00D057E400212000FAF76AFCEC
:206360002000FFF7C9FA051E00D04DE4A26B636B926812685A601723636045E40423BEE725
:206380000223BCE799482022B91C5044ECF7CCFCCDE45D4638E443461B681D6F002D00D1F8
:2063A00031E4914200D962E7012E00D85FE7A01D824200D25BE761792379090219434BBA0F
:2063C0009BB2023EB34200D951E7C318984200D94DE7002900D14AE7E11D03918B4200D20C
:2063E00045E7A6795B1A9E4200D940E791462C68002C01D1FFF707FC200022F083FE864220
:2064000054D00435F3E7544675E65046744B5946C358774844469346049E0340834200D1A4
:2064200094E6594500D066E6B268636B126808215A6020000B9B0A9AFAF76AFB051E01D02F
:20644000FFF7E2FBA36B1A7F052313405A42534107225B4293430D336360FFF7D5FB654D00
:20646000FFF7D2FBB0465E465446464500D042E64A465B4BD3589B0600D43CE60121A26B7B
:206480005D4B2000D1540B9B0A9A0C31FAF740FB051E01D0FFF7B8FB03238DE50A212000DC
:2064A000564AFAF799F8554DFFF7AEFB32002100039822F0A3FA0028A3D1C82341464A463E
:2064C000CC50D0E52F2120004D4AFAF785F83DE64B4606221B681969114200D1D0E05A4621
:2064E000012A00D090E04A46926B002A00D1D0E0D26C9046002A00D1CBE0A64200D9FDE49D
:20650000012F00D8FAE46E792B7936021E4376BA4746B5B207E00633022B0BD90138FF38AC
:20652000042810D902373888002816D003001D3B012BF0D800221100FBF7F0FB863002D058
:2065400038888542EAD04B469A6BA623DB00D15AA94202D02500D6528AE44C46F6E56E251D
:206560006D42FFF751FBA64200D9C7E4012F00D8C4E4AE1DB44200D2C0E46B792A791B0233
:2065800013436A465BBAD382D78AA31B9F4200D9B4E44A46956BA222D200A85890460FF01F
:2065A00097FF0023174A39000120AB520FF088FF4146685000280DD03A003100ECF7B4FBA3
:2065C0006A46104BD28AEA52250051E403980500FFF71AFB07480500FFF716FB8091FFFFA9
:2065E000C4090000002040000092FFFF9C050000040000100081FFFF320500000089FFFFEC
:20660000009AFFFF14050000A64200D976E4012F00D873E448462A796B79A91D856BA620BE
:206620001B021343C0005ABA285A92B290421ED11C4A1D4D9A182A4092B2002A0DD0B8227B
:206640005201934209D00132FF322B40934204D00138FF38042800D99EE54846621A00F0CF
:20666000BDFC002800D098E52500FFF701FC4C46282120000D4AF9F7AFFF0C4DFFF7C4FAD7
:206680004C466E2120000A4AF9F7A6FF084DFFF7BBFADB6D9846002B00D02EE70548050048
:2066A000FFF7B2FA00E3FFFFFFFEFFFF0092FFFF008BFFFF80A1FFFFF8B5140007000D004F
:2066C0004022202120001E00ECF728FB069B002B11D1200021220B494030ECF725FB612377
:2066E000002220003900E25462302A006235ECF71BFB3560F8BD2000212203494030ECF751
:2067000013FBECE75FFA051080FA051010B516F0D7F90722024B034918F06CFE10BDC046F9
:20672000B9F3041004130610F8B50D000021040017001E00F9F74EFB00280CD1A36F162BC7
:206740000AD1236F1A78AA4206D104333B608423E358043B3360F8BD20000A21024AF9F7B5
:206760003BFF0148F7E7C0460089FFFFF8B50024069D1C602C60914235D005D932211B4A41
:20678000F9F72AFF1948F8BD541A012CF6D08C1CA242F3D30E784978121B0902314349BA21
:2067A00089B29142EAD861188C421CD20A1B032AE4DD261DB142E1D3E278A77812023A43CD
:2067C00052BA92B28F1BBA42D8D825786778B418AC223F022F4392019742E5D11E60069B09
:2067E00001201C60CFE70020CDE7C046008DFFFFF0B5DE4657464E464546E0B50021D7B01F
:206800000400F9F7E7FA071E4DD1A36F162B00D0D2E0256F2B780F2B00D0CDE08423E658B8
:20682000A36B20009B680DAA597A09AB00934023FBF7B2FA071E3ED12368099999461B7981
:206840000DA85A4253412DAA009308ABFFF734FF2F1DAB199846BB421FD3331F9B46012BD1
:206860001BDD6B792A791B02134358BA9A46AB1D0693A36B80B2002B03D0DA79012A00D146
:206880008EE04B465B6D002B03D182E0904218D002331A88002AF9D17BE032212000574ADC
:2068A000F9F79AFE554F380057B0F0BCBB46B246A946A046F0BD50212000514AF9F78CFEA0
:2068C000F1E7089BC0B20793FBF7D0F953468146D8B2FBF7D5F94B460590002B4DD0059BBE
:2068E000002B4AD08023059A9B041A439246636B4946D86DCC300EF0B9F9002849D006990F
:206900008845CAD3B31F012BC7D908239C46AC4463460693E045C0D34B78AA791B0213431F
:206920005BBA9DB2083EB542B7D80AAB019340231DAE009350463300079A2DA911F0A0FE3E
:20694000002826D14B460021062B4AD0636B4846DA6D069BCC3202930A9B039501930096DD
:20696000059B0EF0B3FB002813D13A005B460F212000FAF7CDF8070095E7A123DB009A45DD
:2069800013D00133FF339A4524D08123DB009A4519D0332120001B4AF9F71EFE194F82E7DE
:2069A0001B6D002B00D074E76BE7174B9A460A230593043B99469AE70A212000134AF9F769
:2069C0000BFE124F6FE7124B9A4609230593033B99468CE70F4B9A460B230593053B994647
:2069E00085E7059B0BA90B700B4B5344102B02D80A4A9B00985848600BA9A7E7008DFFFF06
:206A00000094FFFF0092FFFF0A0000020089FFFF090000020B000002FDFFFFFD0CF9051097
:206A2000F0B5D6464F464646C0B582B06A460B2101AB0400F8F7C8FF002805D002B0E0BC40
:206A4000BA46B146A846F0BD009D019AAB189846A36B002B5AD035495E58002E56D0366842
:206A6000454551D83249595C894601318A424BD3304A6F1C99584B462B70002B4BD1B845E2
:206A800042D34346DB1B022B3EDDF81C002E48D0804539D3B36899465A1D43461B1A9A42E4
:206AA00032D84B461B0C03704B461B0A43704B468370C31C1800F1684A469A46ECF734F9E4
:206AC000C82350465B00F65800234844037043700230002EDCD1C31B033B19141A12C9B2BA
:206AE000D2B2DBB23970BB70451B7A702B000B212000009AFAF70CF800289FD12A0020007F
:206B00000199F9F775F899E70B4897E721684E6C002EA4D1A4E738004A46ECF705F94F4480
:206B2000ADE7002300220021DCE7C046BC040000C8090000CC0900000096FFFF70B506006D
:206B400008000C00FBF772F8050020000EF068FC0300012D12D00020032D0ED1C0225200C8
:206B6000934218D00E4A934210D00A3AFF3A934203D10C4BF0184342584170BD0A4B002006
:206B80009C4602226644B2424041F6E7074BF01843425841F1E7064BF01843425841ECE759
:206BA00009020000FDFBFFFFFCF7FFFFFDF9FFFFFDFAFFFFF0B54E4657464546DE46E0B5E0
:206BC0001F000023856BD9B004000E0091460D933B60002D19D0694BEB58002B15D05B68F6
:206BE0009846002B15D0AB682000597A0BAB00930FAA4023FBF7D0F800280CD059B0F0BCC9
:206C0000BB46B246A946A046F0BD23685B6C002BE5D15B48F2E723680B999A461B792FAACE
:206C200000930FA80CABFFF747FD4E4528D84B469B1B032B24DD688C002800D197E04A461C
:206C4000504BB1469B46331D0893D31A5246BA4622350993A36B002B02D0D97901296ED099
:206C6000536D002B03D105E090420BD002331A88002AF9D168880235002878D02268E9E707
:206C80004148BBE7584503D054D8404B9842F1D14146FFF753FF0028ECD028782F88FAF70B
:206CA000E5FF0600380AFAF7EBFF0790002E01D0031E48D1364B9F424ED0364B9F4246D005
:206CC000354B9F42A5D109230626344807930EAB019340230C9A00932FA91FAB11F0D0FC17
:206CE00000283ED1236841461A6A30000592DB69079A04930DAB0393099B0293089B0193C6
:206D00000E9B00931FAB0EF0CDFA0028B2D12B884E465746002B2AD05BBA9AB233700D9B48
:206D2000120A59BA72708AB2120A0433B170F2703B6063E71A4BC318022B9BD8A8E71B6D54
:206D4000002B94D18CE7802080041843BFE70B23062614480793BAE70A23062612480793CD
:206D6000B5E70722114B124918F044FB46E720002821104AF9F730FC0E483FE7BC04000008
:206D80000094FFFF030500000096FFFF03040000050800000608000004080000090000028C
:206DA000FCF7FFFF0B0000020A000002B9F30410041306100092FFFF30B585B00F2102AB55
:206DC00001AA0400F8F700FE002801D005B030BD0199029A20008A1803ABFFF7EBFE0028CF
:206DE000F4D1039D0F212B002000019AF9F790FE0028EBD12A0020000299F8F7F9FEE5E71F
:206E0000F0B5002183B00400F8F7E4FF00281AD1A36F162B2FD1266F3378142B2BD184231B
:206E20001F4AE75894462268AF231579A16B6A425541DB00CB18402220006144009501F02D
:206E40009FFA002801D003B0F0BDA36B144A043F991843329B589F4214D104363A0030000E
:206E600009F0D6FF002814D13B00320014212000F9F74EFEE7E720000A210A4AF9F7ACFB35
:206E80000848E0E720003221074AF9F7A5FB0648D9E720003321054AF9F79EFB0348D2E729
:206EA000350500000089FFFF008DFFFF0092FFFF1E4AAF23944630B50268816B127985B0E7
:206EC000DB00CB18009261444022040001F058FA002801D005B030BD1421200003AB02AACA
:206EE000F8F772FD0028F5D10298039BC218904219D8AF22A16BD2008D58AB4213D30B4BB4
:206F00002A009C466144EBF70FFF2B0014212000029AF9F7FDFD0028DCD12A00200003990F
:206F2000F8F766FED6E70248D4E7C046350500000096FFFF10B50400C16CF9F7F9FA20006F
:206F4000E16CF9F7FDFA206B002804D0FAF752FD206B0FF0BDFA636B23630023636310BDEB
:206F600070B5836B04009B7F002B10D10125AC33C35814221D70B423C550043B0021C25093
:206F8000F8F732FD002801D1A36B9D7770BD0020FCE7C04610B5836B94B09B6804AA597A06
:206FA00002AB009340230400FAF7F6FE002801D014B010BD6A46FE239381029B9073D373F0
:206FC000200004330293F9F7C3FD0028F0D1A36B2000029ADB6803A99847E9E78B1870B5FC
:206FE000994201D8012A05D83221114AF9F7F4FA0F4870BD8D1CAB42F6D34C780B782402F9
:207000001C4364BAA4B2023A9442EDD88023DB009C420AD8866B220030002900B130EBF759
:2070200083FE044B0020F450E3E70348E1E7C046008DFFFFB40400000092FFFFF0B54F462C
:207040004646D646C0B51600826B8EB00C0090466946002205004A8020000192023101AABF
:207060009F1BFAF75BFE43425841013C3C4B4042FF3C1840A4B28146042C64D8394BA40064
:207080001B599F468021802389005B016846364A019342803548924681468F425CD3A42208
:2070A000414650468852AA6BA82502AC53510021182208A8EBF732FE1822200008A9EBF79B
:2070C00033FE8023DB01A3604B46E360534623804346274A5B59934200D9264B4146200079
:2070E000AC31638015F0A0FC00281CD1AC2342463100D0583A0008AB10F0D8FE002812D19C
:20710000089B169A13600EB0E0BCBA46B146A846F0BDC021C02349001B01B7E780218023B2
:2071200049001B01B2E70722134B144918F062F9E9E780218023C9009B01A7E7C021C0233F
:2071400089005B01A2E76B465B889A46002B05D0019BD91DC908A0E70948D4E70948D2E74D
:2071600000000209F8F805100372000000000109F8FF0000FFFF0000B9F30410041306109E
:207180000096FFFF0092FFFF70B5050010000C001E00F9F78FFC020006421BD0A86B11494A
:2071A00002344358134343500D2C0AD80E4BE340DB0706D59C231B01C3580020134202D084
:2071C00070BD0020FCE728006E21084AF9F704FA0648F5E728002F21054AF9F7FDF9044865
:2071E000EEE7C046C409000011240000008BFFFF009AFFFFF0B5DE464E4657464546E0B577
:20720000002185B00400F8F7E5FD061E15D1A36F162B00D0B6E0256F2B780B2B00D0B1E0B2
:207220008423E6582F1DAB199846BB420DD232212000954AF9F7D0F9934E300005B0F0BC22
:20724000BB46B246A946A046F0BD331F9B46032BEDDD6B79AA791B0412021343EA7913433F
:2072600099462B79002BE2D180235B029945DED2A36B0393636BD86D9A46002807D002F097
:20728000F7FC636BD86D0FF023F9636B9A464B46002B1ED153464A46DA65082EC7D1A36B30
:2072A000997803295FD023681B79012B5ED00022002B6ED0002320000093FBF791FC061EE5
:2072C000BBD15B463A000B212000F9F721FC0600B3E7CA21012049000FF0F2F85346D8653A
:2072E000002800D1ABE0636B0835D86D02F0B8FCA8459CD3083EB14599D8A9444D4596D224
:207300004B465B1B022B92DD2E786B7836041B021E43AB7803351E4332005C4B803A9A425E
:2073200000D984E7A94500D281E74B465B1B9E4200D97CE7636B3200D86D290003F0EAF97A
:20734000534B984274D0534B984229DA524B984267D0524B984225D0060002002A21200069
:20736000F9F73AF969E7236899799DE752463F3313660129A5D029212000494AF9F72CF945
:20738000474E5AE70A212000464AF9F725F9454E53E729212000444AF9F71EF9424E4CE79F
:2073A0000028D9D1AE19B14500D240E74B469A1B012A00DC3BE7B51CA94500D237E732787D
:2073C00076785B1B3602164376BAB6B29E4200D92DE70022354B0399A246CA502B00AE1921
:2073E0009E4237D9F21A032A32DD1D1DAE422FD3DC789A782402144364BAA4B2721B94426F
:2074000026D819785A78822312020A4352BA0B21504692B29B00FFF7B7FE002816D12B195A
:20742000DEE70600020050212000F9F7D5F804E7060002002B212000F9F7CEF8FDE65021C8
:2074400020001B4AF9F7C8F8194EF6E60600F4E65446ECE61D005446994500D950E79845E6
:2074600000D0E4E600280CD1A36B9978636B9A46DA6D032901D123689979002A00D019E7C4
:2074800011E7064ED9E6C046008DFFFF7FFF000080DAFFFF81DAFFFF80D7FFFFD2D9FFFF23
:2074A000808BFFFF0089FFFF8088FFFFC40900000081FFFFF0B54546DE4657464E46E0B5D0
:2074C000456B040091B0002D00D1C1E1816B0A78002A00D071E1026852888A804A7F002A1C
:2074E00000D171E12389D64AA968934200D17DE1C1229200934200D182E1012120000EAB0F
:207500000DAAF8F761FA002800D068E10E9B0D9D9A46A36BA84699469A88C123D0449B0066
:207520009A4200D383E12389C64E9E42B6417642C1220027920093427F41454500D97DE1F7
:207540005346012B00DC79E1236828005979BC4AF8F7FEFFA81C804500D26FE15346023B38
:207560001F2B00D86AE1B84920224944EBF7DCFB2B002233984500D260E1636B9A6853463C
:20758000511C223B994200D958E12223EA54636B19009A6823239A46AA440C315046EBF7FF
:2075A000C3FB636B9968002351440F93884500D244E143465B1A012B00DC3FE123688A1CC9
:2075C000DB6803921A680592002A37D004330493002305932300AA468B4614001D0006964F
:2075E0002000F7F785FCAA6B060001002B8928009288FBF7DDF8002815D13000F7F7E8FC13
:20760000039A904500D219E143469B1A012B00DC14E1059B64BA03430593A3B21B0A537018
:20762000931C14700393049B04330493043B1C68002CD5D12C0059465546069E039A904503
:2076400000D2FBE043469B1A012B00DCF6E0002313709A46013B537013005B1A5BBA98B2F5
:207660000232000A0B704870511A0F91904500D2E4E041468A1A012A00DCDFE00123039A71
:207680009C219370131D9B4653465046D3704B4609015850D84500D2D0E0434658461B1A69
:2076A000012B00DCCAE0931D20000493F9F776FC53460F93504546D0049B984500D2BDE07E
:2076C000069021F01FFD092381469C46CC446346020018004346049907905B1A984200D95A
:2076E000ACE05146039B9971049B597093B2FF22591D49BA88B21140039A000A1172507201
:20770000FF22D91C49BA88B21140039A000A9172D072100052465BBA027399B2FF321340D8
:20772000090A43734A46817306990F30EBF7FCFA07980F905046F9F7BDF99C21A26B0901F8
:20774000535803435350049A2168914600220F9B096F99448A4613000F92914200D196E0D8
:20776000C8456BD3434649465B1A052B66DD10234B704B4606330A70049306945346186842
:20778000002867D0049B984558D321F0BBFC0400421C40460499431A9A424FD853460C7021
:2077A000481C02CB22009A460490EBF7BDFA04988446A44463460493E0E76A8802818A8095
:2077C0004A7F002A00D08DE61F4B22689C46106AD369614420229847002800D182E611B0FF
:2077E000F0BCBB46B246A946A046F0BD0B00103B102B15D9002900D17FE60023AB607CE6F4
:20780000202900D179E620232900AB6023682022186A0C31DB699847002800D16DE6DEE7B8
:20782000A36B1B78002B00D067E6AB6065E6002600279A4200D080E6238979E60348CEE79F
:2078400003030000020300007C0500000096FFFFA948C4E74A464846049B069C9B1A0F93B6
:207860009BB29A1F043B5BBA52BA027191B29AB2090A120A41718370C2701020F9F71AF967
:207880009C22A16B12018B5803438B500F9B4B449A46002F00D0BAE0002E00D17EE0059A59
:2078A0003B00002A60D001221343A26B002A57D0D26C0492002A53D000210F91D045BDD3D5
:2078C00042465046121A052AB8DD524604980632884200D10EE102200995A1461500069151
:2078E000013118400B40079008930A960B92049B1888002800D1A2E0079B1C1E15D00300C6
:207900001D3B012B00D8EDE00200173A0023022A00D8E7E00426421E069CFF3A92B296427C
:2079200064411C43089B002B04D00300123B0C2B00D8D1E0002C0FD0A84500D27EE74346D9
:207940005B1B012B00DC79E7049B1B885BBA9AB2120A2B706A700235049B02330493C6E7C6
:207960002268D26D0492A7E7002E17D00FAF3B00424651462000FAF727FF002800D02EE7A9
:207980000F9B9A44424651462000059B0097FBF72BFB002800D022E70F9B9A4453465A460F
:2079A0009A1A931E022A06D0D3465BBA03999AB2120A0B714A715B465D1B2A000121200072
:2079C000F9F790F8002800D009E7A36B2A0020000D99DB689847002800D000E72A002000FE
:2079E0000E99F8F705F9002800D0F8E602236360C123A26B9B0092889A4200D9EFE622895A
:207A00009A4200D2EBE62000FEF7ECF8E7E64246514620000FABFDF799FF002800D0DEE6E0
:207A20000F9B21689A4406230A691A40002E4ED0059B002B47D1002A31D0022335E74C4612
:207A4000A9464B460B9A0A9E099D9B1A914500D1FEE652469BB210700A3050709A1C52BA52
:207A600091B28C4651468A706246110A5246D17051465BBA0B719AB24B46120A5B1A4A7173
:207A80000F93F9F717F89C22A16B12018B5803438B500F9B9A44002F00D165E721680B6993
:207AA0009B0700D460E70FAF3B00424651462000FAF78AFE002800D091E60F9B9A44002E33
:207AC00000D16BE75EE7531E9A415300EBE60223002A00D0E9E6E2E7FAF746F9002800D1EE
:207AE00028E729E7FAF740F903005A1E9341049A10880FE7014872E60094FFFF80A1FFFF70
:207B000070B5022486B00C401D0063425C4105AB00930E23E100160008316B4404AAF9F748
:207B2000A3F9002807D10C2305990731C90831602B6006B070BD0722024B034917F05AFCB5
:207B4000F7E7C046B9F3041004130610F0B54546DE4657464E4691468822E0B5414C824664
:207B6000A544E49C88469200002152A89B46E69DEBF7D4F8F92C00D971E0402D00D96EE02C
:207B8000FF23E89A9B019A4269D8FE235246DB0513408022920493425FD1A31D01AE2F1DA4
:207BA000B370FF186B46E89A2F4952BA3280D81D0622EBF7B9F80D236B44180022005946BA
:207BC000EBF7B2F80D236B4418190570002D3ED15246FF2325491340194352A814F03AFA4F
:207BE000041E15D052A813F09BFB390030000EF081FC072220001E4B1E4917F0FBFBDB23F3
:207C00009B009D44F0BCBB46B246A946A046F0BD02214B464246FF3152A814F05BFA041EE0
:207C2000E0D13B003200144952A814F053FA041ED8D1E89AE79952A813F066FE050052A851
:207C400013F06EFB0400002DCFD02C00CDE72A00E5990130EBF768F8BAE70848CFE70848F6
:207C6000CDE7C04694FCFFFF9CB4051000050008B9F304100413061003020000008FFFFFCB
:207C80000094FFFFF0B5DE464E464546574698460023E0B59FB005008946934600211822E0
:207CA00008A80793FF26EBF739F88024344B2E409C460023A404344364449A46102C03D8EE
:207CC000304BA400E3589A46FE238022DB052B409204934252D15246049200220EAF02922D
:207CE000019208320092494652462800264B0397FFF72CFF041E0ED007980FF08FFF40211D
:207D000038000EF0F7FB20001FB0F0BCBB46B246A946A046F0BD8023DB00E0240A9388235B
:207D20006A465B01A404138434435246390007AB08A80B9410F010F900280BD1289B5A463F
:207D40000293534601934346210000930798534610F0FCFF0D4E0E4D33000722290017F0AF
:207D600049FB040007980FF059FF002CC7D133000722290017F03EFB0400C0E7054CC2E797
:207D8000FDFFFFFD70F90510B4F90510B9F30410041306100094FFFFF0B557464E464546CB
:207DA000DE46E0B51D002C4B87B09946109B129F0493002302930193033390469A460093A2
:207DC0002A004B46039704000E00FFF7BFFE002806D007B0F0BCBB46B246A946A046F0BDAD
:207DE00003234B449B46119B029004933B00403303930223019000932A005B46310020006F
:207E0000FFF7A4FE0028E4D1109A3B0004925246203303930290019000924B462A004146FA
:207E20002000FFF793FE0028D3D1119A022304923A00503203920290019000932A005B4697
:207E400041462000FFF782FE0028C2D1109B3B66119B7B66BDE7C046D9F90510F0B54746AE
:207E6000CE4680B597B01F00209B04009846219B0D001600002B1AD1FF22802302409B041C
:207E80001343204A944663440022102B2ED906AB994620AB019300924B46424620001F99CB
:207EA00010F0EEFB002825D1209B984609E04346402B25D806AB424618001F999946EAF77F
:207EC00033FF239B32000493229B29000393434602934B4601931E9B200000933B00FFF78D
:207EE00035FE17B0C0BCB946B046F0BD064A9B009A58CCE70722054B054917F07BFAF0E7C0
:207F00000448EEE7FDFFFFFD70F90510B9F30410041306100094FFFFF0B5D64646464F4669
:207F2000C0B5464C0500A5440F0016000021402206A89846EAF7F2FE4022002116A8EAF725
:207F4000EDFE88220021FE24920026A8EAF7E6FE8023E4052C409B049C4200D06CE0FF2371
:207F60002B401C439946364B9C46002364449A46102C3AD9002F11D05246059206AA049276
:207F80000022039202920192073200923900524628002C4BFFF762FF041E49D1002E21D016
:207FA0004346002B1ED04B46274926A8194314F051F8041E1ED026A813F0B2F920000722D2
:207FC000224B234917F016FA0400402106A80EF091FA2000AE239B009D44E0BCBA46B14615
:207FE000A846F0BDD04616AEDDE71A4BA400E3589A46BFE75346184906AA26A814F06AF8A0
:20800000041ED8D1022143463200FF3126A814F061F8041ECFD15246B69926A813F074FC72
:20802000040026A813F07CF9002CC7D10400C5E726A813F075F9C8E7084CCAE748FDFFFF4C
:20804000FDFFFFFD58FA051000040008B9F304100413061070F9051002020000008FFFFFB9
:20806000F0B54E4645465746DE468024E0B51D00FF23A40403401C43294B06009C4600233A
:2080800064440F009046994697B0102C03D8254BA400E3589946FE238022DB05334092043C
:2080A00093423BD140229446209B63449B46402D34D806AC2A0041462000EAF735FE1A4BEB
:2080C0004A469A464B4604935B4603930B23390000933000534602950194FFF737FD002890
:2080E00006D017B0F0BCBB46B246A946A046F0BD2A0041462000EAF717FE4A460492209A15
:208100005346803203920C223900009230004A462E3302950194FFF719FDE2E70348E0E752
:20812000FDFFFFFD70F90510F6F905100094FFFFF0B54E4645465746DE468024E0B51D0058
:20814000FF23A40403401C43274B06009C46002364440F009046994697B0102C03D8234BFE
:20816000A400E3589946FE238022DB0533409204934237D1402D35D806AC2A0041462000BB
:20818000EAF7D2FD1A4B4A469A464B460493209B390003930C2330009B46009302955346A5
:2081A0000194FFF7D3FC002806D017B0F0BCBB46B246A946A046F0BD2A0041462000EAF7C7
:2081C000B3FD4A460492209A5346403203925A463900009230004A46233302950194FFF7CC
:2081E000B5FCE2E70348E0E7FDFFFFFD70F90510DEF905100094FFFFF0B54E46454657469E
:20820000DE468024E0B51D00FF23A40403401C43334B06009C46002364440F009046994683
:2082200097B0102C03D82F4BA400E3589946FE238022DB053340920493424ED1402D4CD877
:2082400006AC2A0041462000EAF76EFD264B4A469A464B460493209B390003930C2330005D
:208260009B460093029553460194FFF76FFC002806D017B0F0BCBB46B246A946A046F0BD78
:208280002A0041462000EAF74FFD4A460492209A5346403203925A463900009230004A4635
:2082A000233302950194FFF751FC0028E1D12A0041462000EAF738FD4A460492209A5346BF
:2082C000803203920A223900009230004A46503302950194FFF73AFCCBE70448C9E7C04611
:2082E000FDFFFFFD70F90510EAF905100094FFFFF0B51E008024FF234746CE460340A40469
:208300001C431B4B80B59C46002364440F0005001100984697B0102C03D8164BA400E35815
:208320009846FE238022DB052B40920493421CD11E9CC034402E18D806AB32001800994613
:20834000EAF7F2FC424604924A4601920A223900009228004246084B03940296FFF7F6FBFD
:2083600017B0C0BCB946B046F0BD0448F8E7C046FDFFFFFD70F9051030FA05100094FFFFA0
:20838000F0B5CE464746802580B59946836B0E009968214C497AAD040D432C1995B0102CEA
:2083A00025D91E4A90461C9A9844002A30D003AB04AF00933A004023F9F7EEFC041E08D15F
:2083C0004B463A000093414633002800FFF75AFC0400404640210EF08DF8380040210EF00C
:2083E00089F8200015B0C0BCB946B046F0BD0C4FA400E459094FB8461C9F9844002F02D1CE
:20840000084FB84698449442D1D9074C04AFE0E7044A90469844CAE7FDFFFFFD540A0000D7
:2084200070F90510140A00000096FFFFF0B50D008024FF21C6462940A4040C43254900B507
:208440008C4664440027A8B0102C02D82249A4006758FE218020C90529408004814236D1FB
:2084600018AE002128000096FFF756FD041E2BD12E9B012B26D0194B08AA049290460A2257
:20848000039402940194009231003A0028000597FFF7E4FC041E08D107AB00934146280094
:2084A000309B2F9AFFF7EEFB0400402130000EF021F8402140460EF01DF8200028B080BC6F
:2084C000B846F0BD064BD7E708AB9846EDE7054CF3E7C046FDFFFFFD70F9051044FA051083
:2084E0004EFA05100094FFFFF0B55746DE464E464546E0B5050083B010008A461F00F6F74F
:20850000F7FC061E6AD0007A08F068F8041E65D050239846A8440100404608F0C3F8002842
:2085200006D003B0F0BCBB46B246A946A046F0BD90239946A9442100484608F0B3F8002892
:20854000EFD15346012B3CD0002B49D120339C46BC4463460193502339009B46BA464031D5
:20856000BB4428007A6E1430EAF7DEFB280059467A6E2430EAF7D8FB627901231207514688
:208580004046920D08F0B0F80028CAD162790023120748460199920D08F0A6F80028C0D126
:2085A000F37A9B0717D51821082300222B617B6EEA60C1226B60AB604C239200EA522960FC
:2085C000AFE71F339A46203339009B46BA4401975031BB44C5E720211023E6E70148A0E793
:2085E00001489EE7008FFFFF0094FFFF00B5836B83B09A68002A0ED08020527A800410436B
:20860000064A002194466344009300220023FFF783FC03B000BD0248FBE7C046D40900009C
:208620000094FFFFF0B54546DE4657464E468024E0B5856BB7B0AB6805905B7AA4041C430F
:20864000002306220C932B7F1A4200D18CE0A623DB00EB5A1A001D3A012A00D881E00632F7
:20866000022A00D87DE0013BFF3B042B00D900E1844B98461CAF002118223800EAF74EFB05
:20868000AC233900E8580FF0EDFA002800D07DE0798801200731C9080C910DF011FF8146BB
:2086A000002800D1E3E0AC22774BA95892460CAAEB5802920C9A009001922A004046B132AC
:2086C00013F06CFE00285AD15346E8580FF0A6FA002854D153466D4AE850A91820004A461C
:2086E0000C9B0091FFF718FC040048460C990DF00DFF002C24D1059B0AAA9B6B0A94984601
:208700009B680B94D97A187A99460BABFFF7F8F9041E15D14B46597A80239B040B4399467B
:2087200000225B4B92464B44102B35D9059E09AB0093300040230CAAF9F72EFB041E30D053
:20874000682138000DF0D6FE0023984640460DF0BFFE200037B0F0BCBB46B246A946A046C5
:20876000F0BD4C4B984685E7484B2000E918002200230091FFF7D0FB1CAF0400B9E7072288
:20878000454B464916F036FE0400AEE70722424B424916F02FFE7BE7414A9B009B589A4618
:2087A000C4E7404B394943449B465A4648460092099B0CAA4144FFF7BBFC041EC0D1D023A7
:2087C000F3581E1E4FD0D421374B384A059843444244405807920294019206935A4600932A
:2087E000D1395346B047D4213148059E069B844670580093D023079AE04401920294F458DB
:2088000042465346D039A0470B9B424601930A9B59460093484653460297FFF7BDFA041E1F
:2088200000D08DE7D02101200DF04AFE8046002822D0AB6805981A680368197900903B00C3
:208840004046FFF751FE041E08D19D2342461B0168213800EA500DF04DFE7AE76821380089
:208860000DF048FE72E7124B9C46E044CCE7114C66E7114C1CAF63E7682138000DF03AFE34
:208880000C4C63E700000109B4040000D4090000FDFFFFFD00000209B9F3041004130610A7
:2088A00070F90510140A00007C0500009C050000540A00000081FFFF808FFFFFF0B5876B79
:2088C00095B0BB6804AA5E7A03AB0093310040230500F9F761FA041E02D0200015B0F0BDFF
:2088E0000A4B80209C466A6B67446432800400923900039B304304AAFFF7FAFC041EECD1B2
:20890000402138000DF0F6FDE7E7C046D4090000F0B5DE46574645464E46E0B58027836B6E
:20892000714A050099189B68B5B0587ABF040023002238430091FFF7EFFA041E0FD068210F
:208940001AA80DF0D7FD002630000DF0C1FD200035B0F0BCBB46B246A946A046F0BD6B6B71
:20896000AE6B9846B3680890D97A099008AA187A09ABFFF7C5F8041E00D08CE0B36800221B
:20898000597A5A4B0F43BB465B449146102B1AD907AB0093280040230AAAF9F7FDF9041EDC
:2089A00016D0534BA86B9C46402160440DF0A2FD40210AA80DF09EFD1AAF682138000DF06B
:2089C00099FD0026C0E74B4A9B009B589946DFE7642343449A465246434900925846079B88
:2089E0000AAA7118FFF708FC041EDAD1A4239C46099BE0440193089B1AAF009342464B4656
:208A0000514658460297FFF7C7F9041E59D1D023EB589B46002B1CD0354B374A9C46B4447D
:208A200063469446D4226644A8580521524602940593009301964B46D847D422059BA858B7
:208A40000093D02302940196EC5842464B460621A047274BA86B9C46402160440DF04AFD48
:208A600040210AA80DF046FDD02101200DF028FD061E32D0AB6B9B681A682B6819793B004E
:208A80000095FFF731FD041E16D168213800EE640DF030FD5BE7164BA86B9C46402160443A
:208AA0000DF028FD40210AA80DF024FD68211AA80DF020FD002647E7682138000DF01AFDD5
:208AC00042E70B4BA86B9C46402160440DF012FD40210AA80DF00EFD6FE7682138000DF0E2
:208AE00009FD064C30E7C046D4090000FDFFFFFD7C05000070F905109C0500000081FFFF0D
:208B000070B500250378303BDBB2092B08D8441C01202278303AD2B2092A0ED8002B02D164
:208B20000120404270BD9E009B195B009B18421C9BB202200134032AEBD1FF2BF0D84B5588
:208B4000032D08D02378601C01352E2BDAD0EDB20400042DE4D12078431E98414042E1E718
:208B6000F0B55746DE4645464E460123E0B55B4285B088469B4600242027EA460022002158
:208B800006783300303BDBB2092B07D93300BB431D00413D052D1BD8373BDBB212011A43B8
:208BA000013192B201300429EAD16100037852BA51440A805646621C002B30D02E2B50D061
:208BC0003A2B23D1431C082A1AD018001400D5E70029EAD15B465D1C18D13A2E16D14378E8
:208BE000002C04D0002B4DD0A3460130C6E73A2B0CD18378002B47D0002302309B46BDE70D
:208C00004378002B02D15B465D1C23D00120404205B0F0BCBB46B246A946A046F0BD5B466E
:208C2000013338D0062AF1DC59465B460824490051448946D31AA41A5A4506D05A005B46C7
:208C40001819400050441FF0FDFE002148466200EAF764F8102231004046EAF765F8002070
:208C6000D6E7062AD2DC031F9C468146013803783A2B13D08445F8D1002BC7D15B46013368
:208C8000D2D1C3E7072CC1D06300994608236E46E9441C1BD9E7082ADCD0B7E74846FFF77E
:208CA0002FFF002804D15B46A21C0133BAD1ADE74B461B78002BA9D15B4622000133B3D193
:208CC000A4E7C04670B5050082B008000C000CF0D1FB01281FD006281DD00238C0B20228C2
:208CE00002D90120404214E06B46684606CC06C30CF0C0FB0238022814D8019B1B78002BA7
:208D0000EFD00122013B9A40A868104043425841404202B070BD20000CF082FBEB689842B6
:208D20008041F6E700231B78FFDEC046F8B505000C002A6823689A422CD163686A689A42CF
:208D400028D1A168A8681FF059FE002822D1EE68E768BE422FD00C2E01D0132E1AD10C2F6A
:208D600001D0132F16D126692B69B34212D163696F699C46002E13D000226146BB5C895CA2
:208D8000180048408B4208D0202803D18343413B192B02D901204042F8BD01329642ECD1F1
:208DA0002A7F237F9A42F5D1AD69A469002D0DD0002CBED1EEE723692A699A42CBD16169A8
:208DC00068691FF01BFE0028C5D1E9E7631E9C416042E1E7F8B5456806000C00954232D0FF
:208DE000200020F08FF9022D26D9B66833782A2B22D173782E2B1FD100281DD0002302E02E
:208E00000133984218D0E25C2E2AF9D1002B13D0013DC01AA8420FD10022013BE41801327F
:208E2000B35CA15C180048408B4208D0202803D18343413B192B02D901204042F8BD954235
:208E4000EDD10020FAE783689C46002DF9D000216046635C405C1F004740834205D0202FDF
:208E6000BED1BB43413B192BBAD801318A42EFD10020E3E7F0B55746DE464E464546E0B551
:208E8000B5B00A93409B0C929A46012200230B9100213F9C0700236032A81EAB524219605F
:208EA0005A6008339842FAD10A9B002B00D193E23E9B002B25D03E9820F024F9AC233D00FA
:208EC0005B00FB588046060070359B0604D58DE2AD69002D00D17DE26B68032BF8D1AB683A
:208EE0001A78552AF4D15A78042AF1D19B78032BEED1280032003E990C30FFF76BFF0028E5
:208F0000E6D100263D00CC3528000CF0B3FA002800D1DFE20123013883400A9A52681A42D1
:208F200000D1D7E229000A98FFF7CCFE002802D080235B021E4300231F931FAB99465346AA
:208F400000224093C423099201321E9708920D963F945B00FB5C002B00D13CE10122013B78
:208F60009A4013000A9A12681A4200D133E18A23FF33FB5C002B00D137E10122013B9A4022
:208F800013000A9A52681A4200D12EE1089B012B00D135E10B9B002B00D1A3E11C00012308
:208FA0009A464F339C46BC4463460593B02676002500703529000598FFF7B8FE06900028E6
:208FC00000D086E15346002B00D16DE1E369022B00DD69E1A359002B05DD089A0999521A1E
:208FE000934200D275E1C4235B00F85C09F03EFD804609F07BFE7A690790B96940460EAB97
:2090000009F050FE002800D0A5E1CC2398468A23A044FF334046F95C9B460BF027FE0028F7
:2090200000D198E1C6225200B9585A46B85CC022C4235200BA585B00FB5C0392C22252003D
:20904000BA580292079A01920EAA009242460CF03DF85346002B00D183E1002800D038E129
:20906000089BAB46012B00D055E141460A98FFF729FE002806D04B461A6880235B0213437D
:209080004A4613600C9B1E1E00D1A1E14B460593534607930A9BA2469946B369002B00D1B7
:2090A0002DE1300059463430FFF740FE002800D025E1AC22534652009B58553AFF3A134274
:2090C0000AD0B22352465B00D3589A0700D44FE1CB4A134200D04BE1E823F05C002800D168
:2090E00064E1421EE73B93404A4612681A4200D15CE1E923F35C002B00D151E10122013B7A
:209100009A4013004A4652681A4200D148E109F0ADFC050009F0EAFD32690400716928009A
:209120000EAB09F0BFFD002800D021E141464846FFF7C8FD002804D08023069A5B021A43FE
:209140000692EC22E823B158033AB05C093AB258F35C0392E422B258019402920EAA009258
:2091600042460BF0B3FF002800D001E13400843403E0E46B002C00D1C1E02369002B00D19C
:20918000BDE07A6A9A42F4D16169B86A1FF036FC0028EED1059B02229946079B54469A46DA
:2091A000069D15434B464A461B6854602B43136000239360089B0133089308239C4653464D
:2091C000E144002B00D0FCE0C42327005B00FB5C002B00D0C2E680234A46DB0113608A2301
:2091E000FF33FB5C002B00D0C7E64B461A6880231B0213434A461360089B012B00D0C9E6C4
:209200004F339C463900BC44604670310590FFF78DFD002800D0BDE60B9C002C62D0BD6890
:2092200005E0C8235B00E458002C00D1C4E0A3689D42F6D12A00E168F8681FF0DFFB002891
:20924000EFD1409B00259A460D9E3F9C1F9B574633431F936B4B089E9C461EAB66449C46D6
:20926000F600664400E0013D72680E92002F08D02A00316841980EABB847002800D0B0E0D3
:209280000E9A2368083E13432360002DEBD11800431E98415C4B4042184035B0F0BCBB462E
:2092A000B246A946A046F0BDAE235B00E358002B0FD0AC2204235200A2581A4200D189E6E6
:2092C000B2225200A258134203D04D4B1A4200D180E6C8235B00E458002C00D068E65346B6
:2092E000002B4ED0C8235B00FC5800239A46002C47D050339C46BC446346059356E6F02350
:20930000F658002E00D0C8E6059B54469946079B069D9A4646E75646390005987031FFF7DF
:2093200005FD43425841099B9C468444634609935346002B03D1089B082B00D9A0E0002E85
:2093400005D14B4608221B6813434A461360CC239846A04489E65346002BBAD1AB4600261A
:2093600002E0AB4646424641089B012BE7D0D3E71022059B069D9946079B544615439A4603
:2093800010E71EAA94460821409B0D9E9A46089B3F9C5D1EEB0063445A680A435A6055E715
:2093A0008023069ADB021A430692B0E68023069A9B021A4306929CE6903BFF3B9A460B9C1F
:2093C000F4E5409B0D9E9A46089B3F9C5D1E3DE70025E7E6042695E50C4801235B42236003
:2093E0005BE7094B9842F8D10948F6E700233E009B46F83605931F333500994619E0C04699
:2094000001800000FFFFFF1F00D9FFFF00D8FFFF00D0FFFF072B30D0022B07D1424628004D
:209420003E99FFF7D7FC002800D16AE5ED68002D09D04A462B681340062BEBD10123ED680D
:209440000593002DF5D15B46002B1ED1059B1F25002B03D1BEE7F668002E14D033682B40C8
:20946000062BF8D173689845F5D14246B0683E991FF0C4FA0028EED143E501239B46D5E760
:209480003F9C1A48A9E704363CE53A213E981FF03BFB0EAB9946190000281FD03E98FFF79A
:2094A0005FFB0028D2D110239B46350002E0ED68002DCBD01F222B681340072BF7D16B684B
:2094C0009B45F4D15A464946A8681FF097FA0028EDD116E580231B021E4323E53E98FFF732
:2094E0000FFB0028B2D104239B46DEE700D0FFFFF0B54E464546DE465746E0B593B00E00B1
:2095000015001C1E0B900A9100D186E1DB69CE4A00932B00EBF778F8002800DA91E10A990B
:20952000884200D38DE10B9B091AC84A18182B000A910B90EBF768F8002800DA81E10A996B
:20954000884200D37DE122000B9B091A203218180A910B9001F0BCFE002800DA71E10A99CB
:20956000884200D36DE10B9B091AB94A18182B000A910B90EBF748F8002800DA61E10A999A
:20958000884200D35DE122000B9B091A503218180A910B9001F01CFD002800DA51E10A993C
:2095A000884200D34DE10B9B091AAA4A18182B000A910B90EBF728F8002800DA41E10A99C9
:2095C000884200D33DE122000B9B091A703218180A910B9001F0FCFC002800DA31E10A993D
:2095E000884200D32DE10B9B091A1818A423E358994A0593A023E3580A9104939C23E35820
:209600000B9003939823E35802939423E35801939023E35800932B00EAF7F6FF002800DA84
:209620000FE10A99884200D30BE10B9B091A1818BC23E358894A0593B823E3580A91049348
:20964000B423E3580B900393B023E3580293AC23E3580193A823E35800932B00EAF7D4FF0E
:20966000002800DAEDE00A99884200D3E9E00B9B091A7B4A18182B000A910B90EAF7C4FF4F
:20968000002800DADDE00A99884200D3D9E00B9BC622091A18188A235200A2580A910B9002
:2096A000FF33E35C0192C4225200A25C009222002C3201F07FFE002800DAC2E00A9B9842CD
:2096C00000D3BEE027001B1A0A930B9BCC371B1838000B930BF0C2FE122102000DA801F0D8
:2096E000DBFE002806D013B0F0BCBB46B246A946A046F0BD0B9B380098460A9B99460BF06E
:209700008FFE0DAB0190009349462B004046554AEAF77AFF002800DA93E00A9FB84200D3BC
:209720008FE00B9B3F1A9B4683445B460B93AC235B00E3580A97DA0521D5AE235B00E35892
:20974000002B00D11AE1484B009339002B005846464AEAF759FF002873DB0A9FB84270D2C6
:209760000B9B3F1A9B4683445B460B93B0235B00E3580A97002B5BDCAC235B00E3589A0692
:2097800000D585E0DA0300D5A3E05A0700D5D2E01A0500D5F4E01B0700D4BFE02B003900B1
:2097A0005846334AEAF730FF00284ADB0A9FB84247D20B9B2F4D9B4683445B460B932E4BF3
:2097C0003F1A9A460CAB99462C4B493498462C4B0A9707932B00FF345D46B34656469A46C0
:2097E00012E00C9B00934246330039002800EAF70BFF002825DBB84223D2E468079E3F1AD5
:209800002D18002C00D185E0494620000AF0AEFA0028E6D053460C93E4E71A4AEAF7F4FE38
:2098200000280EDB0A9B98420BD2F31A18185AE739005846144A013BEAF7E6FE002800DB04
:20984000E4E012484FE7C046DCB40510F8B4051010B5051028B5051040B5051078B5051030
:20986000B0B50510C8B50510A8B40510DCB505107CB60510B8B4051080B4051070B6051079
:2098800078B60510BCB40510FCB5051080D6FFFF2B0039005846694AEAF7B6FE0028D0DBC9
:2098A0000A9B9842CDD222001B1A0A930B9BF8321B180B930AA92B000BA802F009F8002849
:2098C00000D010E7AC230B9A5B009346E3580A9F58E72B0039005846594AEAF795FE0028B5
:2098E000AFDB0A9B9842ACD21B1A0A930B9B0AA91B180B93BC235B00E25C0BA802F08AF945
:20990000002800D0EFE6AC230B9A5B009346E3580A9F3AE75E46AB460A970B953900584620
:20992000484AEAF771FE00288BDB0A9B984288D2F61A3018D7E62B0039005846424AEAF75A
:2099400063FE002800DA7CE70A9B984200D378E71B1A0A930B9B0AA91B180B93B2235B0064
:20996000E2580BA802F0FEF9002800D0BBE6AC230B9A5B009346E3580A9F09E7334BE3E6B5
:209980002B0039005846324AEAF73EFE002800DA57E70A9FB84200D353E70B9B09969B4616
:2099A00083445B460B93B4235B009A46294BA2445646AA461D0023000CAA9146264A3F1A13
:2099C0009046264A5C460892254A9B460A97079213E00C9B009342462B0039002000EAF761
:2099E00013FE002800DA2CE7B84200D329E7F668079D3F1A2418002E14D0494630000AF002
:209A000093F90028E5D0089B0C93E3E70A9FB84200D316E70B9B3F1A9B4683445B460A9775
:209A20000B93A9E65B46A3461C005B460B93AC235B005546099EE3580A97ACE610B605105F
:209A400028B605106CC2051040B60510B0B4051058B6051080B4051070B60510B8B4051024
:209A600078B60510F0B54F464646D64690461C4AC0B58A4607000E0091461D00194C1A4B6D
:209A800082B022682A420ED000934A46434631003800EAF7B9FD002813DBB04211D223689E
:209AA000361A3F185D40E3680834002BE9D1002D09D15346981B02B0E0BCBA46B146A84670
:209AC000F0BD0A48F7E7434631003800084AEAF79BFD0028F5DBB042F3D2361AE9E7C04617
:209AE000C0B6051044FB051098B6051080D6FFFFC8B605100300AC20400010B51C580422CF
:209B000020001040144210D06132FF329858084B0B401A000240934208D1064B88431840CF
:209B2000431E9841044B4042184010BD0248FCE7FE7FFFFF0180000000D8FFFFF8B5AC237A
:209B40005B001600C2588023040010001B010F0018401A4211D06934FF3404E0042D0DD041
:209B6000E468002C19D06568B542F7D132003900A0681EF043FF0028F0D1F8BDA3681A78FA
:209B8000552AEDD15A781D2AEAD19A78252AE7D1DB78002BE4D10020EFE70148EDE7C0464F
:209BA00000D8FFFF843170B505000C0002E0E46B002C0DD02369002B0AD06A6A9A42F6D1A2
:209BC0006169A86A1EF01AFF0028F0D1012000E0002070BD70B50D003A2104001EF094FF19
:209BE0002900002806D02000FEF7BAFF43425841000170BD2000FEF783FF434258418000EF
:209C0000F7E7C04630B585B00A9D064C0395099D00930295089D23000195FFF72BF905B0B8
:209C200030BDC0462CFB051010B584B0099C0394089C0294079C0194069C0094FFF71AF90F
:209C400004B010BD10B584B0099C0394089C0294079C0194069C0094FFF70CF904B010BD2A
:209C6000CA2210B500215200E9F758F810BDC046F0B5C646060000B5002841D0C6235B00D4
:209C80000400984688270FE0C823CA215B0020004900E5580CF02EFCA64202D020000CF071
:209CA00017FC002D2CD02C002000CC300AF082FF4346E0580CF00CFCA06E02F031FCE0597A
:209CC00002F02EFCBA235B00E05802F063FB82235B00E05802F05EFBAA235B00E05802F0D3
:209CE00059FB96235B00E05802F054FBE0680028CAD02368002BC7D0A1680CF007FCC3E77A
:209D000080BCB846F0BDC046F0B55746DE4645464E46E0B580468A4617009B46A1B0002835
:209D200000D1C7E1002900D1C4E1C825040000266D0004E063592600002B6ED01C00E369F0
:209D4000002BF7D114AB0C22002118000293E8F7E5FF17AB0C22002118000393E8F7DEFF17
:209D60001AAB0C22002118000493E8F7D7FF534639000F93514430230EAA0FA80E9702F009
:209D800057F9071E00D099E10E9A0F9B914699444A465146511A5A46A160002A00D043E1AD
:209DA00052462060E260A361494630230EAA0FA802F03EF98346002800D02CE10F9A0E9BAB
:209DC00092469A445246A3695146D31A63611DAAA0230FA802F02CF9002849D0BA4BC51866
:209DE000623000D13AE1002D52D02000FFF740FF002E03D0C82300225B00F2502F00A04582
:209E000003D020000CF064FB2F00380021B0F0BCBB46B246A946A046F0BDCA210120490040
:209E20000CF04EFB6051002800D145E1CA2200215200E8F773FF63590C22994614AB0021B4
:209E400018000293E8F76AFF17AB0C22002118000393E8F763FF1AAB18000C22002104934A
:209E6000E8F75CFF4B46002B00D1FCE04C467EE722000F9D1D9B1C32ED1829000FA802F09D
:209E80005BF9002800D0E6E00F9B9D4200D0E8E02200514620320FA800F0F2FC051EA4D157
:209EA0002C239B46A3445A465146029B0FA800F01DFD051E99D1E369022B00D9CFE1013333
:209EC000E361230022008D33FF338932009358460299033BFF3201F00DF8051E00D084E7BD
:209EE0000F9B514623640EAA30230FA802F0A0F8051E00D0BBE022000F990E9B5032C918EA
:209F00000FA800F00FFE051E00D06EE7226C0F9B51469B1AE3631DAA30230FA802F088F838
:209F2000002800D1AAE0694BC518002D00D05CE70F9BE364514630230EAA0FA802F078F821
:209F4000051E00D093E00E9B002B09D022000F997032C9180FA800F0E5FD051E00D044E7FA
:209F60000F9AE36C5146D31AA364C823E25022000FA8CC329B460CF045F8051E00D034E742
:209F80005A46C421A2580F9B9A1A6250E269023A012A00D8A8E09A4538D14946039B049A6D
:209FA0000FA800F0A3FC051E00D01EE70499226B4B689A4200D057E18968606B1EF01EFDBD
:209FC000002800D050E1149A179B9A4200D04BE10298039942684B689A4200D044E1002A92
:209FE00006D0896880681EF009FD002800D03BE122007D324946FF320FA800F059FF051ED7
:20A0000000D0F2E60F9B994500D1FEE62000FFF72FFE2F4DECE62000FFF72AFE2A4D5D4474
:20A02000002D00D1F1E6E3E601200CF049FA0F90E060002800D110E15146A268E8F774FE67
:20A0400001230F99A268894623600E9B9144D31ACB180F93A7E61F4BC518C4E65B46E36185
:20A0600016E71D4DC1E6635100241C4DC9E62000FFF7FEFD144B9C466544D1E70F9A1D9BCE
:20A08000934622009B44594690320FA800F0ECFD051E00D0A9E622005946A8320FA800F031
:20A0A000E3FD051E00D0A0E60F9B9B4500D140E70B4D9AE6094FA8E60A4FA6E62000FFF70C
:20A0C000D7FD014D94E6C04680DEFFFF00DCFFFF1ADEFFFF00DEFFFF9ADDFFFF00D8FFFF8B
:20A0E0009ADBFFFF80D7FFFF9A4500D155E71A78D423E250220025005146333BD8320FA8E4
:20A10000D43501F095FF002800D1B2E00300623304D0BA4BC518002D00D066E60F9BE2699A
:20A12000023A012A00D936E79A4500D135E71A78E023E2502200250051463E3BE4320FA80B
:20A14000E03501F075FF002800D101E10300623304D0AA4BC518002D00D046E60F9BE2694E
:20A16000032A00D017E79A4500D116E7220003235146EC320FA800F001FF051E00D034E686
:20A18000F423E258043BE358D3180F9A0A939346934200D89AE04B4607935346C24605945E
:20A1A00006960893099700230A991D931E931F931193129310AA30330FA801F039FF002881
:20A1C00000D07BE2109B0F9D1EAAED18290006230FA801F02DFF002800D05FE206231E9AEE
:20A1E0001D930F9B29001F930FA89B1811AA0F9301F05EFF002803D00300623300D04DE283
:20A200000423290010AA0FA801F012FF002800D044E20F9B109E9C4666440B93B54200D014
:20A2200051E112A91DA809F05DFD002827D02A9A119B002A51D00F9A059900922B982A9CDD
:20A2400001961DAAA047031E32D0119A002A2FD01D00D046059C069EC7E5694DC8E520001B
:20A26000FFF706FD674DC3E52000FFF701FD664DBEE50F9B6A68AB609B180F934FE7AC2041
:20A28000129B059C1900400022581140134200D0AEE01A432250202B27DC002B00DCC5E1CF
:20A2A000013B1F2B00D9C1E1584A9B00D3589F460F960A9BB34200D975E7079BD046994645
:20A2C000089BB3469A46059C069E099F0A9A0F9B5A4500D15FE64E4D87E50F95002BE8D084
:20A2E000D046059C069E4B4D7FE58022120193426BD08022520293425ED080225200934280
:20A3000000D093E1AE23059A5B00D1500433D150313BFF3B290013AA0FA801F089FE031ED9
:20A3200046D10F9A964211D0059D31005D35FF352A000FA801F0BCFE00281ED003006233D1
:20A340000CD0354BC318002B82D10F9A1600B0E70F9B6A68AB609B180F9300E72A003100D4
:20A360000FA801F0E9FE0028EBD1AE2305995B00CA58002A01D00122CA500F9A9642E5D010
:20A38000059A31006132FF320FA801F0D5FE031E0ED10F9A964200D095E0B021059C49002D
:20A3A00063581E4883421ED001331600635080E7194A94466344C6E7059A29007932FF3230
:20A3C0000FA801F0A9F80300BDE7059E06236936FF36320029000FA801F0E6FF031EE7D12C
:20A3E000B368002BB1D1D046059C069E0C4DFCE4D046059C069E084DF7E4C04680DEFFFF14
:20A4000080D7FFFF80DAFFFF80D9FFFFA4FA05109ADAFFFF9EDAFFFF00DBFFFFFFFFFF7F48
:20A420009CDAFFFF13AB98463100302342460FA801F0FEFD031E00D091E00F9D139AA918E1
:20A440008E4240D1002A3ED0A34AB34691460600059F4937FF37AB457AD930234246594609
:20A460000FA801F0E5FD00284FD1139B0F9D4246ED18290006230FA801F0DAFD002844D115
:20A48000139B0F9C0C930D94042B6CD0934EBB68002B0BD0FB68002BAAD1102101200CF057
:20A4A0000FF8F86000281ED007000F9C06233B600D9BBB600C9B7B60139BE4180F94A54238
:20A4C00016D8AC42C7D0059CD046069E844D8CE4059A3100F8320FA801F0CEF9031E00D013
:20A4E000B6E60F9A32E7D046059C069E7D4D7CE43023424629000FA801F09AFD002804D139
:20A500000F9C139BE4180F94DBE75E46764BC3180F9A002B00D119E7704A934200D097E6C0
:20A520002A9B002B0BD00B9B059900932B98119B2A9C01961DAAA047002800D105E7119B6E
:20A54000002B00D101E7D046059C069E634D4CE4330000225E46FA60AE42D9D0B3E7624AAA
:20A5600094466344D4E70422210048461EF046FA00288BD18BE7059A31006532FF320FA837
:20A5800000F0EEFF031E00D062E60F9ADEE600232900139313AA04330FA801F049FD031E43
:20A5A00000D005E7059C842221000420139B0931FF3152004B60A0500F9A8A60D2180F9230
:20A5C000954200D080E7160073E60023139313AB98463100302342460FA801F029FD031E9E
:20A5E00000D0E5E60F9B139A9B189E4200D06AE78023424631000FA801F01AFD031E47D161
:20A60000059C139B21000F9A1531FF318A604B608A2104204900D21860500F9213009642D8
:20A620000BD89E4200D04EE7160042E6119B002B89D132000F9616003BE6A1234246310058
:20A640000FA801F0F5FC031E00D0B1E6059A139B0F992132C918FF320FA801F08BF8031E33
:20A6600000D0F5E58233424631000FA801F0E0FC031E00D09CE60220059B13990F9A15336C
:20A68000FF335A6252181962D8610F921300C8E70200623200D08BE60F9ABFE7079BD0466D
:20A6A0009946089B059C9A460F4B069E099FC518002D01D0FFF799FB0F9B6CE4079BD046DA
:20A6C0009946089B05009A46074B059C9C46069E099F6544ECE7C0463CFB051080DFFFFFC7
:20A6E0009ADAFFFF96DAFFFF00DBFFFF002300B583B001930093FFF707FB03B000BDC04601
:20A7000010B582B0059C0194049C0094FFF7FCFA02B010BD002300B583B001930093013307
:20A72000FFF7F2FA03B000BDF0B557464546DE464E46E0B50C00070015008DB0002800D14F
:20A7400080E0002900D17DE0002A38D08B18013B1B78002B33D13C4B2000190099461EF0C2
:20A76000A1FB00282BD0012D27D0002305930693364B00209B4608AB9A46002307979846ED
:20A78000070009A809F07EFE5346029343465A46019300934946230009A809F079FE061E17
:20A7A0001DD02B4B984249D02A4B984237D1069B3800002B40D1002F0AD1274808E0002353
:20A7C0002A0001930093210038000133FFF79CFA0DB0F0BCBB46B246A946A046F0BD089B88
:20A7E000019000900A9A09990798ED1AE4180123FFF78AFA060009A809F0D2FF002E09D02A
:20A80000164B9E421AD0002F1AD1059B37000133059301E001230693012DB2D8C7E709A89B
:20A8200009F0BEFF089BED1AE418002F00D13700059B01330593EFE70598C9E73000C7E718
:20A840003E00E2E70648C3E7F4B6051010B7051080EBFFFF80EFFFFF80D8FFFF80D7FFFFDD
:20A8600000D8FFFFAC235B00C358DB0503D5AE235B00C05870470148FCE7C04600DBFFFFFF
:20A88000036870B515000400CA1A002A1ADD7F2218780240022A01D00B4870BD5A1C226022
:20A8A0002A001B78200008C201F03CFB002805D123686A68AB609B182360EEE7034B9C4628
:20A8C0006044EAE70248E8E71EDDFFFF80DDFFFF20DDFFFF10B501F0E1FD002802D0024BC0
:20A8E0009C46604410BDC04600DDFFFF10B501F079FD002802D0024B9C46604410BDC04658
:20A9000000DDFFFFF0B54746CE4680B51F0005238FB00B7013700F333B6003680D001600F2
:20A92000302B00D0EDE08368446801931C19A3423DD02100A02302AA01A801F079FB011E10
:20A940003BD0724BC018623132D1019B984644452DD0A123210002AA01A801F069FB031E11
:20A9600043D06A4A8018623322D1019DAC421ED0A223210002AA01A801F05AFB031E00D103
:20A9800093E0624A8018623312D1019DAC420ED0A323210002AA01A801F04AFB002800D1B3
:20A9A00099E0030062335ED1019B9C421BD100200FB0C0BCB946B046F0BD019A029B9046E6
:20A9C000984405AB1A00414601A8994601F066FD002842D12900484609F0E8FA002842D166
:20A9E000019B4345B3D04A48E2E7029B019D01A8ED1805AB994629004A4608AB01F0F2FC92
:20AA0000002862D14B465B68092B78D14B460922996840481DF0F2FF002870D1089A09991A
:20AA20000A9B302A6DD188469844039343456AD21B7841460B930CAA062303A801F0F8FAB0
:20AA4000002814D0314B9C4660440028B0D1019BAB4200D18AE72E48AAE72C4B9C46604470
:20AA60000028B7D0A4E7294B9C466044A0E7039B0C9A0D9331009B180BA8039309F096FA81
:20AA80000028DFD1039B9845E1D00523414604AA03A801F0CDFA0028D4D1049B002B2CD15E
:20AAA000039B9845D3D01A4882E7019D029B3A00ED18290001A801F03FFB0028D3D1019BCE
:20AAC000AB4200D162E7124872E7104B9C466044002897D06CE7019D029B0BAAED182900DB
:20AAE00001A801F029FB0028BDD1019BAB4200D079E70B9A012A00D157E7044858E7064871
:20AB000056E7064854E7064852E7C04600DDFFFF9ADCFFFF0CBB051052DFFFFF9EDCFFFF10
:20AB2000A0DCFFFFF0B5454657464E46DE46484BE0B58A46050091461400984683B03123C9
:20AB40006A465146280001F073FA002800D078E02E68009B0127F6183DE02A68019BD1183D
:20AB60008B46002B64DD13782200280008C2062301F05EFA002836D12B686268A3609B1845
:20AB80005A462B60D21A002A52DD1A781E2A52D84146D1400F424ED05A1C2A6022001B7885
:20ABA00059462800E360103201F0BCF900281AD12B68226963619B182B609B453ED1A06180
:20ABC0009E4219D02021012027770BF079FCA06100281CD0040030233100280001AA01F0DB
:20ABE00027FA0028B9D01B4B9B4683445B46002B0FD12B689E42E5D1B24526D02021012051
:20AC00000BF05EFCA061002801D0040097E7124B9B464B46986901F083FC00234A4693617C
:20AC2000584603B0F0BCBB46B246A946A046F0BD0A4B9B46EDE70A4B9B46EAE7094B9B4656
:20AC4000E7E7044B9B468344E3E700239B46E7E70810585080DCFFFF80D7FFFF20DCFFFF2A
:20AC60001EDCFFFF1ADCFFFFF0B55746DE464E464546E0B503681400070085B0CA1A002A05
:20AC800000DC0AE11A78172A00D1DBE0182A00D001E10426013338003B6003AA01F042F990
:20ACA000051E00D0C3E0B31E591E8B41022108005B421840039A0C30904200D1C8E00B405B
:20ACC0000D339A4200D09FE03B689A18511E09785A2900D098E03A601A785878303A30382B
:20ACE000092A00D9C0E0092800D9BDE091008918490009182160042E00D187E0312763229D
:20AD00008F42BF419743FA22D20094466744BB468B445A4622609978D878303930380929BF
:20AD200000D9B2E0092800D9AFE08A0052185200121862601979587930393038092900D99E
:20AD4000A6E0092800D9A3E08E0076187600361830277F42B846A6609979D8793039804454
:20AD6000092900D989E04046092800D985E08800411849008844302741467F42B946E16095
:20AD8000197A587A30398144092900D979E04846092800D975E08800411849008944494649
:20ADA0002161997AD87A30393038092961D809285FD88B005B185B009A46824453466361AC
:20ADC0000C2A21D80123934035490B423ED1A52109010B4238D1022A16D15A461C239207C2
:20ADE00006D164215846E7F7D9F81D23002932D0013E9E4208D24346172B05D84B463B2BA7
:20AE000002D853463B2B15D9264D13E064279A78981CDB78303A4F43303B092A24D8092B97
:20AE200022D8910089184900C91803006FE71D4B9C466544280005B0F0BCBB46B246A946FF
:20AE4000A046F0BD022625E71E23D1E71F23CFE73B681A183FE791315846FF31E7F79EF83B
:20AE60004B424B411C33C3E701235B420D4D2360E0E701235B429A46A0E7012149428846B8
:20AE800079E701214942894689E70122524250E7012676425CE7044DCCE7044DCAE7C0464A
:20AEA000AA15000000DCFFFF9EDBFFFFA0DBFFFF70B503681500040082B0CA1A002A12DD31
:20AEC00001AA1E7801F040FA002808D12368019AAB609B182E606A60236002B070BD034B19
:20AEE0009C466044F9E70248F7E7C04680DBFFFF20DBFFFFF8B51D00069B0E001B68170059
:20AF0000002B27D12A00390008F06EFF041E0CD12B78062B0DD03368052B01D0002B20D1DE
:20AF20007368002B1DD12000F8BD104B9C466444F9E7082101200BF0C3FA051E13D0020079
:20AF4000031D39003000FFF7DDFC061E04D1069B1D60E8E7064CE6E728000BF0B9FA34008A
:20AF6000E1E7044CDFE7044CDDE7C04600DAFFFF00D8FFFF00DDFFFF80D7FFFF70B5A02610
:20AF80001E43140082B033000432050001F050F8002804D00C4B9C46604402B070BD2B6818
:20AFA0002660A360646828001C192100302301AA01F03EF80028EDD12B68019A9B189C42F4
:20AFC000EBD00248E9E7C04600DBFFFF9ADAFFFFF0B54546DE4657464E4692468022002329
:20AFE000E0B5C9B008AD060088462800002152000593E7F793FE5346002B00D14DE14746C8
:20B000005346D3460022039700935B469B68002B00D13AE1009B5B450FD0002A00D0BEE0C2
:20B02000A04A39003000E9F7EFFA002800DA9FE0B84200D39CE03F1A36185B46DB68162B5E
:20B0400000D920E1984A0124DA40012314405C40E4B2584605A908F023FE002800D08FE07F
:20B0600039003000059B914AE9F7CEFA00287FDBB8427DD23B1A02935B46B1461B698144AE
:20B0800098461A00002C00D09CE00027002B36D0874B9A46874B01935B465B69DE5D002E02
:20B0A00000D1F6E0310050461DF02EFD002841D0631CFE2C5CD05C222A553200203A5E2ACB
:20B0C0004CD9DC1CFE2C53D85A1C94465C223109EA540F200A003040023337329F2E00D8CC
:20B0E000073A61466A5402003732092800D8073AEA545B461B69013798469F42CCD30023D9
:20B100002B55029C2B00210048466B4AE9F77CFA00282DDBA0422BD25B461A7F9B69271A9E
:20B12000484406009B465B46002B00D06DE7039BD81B1EE0002F05D1310001981DF0E4FC61
:20B140000028B5D14246013A2300BA42B5D1202EB3D10133FF2B0BD05C222A55EE545C1C17
:20B160005B461B6901379846BB42C8D9FF2C93D1524849B0F0BCBB46B246A946A046F0BDAD
:20B180005A463900300008F06DFF002809DC0B30EED0390030004A4AE9F736FA66E7494A4F
:20B1A0003FE73F1A361839003000474AE9F72CFA0028DDDB8742DBD93B1A02935B46B146E3
:20B1C0001A698144232304A98C462B70153B6344604606A9049301F0C3F9061E5FDB5B4638
:20B1E00006A91A7B04A801F013FA002857DB062384191B1B002C4ED0600006AAD1182A1886
:20B200002B0090460F2484460A78260010090700164037379F2A01D83030070032005F709A
:20B220003732092E00D8073A9A70023301319845EAD16046441C5B461B69002B00D15EE7E0
:20B240000F2100238C462A1919E0594649696046C95C0F093E00084037369F2900D8073E81
:20B260000100167002343731092800D8073951705946096901330232994200D83FE7611CD0
:20B28000FE29E2D974E70124E3E65B469B699B4649E70E486DE70124CDE7002069E76E204C
:20B2A000404266E778B60510001048001CBB051028BB051034BB05103CBB051080D6FFFFDC
:20B2C00024BB051018BB051020BB051080DCFFFFF0B557464E464546DE46E0B5536885B03E
:20B2E00007000E00924698460391202B0BD8002B54D043469268012B08D1294913780025C8
:20B300008B46284A0AE01C23984692681378002B20D0234900258B46039E234A0092310010
:20B320005A463800E9F770F9041E19DBB04217D2331A013599463F185346454518D29A6833
:20B34000535D4246013A4E46AA4201D8154AE5E7154AE3E7039B01259946114B9B46EFE717
:20B36000124805B0F0BCBB46B246A946A046F0BD5B6843450ED0494638000D4AE9F744F933
:20B380000028EDDB4845EBD2039BA41B9C4620186044E6E7039B841BE018E2E70020E0E7A6
:20B3A00038BB051080B40510ECBB051080D6FFFF40BB0510F0B5C64600B584B01F000AABAE
:20B3C0001B780600984600230D00100003A9039308F0E8FC002810D029003000294AE9F7E4
:20B3E00013F90400002C43DBAC4241D2062F0CD0200004B080BCB846F0BD29003000039B2F
:20B40000214AE9F701F90400ECE743460B9A033B1278DBB2033AD2B2082B1ED81B499B00A4
:20B420005B58082A15D892005158002B25D0002925D030190B9E2D1B7668154A0091019622
:20B440002900E9F7E1F8002812DBA84210D20419CEE7002B0ED00B49EBE7082A04D80B4BC4
:20B460009200D158074BE2E7064A13001100E0E7084CBDE7034B1900DBE7024BD7E7014A44
:20B480001100D6E7B8B405103CBB05105CFC051048BB051080D6FFFF10B50C000849130043
:20B4A0000A002100E9F7B0F8002806DB0023A0425B415842034B184010BD0248FCE7C046EF
:20B4C00060BB051080D6FFFF0268436852025B011A43836810B51A4304000B6848685B0235
:20B4E0004001034388680343D01A9A420ED1E068236900039B01184363690A691843CB684F
:20B5000092011B0313434A691343C01A10BDC046002070470020704710B584B00023140090
:20B520006A46137201AA0193039300F055FE00280BD1019B002B06D0012B0AD1039B1B78E5
:20B54000237004B010BD2070FBE7034B9C466044F7E70248F5E7C04600DBFFFF9CDAFFFF3A
:20B56000F0B585B0002314006A46137201AA0193039300F031FE002812D1019E2060002E39
:20B580000CD000220023039FF95CDD00A94001330A4322609E4201D0042BF5D105B0F0BDC2
:20B5A000014B9C466044F9E700DBFFFFF0B5CE464746DF2280B5036804001340803B0D00FA
:20B5C0008DB0072B03D8654A9B00D3589F4664480DB0C0BCB946B046F0BD83684468029314
:20B5E0001C192100062301AA02A800F021FD002800D0A0E0029B9846019B9946082BE6D111
:20B600000822414657481DF0F9F90028DFD14B46062703AE039773604346B36008330293BB
:20B620002100A02301AA02A800F002FD002800D081E0029B019A9B189C422CD1302321004F
:20B6400001AA02A800F0F4FC002874D1029B019A9B189C421FD10623210001AA02A800F000
:20B66000E7FC002867D1029B019A73619B183261029321000423F76001AA02A800F0D8FCE8
:20B68000002858D10423019AB361029BF26133629B189C4256D034489AE70E1D24220021B8
:20B6A0003000E7F73BFB01232B600C2221003000E7F73AFB00208BE70E1D242200213000B1
:20B6C000E7F72CFB0223EFE786680F1D2422002138000396E7F722FB042361682B60711819
:20B6E0002C3302AA03A800F0A3FC002800D06FE70399029B3A00C91803A8FFF713FA00288D
:20B7000000D065E7002063E70E1D242200213000E7F704FB0623C7E70E1D2422002130006B
:20B72000E7F7FCFA07232B606368042BBDD0102BBBD00E484CE70E4B9C466044002800D0D3
:20B7400046E703AE282200212800E7F7E7FA24223100281DE7F7E8FA002039E71CFC0510D0
:20B7600080DFFFFF6CBB05109ADAFFFF00D8FFFF00DBFFFFF0B54E465746DE464546E0B5F5
:20B78000076891B0060089460192B94247D9C0239A46344B15009B4603AC17E0AB68002B5A
:20B7A0000AD0EB68002B51D1102101200AF088FEE86000284CD005002B00220083CA83C3CC
:20B7C00037686368FF1837604F4529D22822002106A8E7F7A3FA3B780137494630003760ED
:20B7E00002AA236000F09EFB8046002829D152463368A360029B636023681340802B23D196
:20B80000200006A9FFF7D2FE071E01D0584521D1069B042BC2D10D9800F082FEBEE7019D53
:20B820000023EB604B46DB1B5A1E93410E4F5B421F40380011B0F0BCBB46B246A946A046FB
:20B84000F0BD0A4F4744F4E7094FF2E7074FF0E7084FEEE7019CE06800F09CFD4246E260BA
:20B86000E7E7C04680DFFFFF9ADAFFFF00DBFFFF9EDAFFFF96DAFFFF70B582B016003023A8
:20B8800001AA04000D0000F0D3FB00280BD12368019A9B189D420AD1320029002000FFF726
:20B8A00069FF02B070BD034B9C466044F9E70248F7E7C04600DBFFFF9ADAFFFF036810B5E4
:20B8C000042B00D010BDC06900F02AFEFAE7C046F0B5454657464E46DE46E0B58A46160074
:20B8E00098460D6804689FB0002A5BD0B54B83461093B54B14AF9946B44B11919A4614E062
:20B90000B34B984200D132E1B24A434629002000E8F77AFE002800DAAEE0A84200D3ABE06E
:20B920002D1A2418F668002E39D0002128223800E7F7F4F939003000FFF738FE0028DFD114
:20B940003B68072B00D9A0E049469A008A589746022B00D10DE1A04B009329004346200095
:20B960009E4AE8F751FE002800DA85E0A84200D382E0BA682D1A2418AA4200D30AE12000BC
:20B98000F968E7F7D1F9BB68E418ED1A3B68042BC8D11B9800F0C4FDF668002EC5D1119BDB
:20B9A00058469A460023237053461D600025046063E0434629002000894AE8F725FE0028A2
:20B9C0005ADBA84258D2BB682D1A2418082BDDD10822F96883481DF011F80028D6D14346D3
:20B9E00029002000804AE8F70FFE002844DBA84242D22D1A24184346290020007B4AE8F70A
:20BA000003FE002838DBA84236D22D1A24182900200018AA08F026FB00282DDBA8422BD23A
:20BA20002D1A2418434629002000714AE8F7ECFD002821DBA8421FD23B6A2D1A2418002BDC
:20BA4000A4D06C4A002312925A46B346139226001C0008E0A8420FD23B6A01342D1A361853
:20BA6000A34200D8A4E07B6A290030001B5D129AE8F7CAFD0028EDDA5F4D28001FB0F0BC3F
:20BA8000BB46B246A946A046F0BD434629002000109AE8F7B9FD0028EEDB8542ECD92D1A56
:20BAA000241873E7554B29000093200043464B4AE8F7AAFD0028DFDBA842DDD2BB682D1AEB
:20BAC0002418AB4266D2F968042B54D0102B6BD1C87B0B780E90887B494A0D90487B0C90E4
:20BAE000087B0B90C87A0A90887A0990487A0890087A0790C879069088790590487904907C
:20BB000008790390C8780290887801904978200000912900E8F778FD0028BEDAACE74346E3
:20BB200029002000374AE8F76FFD002800DB1DE7A2E74346524629002000E8F765FD00288D
:20BB40000DDBA8420BD22D1A24182900200015AAFFF73EFA002820DB24182D1A16E7149B2B
:20BB6000042B00D088E71B9800F0DAFC84E7154ACBE6254BF0E6C8780B7802908878234A5B
:20BB800001904978200000912900E8F73DFD002883DA71E7002323706EE7149B0500042B95
:20BBA0000BD00023237068E70023194D237064E7139B34005E469B46E8E61B9800F0B0FCBA
:20BBC000EFE7C0468CBB05103CFC0510C4BC051080DFFFFFA4BB051080BB051074BC0510E5
:20BBE000B8BB05106CBB0510CCBB0510F0BB05101CBC051048BC051080D6FFFF84BC051076
:20BC00009CBC051050BC051078BB051090BC051000D8FFFFF0B5C64653B207008846150077
:20BC200000B50C680668002B00DA75E0424B6A0612D4AA061ED4EA062AD42A0736D46A07F4
:20BC400042D4AA074ED4ED075AD4434600201C603E6080BCB846F0BD21003000374AE8F77E
:20BC6000D3FC002866DBA04264D2354B241A3618AA06E0D521003000324AE8F7C5FC00286E
:20BC800058DBA04256D22E4B241A3618EA06D4D5210030002C4AE8F7B7FC00284ADBA04241
:20BCA00048D2274B241A36182A07C8D521003000264AE8F7A9FC00283CDBA0423AD2204BC1
:20BCC000241A36186A07BCD521003000204AE8F79BFC00282EDBA0422CD2194B241A3618A4
:20BCE000AA07B0D5210030001A4AE8F78DFC002820DBA0421ED2124B241A3618ED07A4D5A6
:20BD000021003000144AE8F77FFC002812DBA04210D2241A361898E721003000064B0F4A3B
:20BD2000E8F772FC002805DBA04203D2044B241A36187CE70A488CE780B40510ECBC0510EE
:20BD400078B60510FCBC051004BD051018BD051024BD051030BD05103CBD0510DCBC051060
:20BD600080D6FFFFF0B5C64607008846150000B50C680668130619D44D4B6A0625D4AA0686
:20BD800031D4EA063DD42A0749D46A0755D4AA0761D4EA0700D56DE02D0400D579E04346D4
:20BDA00000201C603E6080BCB846F0BD210030003F4B404AE8F728FC002876DBA04274D259
:20BDC0003D4B241A36186A06D9D5210030003B4AE8F71AFC002868DBA04266D2364B241A22
:20BDE0003618AA06CDD521003000354AE8F70CFC00285ADBA04258D22F4B241A3618EA068D
:20BE0000C1D5210030002F4AE8F7FEFB00284CDBA0424AD2284B241A36182A07B5D52100C2
:20BE20003000294AE8F7F0FB00283EDBA0423CD2214B241A36186A07A9D521003000234ABF
:20BE4000E8F7E2FB002830DBA0422ED21A4B241A3618AA079DD5210030001D4AE8F7D4FB97
:20BE6000002822DBA04220D2134B241A3618EA0700D491E721003000164AE8F7C5FB00282A
:20BE800013DBA04211D20C4B241A36182D0400D485E721003000104AE8F7B6FB002804DB59
:20BEA000A04202D2241A361879E70C487BE7C04680B4051050BD051078B6051064BD051040
:20BEC00078BD05108CBD0510A0BD0510B0BD0510C0BD0510CCBD0510DCBD051080D6FFFF94
:20BEE000F0B5C6461E004368040098469B680D00170000B5002B0FD0102101200AF0E0FADA
:20BF00004346D860002809D08760466005606060002080BCB846F0BD4046F5E76A20404238
:20BF2000F7E7C0460368F0B5CC1A002C28DD00255D571E78002D08DB5F1C07601B7813608F
:20BF4000C91B99421CD30020F0BD7F253540AC46013D032D17D8644512DD00241460644624
:20BF60005F1C651C5D193C000023076026781B023343013413600460AC42F7D16744DFE725
:20BF800060204042E0E764204042DDE7F0B51E000368040083B0C81A002845DD1878824229
:20BFA0003CD101332000236001AAFFF7BBFF002830D1019A002A34D000232168CB560D78FE
:20BFC000002B2EDB002307E00131013A2160002A22D0170001230D78002DF5D0002B00D06C
:20BFE0000197042A1DD803D123681B787F2B18D80023019D33606B1E0193002D0AD0002161
:20C0000022685519137809021943013231602260AA42F7D103B0F0BD0192E9E76220404275
:20C02000F8E764204042F5E760204042F2E7C046F0B504680D1B002D33DD25789D422DD16E
:20C04000631C0360CB1A002B2BDD012565576678002D08DBA71C076063781360C91B9942DF
:20C060001FD30020F0BD7F253540AC46013D032D1AD8634515DD002313606346A71C9D1C41
:20C08000651900233C00076026781B023343013413600460AC42F7D16744DFE762204042F4
:20C0A000E0E760204042DDE764204042DAE7C0460368F0B5CC1A002C38DD1C78012C32D12B
:20C0C0005C1C04600C1B002C30DD01255D575E78002D0FDB9D1C05605C78491BA14225D32C
:20C0E000012C26D12B780135591E8B41136005600020F0BD7F253540AC46013D032D18D8F2
:20C10000644513DD64469E1CA51C5D190024330006601F78240201333C4303609D42F8D1B3
:20C1200035006544D9E762204042E2E760204042DFE764204042DCE710B513000222FFF711
:20C1400025FF10BD10B513000A22FFF71FFF10BDF8B507003B681000CA1A002A36DD1A78EF
:20C16000022A30D15C1C3C600C1B002C2EDD01229A565D78002A0DDB9D1C3D605C78491B98
:20C18000A14223D32200290000F094FF3B681B193B60F8BD7F222A409446013A032A18D894
:20C1A000644513DD64469A1CA51C5D19002413003A601E782402013334433B609D42F8D1D4
:20C1C00062441500DBE762204042E2E760204042DFE764204042DCE7036870B515000400DB
:20C1E0000E00CA1A002A20DD1A78032A17D101332A000360FFF796FE00280FD12A68002A70
:20C2000013D0531E2B6023681978297107290FD8591C9B18A9602360B34203D170BD622046
:20C220004042FBE766204042F8E760204042F5E764204042F2E7C046F0B557464E46DE46F6
:20C240004546E0B585B099460EAB1B7890469A460FAB1B7806009B4603680F00CA1A002AEC
:20C2600067DD1A78302A61D10133036003AAFFF759FE051E52D13368039A9A18974260D191
:20C28000BB424BD24246804600920EE09A1C32605C780394BB1AA3424BD353460B405B45A7
:20C2A0002DD013193360BB4237D25A1C3260197800980840484539D1B81A002839DD012477
:20C2C0001C575A78002CE1DA7F242240541E032C34D890422DDD981C84463060901C1818BA
:20C2E00000246346009D01911978240201330C4333609842F8D1019900956244C9E7109BA2
:20C30000002BCED023001198109DA847002813D1326813193360BB42C7D34546280005B088
:20C32000F0BCBB46B246A946A046F0BD62256D42F4E760256D42F1E70500EFE764256D42A6
:20C34000ECE766256D42E9E7036870B515000400CA1A002A1BDD1A78032A12D101332A0051
:20C360000360FFF7DFFD00280AD12B68002B0BD0013B2B6023681A78002A05D10133236051
:20C3800070BD62204042FBE768204042F8E760204042F5E710B5041E05D02000E4680AF0A1
:20C3A00097F8002CF9D110BDF0B587B005000E0005921000002110221C000493E6F7AEFC08
:20C3C000074A04AF029200223100019200922800E3B20397FF32FFF72FFF07B0F0BDC04637
:20C3E000E1BE0310F0B5C6460E0000B5016898460400170082B0731A002B4CDD0B78302BC4
:20C4000043D10131016001AA3100FFF78BFD051E2FD12168761A002E3DDD3A000B7808C210
:20C42000019BCE18002B36DD0B78062B2DD10131216020003100FFF775FD051E19D1236886
:20C440007A68BB609B182360B34219D042461978013302C2200031002360FFF763FD002868
:20C460000CD142462368936052689B182360B3420ED1280002B080BCB846F0BD0500F8E770
:20C480000C2140460AF036F8F3E762256D42F0E766256D42EDE760256D42EAE770B504009E
:20C4A0000D00160084B00C22002101A8E6F736FC32002900200001ABFFF794FF002807D16E
:20C4C000019B052B01D0002B04D1029B002B01D104B070BD68204042FAE7C04610B5041E6C
:20C4E00009D0806809F0F4FF606909F0F1FF2021200009F0FFFF10BD70B504680500002CF6
:20C500000DD0A369A0682B6009F0E2FF606909F0DFFF200009F0DCFF2C68002CF1D170BD82
:20C5200010B5041E05D02000A46909F0D1FF002CF9D110BD70B504000E001500002803D13E
:20C540000CE0A469002C09D06368AB42F9D12A003100A0681CF052FA0028F2D1200070BD68
:20C5600010B504007F2A14D91300012001301B0AFCD12368591A81420FDB013B23601A7011
:20C580002368120AF9D10200013B7F3223601A7010BD0368591A002902DC6C204042F7E790
:20C5A000013B236001201A70F2E7C046F8B505000F00002007E0013C2C60461C2270121289
:20C5C000002A07DD30002C68E11B0029F3DC6C204042F8BD2A6811787F2907D9D11B00291A
:20C5E000F5DD0021013A2A60861C1170320039002800DCB2FFF7B4FF0028E8DB2B680136E1
:20C60000DF1B002FE3DD013B2B6080191C70E0E70368591A002904DD013B036001201A704C
:20C6200070476C204042FBE770B5060000680D001C001100A8420CD3451B9D4209D3C01AC8
:20C640003060002B01D1200070BD1A00E6F76CFBF9E76C204042F7E7F8B5060010000D0006
:20C66000170000F005FD041E00D101343168A9422CD34B1BA34229D3091B220038003160B0
:20C6800000F03CFD002818D10422BB5E012B03D133681A787F2A11D8220029003000FFF7F1
:20C6A0005FFF002812DB336801345D1B002D0DDD0222013B336020181A70F8BD5A1B002A9F
:20C6C00004DD013B336001341870E5E76C204042F3E7C04603685A1A002A0DDD0022013BE2
:20C6E00003601A700368591A002905DD013B0360022005321A7070476C204042FBE7C04635
:20C7000070B5060000680D001C00110085421CD8431B9C4219D8001B3060002C11D1220089
:20C7200029003000FFF71CFF00280EDB336801345D1B002D09DD0622013B336020181A706A
:20C7400070BD2200E6F7F0FAE9E76C204042F7E7F8B5069D0F00060011001C00002D2ED04A
:20C760003068874240D8C31B9C423DD8001B3060002C35D1220039003000FFF7F1FE0028FA
:20C7800032DB33680134DA1B002A2DDD0622013B33601A70201811D42D182A00390030001D
:20C7A000FFF7DEFE00281FDB33680135DF1B002F1ADD3022013B336028181A70F8BD036889
:20C7C000DA1B002A10DD013B03601D700368DA1B002A09DD0522013B036002251A70BFE794
:20C7E0002200E6F7A1FAC5E76C204042E6E7C04670B51C00059B0E0005001100002B45D0CD
:20C80000049B002B2FD02868864246D8831B9C4243D8001B2860002C3BD1220031002800EC
:20C82000FFF79EFE002838DB2B6801349A1B002A33DD0622013B2B601A70201812D4049B3E
:20C8400031001C1822002800FFF78AFE002824DB2B6801349E1B002E1FDD3022013B2B60C0
:20C8600020181A7070BD03689A1B002A15DD049A013B03601A7003689A1B002A0DDD05226B
:20C88000013B03601A7002230493BCE700230493B9E72200E6F748FABFE76C204042E1E7F9
:20C8A000036810B55C1A002C16DD541EA241013B524203601A7003685A1A002A0CDD01228C
:20C8C000013B03601A700368591A002904DD013B036003201A7010BD6C204042FBE7C04638
:20C8E00010B50223FFF762FE10BDC04610B50A23FFF75CFE10BDC046F8B5060000680D00E8
:20C9000017001900069C85421CD8421B944219D8001B3060002C11D1220029003000FFB281
:20C92000FFF71EFE00280DDB336801345D1B002D08DD013B336020181F70F8BD2200E6F731
:20C94000F3F9E9E76C204042F7E7C04670B5060000680D001C00110085421CD8431B9C4265
:20C9600019D8001B3060002C11D1220029003000FFF7F6FD00280EDB336801345D1B002D23
:20C9800009DD0C22013B336020181A7070BD2200E6F7CAF9E9E76C204042F7E770B506001C
:20C9A00000680D001C00110085421CD8431B9C4219D8001B3060002C11D1220029003000B9
:20C9C000FFF7CEFD00280EDB336801345D1B002D09DD1322013B336020181A7070BD220015
:20C9E000E6F7A2F9E9E76C204042F7E770B5060000680D001C00110085421CD8431B9C423F
:20CA000019D8001B3060002C11D1220029003000FFF7A6FD00280EDB336801345D1B002DD2
:20CA200009DD1622013B336020181A7070BD2200E6F77AF9E9E76C204042F7E7F0B54646BB
:20CA40004F46D6460400D81DC0B50D000600110007229643F31A26689846C708AE4234D352
:20CA60007B1C9946731B4B452FD3072819D84346013E26604A46290020003370FFF770FDD3
:20CA8000002822DB236802375D1B002D1DDD0322013B2360C0191A70E0BCBA46B146A84646
:20CAA000F0BD012340469A4683407A1E885C5B420340013E2660337053462068DB1BC018C9
:20CAC0002060E6F731F92668D1E76C204042E3E78C46F8B5002B1BD00725DC1DE1080139D4
:20CAE0005618AC43515CE41A2141C9B24C08C9070ED40721012708E0194201D1013E3478FB
:20CB00003D0025406408002D02D1013B002BF3D16146FFF793FFF8BD70B5060000680D0058
:20CB20001C00110085421CD8431B9C4219D8001B3060002C11D1220029003000FFF710FDA9
:20CB400000280EDB336801345D1B002D09DD0422013B336020181A7070BD2200E6F7E4F8AA
:20CB6000E9E76C204042F7E7F0B5C646070000B50068884615001E00FFF7DCFC041E28D03B
:20CB8000069B002B1ED00369069A93420BD1002E05D0456931002800069AE6F7C5F82000BA
:20CBA00080BCB846F0BD1100012009F089FC051E2CD0606909F08CFC069B65612361002E5C
:20CBC000E8D1ECE7406909F083FC069B63612361E5E72021012009F073FC041E16D045607C
:20CBE0002900012009F06CFCA06000280BD02A004146E6F799F8069B2361002B08D13B689C
:20CC0000A3613C60CBE7200009F062FC0024C6E71900012009F054FC051E606105D03B689B
:20CC2000A3613C60002EB5D1B9E7A06809F050FC200009F04DFC0024B1E7C046F0B51600D4
:20CC4000C388CA8883B09A4227D1012583885B102B401F007B421F43FF178B885B102B40EC
:20CC60005C422343DB170068096800900191280029007B401C006B463840B943890080006D
:20CC8000C958C05802F0B2FB3B0043402340434000201D40356003B0F0BD04204042FAE71F
:20CCA00000230360013343607047C04610B5041E0AD00068002803D0E188890009F026FC29
:20CCC000002323600133636010BDC046114B70B505000C00994219D8C3888B4201D300207A
:20CCE00070BD0421200009F0EBFB061E0ED02968002908D0EA889200E6F716F8E98828685F
:20CD0000890009F003FCEC802E60E8E710204042E6E7C04610270000F8B50F00C9880500FB
:20CD20001400FFF7D3FF061E01D03000F8BD63421C43E4170423E95E0422BB5E013122003D
:20CD400001331340D2430A401A43013AAA80FA8839682868230002F07FFBF988E888E243D3
:20CD60008142E2D22D688C002B59013113402B518142F8D3D9E7C04670B505000E00884240
:20CD80002BD0140063421C43E417C988FFF79EFF002824D13000E988FFF798FF00281ED13F
:20CDA0000422AB5E0421725E0133210001320A40C943194011430139A9800422B15E22000A
:20CDC00001311340D2430A401A43013AB2802300EA883168286802F055FB002070BD102028
:20CDE0004042FBE770B504000D1E19D0C28800688A420DD0002802D0910009F087FB00230E
:20CE000023600133290020006360FFF75FFF70BD00219200E5F782FF0123A3800020F6E77A
:20CE20000028FBD00068002803D0E188890009F06DFB00232360013300206360E7E7C046B8
:20CE40001B4B70B5050099422ED8C2888A4226D9531E012A26D0046802E0013B002B03D032
:20CE60009A00A258002AF8D001330C00994214D30421200009F024FB061E15D0296800290A
:20CE800007D0A200E5F750FFE9882868890009F03DFB0020EC802E6070BD1C00E8E7FFF70B
:20CEA00015FFF9E70123E0E710204042F4E7C04610270000F8B505000E00884221D0C988FD
:20CEC000C28800291FD04B1E012925D0316802E0013B002B20D09C000C59002CF8D05C1C29
:20CEE0000421735EAB80A2421CD221002800FFF7EDFE00281FD1A7003A0028683168E5F717
:20CF000013FF0020F8BD002AFBD00123920083800068E5F703FFF4E701240421735EAB8015
:20CF2000A242E2D32868A700121B00219200C019E5F7F4FEE0E710204042E3E730B50C0066
:20CF4000050083B0010008226846E5F7EDFE210008222800E5F7E8FE082269462000E5F7EF
:20CF6000E3FE03B030BDC04670B5C28804000E00002A10D00568920000212800E5F7CEFEAF
:20CF8000F117236872184A401A6001230020F1171943A18070BD0421012009F091FA051E8D
:20CFA00010D02168002908D0E2889200E5F7BCFEE1882068890009F0A9FA01230422E380B2
:20CFC0002560D9E710204042E4E7C046C3885B018B4209D91F2200684B099B001B580A40DE
:20CFE000D3400120184070470020FCE7F8B506000D0014004F09012A1BD8C3885B018B422D
:20D0000006D8002A10D0791CFFF760FE00280DD11F210120294088408C403268BF00D21997
:20D02000136883431C4314600020F8BD10204042FBE704204042F8E710B5C288002A0ED0D7
:20D040000024016802E00134944207D2A300C8580028F8D0E4F774FF6401201810BD0020F2
:20D06000FCE7C04610B5C188006802F07DF910BD10B5C188006802F077F90730C00810BD78
:20D08000F8B50F00032111404B1E99410C009108611806001500FFF7A5FE002806D12B0020
:20D0A0003A00F188306802F0F3F9F8BD10204042FBE7C046F8B50F00032111404B1E994184
:20D0C0000C009108611806001500FFF78BFE002806D12B003A00F188306802F009FAF8BD79
:20D0E00010204042FBE7C04610B50C001300C1882200006802F02CFA10BDC04610B50C0023
:20D100001300C1882200006802F068FA10BDC04670B504000D00C188006802F025F9E188A2
:20D1200028184B0183420BD21F2101404B1E9941400909182000FFF7C9FD002806D1E1884F
:20D1400020682A0002F0DAFA002070BD10204042FBE7C04610B50A00C188002901D100203D
:20D1600010BD006802F078FAF9E7C04630B5C388CA88002B30D00568043D02E0013B002B8C
:20D1800003D09C002C59002CF8D0002A1DD00D682C1F02E0013A002A17D09100615800292F
:20D1A000F8D09A420FD314D80D4A0068944663449B0004E091420CD3043B1A1D0ED0C1581F
:20D1C000EA589142F6D9012002E01800431E984130BD01204042FBE7002AD8D10020F7E7D3
:20D1E000FFFFFF3FF0B5C3880600CA88002B32D00568043D02E0013B002B2CD09C002C596A
:20D20000002CF8D0002A2DD00F683D1F02E0013A002A24D094002C59002CF8D09A4221D308
:20D220000420095E48429A4214D80422B05E00281BDD002920DB114A3468944663449B0086
:20D2400004E0914216D3043B1A1D06D0E158FA589142F6D9F0BD002AD6D10020FAE7002016
:20D26000002BF7D00423F05EF4E70029E3DD0028E1D001204042EDE70120EBE7FFFFFF3F04
:20D280000B0000B5C9175A1885B04A4001920122DB17934302A901338B8001ABCA800293CA
:20D2A000FFF7A0FF05B000BDF0B5C6460700160000B5904245D0884203D0FFF7FBFD00284A
:20D2C00041D10123BB80F488002C36D03168043902E0013C002C30D0A5004B59002BF8D0D2
:20D2E00021003800FFF7F2FC00282CD13B683268984623004146404602F03CFA290006002A
:20D300004144002806D118E00B68F31808C1B34213D20126FB8825000134AB42F4D8210092
:20D320003800FFF7D3FC00280DD13968AD0049190B68F31808C1B342EBD3002080BCB846E6
:20D34000F0BD0E00BDE710204042F7E7F0B5C64600B5D4880F0006009046C988002C0BD0D9
:20D360001568043D02E0013C002C05D0A300EB58002BF8D08C423BD83000FFF7A7FC051E29
:20D3800039D1FB88A34211D8F2889A421DD8434639681A683068230002F024FA021E1DD162
:20D3A0000123B380280080BCB846F0BDB742EBD01B1B9A0030683B68A10040185918E5F702
:20D3C000B3FCFB88F2889A42E1D93068D21A9B0000219200C018E5F7A1FCD8E73068A300EE
:20D3E000C018F38801001B1B02F052FE0028D7D00A256D42D6E710256D42D3E7F0B5C646A8
:20D40000150000B50C0004228F5E04216A5E06007A435343002B16DA29002000FFF7A6FEDF
:20D4200003008046013317D02A0021003000FFF78DFF002804D14346002B17D00020B7801C
:20D4400080BCB846F0BD2A002100FFF72DFF0028F4D010204042F3E7220029003000FFF78F
:20D4600075FF0028ECD17F42B780E9E70127E5E710B50123FFF7C2FF10BDC046012310B53B
:20D480005B42FFF7BBFF10BD10B5D4171300121962400124DB1784B0A3430192013302AA3E
:20D4A000938001AB02930123D480FFF7A7FF04B010BDC04610B5D4171300121962400124C8
:20D4C000DB1784B0A3430192013302AA938001AB029301235B42D480FFF790FF04B010BD5E
:20D4E000F0B557464E464546DE460123E0B51700002287B006008846029203930492059352
:20D50000884200D16FE000239946BE4200D177E04346DC88002C0CD01A68043A02E0013C23
:20D52000002C06D0A300D358002BF8D000239A4601E001239A46FD88002D0BD03A68043AD3
:20D5400002E0013D002D05D0AB00D358002BF8D0611902E0012321009A463000FFF7B6FB88
:20D56000002806D101213000FFF7B0FB8346002803D010235B429B4616E0F2880021920021
:20D580003068E5F7CBFB5B4630684246036001231168B38022003B68009502F09DFA5246E2
:20D5A0000123002A19D0B3804B46002B05D004ABD9884846890008F0A9FF0298002804D013
:20D5C0006B46D989890008F0A1FF584607B0F0BCBB46B246A946A046F0BD4346BA889B88AD
:20D5E00053439BB2DFE7010002A8FFF763FC002810D102AB984600239946BE4200D087E7AE
:20D60000310004A8FFF756FC049B99460028B0D104AF7DE710235B429B46CEE7F0B5C64690
:20D6200000B5CC8806000F00904682B0002C26D00D68043D02E0013C002C20D0A300EB58CB
:20D64000002BF8D04346002B19D03000611CFFF73DFB002819D139003000FFF72BFC00289F
:20D6600013D14346013B3A68F18830680093230002F0D2F8002002B080BCB846F0BD012101
:20D680003000FFF723FB041E02D010204042F2E7F288002130689200E5F740FB33681C60D4
:20D6A0000123B380E6E7C046F0B557464E464546DE460B00E0B5023B07008846914689B0F9
:20D6C0000E2B00D9FFE0012304AEB3801378002B5FD0012201922D2B04D12C3B9C46023B02
:20D6E000E144019348461BF00DFD434605000400102B1BD18023DB05984200D3E3E00723F8
:20D7000003405A1E9341810049093800C918FFF7DDFA002800D17DE010246442200009B0B8
:20D72000F0BCBB46B246A946A046F0BD01213800FFF7CCFA051EEFD1FA88002138689200F4
:20D74000E5F7ECFA012338680560BB80002C00D1BCE0A34600234D46CB441C00B9461F0022
:20D760002B781A00303AD1B2092951D9113A052A49D9203A052A1BD9A1460624BA466442D3
:20D780005346002BCAD04B465046990008F0BEFEC4E700280AD00068002803D0F98889009D
:20D7A00008F0B4FE00233B6001337B600024B5E75722524292469A44D045DDD9424649468D
:20D7C00030003760F480FFF729FF3768F488002870D153460393404B3100079303AB0693A0
:20D7E0004846012306AAFFF709FE002867D101355D45B5D1019BBA464F46A14604000133BC
:20D80000BED1386848E03722524292469A44D3E79246D1E701213800FFF758FA041E00D030
:20D820007AE7FA88002138689200E5F777FA012338680460BB80002D48D01B33A046002168
:20D8400004009C46BA464846013D435D1A00303AD6B2092E08D9113A052A29D9203A052A4D
:20D8600024D90624644259E7130067468E003E40B340CA089200A218166801313343136025
:20D88000002DE1D1019B200057464446013300D044E7002399469A46F98801F065FD0028B9
:20D8A00002D001235B42BB80002469E7573BDCE7373BDAE7A1461024BA46644260E7A146AF
:20D8C000BA4604005CE70424644227E7019B0133DFD0002422E7C04601000100F0B5454641
:20D8E00057464E46DE461C000023E0B59FB09A461993C74B060001911C93200019AB1BA923
:20D90000150098461B93FFF76DFC002800D1B5E101270EAB1F811F821F831F84BD4B2100E8
:20D92000189328001BAB1793FFF720FC013027D1002E12D001213000FFF7C8F9041E03D05B
:20D9400010235B4299466BE0F288002130689200E5F7E4F933681C60B780019B002B05D065
:20D9600029000198FFF7A6FA0028E9D10023994648461FB0F0BCBB46B246A946A046F0BDE7
:20D98000534652460F9329000EAB0FA85A81FFF791FA0F9B9A460EAB5B890293002834D1D6
:20D9A0000EAB58821190210011A8FFF783FA119B03930EAB5B8A0493002836D000239B463D
:20D9C000069307930593103B99465346002B04D0029B5046990008F099FD039B002B04D0C3
:20D9E000049B0398990008F091FD0598002803D0079B990008F08AFD5B46002B10D0069B2F
:20DA00005846990008F082FD0AE05346002B97D0029B5046990008F079FD10235B4299465A
:20DA20000C211BA808F066FDA2E70EAB1F821F81E98813905883023113A8FFF747F90028DD
:20DA40000AD0139B05930EAB5B8B079300239B460693103B9946B8E7002113A8FFF784FAB7
:20DA6000139B05930EAB5B8B07930028EED1E9880EAB58841590023115A8FFF727F9159BDF
:20DA80009B460EAB5B8C0693002800D0F2E004990398089101F068FC1F2318401F2800D1CA
:20DAA000F0E01B1A19000FA81F000993FFF730FB0F9A92460EAA52890292002800D0D9E05C
:20DAC000390011A8FFF724FB119B03930EAB5B8A0493002800D0CDE008930B93049B029FAA
:20DAE00011A8FA1A51019146039A0A9111920EAA5382FFF70DFB119A0EAB03925B8A049355
:20DB0000002800D0B6E04B4605989B00190084463B0061445746A146AA460C960D001600B2
:20DB20001C000FE02B680FA901332B60012308005B4211AAFFF762FC0EAB0F9F5C89002884
:20DB400000D0A4E0049A0EAB11A90FA80F975C8111965A82FFF746FB0028E3DA049B55464D
:20DB60000D94BA464C460C9E002B00D00EE10B98029A431E511E0A910B93994200D82CE1D6
:20DB80000399254A8C469B00634494461F00089B0C9563449B008C461A00204962448C461A
:20DBA000029B059963448C461B1A9B0063440D9991460D941D005C460896069E02910A9BE3
:20DBC0009B009B46D3445A46043B11683A6853440693914206D218680023E4F71DFA030045
:20DBE000002901D001235B422B600A9B012B00D1CAE05B46083B1B681B93069B1B681C93AB
:20DC00005B461B681D932A680B9B01329B4621E00100010001000300FEFFFF3FFFFFFF3F66
:20DC20005A460023002A01D04B461B6823603B6815A9636008002A68FFF7F0FC0EAB159C85
:20DC40005E8C002827D117A915A8FFF7CBFA2A68002823DD013A2A600EAB002115A81594C3
:20DC60005E84FFF781F9159C0028D9D0A3460EAB5B8C069310235B429946A6E60C235B42A7
:20DC8000994675E6049B0B930023099326E7BA468146029499E6A3460696EBE7039B0499D3
:20DCA00011930EAB598215A811A9FFF7B7FC002800D09FE0059B15A8EB1ADB0019009B465E
:20DCC000FFF726FA0EAB159C5E8C0028E3D15346029A0F930EAB5A8101230FA95B42080012
:20DCE00015AAFFF78BFB0F9B9A460EAB5B890293002875D14246414B0E901A930EAB414620
:20DD000013600FA8FFF76EFA002845DB0A9B0B9A013B0A93043D9A4200D250E7A346069665
:20DD20000C9D089E0D9C002E0ED0059B079A139330000EAB13A95A83FFF7BCF8002899D13A
:20DD4000AB88A2885343B380019B002B19D0029B002B49D1AB880EAA138153460F9313003E
:20DD6000019C029A0FA920005A81FFF7A3F8011E00D07FE72000FFF783FA002801D1012320
:20DD8000A3800023994620E6002335E719000A9A039801F061FCEAE611A915A8FFF78AF8B4
:20DDA000002827D1594615A8FFF7B2F90EAB159C5E8C002800D06EE70FA90123080015AA02
:20DDC000FFF71CFB0F9B9A460EAB5B890293002806D12B68013B2B6098E70D9B0293A2E7DC
:20DDE000A34681460696F0E519005046099A01F033FCAFE7159B9B4639E7C0460100010041
:20DE000030B5DD171C005B196B400125E41785B0AC430193013402AB9C8001ACDD80029477
:20DE2000FFF75CFD05B030BDF0B54746CE46002380B5244E85B00400884601AF100002A96F
:20DE40001500019303960297FFF7CCF9002834DB2B00424621000020FFF740FD81460028DF
:20DE600023D1804607E001232A0021002000FFF7C5FA00281FD14346200002A90193039624
:20DE80000297FFF7AFF90028EDDB08E001232A00210020005B42FFF7B1FA00280BD1290079
:20DEA0002000FFF79FF90028F0DA484605B0C0BCB946B046F0BD8146F7E70A235B42994613
:20DEC000F3E7C04601000100F0B5DE464E4645465746E0B58DB005930023169C9B4609931F
:20DEE0009A4B060004910B93200009AB0AA915000A93FFF777F9002800DC12E101222368C0
:20DF000092461B68134200D10BE128000AA9FFF769F9002800DA04E1E9882868802701F0E1
:20DF200023FABF01B84200D9FBE0E188206801F01BFAB84200D9F4E0E988002900D171E0FC
:20DF4000E08802F07BF80421070008F0B9FA8146002800D16CE05B460A9353460B93BB00E1
:20DF60009846179B002B00D175E0179B1B68002B36D0E1881798FEF7A9FE002840D1179ABC
:20DF80000AAB03CA03C330000499FEF793FF002836D1012321003000B380FFF723F90028D4
:20DFA00006DB220031003000FFF73EFF071E07D13000E188FEF78AFE071E60D010277F426A
:20DFC0004146484608F0A2FA179B002B1ED10A9800281FD004ABD98B890008F097FA19E0F5
:20DFE00021000AA801F06AFF071E2FD1179B0AAA03CA03C330000499FEF75CFF0028C8D0F9
:20E0000041464846102708F081FA7F42179B1B68002BDCD038000DB0F0BCBB46B246A946EB
:20E02000A046F0BD30000131FEF750FE071E02D010277F42EEE7F288002192003068E4F744
:20E040006DFE524633681A60B280E3E74146484608F05CFADAE721000AA801F02FFF071E71
:20E0600062D130000499FEF725FF002800D190E710274146484608F049FA7F42A7E72068B9
:20E0800001F056FD49468346E3883068226802910A99019159460091010002F01DF82368CC
:20E0A0002A689A46E38806920793294B30689C46059BEA880A9963453BD04B460393069B33
:20E0C00002910192009352460100079B01F0BEFF49463068E38822680191594600910100BF
:20E0E00002F008F8049B04229B5E013300D067E72B681B68DB0700D462E7F188306801F007
:20E10000DBFF002302220340C043104018430138B0800123320021003000FFF76FF9070078
:20E120004EE704277F4275E74146484608F0EEF94DE74B460393069B029101920093524621
:20E140000100079B01F092FFC2E7C046010001002A2A2A2AF0B54546DE4657464E46E0B527
:20E160009FB00693012305920EAA9383938418AA938090460EAA9386924A12AD1D9211AA96
:20E180001C92002204900A9111930100129213932800023B1CAAFFF731F9129BE988061E04
:20E1A0009A4602910ED0002B04D0029B5046990008F0ACF930001FB0F0BCBB46B246A94613
:20E1C000A046F0BD002900D187E100241A0003E001348C4200D3EAE0A300D358002BF7D0C9
:20E1E00018009246E3F7ACFE640123180E9300230EAA290014A81493D383FEF75BFE149BB0
:20E2000008930EABDB8B0C93002800D09BE1002B00D075E10A9B002B00D18CE10027002388
:20E22000D346B9460D9309930B9307930F9320239A46049BDE88B3000393002E00D1A7E0B9
:20E240003C00BE4200D19AE04B46002B03D04846B90008F05BF9002331001893404601335C
:20E260001993FEF733FD189B99464346DF883C00002800D05AE1069B390000934846059B41
:20E28000039A01F037FE002800D021E12100484601F06AF802990600584601F065F8B04240
:20E2A0000ED20122484B01389C467B1E5B01C01A524282406444A4004C44236893432360C8
:20E2C00001235B429C46E2445346002B00D1D2E04B4618934346DF805B462B60029B290018
:20E2E0004046EB80FEF77EFF0028A2DA0123354C1193404611AB1CA91D941C93FEF772FF01
:20E30000002896DD089B0C9A14930EABDA83099B0D9A1A930EABDA861AAB0193049B4146CC
:20E3200000934046002314AAFFF7CEFD189B99464346DF881A9B09930EABDB8E0D93002865
:20E3400000D0C5E029004046FEF74CFF00280AD00123404611931CA911AB1D941C93FEF733
:20E3600041FF002826D10F9B0A9A01330F939A4200D05CE73C00DA464F46002680E0BA00FA
:20E3800000214846E4F7CAFC434601229A8072E74B46002B03D04846B90008F0B7F8434608
:20E3A00001229A8000230024994600276EE792460E931CE701239A460E9B0126012B31D8F9
:20E3C0003EE0C04601000100FFFFFF3F079B0B9A16930EABDA844146424616A8FFF780F899
:20E3E000169B07930EABDB8C0B93002800D09CE04046049A16A9FFF717FD189B9946434698
:20E40000DF88002864D15346404611931CA911AB1D941C93FEF7E6FE002811D00E9B0136D2
:20E420009E420DD04B4618934346DF805B462B60029B29004046EB80FEF7D4FE0028C5D193
:20E440004B4618934346DF805B462B60029B29004046EB80FEF7C6FE00280CD1012311932F
:20E46000584B40461D931CA911AB1C93FEF7BAFE002800D077E70E263C00DA464F467642B3
:20E480005346002B04D0029B5046990008F03EF8089B002B04D00C9B0898990008F036F842
:20E4A000079B002B04D00B9B0798990008F02EF8002F03D03800A10008F028F8099B002BFD
:20E4C00000D177E60D9B0998990008F01FF871E63C00DA464F460600D2E7029B0EAA290098
:20E4E00014A81493D383FEF7E5FC149B08930EABDB8B0C93002838D100220E92002B04D093
:20E500000E9A0C99089801F0A7F80A9B002B00D084E65346002B35D10898002800D149E6E2
:20E520000C9B990007F0F2FF44E63C001026DA464F467642A4E70024002600270B930D9370
:20E54000099307939FE7029B5046990007F0DEFF089B002B27D00023002700240B93102658
:20E5600009930D930793764295E75346002B1DD10898002817D010260C9B7642990007F00B
:20E58000C5FF17E6029B5046990007F0BFFF089B002B00D10EE600231F001C000B9309930E
:20E5A0000D93079377E71026764203E60021504607F0ACFF089B002BF5D000231F001C00A2
:20E5C0000B93CCE701000100F8B5CE464746814680B516000F00002A36D038DB012A29D012
:20E5E000CD88002D26D00B689846022A24D0194B00219C466544AD0045442C680904200C1F
:20E6000008433100E3F7CAFC20040904000C08433100E3F7C3FC2B00043D9845EDD104225F
:20E62000BB5E002B0CDB4B4600201960C0BCB946B046F8BD0021F6E7196801231940F2E78A
:20E640000029F0D0711AEEE70C204042EEE70A204042EBE7FFFFFF3FF0B557464E464546D3
:20E66000DE46E0B51D008BB08B1E06000F0002920E2B00D9EDE0C188006800F075FE032F12
:20E6800069DC012304309843854200D2E4E00422B35E013300D1D5E0029B0193002306ACAE
:20E6A00006933100013320000793FEF703FC069B9A46E3889946002800D0A6E00422A35E3E
:20E6C0009B46013301D101239B46019A2B00944663441E0003930FE03033DBB233700023AE
:20E6E0000593604B20000993434608A90893FEF779FD002800D18EE0019B9E4200D187E0C0
:20E70000534623605B46A3804B463A00210004A8E380FFF759FF051E67D1524B220009931A
:20E7200005AB08939846002108AB20000597FFF7D5F8236805009A460422A35E9B46E3887A
:20E740009946002851D1049A013ED3B2092AC3D93733DBB2C2E7102F01D0400891E70123CB
:20E76000800804309843A84200D975E00422B35E01335AD00298F38800259C46002B59D0E5
:20E78000FF239846384B9A460F239946634618219F00043F1C1D33684246DB59CB401A404C
:20E7A000154301D1022C09D155461211AA5C02704A461340EB5C01254370023008390B0070
:20E7C000013C0833E7D101235B429B46DC446346002BDBD1002399469A460023002503702A
:20E7E000029B0130C01A149B18605346002B04D04B465046990007F089FE28000BB0F0BCE5
:20E80000BB46B246A946A046F0BD10256D42ECE708256D42E9E7039B019D9C1B22003100D4
:20E8200028001AF00FF92819D7E72D23029A501C1370A0E70370029B0130C01A149B00254E
:20E840001860DAE7029A013D531C01932D23137024E704256D42D0E70825149B6D42186032
:20E86000CBE7C04601000100F0BD0510F0B5036806001B6885B0DB0729D5164C03252700BD
:20E88000A73707E0009B002B0DD023780134ED18BC4206D02A0031006846FFF795FE0028AD
:20E8A000F0D005B0F0BDEA17AB18534001930123ED1702A99D43CB80300001AB01350293A6
:20E8C0008D80FEF78FFC03000120002BE9D00E204042E6E780FC051010B582B0049C00936B
:20E8E00001940023FFF7F0FA02B010BD10B582B0049C00930194024BFFF7E6FA02B010BDA0
:20E900002A2A2A2AF0B54F464646D6461C000B00C0B516005A1E934104339946002388B0FE
:20E92000049305935B4B07000D000793300005AB06A90693FEF756FC002800DA8AE0210058
:20E940003000FEF74FFC002800DD83E0E3889846002B00D17EE022680123126811001940AA
:20E960008A461A4200D175E0002D00D170E0200006A90593FEF736FC002800D16AE0A6423E
:20E9800000D167E0A54265D0BC4263D00023069301330793002F66D041463800FEF796F9E0
:20E9A000804600283ED1E188002D33D02800FEF78DF9002836D1E0884946800007F080FD04
:20E9C000814600282ED029683268E388F088002A44D08246984244D24E46386802960193E6
:20E9E00023680093534601F095FB0123BB80FA88E088002D39D0AB80824241D8EA88824222
:20EA000014D98300121A286800219200C018E4F785F90BE08800494607F052FD00218146B6
:20EA20000028D1D100239946103B98460698002804D06B46D98B890007F068FD484607F0C8
:20EA400047FD404608B0E0BCBA46B146A846F0BDA6429BD104235B429846F2E704AA9842AF
:20EA6000BAD39A46B8E706AF96E78242DED93B68121A8000002192001818E4F74FF9D5E7CC
:20EA80008300121A386800219200C018E4F746F9E088B3E701000100F0B54E46DE46574684
:20EAA00045460124E0B587B004AB9C8099460023019002A8029316000394FEF7FBF902ABFA
:20EAC000029FDD88002800D0C2E04B463100D88004904846FEF7EEF9049B98464B46DE880A
:20EAE000002872D19C806B46311C9C81002E70D089B202A8FEF7EAF802AB029FDD8800286F
:20EB000063D129004846FEF7E1F8049B009098464B460400DE88002857D12900380001F092
:20EB2000CBFA2300984200D170E03100404601F0C3FA009B98424ED00024002D03D180E075
:20EB40000134A5426BD9A300FB58002BF8D018006401E3F7F5F9A3468344002E00D181E017
:20EB60000024424602E00134A6425AD9A300D358002BF8D09A469046002D5CD150466401EB
:20EB8000E3F7DEF9A246824452463100404600F063FD2A003900404600F028FC2A0003004D
:20EBA0004146380000F06EFC4B460021019802AAFFF7A8FE002830D15146594500D95946D3
:20EBC0000198FEF7A5FA00280BD010235B42009307E001218CE7019802A9FEF76BF9002861
:20EBE000F3D1002F03D03800A90007F08FFC4346002B03D04046B10007F088FC009807B064
:20EC0000F0BCBB46B246A946A046F0BD49460198FEF750F90028E4D0D7E70090E1E79B4694
:20EC20009BE79A469046002DAED05A462900380000F012FDA8E75A462900380000F00CFD68
:20EC40009CE700239B46002E00D089E79A46A0E7002F03D03800A90007F058FC10235B425A
:20EC60000093CBE75A462900380000F0F5FC00239A468EE7F0B50D0003212940C6469846CC
:20EC80004B1E99410C0000B5A90882B0611806001700FEF7A7F800280DD1002D07D04346D0
:20ECA000F18830682A0000933B0001F023F902B080BCB846F0BD10204042F8E7F0B5070068
:20ECC0000C0015001E0087B000291BDB104B03910593100003AB04A90493FEF783FA00287C
:20ECE00010DD3800E988FEF77DF800280DD10C99FB882A68386801910096210001F036F94B
:20ED000007B0F0BD04204042FAE710204042F7E701000100F0B5D6464F464646C0B588B0E7
:20ED200001276B469F820023060002A8150002930397FFF779F8041E0ED00298002804D0C5
:20ED40006B46D989890007F0E1FB200008B0E0BCBA46B146A846F0BD6B4602AAD8820490F3
:20ED60002B00110004A8FFF7CDFD049B040098466B46DD8A029B9A466B46DB8999460028B9
:20ED800010D1134B06A9079304A801AB01970693FEF728FA002815D1300002A9FEF78AF8EB
:20EDA000041E12D15346002B04D04B465046990007F0ACFB4346002BC7D04046A90007F0E7
:20EDC000A5FBC2E70E246442ECE710246442E9E701000100F0B54E464546DE465746E0B579
:20EDE0008DB008AB984601239946170043464A469A80002306AD029007920E000A002800B7
:20EE000039000693FFF710F8041E0ED00698002803D0E988890007F079FB20000DB0F0BC9B
:20EE2000BB46B246A946A046F0BD43460890D8802A00330029004046FFF764FD089B0400D4
:20EE40009A464346DB880193069B9B46EB880393002825D14B462B4C0593404605AB0AA920
:20EE60000B940A93FEF7BEF9002841D13A0029002800FEF735FB00283DD14B46059305ABB1
:20EE80000A93012329005B4228000AAA0B94FEF7B5FA069B04009B46EB880393002810D035
:20EEA0005B46002B04D0039B5846990007F02EFB5346002BB1D0019B5046990007F026FB95
:20EEC000ABE733002A0000214046FEF707FD089B04009A464346DB8801930028E0D101239F
:20EEE0004246390002985B42FEF788FA0400D7E70E246442D4E71024069B64429B46EB887F
:20EF00000393CDE701000100F0B546464F46D6460123C0B586B0984602933B4B06000D00E8
:20EF200002AF100004A9140005930497FEF75AF9002862DDE388002B04D0424623681B686D
:20EF4000134253D1EB88002B40D001222B6890461B6813423AD000232900039238002200E1
:20EF60000293FEF761FF029B05009A46FB88994600281CD143460193234B3800059304A9A6
:20EF800001AB0493FEF72EF9002839DB21D101213000FDF79BFE051E25D1F28800219200BF
:20EFA0003068E3F7BBFE424633681A60B2805346002B04D04B465046990007F0A7FA28003F
:20EFC00006B0E0BCBA46B146A846F0BD0E256D42F5E7220039003000FFF7FCFE5346050076
:20EFE000002BE7D1EBE710256D42E0E7290022003000FFF78FFE0500E1E704256D42DEE749
:20F000000E256D42D3E7C04601000100F0B5C646012500B586B002ACA5801F00C38888467F
:20F02000E380036804A9029300230193174B2000059301AB16000493FEF7D4F8002822D0BB
:20F04000200004A90195FEF7CDF800281BD00223200004A90193FEF7C5F8002808D0200028
:20F06000FFF704FC002807D0431E0343DB17184006B080BCB846F0BD3B00320041462000F9
:20F08000FFF768F8F4E70E204042F1E701000100F0B557464546DE464E46E0B50F009A46AC
:20F0A0008DB09A4B11000492FA1E05009A4200D928E100230893013309931E333B405A1EDA
:20F0C00093417A099B180A00920755D40221904A0291974205D88F4A01310291974200D8C5
:20F0E000DAE09E005B010393DB1B05930123B2089146321F9846140049462800FDF772FE25
:20F10000002800D0F3E0002E09D0169BE988286832000093534600F0EDFE00281BD128688E
:20F120007D4A03599342E7D9039B9F4202D2E98800294DD14246036804991A430260424635
:20F140000A4251D1169B524628000299FFF75EFF03000E33D0D0040008AE0898002803D0A9
:20F16000F188890007F0D2F920000DB0F0BCBB46B246A946A046F0BD0421684A0291974284
:20F18000AFD8674A013102919742AAD80131953A02919742A5D25F4A013102919742A0D874
:20F1A000604A0131029197429BD80531F93A0291974296D2D93AFF3A0292F92F00D990E7FF
:20F1C00017320292952F00D88BE70B3A029288E7059A00F041FA42462868049903681A43B5
:20F1E000026042460A42ADD0032213430360290006A8FFF7E9F9041E77D1069B002B66D063
:20F20000012B7DD008AE29003000FDF753FE00286ED1F18800296ED10C239946424B5446A4
:20F2200098461DE003000E3334D14B460793434607AF0B932900012328000AAA0A97FEF7E3
:20F24000DDF8002826D106230793434631000B93300001230AAA0A97FEF7D0F8002819D127
:20F260002800FFF703FB0028DCD13000FFF7FEFA0028D7D122002800169B0299FEF76AFFBB
:20F280000028CFD122003000169B0299FEF762FF0028C7D1040060E7244A0131029197429B
:20F2A00000D91EE72C3A0431FF3A0291974200D317E7533AFF3A0292F92F00D911E70F32CB
:20F2C0000292952F00D80CE7093A029209E708330793154B29000B9307AB0A9328000123AD
:20F2E0000AAAFEF78BF8041E8CD008AE35E708AE1024644231E70122089800F0ADF98BE71F
:20F300000333E5E7042464422EE7C046FD1F0000130500005103000033F304B5A9050000ED
:20F320007D040000ED0200000100010089020000F0B5002A12D000271E0004680D68354084
:20F34000F64326402E4340C01D000E682C40ED4335402543013720C19742EDD1F0BDC0462E
:20F3600010B5E2F7E7FD10BD020010B54C1E02D50BE0013C08D3A300D0580028F9D0E2F79E
:20F38000D9FD01346401201A10BD0020FCE7C04600290ED0074BCB189B00C318984208D881
:20F3A0001968026809BA12BA02C0043B5A609842F6D97047FFFFFF3F70B50B681C00444044
:20F3C0001B1AA34320400343DB170025D843012A09D90124A300CB585E423343DB17013405
:20F3E0001D43A242F6D1284370BDC046F0B5CE464746002584468846A94680B52B002E00E4
:20F40000002A22D0134BD118890043465C5863465B5825001F0028007840ED1B854307402C
:20F420003D43ED1735431E0066401B1BB34334402343DB171C004846AC4320432B43013A6F
:20F4400081461E000439002ADFD14846C0BCB946B046F0BDFFFFFF3F8C46F0B5884210D0A7
:20F46000002A0ED00025002764461E00415964593440F6430E402643013746510435BA42B1
:20F48000F2D1F0BD10B5884201D0FFF751FF10BDF0B51E0003233340C64690465A1E9341FF
:20F4A000B2089B18070000B58B421ED8002818D08A000021E3F732FC002E12D00323002146
:20F4C0009C4618200C0063469C434346CA005B5C024093403C19256801311D4325608E4296
:20F4E000F0D1002080BCB846F0BD08204042F9E7F8B5050003201E001840431E9841B3087A
:20F50000C0181700884220D8002901D10020F8BD8C00220000212800E3F700FC002E0DD191
:20F52000043C2A199542F1D811682B6809BA1BBA02C5043A53609542F6D9E7E7A01B3200EB
:20F5400039002818E3F7F0FBEAE708204042DEE7F8B5CE464746994680B589001700994250
:20F5600015D337D9FF221C009046032302E00134A1422AD022001E009A4385582640F60010
:20F58000F54042462A42F2D00820404212E08C46002913D00024032225001600954345590C
:20F5A0002640F600F5403D5501346445F4D3494504D30020C0BCB946B046F8BD4B467818B7
:20F5C0005A1A0021E3F7AAFBF3E74B46002BF0D0CC46DFE79C46002BDCD1EAE7F0B5C646AD
:20F5E000060010008A00904600B59A4216D3FF211C0003228C46984503D816E00134A04520
:20F6000013D021001700914375582740FF00FD4061462942F2D00820404219E09A1A8418C4
:20F620000021E3F77BFB20004346002B0FD0013BC41821000325631A1A00AA43B2582B404C
:20F64000DB00DA400B000A7001399842F3D1002080BCB846F0BDC046F8B51F250C00060048
:20F6600051091540A14231D82ED01F2A15D90022671A890043184942186801325850043316
:20F68000BA42F9D3BC4233D97B1C04229C4227D2B80000213018E3F741FB002D13D0002C91
:20F6A00011D020270022144B7F1BE118890071180B6814001A00EB40234308000B60BA405D
:20F6C0000439B042F4D1F8BD002D05D000213000A200E3F723FBF6E71F2AF4D90027D3E7C0
:20F6E000E21BB800002192003018E3F717FBD4E7002DD6D1E7E7C046FFFFFF3FF8B51F24DF
:20F7000006000F00550914401F2A15D98D422AD2174B021FCB189B00C318A900A800891852
:20F7200040421A58043B5A609942FAD12A00002130009200E3F7F2FA002C13D0BD4211D272
:20F7400020231B1B9C460021AA00BF00B218F619136808001900A3406546034308C2E94088
:20F76000B242F5D1F8BD0029FCD00A00DFE7C046FFFFFF3FF0B50700002B13D09B009C46DC
:20F78000002600208C59955920182B18A042A441AB42AD4164426D42BB5104362819B4455E
:20F7A000F0D1F0BD0020FCE7F0B5070058420343DB17002A14D09200944600260020BD5984
:20F7C0008C5928181C400219A842AD41A242A4416D426442BA5104366019B445EFD1F0BD73
:20F7E0000020FCE7F0B50700002B13D09B009C46002500204C5953598442B641241A9C4260
:20F800008041E41A764240427C5104358019AC45F0D1F0BD0020FCE7F0B5DE4657464E46F4
:20F820004546E0B585B000920022019003920A00994200D91A008B1A07219C46D3081140E6
:20F840005A1E8B469246002B01D1F8E09A4600980199039A0E9B1C0CA1461C04240CA04615
:20F8600040C8370C3604360C444674434B465E434D467D4343465F43330CED183B0CED1840
:20F88000A418002255413304E41855413B04E41855410B68E4186A4110C140C8370C3604EA
:20F8A000360C444674434B465E434D467D4343465F43330CED183B0CED18A4180022554111
:20F8C0003304E41855413B04E41855410B68E4186A4110C140C8370C3604360C444674439B
:20F8E0004B465E434D467D4343465F43330CED183B0CED18A418002255413304E41855418B
:20F900003B04E41855410B68E4186A4110C140C8370C3604360C444674434B465E434D465E
:20F920007D4343465F43330CED183B0CED18A418002255413304E41855413B04E41855413E
:20F940000B68E4186A4110C140C8370C3604360C444674434B465E434D467D4343465F4304
:20F96000330CED183B0CED18A418002255413304E41855413B04E41855410B68E4186A41CF
:20F9800010C140C8370C3604360C444674434B465E434D467D4343465F43330CED183B0C53
:20F9A000ED18A418002255413304E41855413B04E41855410B68E4186A4110C140C8370CFE
:20F9C0003604360C444674434B465E434D467D4343465F43330CED183B0CED18A41800224C
:20F9E00055413304E41855413B04E41855410B68E4186A4110C140C8370C3604360C44469B
:20FA000074434B465E434D467D4343465F43330CED183B0CED18A418002255413304E41848
:20FA200055413B04E41855410B68E4186A4110C10392019100905346013B00D306E7012304
:20FA40005B425B449A465B46002B01D12CE09A4600980199039A0E9B1C0CA1461C04240C29
:20FA6000A04640C8370C3604360C444674434B465E434D467D4343465F43330CED183B0C5D
:20FA8000ED18A418002255413304E41855413B04E41855410B68E4186A4110C10392019141
:20FAA00000905346013BD2D2634662460398013B002A0AD0019A1168401801C2039988427C
:20FAC000804140420390013BF5D205B0F0BCBB46B246A946A046F0BDF0B54F464646D6468F
:20FAE000C0B582B098460A9B16009946D2180F00920000210500E3F711F94B46002B10D0B6
:20FB0000731C9A4600244246A300D05851460090330028003A000134FFF77EFE0435A1457D
:20FB2000F1D102B0E0BCBA46B146A846F0BDC046082203680220991C49000A40D218110023
:20FB40005943411A51431A004A43821A4A435343181A50437047C046F0B55746DE46454641
:20FB60004E46E0B585B00F9F9046FA008A4603900021119804329B46E3F7D0F8002F60D064
:20FB8000BB1C0F971F000F9B00259946119E5246AB00D3584246146832685C43A418109A5B
:20FBA000390054433000424600935B46FFF734FE4B46300039000E9A0094FFF72DFE2B00DF
:20FBC00001350436A945E2D1119A4F4694460425BF009B0063443E1D6D421A1DED1AF6187A
:20FBE0000E9BD0599C46039BAC44984645442B0014006546119284460022B8461800236842
:20FC00002F59934289419B1ABB429241DB1B49425242035104345218A642F0D16046474651
:20FC2000504043421843C0170023119A0399009701F038F905B0F0BCBB46B246A946A0462B
:20FC4000F0BD119B1868ECE7F0B5DE464E4645465746E0B58DB01D000792974B189A83468E
:20FC60000E009A4200D105E10027179B5B014F2B00D9FAE002230B93013B0A932C000A9B14
:20FC800008229C401A9BA4009C46AB006444984623000799434408930B68991C49000A4052
:20FCA0009A18100002215843081A424310005843081A424353435B1A5343604642460021DB
:20FCC0000993E3F72BF801231A98089A03600799099B03920293199A2B000091019501003C
:20FCE000FFF73AFF1A9B31004344180042469A46E3F71AF8062399460B9B5646022B18D09D
:20FD00004B46B9464746A0461C00089B31000393099BF6190293079B5246009330002B00EA
:20FD20000195013CFFF718FF002CEED14446B8464F46424658461A99E2F7F6FF0023C24609
:20FD400099469846089B5A460393099B59460293079B5846009301952B00FFF7FDFE01238C
:20FD60009C464346E1445E00002F0DD1179B169A013B17939B009B58DB0F334398460A9BCF
:20FD80004B4569D01F37DDE7179B169A9B009B58013FFB4001221340334398460A9B4B4516
:20FDA00004D0002FCED1179B002BCBD10023424A9946189B1A9E934244D053460B9AAC4616
:20FDC000069335003B004F4691463E004246564072421643F617A54216D06246002A13D0B6
:20FDE000F6439A4600220020330005971F00A658A9583940FF4337400F430130A7500432D9
:20FE00008445F3D15346059F069A0137924655444F45DAD11F006546089B22000393099BC7
:20FE200059460293079B5846009301952B00FFF793FE002F02D1179B002B0FD000239846B4
:20FE400099467FE7534646465E431A9B524620009919E2F769FFDFE71F27A7E70DB0F0BC34
:20FE6000BB46B246A946A046F0BD08230B93053B0A9303E7179B5C1E1AD4169A01E0013C8F
:20FE800013D3A300D358002BF9D018001793E2F751F801346401231A844200D101231F27FE
:20FEA0005A091F4017925301E1E601271793E1E6002301271793DDE62A2A2A2A70B50D0091
:20FEC00001210400FDF750F8002800D070BDE98820008901FDF71CF90028F7D12A0021003C
:20FEE0002000FDF7A1FF0028F0D12000E988FCF7A7FFEBE7F0B54F464646D646C0B50326E9
:20FF000016409A46731E9E419308F618B400A31A05000F00904699468E4224D81A00002151
:20FF2000E2F7FCFEBA1B002192002819E2F7F6FE4B4642460898E918D04700280ED1002E52
:20FF40000CD0043C2C19A54208D821682A6809BA12BA02C5043C6260A542F6D9E0BCBA46B4
:20FF6000B146A846F0BD04204042F7E7F0B557464546DE464E461C000123E0B58A4605003C
:20FF8000904685B05B420023661E02D551E0013E46D3B300D358002BF9D018009046E1F71A
:20FFA000C9FF01367601301AC21D1E27D308272A39D907219B4653468A43121A9146BA46AD
:20FFC00003931AE04A4621002800FFF745FB01235B429C46E2445346002B26D022002900B4
:20FFE0000398FFF7E9F92200070041462800FFF7FDF933003840834209D10F9B5A460093A3
:020000041004E6
:20000000210028000E9BFFF775FF061EDAD0B346584605B0F0BCBB46B246A946A046F0BD43
:20002000904600200722FA27C3E70E235B429B46EEE7002000230722FA27BAE705234901B2
:200040004F2900D9063358430130704710B586B00B9C04940A9C039400240294099C019428
:20006000089C0094FFF7F0FD06B010BD10B586B00B9C04940A9C0394044C0294099C01944B
:20008000089C0094FFF7E0FD06B010BD2A2A2A2AF0B50700002B0CD0100000249B000D5942
:2000A0002E1AB542AD413E5104346842A342F6D1F0BD1000FCE7C04600290BD089000300C0
:2000C0004118002004CB10438B42FBD143421843C01770470020F9E710B584B0089C00924F
:2000E0000394069C079A02940193FFF735FD04B010BDC04610B5012486B00594099C01935B
:200100000394089C00920123029405AAFFF724FD06B010BDF0B557464E464546DE46E0B5F5
:200120008BB001911100169A159D9246AA00904657464744BE186A005219920007924246A1
:200140008346A946B4189D4200D9994648464B4682001000EB1A9B000293019B50440490DA
:20016000002B00D1F6E1A446C444634650460393E2F7DAFD0021029A0498E2F7CFFD149B88
:200180009B4504D0424658461499E2F7CDFD424600210198E2F7C2FD424600210398E2F73E
:2001A000BDFD0123039A13604B46EB185B01089300D194E14346043BE31806930023059369
:2001C000534601211B680B405A421343DB175A4612680A4051420A43D21719009343114045
:2001E00089460293002D00D185E0B446002156460022AA465D46C346A0466B587458934279
:2002000080419B1AA34292411B1B404252427B50043112188B45F0D14446D846AB46554675
:20022000B2466646424639003000E2F77DFDB24516D0BC4600222F0000204D46A146534673
:200240002900B4589B580B40C943214019430130B15004328742F2D14C46A9463D00674603
:20026000424651462000E2F75FFDA34500D13DE15B46BC46B3462F000022002025001E00E3
:20028000AC58B35802990B40C943214019430130A95004328742F3D133005E469B46079B59
:2002A0002C003D006746984517D04B46AC46B1460022002025001E003100AC58BB580B40D2
:2002C000C943214019430130A95004328445F3D133002C004E46654699460021AC46069A38
:2002E0000D0013681000D9075B082B431360043AA042F5D16546424631005046E2F714FD78
:20030000424621005846E2F70FFD2A0051465846FFF76CF80490DA4505D02A005946504611
:20032000049BFFF705F8019B002B00D1D0E0002D00D1FEE01595159A454600210023A446F5
:2003400090460996039E019A745852589A428041D21AA2429B41121B40425B427A500431E2
:200360001B188D42EFD14246A846099E14993800644615001592FFF717FA4246390030005B
:20038000E2F7D2FC039B9E4200D1B4E0BC4600222F0000204D46A146039B2900B4589B5820
:2003A0000B40C943214019430130B15004328742F2D14C46424620000399A9463D00674686
:2003C000E2F7B2FC019B9C4200D1ADE0B44600222E00002025000997029F019B3900AC5815
:2003E0009B580B40C943214019430130A95004328642F2D1079B2C00099F350066469845D7
:2004000015D04B46AC46B1460022002025001E003100AC58BB580B40C9432140194301306B
:20042000A95004328445F3D12C004E4665460122236813405A421343DB179C460023190092
:2004400063461595159AB44645460020B94690461E00149B22581B58511833405F18914240
:2004600092419F429B4152425B422750043099188542EED143464F4666468946A846002131
:200480009C46069A15930D0013681000D9075B082B431360043AA042F5D14B466546D90774
:2004A000069A039813680B43136031004246E2F73BFC019B2100994642461800E2F734FCB7
:2004C00049460398814203D02A00049BFEF730FF059B089A01330593934200D070E60BB0AB
:2004E000F0BCBB46B246A946A046F0BD079B984500D0DAE6F1E6424631002000E2F714FC2D
:20050000019B9C4200D061E7079B984500D078E70122236813405A421343DB179C46002DA7
:2005200000D08BE70021BBE7079B984500D068E77DE70023002238001499FFF735F9039BC8
:200540009E421AD00122236813405A421343DB170021A5E75046E2F7E7FB0021029A049895
:20056000E2F7DCFB149B9B4504D0424658461499E2F7DAFB0023039316E6019B9C42E1D106
:20058000C6E7C046002806D0002A04D01160002200201A6070470148FCE7C046009FFFFFF9
:2005A00030B50B4D2B68002B01D00A4830BD0A4A084814780100002C05D008320C601478CC
:2005C0000431002CF9D100230B6001332B60EDE7681100206C11002030FD0510064B010005
:2005E0005868002804D106E0D8680833002802D01A788A42F8D1704730FD051070B5061E7A
:2006000010D0094C6568002D04D109E0E5680834002D05D03100286818F030FD0028F5D17E
:20062000280070BD0025FBE730FD0510F0B50D4C06006068002814D00B4F03E0E068083483
:2006400000280ED07C25C3792B40FB581B78B342F4D145792B079B0D9942EFD12D0995426C
:20066000ECD1F0BD30FD051028FD051010B540220021E2F753FB10BD10B5041E0ED0C06B68
:20068000002807D07C212268054BD2790A40D3589B6998474021200005F02CFF10BDC046CD
:2006A00028FD051070B505000C1E12D040220021E2F734FB7C21E279084B0A40D3585B69BB
:2006C000002B03D09847E863002804D000202C6070BD0348FCE70348FAE7C04628FD051083
:2006E000009FFFFF809EFFFFF8B5DCB2012C26D80568002D23D0EC79A407A40F012C19D96C
:200700007C270372EE790F4C3E4042603459C06B012B0CD06B790F251E00AE43302E06D0C4
:200720001F25AB43402B02D02369984701E0E3689847F8BD6C792407A40D9442E0D002488E
:20074000F7E7C04628FD0510009FFFFF036870B50500002B2AD0102A26D8DC79E4070DD4CB
:200760001C796409A400A24220D30F205B798343602B09D0002C10D1002070BD0F205B7972
:2007800014008343602BF5D108242C571300E86B0A00210001F01CFEEFE72800220028306B
:2007A000E2F7C2FAAC63E7E70148E6E70148E4E7809FFFFF009FFFFF0368002B03D0002357
:2007C0004362002070470148FCE7C046009FFFFF036810B5002B0AD00F245B79A343602B21
:2007E00003D1C06B01F084FE10BD0248FCE70248FAE7C046809FFFFF009FFFFFF0B5574660
:200800004E464546DE46E0B51500026804000E001F0085B0002A00D1A0E000230E990B606B
:200820001379DB06D90E8A46002B00D1DAE00F2153798B439946102B6FD0602B00D1BDE0C2
:20084000BE4200D180E04B46202B00D0C8E00823626AE3569146002B22D153469B1A9B46BF
:20086000E368002B2ED05D4520D9002A00D07BE059462800E1F792FB8946002900D1A7E098
:200880004B462000ED1A4A4671191430E2F74CFA636A4B446362002D12D00821615624E00F
:2008A000012B11D153469B1AAB420DD9484614302A0031002018E2F737FA636A5B19636294
:2008C00000203AE05D45F1D34B46002B48D1002DF6D051462800E1F761FB89460029CFD125
:2008E00008216156002900D174E02300283398467C23E06B24683D4AE47901971C40A25826
:200900000096946843462A00A047002815D10E9B0E9A1B685B1913600FE0554564D17C2484
:2009200008210E9BD2791D60304B2240D35841565C6832003B00C06BA04705B0F0BCBB46D9
:20094000B246A946A046F0BD436A002B06D151462800E1F723FB002900D174E72448ECE725
:2009600053464A469B1A9B46484614305A4631002018E2F7D9F908211C4B615603937C23B6
:200980002268E06BD27901971A40039BD3582200143200929B685246984623002833C04784
:2009A0000028CAD10E9B0E9A1B684D44534413605346574460625E44ED1A88E70E9BC06B23
:2009C0002A00019331003B00009501F03FFEB4E7D94655E7E368002B00D186E7D1464FE733
:2009E0000448AAE70448A8E70448A6E728FD0510009FFFFF809FFFFF809CFFFF809DFFFF3D
:200A0000F0B54746CE4680B50568040089461700984685B0002D00D189E00023136042466C
:200A200013606B790F221E009643202E24D0602E1CD00CD93300DF22703B134216D0A02EAE
:200A400014D0AB794C3B012B10D93A480FE01F229343402B0AD0302E08D0AB794C3B012B18
:200A600004D9102EF1D1436A002B1BD1002005B0C0BCB946B046F0BD0369002B57D0AB7900
:200A80004C3B012BF2D908214156426A01292ED02B79DB06DB0E934206D0C368002B01D103
:200AA000002AE3D02448E2E706001436234BED7903937C231D40039BE06BEB584D46009619
:200AC00001959D6823002833A8470028CFD10822A2562368002A1ED12469002B25D0197941
:200AE000C906C90E43463A004846A047BFE7C368002BD5D00600816B1436002902D129799D
:200B000049098900300098470821256861562A79D206D20ECAE7002B04D01B79DB06DB0E15
:200B20003B60A3E700233B60A0E70021DAE704489DE7C046809FFFFF809DFFFF28FD051021
:200B4000009FFFFF002300B583B0019301ABFFF757FF002804D1C4230198DB01184040422E
:200B600003B000BD0368002B0ED00F225B799343202B09D1042905D10023C360034B036196
:200B8000002070470248FCE70248FAE785050410809FFFFF009FFFFF10B5036884B0002B3F
:200BA00014D008240457012C10D15B790E34A343602B09D1C06B03AB01920091002200211B
:200BC00001F052FE04B010BD0148FBE70148F9E7809FFFFF009FFFFFF0B503680E00140013
:200BE00089B0002B0AD008228256002A06D15B790F329343602B19D1102C03D90F4D2800B8
:200C000009B0F0BD04AFC06B002200210194009703AB01F029FE051EF1D1220039003000EB
:200C200000F0F6F8051E03D0054D01E0054D04AF2100380005F05EFCE1E7C046009FFFFF95
:200C4000009DFFFF809FFFFF70B584B005001E000A9CFFF77BFD00280CD12B68002B20D099
:200C6000686231002800099B089A0094FFF7C6FD002801D004B070BD2368099A0390D1183A
:200C8000280003AB02AAFFF7BBFE0028F2D12368029A03989B182360C423DB0118404042A3
:200CA000E8E70148E6E7C046009FFFFFF0B5C64600B588B0149C1700109A139E1519129C10
:200CC000A54225D8119C0568A0460F246D799044A543602D1AD14446C06B32600694149C52
:200CE00001930594119C0B0004940F9C012103940E9C0097029401F045FE149A33689446E5
:200D00006344336008B080BCB846F0BD0148F4E70148F7E7809FFFFF009FFFFFF0B587B019
:200D20000D00129C0E99A14224D3091B109CA14220D80F270D9C661804686479BC43602C9B
:200D400016D1119CC06B21600F9C009305940D9C13000494129C2A0003940C9C02960194E4
:200D600001F03EFE0300123300D1034807B0F0BD0248FBE70248F9E7009DFFFF809FFFFF70
:200D8000009FFFFF10B5040001F064FE200005F09FFB10BDC42110B50120490005F090FB8A
:200DA000041E01D001F0D8F9200010BD10B513000A00022101F0D8F910BDC04610B504002E
:200DC00013F060FB200005F083FB10BD8C2110B50120490005F074FB041E01D013F04AFBDA
:200DE000200010BD10B513F087FC10BD10B513F051FB10BD10B582B0059C0194049C0094AC
:200E000014F0EAF902B010BD10B514F0D3F910BD30B5002A0BD00300821800201C780D784A
:200E200001336C40204301319342F7D130BD0020FCE7C046F0B54746CE468446884680B597
:200E4000002924D08B1A994600274E1E66443D004B462A005A40ED1A954313401D43ED178C
:200E60004346012B17D06246140011782B00013210781940DB4303400B43DBB223709642AB
:200E8000F2D1337801372B403370B845DFD1C0BCB946B046F0BD63461B781D4063461D7004
:200EA000F5E7C046F0B5040005982700FF43002B10D000280DD0E4B2A4460024FFB2664690
:200EC000155D35401E5D3E4035430D550134A042F5D1F0BD0B00ECE7F0B54F464646D6460E
:200EE0009C46C0B5089B61440400904699460E00099F9C451CD86046434658404342184368
:200F0000C017C0430500ED43002F0BD00021C0B2EDB2735C625C03402A401343635401310D
:200F20008F42F6D101239A46D4440136E145E2D2E0BCBA46B146A846F0BDC046C043002A8B
:200F400007D0C0B28A180B7803400B7001318A42F9D17047F0B54E464546DE465746C0237E
:200F6000E0B5674C8146A5440D0014005B009A4200D9C2E0D0220021520060A8E1F7CEFE95
:200F8000902123BA64933023FF3102AA521813702900220066A8E1F7C7FEC62302AA94464B
:200FA00080229B00E3186344893BFF3B1A70002306A90B7001330131202BFAD11AA813F03C
:200FC00059FA802206A952001AA813F063FA051E6ED10EAB9B469A461934019402AF102258
:200FE00000213800E1F79AFE60AB9846019E64AC39004246086808CA434008C1A242F9D193
:2010000010239C463300E044102E00D910233A000121F61A1AA83B0014F0CCF8051E4AD1AB
:201020001034002EE4D153463A0013CA13C3126802A91A607C2202ABFF329B181B788A1800
:201040000133137010239C461AABE2445345C6D1802259461800520013F01CFA051E2AD1C8
:201060004E464C46303616AB1A0001211AA814F0A1F8051E1FD12000102216A91034E1F748
:2010800053FEB442EFD11AA813F0FCF9D02160A8490005F02FFA5846302105F02BFA06A878
:2010A000202105F027FA1021380005F023FA1AE00EAB9B4602AF1AA813F0E4F9D02160A87E
:2010C000490005F017FA3021584605F013FA202106A805F00FFA1021380005F00BFA30212F
:2010E000484605F007FA2800C9239B009D44F0BCBB46B246A946A046F0BD38256D42F2E7D0
:20110000DCFCFFFFF0B5CE46474680B58DB004008946302200216846E1F700FE0823270025
:2011200098466E462037A044637B227B1B021343A27B12041A43E37B1B0613431BBA013386
:201140001ABA110A22736173110C120EA173E273002B1BD14246537811781B020B4391782A
:2011600009041943D3781B060B431BBA013319BA080A11705070080C090E9070D170002B86
:2011800004D1131F944201D01A00E4E7330022000121380014F00EF8051E16D110360CABFC
:2011A0009E42C1D16B464D461A78297801354A401A7001330CAA9A42F6D1802269463800E6
:2011C000520013F067F9051E09D06846302105F091F928000DB0C0BCB946B046F0BD1022AB
:2011E000200008A9E1F7A0FDEFE7C046F0B546464F46D646C0B51600C022876904008846BC
:201200001D00E0B05200974254D8D31BAB4251D3531BDB1BB3424DD300216846E1F77EFD30
:201220009E235B009A46E058043B99463A006946E3589847002840D1A769002D0AD0534670
:201240003900E0584B462A00E35869449847002833D17F194346002B01D0002E1BD13A00FE
:2012600069466846FFF776FE051E0BD0C0216846490005F03FF9280060B0E0BCBA46B146D9
:20128000A846F0BD69462000FFF73CFF051EEDD101232361EAE73800320041466844BF19E4
:2012A000E1F742FD3A0069466846FFF753FE051EDCD1E7E738256D42DDE734256D42DAE702
:2012C000A02210B5040000215200E1F727FD2000203013F0CFF801235B422361014BE36105
:2012E00010BDC0461027000010B5041E0CD0203013F0C8F8A0212000490005F0FBF8034BAE
:20130000E36101235B42236110BDC0461027000041617047816170479C235B00C358002BE8
:2013200006D18133FF33994205D801610020704734204042FBE738204042F8E7C1617047B5
:2013400030B5050000248DB0002A02D120000DB030BD6846FFF7FEFD041E04D1694628000E
:20136000FFF7D0FE04003021684605F0C3F8EDE710B50023FFF73AFF10BDC046F0B589B05A
:20138000040015000F002022002168461E00E1F7C5FC9C235B00E7500433E550A369256906
:2013A000002B14D13033A361002D17DB8022200069465200203013F06DF8002805D12B00F3
:2013C000310020000E9AFFF711FF09B0F0BD002DECDA2F2B02D801335D08E7E70025E5E729
:2013E000F0B54746CE461500802280B504000E001F0091B0D200954200D98FE08022189B03
:201400005200934200D986E0D03A00216846E1F785FC2269E3699A4202DC6369002B68D074
:20142000390000232000189AFFF7E0FE071E5AD120239846183B9946A044A144002D45D0FC
:20144000637B227B1B021343A27B12041A43E37B1B0613431BBA01331ABA110A22736173D8
:20146000110C120EA173E273002B1BD14A46537811781B020B43917809041943D3781B0682
:201480000B431BBA013319BA080A11705070080C090E9070D170002B04D1131F944201D08A
:2014A0001A00E4E72200012140460CAB13F082FE071E14D12F00102D00D9102730003A0053
:2014C0000CA9E1F731FCF619ED1BB9D169462000FFF718FE071E02D1236901332361402139
:2014E000684605F007F8380011B0C0BCB946B046F0BD189B002B9BD039001A006846FFF7F3
:2015000029FD071EEBD169462000FFF7FBFD071E00D18DE7E3E738277F42E4E736277F42CA
:20152000E1E7C046002300B583B00093FFF758FF03B000BD70B50D000968531A012B17DD52
:201540004C780B7824021C4364BA0231A4B22960521AA2420CD32200FBF7ACFD002803D1A7
:201560002B681B192B6070BD024B9C466044FAE70148F8E700CFFFFF80CFFFFF30B50C0005
:2015800083B005006846FBF78BFB210002226846FBF790FF041E05D06846FBF787FB200040
:2015A00003B030BD02212800FBF76AFE002805DB69462800FBF716FE0028EDDD004CEBE7F1
:2015C00080CFFFFF10B504004830FBF76FFB20004030FBF76BFB20003830FBF767FB20003D
:2015E0003030FBF763FB20002830FBF75FFB20002030FBF75BFB20001830FBF757FB2000F3
:201600001030FBF753FB20000830FBF74FFB2000FBF74CFB5021200004F06CFF10BDC0469A
:20162000F0B5C64600B50D0082B00021040016009846FBF725FE00283DD0002D3BDB20003F
:20164000FBF716FD270043461037A84219D9320029003800FDF70EFB00281ED125002300C3
:2016600021003033183500933A00230028000831FDF732F9002810D121002800FFF77EFF64
:201680000BE000932200330003213800FDF716FB002806D003000E330BD002B080BCB8460D
:2016A000F0BD012239003800FBF704FF03000E33D2D10248F1E70248EFE7C04680CEFFFF79
:2016C00080CFFFFF10B550220021E1F727FB10BD10B5FBF7C7FC10BD10B5FBF7C9FC10BD0E
:2016E00010B504001000052910D8094A8900535821009F462831FBF7DDFB10BD2031FAE74C
:201700000831F8E71031F6E71831F4E70148F4E700FE051080CFFFFFF8B504000D00160017
:20172000FFF708FF002800D0F8BD2000320029000830FFF7FFFE0028F6D1270020373200BA
:2017400029003800FFF7F6FE0028EDD121003800FFF714FFE8E7C046F8B557464546DE4628
:201760004E46E0B515001F000A9A0B9B0400FFF757FF00280BD003007F3302DB224B9C468E
:201780006044F0BCBB46B246A946A046F8BD2000FBF76EFC08239A46A24406005046FBF77B
:2017A00067FC18239B46A34480465846FBF760FC32008146A91C2000FBF7A0FC0028DAD1D2
:2017C000330A6E700236AE19424650462B70B11CFBF794FC0028CED143461B0A3370434646
:2017E00073700233F6184A465846B11CFBF786FC0028C0D14B461B0A33704B467370023399
:20180000F3185B1B3B60BCE780CEFFFF70B504001500FBF74FFB002803D0064B9C46604471
:2018200070BD200029000830FBF744FB0028F7D0F3E7C04680CAFFFF70B504000E00151E48
:201840000FD0FBF715FC85420BD820002A0031002030FBF72FFC002802D0034B9C46604446
:2018600070BD0248FCE7C04600CEFFFF80CFFFFFF8B504000E0017001D1E1ED0FBF7F8FB0B
:2018800085421AD8079B31002000069AFFF7C8FE0C4B984213D0002806D003007F3302DB9C
:2018A000094B9C466044F8BD20002A0039001830FBF724FC0028F6D0EFE70448F3E7024888
:2018C000F1E7C04680CEFFFF80CDFFFF80CFFFFFF0B557464E464546DE46E0B585B01F00D8
:2018E0000E9B05000E001400002B00D1D5E0FBF7BFFB844200D2D0E020239846A84429003D
:201900004046FFF73BFE041E07D0200005B0F0BCBB46B246A946A046F0BD02A8FBF7C0F9C8
:2019200010232C0099464834A94421004846FBF759FC00280DD020004946FBF7BBFA041E8D
:2019400000D195E002A8FBF7B1F9554B9C466444DBE738239A46AA4401215046FBF790FCB0
:20196000002861D10F9B2A000093032150460E9BFDF7A4F9041EE5D1012251465046FBF798
:2019800099FD041EDED140239B46AB442B00524659460020FCF7B6FF041ED3D12B0030332F
:2019A00000934A462B0059465846FCF795FF041EC8D15246414602A8FBF792FD041EC1D15C
:2019C00002A92A000800FCF72FFA041EBAD1282398462B00A844303300934A462B004046EA
:2019E00002A9FCF779FF041EACD15A4641464046FBF776FD041EA5D12A0041464046FCF75E
:201A000013FA041E9ED14046FBF732FB3100020038604046FBF772FB040002A8FBF746F9F4
:201A2000002C00D171E790E7524651465046FBF757FD041E00D085E72A0051465046FCF727
:201A4000F3F9041E00D07DE740239B46AB445A4659465846FBF744FD041E00D072E72A008C
:201A600059465846FCF7E0F9041E00D06AE7A0E738239A46AA4401215046FBF775FA041E2F
:201A800000D05FE740239B46AB4401215846FBF76BFA041E00D055E78BE7024C35E7C046D6
:201AA00000CDFFFF80CFFFFF10B5002801D0FFF789FD10BD70B58EB005000BA80E00059247
:201AC00002F0E0FC0599002912D13100302307AA08A80896FAF7ACFA041E1FD0324B0BA833
:201AE0009C46644402F05CFE002C41D1002444E071184B1E1B78002BE8D105A8029001934E
:201B000000932A4A33002A490BA802F0C1FC041E36D10C990B9E05917118D7E7089E079B1A
:201B20002A00F618310008A8FAF712FB041ED5D12A003100083208A8FAF70AFB041ECDD1CB
:201B4000089BB34223D009A8FBF7AAF8310009AA08A8FAF7FDFA040009A8FBF7A7F8002CC7
:201B6000BCD1089B0BA8B34216D002F019FE114C002D02D02800FFF725FD20000EB070BDF7
:201B80000D4B98420CD00BA802F00AFEF0E70BA802F006FE0024F0E702F002FE0024ECE726
:201BA0000599711892E7C04680CCFFFF70BE05108CBE05101ACCFFFF80EFFFFFF0B5D64681
:201BC0004F464646C0B505008A4690461F0092B0402B33D8DBB202AE514601AA5370EB6858
:201BE00091461170002B10D10B2000F03FFF00220100280000F0A4FF041E0DD1280000F032
:201C0000E9FF041E08D10123EB6002224946280001F008F8041E0AD03000402104F06AFCBF
:201C2000200012B0E0BCBA46B146A846F0BD3A004146280000F0F6FF0400EDE70B2002AE13
:201C400000F014FF33003A00414601F02BF8041EE2D14023B0464027BEE7C046F0B54F46FF
:201C6000D6464646C0B503690700A2B0002B3EDD02AB040098460023002600259946143418
:201C800004E03B69013514349D4223DA23694146013B5A4253411E434B4601932368802230
:201CA0009A46606801ABD0478246002814D1019B002BE6D042463800E9B2FFF77FFF002870
:201CC0001BD1A368019A01359B18A3603B6914349D42DBDB002E0CD08021404604F00AFCDA
:201CE000504622B0E0BCBA46B146A846F0BD02AB98463D235B429A46EEE78246F0E7C0466C
:201D000070B500250400C822002105611430E1F705F82000E56000F0B5FE2269092A0CDC3D
:201D200093009B1805499B00E31859612021013219621F399D615962226170BD21C8021014
:201D400010B5041E0ED0C36801330BD000F0A0FE002320002361C821143004F0CBFB012324
:201D60005B42E36010BDC04630B50569092D0CDCAC006419A40004192362039B013561613A
:201D8000A26163620561002030BD3E204042FBE710B513000A000A21FFF710FF10BDC04661
:201DA000036910B5002B02D0FFF758FF10BD40204042FBE7F0B557464E46DE464546E0B5FD
:201DC00093B08A4691460090402A00D992E002230769FF3300250193002F00D186E0009856
:201DE000FFF73CFF041E23D1009A1769002F00DC74E01C23944698460022E0444346934684
:201E000001212E0058681A6882426E4198683140012800D1934401341433A742F1D100292B
:201E200013D1019B013B0193002BD8D13C24644202AD4021280004F05DFB200013B0F0BC65
:201E4000BB46B246A946A046F0BD5B463F2BE8D902AD402200212800E0F760FF009E2900E4
:201E6000300000F0FFFE041EE3D1300000F010FE300000F007FE0B2000F0F8FD00220100E9
:201E8000300000F05DFE041ED3D1300000F0A2FE041ECED140222900300000F0C3FE041EF2
:201EA000C7D10B2000F0E2FD2B004022290000F0F9FE041EBDD1326900230021002A07DD56
:201EC00040460160142084460133E0449342F7D14A4629005046E0F727FFAAE7019B013B73
:201EE0000193002BA2D0002F00D078E7402402AD64429EE73C2464429FE7C046F0B5574641
:201F00004E464546DE4692460F22E0B5CB7B89B01A401201524402919168D7688C4642CAB5
:201F20000A0793463A0791466246120990464A4644460500224306925A463F093A430792EC
:201F4000564A0F249346624614405A463707090904A839430491190903006400145B3609F5
:201F6000240474400901446051441A780C78013162401A70013308AA9A42F6D10E2294463B
:201F8000029B0395634498460F239946C56843462F07BC4666461B7881681A090192026840
:201FA0000F0937432D0916072E434D4629405D4644684900695A120925072A4302604A46CE
:201FC000134002000904240961401B018760C6604160534411781C780133614011700132CA
:201FE00008A99142F6D1C468036827071D07240925434C4682684168160922405C4652007E
:20200000A25A1B090C0723430360019B090912044A40190103003E438660C5604260514496
:202020001A780C78013162401A70013308AA9A42F6D14346029A013B424501D09846A5E780
:202040004268039D12BA049B110A1BBA2A706970110C120EEA701A0A6A711A0CAA71C26867
:202060002B711B0E12BAEB718368A970110A1BBA2A726972110C120EEA721A0A6A731A0252
:202080002B73120E1B0EA972AA73EB7309B0F0BCBB46B246A946A046F0BDC04618FE0510B2
:2020A000F0B5DE4657464E464546E0B585B01E000F9B0D009946010000236131039303AB23
:2020C000009393462B001022FF3180460E9FFEF795FB824600283AD1C02342465B00D35C1F
:2020E000002B0AD159467131FF314144CA5CF85C4240CA5401339E42F8D12A0000245A4401
:202100003B5D155D5D404B461D5523000134A642F6D1C022414652008A5C012A07D05046D5
:2021200005B0F0BCBB46B246A946A046F0BD59467131FF31414400220F004846B95C805C1D
:202140004140B954110001328B42F6D1E7E71021280004F0CFF9E2E7C42210B5002152004F
:20216000E0F7DCFD10BDC046F0B51C004E464546DE465746904640232200E0B59A43060068
:2021800089B00800802A04D080235B009C4200D01AE101222100FEF749FA051E00D113E175
:2021A0000379DB06DB0E102B00D00DE13000FEF763FA29003000FEF775FA8346031E07D0E0
:2021C000584609B0F0BCBB46B246A946A046F0BD2200414630000133FEF786FA834600280E
:2021E000EED11022002104A8E0F798FD5B46039303AB009304AB102219003000FEF7FEFA26
:2022000083460028DCD18223FF33F054330004980599C0331860596006980799002298601C
:20222000D960002332647364B264F36401239C461D3303240420984642014032B218517A9F
:20224000177A09020F43917A031D09043943D77A1B013F060F43117B3FBA89464D46517B25
:20226000F31809020D43917B013C09040D43D17B40100906294309BAFD077F083FBA4908A3
:2022800029433D0A5D723D0C9D7209BA3D0EDD720D0A19735D730D0C090E1F729D73D97377
:2022A000D179C901394319725178177809020F43917809043943D7783F060F4311793FBA53
:2022C00089464D46517909020D43917909040D43D1790906294309BAFD077F083FBA4908B3
:2022E00029433D0A5D703D0C09BA9D703D0EDD700D0A19715D710D0C090E1F709D71D97127
:202300006146D27B0A40414652428A437A401A70002C91D108200434031D1B01F31859685D
:202320001A6809BA0D0A5D700D0C9D701D00197012BA090ED970110A1A715971110C120ECF
:20234000DA710201B2189971916CD26C09BA12BA1A72130A6B72130CAB720B0A120E2973FE
:202360006B73013C0B0C090EEA72AB73E9734010002CD1D103239946013B98463E339A46B0
:20238000B2444346012B14DD4346181D000135184038310084465031D44400234418EA5CC4
:2023A000CF5C7A40E2540133102BF8D110318C45F3D143465B00984601235B429C46E1446A
:2023C0004B46002BDDD1FBE614235B429B46F7E6F0B546464F46D646C0B51F00002388B04F
:2023E00080460D0016000393002F00D17CE004006134FF34102200212000E0F78FFC4046DB
:20240000713010220021FF30E0F788FCC02342465B00D5544346002000214133FF33186067
:2024200059609860D9600C2F53D00822002104A8E0F774FC7B0F1BBA06938223FF33994668
:20244000423BFF3B43449A46FA0012BA07923D00102F00D910250021635C725C534063547D
:2024600001318D42F8D143464A469B5C002B24D07F1B7619002FEAD1220004AB1178187866
:2024800001334140117008A901328B42F6D182234246FF33D35C002B15D0434603AA513336
:2024A0000092210010224046FF33FEF7A7F908B0E0BCBA46B146A846F0BD5246210020002B
:2024C000FFF71CFDD4E7210020004032FFF716FDE3E70C2231002000E0F726FC702301227E
:2024E0004146FF33CA54D8E714204042DFE7C046F0B557464E464546DE46E0B50700002380
:202500004937FF3705000C0038687968914612184B41BA4683B0994200D993E000D18EE04D
:202520005E0F00D08EE00F36B04647460640074229D010239B1B98464B4500D9C8464346D9
:20254000002B12D0310000237131FF316918CA5CE05C4240CA5401339845F8D13300434431
:20256000102B5DD053461868596842464B469B1A9946002316001F004A46002392197B41FA
:2025800012184B41444451460A604B604B460F2B2AD910235B424B4401931B0901331B011C
:2025A00098468223FF339A46423B2E00FF3B9B4627007136A044FF36AB440023F25CF95C24
:2025C0004A40F2540133102BF8D15346EB5C002B20D010374745F0D10F22019B103493437D
:2025E0001C194B46134099464B46002B0AD07135FF3500232E00F25CE15C4A40F254013393
:202600004B45F8D1002003B0F0BCBB46B246A946A046F0BD5A4631003000FFF76FFCD8E746
:202620008223FF33EB5C002B9CD12E002A007136FF36310030004032FFF760FC92E7904240
:2026400000D86DE714204042DDE7C046F0B54546DE464E465746E0B587B004008846150096
:202660000021102202A89946E0F758FB109BAB4200D2EDE0119B1D60002D4CD0C84552D379
:20268000A0235B009A46A24453462E0018685968002736184F41B9424AD800D1E0E00F2F5D
:2026A00046D800D1D7E003000B4344D00F231A0002409346034244D01026B61AAE4200D980
:2026C000B5E04B46019343465A4600932000330002A9FFF7E5FC00281ED15B46F318102BB1
:2026E00000D1A6E0320000235146AD1B08684968002780185941B044B1442E00534680190C
:202700007941186059600F2D20D8002D69D1102102A803F0EFFE002007B0F0BCBB46B246FC
:20272000A946A046F0BD4B4642469B1AAB42A7D214204042F0E723004933FF331B681B07E0
:2027400041D153461E605F600F2D4AD926008223B6276D36FF339A46FF367F0006E0102308
:202760009C46103DE044E1440F2DCED97378E25D1B021343B278200012041A43F37802A98E
:202780001B0613431BBA01331BBA1A0AE35572701A0C1B0EF3704B46B27001934346002202
:2027A00000931023FFF77CFC0028B5D15346E35C002BD4D1200022007130FF30010040320A
:2027C000FFF79CFBCBE78223FF33E35C002BB8D1200022007130FF3001004032FFF78EFBEC
:2027E000AFE7B620400022185378215C1B020B43917809041943D3781B060B431BBA01330B
:202800001BBA190A2354517019021B0ED3704B46090E9170019343460022009320002B003B
:2028200002A9FFF73DFC002800D170E774E72E0047E78223FF33E35C002B00D052E720004D
:2028400022007130FF3001004032FFF757FB49E71620404260E73300203300D823E767E7E6
:20286000B04200D81BE763E7F0B557464E464546DE460022E0B585B01A6003004133FF33AE
:202880000CCB8046510FDF0049300F43FF30D100894642C80F9D480FF6000643C8008246E6
:2028A000281F83460E9C134354D109073FD15B460C2B4CD8414651312A00FF312000E0F76D
:2028C00033FA3A004B46514632430B43134326D036BA0BBA0096464601934B4671361BBAE2
:2028E000FF36039331006B463FBA02970F781A780133574004AA0F7001319342F6D1822315
:202900004246FF33D35C002B36D0002D07D00023E25CF15C4A40E25401339D42F8D100202F
:2029200005B0F0BCBB46B246A946A046F0BD82234246FF33D35C002BB9D140467130FF3022
:2029400001004032FFF7DAFA5B460C2BB2D914204042E5E70C28FAD81207ABD0822342468E
:20296000FF33D35C002BA5D140467130FF3001004032FFF7C3FA9DE7310030004032FFF78C
:20298000BDFAC2E770B584B015001A00089B0400FFF71EFD002801D004B070BD20000A9AF9
:2029A0000999FFF7A5FD002816D103AE2A0020000C9B0B9901960095FFF748FE0028EBD13C
:2029C0000D9B002201930E9B0021009320003300FFF74AFF0028DFD014204042DCE7C04654
:2029E000F0B50D0089B000210400FFF7F1FC002801D009B0F0BD20000F9A0E99FFF778FDAA
:202A0000002824D103AE2A002000139B129901960095FFF71BFE0028EBD1119B04AF019333
:202A200000223300002120000097FFF71DFF00280DD13900119A1098FEF7EAF90028D8D01D
:202A40001398290003F056FD12204042D1E714204042CEE710B5041E06D0FDF70DFEC421E4
:202A60002000490003F046FD10BDC0460338C0B2082803D8024B8000C05870470020FCE78D
:202A800038FE051010B50C220021E0F747F910BD10B5041E1ED00368002B1BD040680028CD
:202AA0000CD01B780A2B1CD019D8032B13D0092B02D10FF0A7FA606803F00AFDA0680028EB
:202AC00004D023689978490003F020FD0C21200003F010FD10BD00F05FFA6068ECE70B2BF9
:202AE000EAD110F0B1F96068E6E7C04610B500281DD00368002B1AD0002918D00A68002ACF
:202B000015D0934213D11B780B2B10D8092B09D8032B0ED0092B0AD1496840680FF07AFA6A
:202B2000002010BD4968406810F096F9F8E70348F7E74968406800F037FAF1E700AFFFFFB9
:202B400070B504000D001600002833D0002931D00023436083600B7801600A2B13D010D847
:202B6000032B29D0092B25D16821012003F0A8FC606000281CD00FF03FFA002E0ED100208A
:202B800070BD0B2B16D1D821012003F099FC606000280DD010F052F9002EF0D00220A97808
:202BA00003F08EFCA0600028E9D12000FFF770FF0648E5E70648E3E75821012003F080FCF6
:202BC00060600028F4D000F0E1F9E5E780AEFFFF00AFFFFF10B5002816D00368002B13D08E
:202BE0001B780A2B16D008D8032B0FD0092B0BD1002140680FF014FA07E00B2B04D1002141
:202C0000406810F02FF900E0054810BD406800F0D1F9FAE70121406810F024F9F5E7C046DE
:202C200000AFFFFF10B5002813D00368002B10D01B780B2B0DD8092B07D8032B0BD0092BA3
:202C400007D140680FF0D8FF02E0406811F0B8F810BD0348FCE7406800F05AFFF8E7C04612
:202C600000AFFFFF10B5002813D00368002B10D01B780B2B0DD8092B07D8032B0BD0092B63
:202C800007D1406810F006F802E0406811F0FCF810BD0348FCE7406800F042FFF8E7C0467E
:202CA00000AFFFFF10B50400080011001A00002C11D024780A2C13D007D8032C0DD0092C89
:202CC00009D1002310F07AF806E00B2C03D1002311F0F8F900E0044810BD00F08FFFFBE726
:202CE000012311F0EFF9F7E700AFFFFF002801D0407870470020FCE7002801D000787047A9
:202D00000020FCE710B50422024B03490CF072FB10BDC046B9F304102013061000487047E8
:202D20005CFE051070B5051E15D00C4E0C483400383403E0A0680834002804D0290016F057
:202D40009DF90028F6D12379033BDBB2082B02D89B00F05870BD0020FCE7C04638FE051016
:202D6000ECBD051000280BD003220178054B03E01A7B0833002A01D09142F9D11868704722
:202D80000020FCE770FE0510002801D0006870470020FCE7F0B5CE46474680B50D00070003
:202DA000914691B0002858D00368002B55D08468002C52D09A78E8464A452ED3362120006F
:202DC000A618DFF7ABFF3B685C219A783000DFF7A5FF4A460023002A10D0E15CEA5C514008
:202DE000E154190001339945F7D10023F25CE85C4240F2541A0001338A42F7D13800FFF71E
:202E0000E9FE061E21D04021404603F073FB300011B0C0BCB946B046F0BDFFF7DBFE061E6C
:202E2000F1D14A4629003800FFF7FCFE061EEAD169463800FFF716FF061EE4D13B686D46EF
:202E40005A78BC6891469A78B8E73B68210038009A78FFF7E7FE0600D5E7014ED7E7C04636
:202E600000AFFFFF10B5002808D00368002B05D08368002B02D0FFF7D5FE10BD0048FCE7CC
:202E800000AFFFFFF0B504000D0091B0002827D00368002B24D08668002E21D069469F7812
:202EA000FFF7E0FE002801D011B0F0BD2000FFF791FE0028F8D1236820009A78F119FFF784
:202EC000B1FE0028F0D12368694620005A78FFF7A9FE0028E8D129002000FFF7C3FEE3E7E6
:202EE0000048E1E700AFFFFF70B5041E10D00368002B0DD08568002D0AD0FFF76BFE002800
:202F000005D12368290020009A78FFF78BFE70BD0048FCE700AFFFFFF0B504000D001600A5
:202F20001F0085B000282BD00C22002101A8DFF7F5FE2100012201A8FFF702FE041E05D07F
:202F400001A8FFF7A5FD200005B0F0BD3200290001A8FFF71FFF041EF2D1019B002B11D009
:202F6000039B002B0ED039000A9A01A8FFF75AFE041EE5D10B9901A8FFF784FF0400DFE76E
:202F8000014CE0E7004CDBE700AFFFFF10B558220021DFF7C3FE10BD10B5002802D0582166
:202FA00003F0A8FA10BDC04610B55822DFF7BCFE10BDC046002303604360054B8360054B5B
:202FC000C360054B0361054B436100207047C0460123456789ABCDEFFEDCBA987654321051
:202FE000F0B5DE4657464E4645464A780B7812021A438B78E0B51B041343CA78ABB01206D4
:203000001A43039216924A790B7912021A438B7984461B041343CA7912061A4316001792A4
:203020004A7A0B7A12021A438B7A1B041343CA7A12061A43049218924A7B0B7B12021A43A7
:203040008B7B1B041343CA7B120617004A7C1F430B7C12021A438B7C19971B041343CA7CEF
:20306000120615001D4305951A954A7D0B7D12021A438B7D1B041343CA7D120615004A7E01
:203080001D430B7E12021A438B7E06951B041343CA7E1B9512061A4307921C924A7F0B7FB6
:2030A00012021A438B7F1B041343CA7F12061A4301921D92212220238A5CCB5C12021A431C
:2030C0002223CB5C1B04134323228A5C12061A4308921E92252224238A5CCB5C12021A4319
:2030E0002623CB5C1B04134327228A5C12061A4309921F92292228238A5CCB5C12021A43E7
:203100002A23CB5C1B0413432B228A5C120610002D2218432C238A5CCB5C12021A432E23A3
:20312000CB5C02901B0413432F228A5C209012061A430A922192312230238A5CCB5C1202EF
:203140001A433223CB5C1B04134333228A5C12061A430F922292352234238A5CCB5C12024D
:203160001A433623CB5C1B04134337228A5C12061A430B922392392238238A5CCB5C120220
:203180001A433A23CB5C1B0413433B228A5C120610003D2218433C238A5CCB5C12021A43D7
:2031A0003E23CB5C0C901B0413433F228A5C249012061100604619430D9145692591816865
:2031C000C4680B001590016928000D0041400A009C4600942240FD4C0399644412938C460D
:2031E00023001924424029006344D318A246E341009C0E96A44661400A00634484461A4086
:2032000029006A40F24D139165442C00B4461426009D64441419B146F4412E005E40320053
:203220008C46E41822406A40EA4D0F2665442900049DB046AC4661445118F1411E006640E9
:20324000320009190A401600BC465E401490300010970A27009DE04EAD1965444519BC46D4
:20326000FD4127004F403A00059FDC4EBB465E44B34656466D182A405B446240D218F241CD
:203280000E005019069A6E4093463300D44E079A5E44B3465C44934603404B401B194C46F2
:2032A000D04EE3415E44B3462C000600019A594493461B18444047461C405E406C40641888
:2032C0003100C94EFC415E44B3461E00089A67465D449346E41821406640414049193500CC
:2032E000C24EF9415E44B346060009190D405E445D40AD1926000998574683464E40320082
:20330000BB4EFD415E44B3460E0002984F465B4483466D182A406E406240D2183300B54EC7
:20332000FA415E44B346521913405C444B401B194446E3419F180A9B2C009B46AE4E5440F3
:203340005E44B34602973C40674659446C406418FC41029F1600BB460F9B5C449B467E406D
:203360003100A64E21405E44B34651405D44491955460B9BE9419A463D00A14E0919564465
:20338000B24665400C9B0D407D404F4699465244AD189C4EFD4122004E44B1460E006D18AA
:2033A000029B4A402A404B446E4062404746D21833000D9EFA41B046934F52194744B84641
:2033C000134044444B401B196446E34114009B185C402C405440A4460E9C1B26A0468B4F8D
:2033E000B24647447C186444F4411E00E4186640310011400E0007995E408B46B446844EAE
:20340000069F5E44711917256144E941A94625000A9E0919B3464D401D406540AC467D4DAE
:203420007D4E5D44AA1812256244EA41A8460D005218554025404D40AC46039D0290AB4655
:203440005E44F5180C266544F541B4461600BB46AD186E403300714E0B405E44B3465340BD
:203460005C441B195446E3412E0083465C196C4F664033005F44BB464E46134059446B40E7
:203480005B18F341260019194E4033000D9E654FB3465F44BB462B405A4463409B18424689
:2034A000D3410E00059F5A18BB46564033005E4E23405E44B3464B405D4409985B19654674
:2034C0008346EB41594E15005E44B3469B185D400D405C4455400C9E2D195446B346E54125
:2034E000534F1C005F44BB46ED186C40144059445C40109F64184946BB46CC414D4E2900A0
:203500005E44B3466419614019405A446940089E89184246B346D141474822005844834662
:2035200009194A402A405B4462400B98D21863468346DA41414E0B005E44B34652185340E8
:2035400023405D444B40049F5B195546BA46EB413B4E15005644B2469B185D400D4055409C
:203560005444019F2C194D46BB46EC4135481D0058448146E418654015405D4049440F9E43
:2035800069184546B346E9412F4825005844814609194D40A8461D404A446540AD18624663
:2035A000D541069A294E93465E44F21843466D186B40D3181C229446D3410A00089E5B1965
:2035C000B3466A405A409046214A43E078A46AD756B7C7E8DB702024EECEBDC1AF0F7CF539
:2035E0002AC68747134630A8019546FDD8988069AFF7448BB15BFFFFBED75C892211906B83
:20360000937198FD8E4379A62108B44962251EF640B340C0515A5E26AAC7B6E95D102FD6BC
:203620005314440281E6A1D8C8FBD3E7E6CDE121D60737C3870DD5F4ED145A4505E9E3A97D
:20364000F8A3EFFCD9026F678A4C2A8D4239FAFF81F67187E14E5A44121915244244E241E9
:2036600093462A009B4420005C465A4062400A9C1190A1464E44741812190C9910248A464A
:20368000A146E241D64E5C465644711909265A445C4054406118F1418A460E99D14E88462A
:2036A000924446445C46F11855465346544053406C4064181900059B65469846CA4EEC41F5
:2036C000464433005B44BB4654446140C748C918073DE9415346584483464D4609196340A0
:2036E00002985A444B409B18EB418346C04F5A185F442300BB4609274B40D34453405B4413
:20370000FB410F009B1857405F40BA460B9FB94EBB465E44B3466546039E5C44B3465444AB
:20372000EC41B54FA2465F44BB46109E5944B3469A4414005546B1485C40584483466C4055
:203740001525079F5A44BB466418EC4151464D46AB48544458448346594061408918E94122
:203760005246099809275B448346091962404A40D218FA41A34F23005F44BB466546521837
:203780004B40D34453405B44EB419C460B0094440F986546834653406B409B4D0D9F5D44D6
:2037A000AA46152554441B19EB416546BB4655402C00964D63445D44A8464D4641445C40AD
:2037C0006418EC416546A0465D409844049F29004546BA46092769408D4D5544AC180919AD
:2037E000F9410D00DA4344468A49454489462A436240039C884F4C44644414191A229446B0
:20380000D4414246B946D24301996419224349446A40C91851181622804FD141BA46EB43B3
:2038200091460C9A09190B435244634042449A181123DA419846E343794F5218BB4613434E
:203840004B409A46069BCF435B445B190B255344EB419B181F435740BA46724FBB4658443A
:20386000834667465C445444FC41D743E41827435F40BA4637006C4E0298B3465F44BB4616
:203880004F4659445144F941DF4309190F436740BA46664F0E9EBB465844834640465A44FF
:2038A0005244C24192468A445046E243024360484A4083465E44B3465B44D218EA41CB4371
:2038C00056465C485244834613437340089E0D985E44B3465C441B196446574EE341B3461A
:2038E00054465844E44383469B181C435944534E544064184946B346079FCC415F44D14350
:20390000BB464646E4182143D34459404C4F5944F141BB46DE430B9809190E435844834603
:203920006640B2465A445244EA4192468A445746E2433A43434F059EBB465E44B3464A404A
:203940005B44D2186346DA41CB4356465244134373403D4E0A9FB4466744BC4664441B191A
:203960004C463A4FE341BC465446049EE4436644B44647469B181C43614454406418FC416E
:20398000334F099EBC46D1436644B446E4182143D44459406144E941129D0919AC46009D04
:2039A00027916F181399269262448C461598289464448260C7600200046114982993844639
:2039C000634416A85021536102F094FD00202BB0F0BCBB46B246A946A046F0BD22619D6D2B
:2039E0000C38E5FD44EABEA4A9CFDE4B604BBBF670BCBFBEC67E9B28FA27A1EA8530EFD440
:203A0000051D880439D0D4D9E599DBE6F87CA21F6556ACC4442229F497FF2A43A72394AB14
:203A200039A093FCC3595B6592CC0C8F7DF4EFFFD15D84854F7EA86FE0E62CFE144301A3E4
:203A4000A111084E827E53F735F23ABDBBD2D72A91D386EBF8B53F244746CE46036880B542
:203A60001C409B1805008846160003609A420FD9436801334360002C32D040273F1BBA42BA
:203A800031D21835320041462819DFF74DF915E0002C17D13F2E37D94446A71921002800A7
:203AA0004034FFF79DFA3B1B3F2BF7D83F2300243340B609B601B044002B09D1C0BCB94693
:203AC000B046F8BD40273F1BB7420CD9331EF5D01E001835320041462819DFF725F9EDE759
:203AE0003F2AD9D8CDE718239946A9444B4641463A001819DFF718F9403E49462800FFF75C
:203B00006FFAB844A619C5E733000024D4E7C04610B5002A01D0FFF79DFF002010BDC04678
:203B20003F2270B5040003680D001340581C4132E3181A7638284ED82600483A1836121A16
:203B400000213018DFF7EAF822686368510FDB000B435021D2006254100A01316054100C51
:203B600001316054120E013162545422190AA3540132A15456211A02120E625457221B0E94
:203B80003100A3542000FFF72BFA237A20002B70637A58216B70A37AAB70E37AEB70237BAB
:203BA0002B71637B6B71A37BAB71E37BEB71237C2B72637C6B72A37CAB72E37CEB72237D2B
:203BC0002B73637D6B73A37DAB73E37DEB7302F091FC002070BD260040221836121A00219E
:203BE0003018DFF79BF831002000FFF7F9F9382200213000DFF792F8A6E7C04670B596B0D2
:203C000006000C001500002158226846DFF786F80C4A0D4B029203930C4A0D4B049205932C
:203C2000002C04D0220031006846FFF713FF29006846FFF775FF6846582102F05BFC0020AA
:203C400016B070BD0123456789ABCDEFFEDCBA9876543210F0B5002314001D00E40901335F
:203C6000002CFAD10468091B994216D37F2111406155D209012B0BD9802702217F423E009E
:203C800005685C1A164301312E55D2099942F6D90268D31803600020F0BD0B204042FBE79A
:203CA000F8B506000F00002815D045680B4C0C4803E06069143400280BD06368AB42F8D165
:203CC0002A00B16814F09AFE0028F2D123693B60F8BD2E38FCE72E204042F9E758020610D5
:203CE000A4B40510F8B506000F00002815D045680B4C0C4803E06069143400280BD063686E
:203D0000AB42F8D12A00B16814F078FE0028F2D123693B60F8BD2E38FCE72E204042F9E770
:203D2000A4010610ACBE0510F8B506000F00002815D045680B4C0C4803E02069103400284A
:203D40000BD06368AB42F8D12A00B16814F056FE0028F2D1E3683B60F8BD2E38FCE72E204F
:203D60004042F9E72401061078B40510002802D04368042B02D02E204042704783681A78BB
:203D8000552AF8D15A781D2AF5D19A78202AF2D1DB78002BEFD1024B00200B60EDE7C046ED
:203DA000B0BE0510F8B506000F00002815D045680B4C0C4803E06069143400280BD0636897
:203DC000AB42F8D12A00B16814F018FE0028F2D1E3683B60F8BD2E38FCE72E204042F9E751
:203DE00070000610BCBE0510F0B5C64606008846170000B500281AD045680E4C0E4803E00B
:203E000060691434002810D06368AB42F8D12A00B16814F0F3FD0028F2D14246237C13703C
:203E2000637C3B7080BCB846F0BD2E38FAE72E204042F7E770000610BCBE051070B50A4C8C
:203E40000A4D03E065691434002D0AD0667C8642F8D1267C8E42F5D11560626800201A6087
:203E600001E02E20404270BD70000610BCBE0510F8B506000F00002815D045680B4C0C4828
:203E800003E06069143400280BD06368AB42F8D12A00B16814F0B2FD0028F2D1237C3B707F
:203EA000F8BD2E38FCE72E204042F9E7B0FE0510C8BE051030B5094B094C03E05C69143379
:203EC000002C07D01D7C8542F8D100205B680C60136030BD2E204042FBE7C046B0FE05108C
:203EE000C8BE0510F8B506000F00002815D045680B4C0C4803E06069143400280BD063683E
:203F0000AB42F8D12A00B16814F078FD0028F2D1237C3B70F8BD2E38FCE72E204042F9E74C
:203F200000FF0510D4BE051030B5094B094C03E05C691433002C07D01D7C8542F8D10020FD
:203F40005B680C60136030BD2E204042FBE7C04600FF0510D4BE05102E2040427047C046D2
:203F60002E2040427047C046F8B506000F00002815D045680B4C0C4803E060691434002871
:203F80000BD06368AB42F8D12A00B16814F036FD0028F2D1237C3B70F8BD2E38FCE72E20CA
:203FA0004042F9E73CFF0510E0BE0510F8B506000F00002815D045680B4C0C4803E06069C9
:203FC000143400280BD06368AB42F8D12A00B16814F014FD0028F2D1237C3B70F8BD2E386D
:203FE000FCE72E204042F9E7B4FF0510E8BE051030B5094B094C03E05C691433002C07D02B
:204000001D7C8542F8D100205B680C60136030BD2E204042FBE7C046B4FF0510E8BE05108D
:20402000F8B506000F00002815D045680B4C0C4803E06069143400280BD06368AB42F8D1E1
:204040002A00B16814F0DAFC0028F2D1237C3B70F8BD2E38FCE72E204042F9E71800061032
:20406000F4BE0510F0B557464E464546DE46E0B589460700904683B0002966DB1300526849
:20408000002A5FD00E009968314B00259B46314B00249A464B5D002C1DD07F20E401184019
:2040A0005BB20443002B31DBB1453FD13223503C5246310038000094E0F7A6FA012822DD5A
:2040C000B04220D243465A680135361A3F18954235D299684B5D802B1FD07F241C405BB2A7
:2040E000002B13DBB14521D14F2CDFD83023272CDED9283C52463100380001330094E0F72C
:2041000083FA0128DCDC0B20404208E00135AA4213D980239B049C42BCD36820404203B032
:20412000F0BCBB46B246A946A046F0BD23005A4631003800E0F768FAC0E7002C02D14B46BC
:20414000981BECE760204042E9E764204042E6E798BC051000BF0510F0B54646D6464F4615
:20416000C0B50C00060082B08D18002A00D1A7E00A000021137801322E3B58424341C9180E
:204180009542F7D14B1E7E2B00D999E08F00B84688444046012102F093F9B060002800D194
:2041A000C9E00190AC421DD26827674B00229C467F420AE0624515D893009B185B00303B58
:2041C000013400275A18A5420CD021780B00303B092BEFD9002F05D1022A03D8A54201D976
:2041E0002E290DD068277F4202F072F90023B3607360380002B0E0BCBA46B146A846F0BDBD
:204200000134AC4200D399E000239A46683B99464D4B9C460DE0E245E4D853469B00534495
:204220005B00303B9A4601348A44A5424FD00023994621780B00303B092BECD94B46002B09
:20424000D0D1022A6BD05346272BCBD8A54244D92E29C7D193009A180134D200404481463E
:204260000100524401A8FFF7F5FC002824D1364B9846A5423CD96820002240420AE0424502
:2042800021D893009B185B00303B01345A18A5420CD0002021780B00303B092BEFD900285C
:2042A00011D1A54202D92E290DD10134494601A8FFF7D0FC0028DCD00B27B0687F4293E79D
:2042C00068277F4295E76827B0687F428CE7022A2BD05346272B00D984E7010093009A189B
:2042E000D2005244414401A8FFF7B4FC0028E3D1019CB3680121E41A200002F0E1F8051EC0
:20430000B0681DD0010022002800DEF70DFDB06802F0DEF80623B5607460336069E7A542B2
:2043200003D92E2900D05DE7013453465022513300D957E792E76A277F425AE7683F53E76E
:204340006A277F4250E7C04699999919F0B5CE46474680B5D9B0070012A80D001600984624
:2043600010F088F803A8FEF78DFB0320FEF77EFB0022010003A8FEF7E3FB040003A8002C88
:2043800014D0FEF785FB102106A802F0B3F80AAB994612A810F076F84846290002F0AAF841
:2043A000200059B0C0BCB946B046F0BDFEF712FC041E06D1619A609903A8FEF733FC041ED5
:2043C00001D003A8DDE70822390003A8FEF72AFC041EF6D106A903A8FEF744FC041EF0D119
:2043E0000AAB99461022180006A9102D27D0DEF79BFC03A8FEF7EEFB041E3BD1102206A9F8
:2044000003A8FEF70FFC041E34D1619A609903A8FEF708FC041E2DD10822390003A8FEF70F
:2044200001FC041E26D106A903A8FEF71BFC041E20D10822202D00D1921806A90EA8DEF7C1
:2044400073FC03A8FEF724FB102106A802F052F84946EA0012A810F04FF9041E00D098E727
:204460003B00424600210196009612A810F0B4FE04008EE703A8FEF70BFB102106A802F0CF
:2044800039F886E710B50C220021DEF747FC10BDF0B546464F46D646C0B50D000600914644
:2044A000984688B0002800D159E1180014F0FAFC071E00D144E14946404614F0F3FC04007A
:2044C000874200D33CE1280014F01CFE3B5C3D18202B01D16B7801350D2B01D16B78013598
:2044E0000A2B00D02CE1484614F00CFE225C6F1C2318202A01D15A7801330D2A01D15A78CD
:2045000001330A3A51424A419B1842469B1A129A1360E31B152B58DC002398469946A742BB
:2045200000D314E1E41B3B0000210020009403AA10F0EEFF2C3000D10FE10399002900D157
:204540000DE1012001F0BCFF051E00D101E13B000399009403AA10F0DBFF0399070008002D
:20456000002F00D0ABE04B46002B25D0109B002B00D1E7E04346052B00D1B0E0062B00D176
:20458000C4E0072B00D1CFE0002900D1E9E06B18013B1A7891420AD3881A81420CD90400B3
:2045A00002E00134A14207D92B5D9342F9D06E4F280001F0ABFF01E035607060380008B045
:2045C000E0BCBA46B146A846F0BD16223800674914F014FA00289FD1EB7D0D2B54D01722E6
:2045E0009146A9440A2B00D0B1E04B465D1C671B0D2F00DCAFE00E2228005D4914F0FEF935
:20460000002800D0A7E0152F00DCA4E016222800584914F0F3F9002858D016222800564937
:2046200014F0ECF900286ED016222800534914F0E5F9002800D08EE0072398464F461737FC
:20464000E31B1F2B6EDD04AD102200212800DEF765FB012300229A46B95C0B00303BD8B22B
:20466000092807D9113B052B03D90B00613B052B58D80A33514611420BD15108685C1B018E
:2046800003436B540132E7E7182399462B7EA944A8E751088C46695C01320B4361466B54FE
:2046A000202AD9D137234A46D35C0D2B11D04F4637370A2B4BD1093B994601372FE72800E7
:2046C00001F024FF2E4B9C46674477E705239846B4E74F4638234A463837D35CE9E7119B27
:2046E0002A000193109B04A800930B001021FFF72DFE04000399002C00D145E7280001F0D3
:2047000005FF27005AE70623984697E7119B2A000193109B04A800930B001821FFF716FE06
:204720000400E7E7174F49E7119B2A000193109B04A800930B002021FFF708FE0400D9E7B1
:20474000114F3BE7280001F0E1FE104F36E70C4F34E70F4F32E70F4F30E70F4F2EE70F4F30
:204760002CE7074F24E7C04680ECFFFF34C905104CC905105CC9051074C905108CC9051023
:2047800000EFFFFF00EEFFFF80EFFFFF00EDFFFF80EEFFFF80EDFFFFD4EEFFFF80EBFFFFE8
:2047A00010B5041E0CD00068002802D0616801F0ADFEA06801F08CFE0C21200001F09AFE16
:2047C00010BDC046F0B5254C0E88A5440C00002115000391049100282ED00368002B2BD04F
:2047E0001B78012B11D0023B022B25D847680591387805A90AF052FE8223DB0103439E421E
:204800001CD01748174B9D44F0BD174B9E42F8D1FFAB1C33406803AA06A903930BF056FB73
:204820000028EFDB0200039904902B00200003F093FB0AF0F1FDE5E70C48E3E78023DB0038
:2048400000930021380006AB04AA13F00FFC0028D8DB06AB1900049A0393E6E7E4FBFFFF7C
:2048600000C1FFFF1C0400000140000080C1FFFFF0B5C64600B52F4C1500A5440C000028C6
:204880003AD00368002B37D01B78012B17D0023B022B31D8002746680B88307801A99846C0
:2048A00001970AF0FBFDE223DB010343984525D0214E3000214B9D4480BCB846F0BD204B37
:2048C0000A889A42F4D11F4F40686F4402AA03A902970BF0A9FB061EEBDB02992B007F1A03
:2048E0003A00200003F038FB0AF096FD39000600029801F0FFFDDCE7134EDAE76623F35A2A
:20490000002BD5D03000302303AA02A9029713F089FB061ECDDB03A92B00029A200003F07A
:204920001BFB0AF079FD0299060003A801F0E2FDBFE7C046B8F6FFFF00C1FFFF480900006D
:20494000017000004709000080C1FFFFF0B54F464646D646C0B5854C0600A54403AD0C0084
:204960001700002118222800DEF7D8F9002C00D1F6E02900300003F075F9002800D0EFE0A3
:20498000002F4FD009AF39003000794A02AB03F08DFA002800D0A7E0764B2E881E40764BA9
:2049A0009E425AD06B8832009A46FF239A4390468223DB01984500D0D2E02368002B00D0AD
:2049C000D0E06E4B99465B6A002B04D098476060002800D1C8E04B4651462360F0B20AF044
:2049E0006DFD0100200000F04FFD061E0AD1E22339002000029ADB01984500D19DE000F000
:204A0000AFFD0600280008F00DFE3800584901F071FD300096231B019D44E0BCBA46B14608
:204A2000A846F0BD09AF39003000514A02AB03F06FF9002858D12E88514B9E4258D04E4BD3
:204A40009E420AD06B8832009A46FF239A43E2239046DB019A42B0D0AAE72368002B00D06E
:204A600080E0484E736A002B3BD09847606000287AD0266033783900013B5A4253415B42A9
:204A8000029A18400BF0F0FB0600002EBAD12A7BEB68002A05D0802189040A433A498A42BC
:204AA00059D0DAB2FF21180088433849884237D03749194088463749884531D036498842AE
:204AC00002D036498B429DD12068002804D003780020012B00D1606800210BF07DFB0600CC
:204AE00090E760682660C5E70AF096FC060089E723689846002B35D1224E736A002B2CD035
:204B00009847606000282FD026603378012B00D1804639004046029A0BF008FC0600B4E7E0
:204B20002068002804D003780020012B00D1606801210BF051FB060064E700F0DFFC061EE8
:204B400000D05FE7009039002000154B029A00F0F5FC060056E70022A4E760682660D4E780
:204B6000104E56E70F4E4DE70F4E4BE7A0F6FFFF3B090000FFCFFFFF014000009C040610DF
:204B800001700000CC040610FF0000020003000700EFFFFF000300060002000600020007AC
:204BA000E1F4041080C1FFFF80C0FFFF002303604360704710B5041E0BD00368002B04D083
:204BC0009B6A002B01D0406898470821200001F091FC10BD0138C0B2032803D8024B80003B
:204BE000C05870470020FCE7FC03061070B505000C1E0CD00368002B09D14B6A002B03D07B
:204C000098476860002804D000202C6070BD0248FCE70248FAE7C04680C1FFFF80C0FFFF3D
:204C2000F0B5C646040000680F001600984600B5002810D10A4D6B6A9847606000280CD0C7
:204C4000434625608360069B07604660C360002080BCB846F0BD0348FAE70348F8E7C0462F
:204C60000C04061080C1FFFF80C0FFFF030010B50800002B05D01B68002B02D0DB6898471F
:204C800010BD0020FCE7C046F0B54646D6464F46C0B580460D00160082B0002800D195E05E
:204CA0000368002B00D191E080221C78D20091422BD080225201914200D181E08022920018
:204CC000914200D184E0032780220F431201914204D080229201914200D007E1042C60D8CC
:204CE000012C00D98EE000D070E0002B00D1ECE01B78012B00D0E8E043465C68A9462000A5
:204D00000BF03EFC0025904B1FE0042C49D8012C00D9B6E05AD1C022120191460122924680
:204D20008A4F1C000025002B05D01B780024012B01D143465C6820000BF022FC5346002B5A
:204D400000D1C8E000285BD1814B338043461B68002B00D1C8E09B68404698477D4B98424D
:204D600000D895E07C48708020000BF04BFA012800D18FE0794B013D1D40794B9C466544BB
:204D8000F5604B46DB0402D54B46764F1F43BB0402D580231B011F4300230020B76033611A
:204DA00008E0053C631E9C416F4B604218406F4B9C46604402B0E0BCBA46B146A846F0BD98
:204DC000042CEED8012C00D987E067D06848F1E7042CE6D8012C69D8F8D14468012520009A
:204DE0000BF0CEFBC0239B009946624FAAE7624A6249AA180A423BD080225201954237D00D
:204E00005F48D7E70022A9469246002B00D197E01B78023B022B00D992E0434666225B68B5
:204E200001A99A5A18789046002201920AF036FB80220300920195421AD0D8D98022D2016F
:204E40009542DDD1042CDBD04E4A5146002913D041460029D4D0E220C001184380B2019B77
:204E60003C4930808B4200D93B4B7380F26088E7032CC5D0444AE8E78220C001184380B20C
:204E8000EDE7C022120191460122304F9246BCE780B268E7002D10D13C4D71E7C022920170
:204EA0009146012200259246394F3EE7C0229200914601222F4F9246AAE720000BF0A4F941
:204EC000FF23344D03401D435AE70020A9460BF057FB002400251C4B37E7C02292019146D5
:204EE00001222B4F924690E700203CE74A1EFF3A11004A1E91418A46042C00D951E7012C59
:204F00001CD800D062E780229200954208D8013AFF3A954200D073E7A9461C00012502E70A
:204F200080225201954200D96AE7134A1349AA18A9460A4200D1F4E611483BE7A94664E765
:204F400066231B88FFDEC04601400000030C000001700000F8FF0000FFFF0000FF0000FF8E
:204F6000000200070304000000FBFFFF80C6FFFF80C1FFFF0303000000FCFFFFFFFBFFFFAD
:204F800000C1FFFF00000209FF060006FF1300060330000000030007002370B51360002804
:204FA00005D00368002B02D01B78052B0DD0E02580240B88ED01E4012B40A34202D0FFF7ED
:204FC00057FC70BDFFF7FEFBFBE70148F9E7C04680C6FFFF10B50022FFF7B8FC10BDC046A9
:204FE00010B50122FFF7B2FC10BDC046F0B505000C00160083B0002908D1002B22D0002A0A
:2050000002D00268002A10D1124819E0002AFBD00268002AF8D0002B07D12000FDF726FD6B
:20502000FDF764FE031EEFD02A681769002F0ED0099A21000192089A280000923200B84737
:2050400003B0F0BD0368002BE7D10248F8E70248F6E7C04680C1FFFF00C1FFFFF0B50500A4
:205060000C00160083B0002908D1002B22D0002A02D00268002A10D1124819E0002AFBD003
:205080000268002AF8D0002B07D12000FDF7EEFCFDF72CFE031EEFD02A681769002F0ED096
:2050A000099A21000192089A280000923200B84703B0F0BD0368002BE7D10248F8E70248EB
:2050C000F6E7C04680C1FFFF00C1FFFFF0B507000D0014001E0085B0002B1DD10B9B002BE5
:2050E0001AD12368002B1AD03800DB68984700284DD0062F15D0002D11D10D9B029501938A
:205100000C9B3100009320000B9B0A9AFFF76EFF0500280005B0F0BD0A9B002BE1D11E4DDB
:20512000F7E72368002B2ED01A78012A2BD1002DF5D09B68200098470D9B0730C0088342C4
:2051400027D32068002804D003780020012B00D160680C9B310002936B680B9A01932B7855
:2051600000930A9B0CF03CFA051ED2D12368002B0BD020009B6898470730C0080D9B834200
:20518000C7D9064DC5E7064DC3E70020F6E7054DBFE7054DBDE7C04680C1FFFF00C7FFFF7E
:2051A00080C6FFFF00C1FFFF80BCFFFFF0B505000C00160087B0002908D1002B28D0002A60
:2051C00002D00268002A10D115481FE0002AFBD00268002AF8D0002B07D12000FDF746FC82
:2051E000FDF784FD031EEFD02A685769002F14D0109A210004920F9A280003920E9A0292F2
:205200000D9A01920C9A00923200B84707B0F0BD0368002BE1D10248F8E70248F6E7C046E9
:2052200080C1FFFF00C1FFFFF0B505000C00160087B0002908D1002B28D0002A02D00268E2
:20524000002A10D115481FE0002AFBD00268002AF8D0002B07D12000FDF708FCFDF746FD44
:20526000031EEFD02A685769002F14D0109A210004920F9A280003920E9A02920D9A0192AC
:205280000C9A00923200B84707B0F0BD0368002BE1D10248F8E70248F6E7C04680C1FFFF64
:2052A00000C1FFFFF0B50C000968060015001F0087B000294BD0CB689847002849D0062ED1
:2052C00026D12668002E37D0B368200098470E9B0730C00883423ED30C9B002B2FD026681D
:2052E000002E04D033780026012B00D166680D9B300002930C9B119A009310992B00019752
:205300000CF088F8002815D173680F9A136011E000230593119B3A000493109B2900039379
:205320000F9B200002930E9B01930D9B00930C9BFFF73CFF07B0F0BD0C9B002BD7D12800B8
:20534000FDF794FBFDF7D2FC0C900028C7D10348F0E70348EEE70348ECE7C04680C1FFFF07
:2053600000C1FFFF80C7FFFF30B5046885B0002C0DD0A469002C0CD00B9D03950A9D029507
:20538000099D0195089D0095A04705B030BD0248FBE70248F9E7C04680C1FFFF00C1FFFFB4
:2053A00030B5046885B0002C0DD0E469002C0CD00B9D03950A9D0295099D0195089D009515
:2053C000A04705B030BD0248FBE70248F9E7C04680C1FFFF00C1FFFFF8B50668002E15D0BC
:2053E0000C68002C12D0002A10D0256A002D0FD02778052F05D0072F01D0A64204D1A8472B
:20540000F8BD3478012CFAD00248F9E70248F7E70248F5E700C1FFFF80C1FFFF80C6FFFF7A
:2054200010B5002805D00368002B02D09B68984710BD0020FCE7C046036810B5002B05D05A
:20544000DB6A002B04D09847002010BD0148FCE70148FAE780C1FFFF00C1FFFF002804D0EC
:205460000368002B01D0586870470148FCE7C046A4C90510002804D00368002B01D01878A7
:2054800070470020FCE7C046F0B583B002006B4605000E0003CA03C36846FFF7EBFF023853
:2054A0006C46022821D8019F23002A0003CA03C32000FFF7DFFF023802281AD863681B78EF
:2054C000002B0CD02300200006CD06C3FFF7D2FF023802280DD863681B78B34207D131007A
:2054E000380012F0B7FE03B0F0BD0027DCE70248F9E700231B78FFDE00C3FFFF70B582B09E
:205500006B460D00160006C806C36846FFF7B2FF023802280DD8019933002A00087812F009
:205520002DFD002801D102B070BD034B9C466044F9E700231B78FFDE00C3FFFF406830B5D3
:2055400002001C000100030083B0069D1C33603268310195009412F007FC03B030BDC04604
:2055600070B544681300250068350A002000290012F000F9002803D12900200012F04CFAAA
:2055800070BDC046012803D006384342584170470120FCE7436806480122486018000A706F
:2055A0000A73044A0830103388600A614B617047B0C90510B8C905100238C3B202220020D8
:2055C0009A4240417047C0464368D86B7047C046022243680A70024A68334A608B6070478A
:2055E000C0C905100238C3B2012200209A4240417047C04604384342584170470138434232
:2056000058417047436810B51868DB689847C00010BDC046F0B5446885B01E002068E3681E
:205620000D00170098470C9B18608023DB0098420ED80B9B98420DD80A9B2068029301974B
:2056400000962B00A4680E9A0D99A04705B0F0BD0148FBE70148F9E780C1FFFF80C7FFFF0E
:20566000F0B54468150083B02068E2680E001F009047A84209D1099B2068009332003B00CB
:2056800064680899A04703B0F0BD0148FBE7C04680BFFFFF10B504000CF088F9200000F092
:2056A00017FF10BD10B57821012000F009FF041E01D00AF08BFD200010BDC04610B54968B2
:2056C00040680BF079F810BDF0B5476883B038001E000D0014000AF09FFD089B1860099B96
:2056E000984209D8230038000B9A0A99019600950BF0AEFC03B0F0BD0048FBE700BCFFFF37
:20570000F0B5476885B0380014000D001E000AF083FDA0420BD10B9B380002930D9A0A9B92
:205720000C99019600950BF053FE05B0F0BD0148FBE7C04680BFFFFFF0B5476885B03800BB
:205740001D000C0016000AF067FD0C9B18600B9B98420BD80A9B380002930E9A23000D9947
:20576000019600950BF00AFF05B0F0BD0048FBE780C7FFFFF0B5C64600B51E00436882B0C7
:20578000180098460D0017000AF046FD099B0400984210D8089B3200009329003B004046F6
:2057A0000CF064F8002802D1099B9C4205D302B080BCB846F0BD0248F9E70248F7E7C0464B
:2057C00080BCFFFF00C7FFFF10B540680AF01EFD10BDC04610B5040011F0E4FE200000F0B9
:2057E00077FE10BD10B58021012000F069FE041E01D011F06DFE200010BDC04610B54968C1
:20580000406812F041FC10BD10B586B00C9C406804940B9C03940A9C0294099C0194089C99
:20582000009410F071FB06B010BDC04600B583B011001A00059B40680093049B10F0C6FB91
:20584000034B984201D003B000BD0248FBE7C04600B4FFFF00C7FFFF10B5102100F056FEFC
:2058600010BDC04610B51021012000F029FE041E03D010220021DDF751FA200010BDC046CD
:20588000F0B5CE46474680B5254C98464B68A54406001868DB680D001700984704007068FA
:2058A0000AF0B4FCE400A04235D120222A2104A8DDF734FA6C68E368206898478023050009
:2058C000DB00984229D80CAB20689946029304AB019320230093424600233900A468A0476F
:2058E000002805D00F4B9D44C0BCB946B046F0BD766830000AF090FC040085420BD34B4684
:20590000202200930021300004AB0BF0AFFF002801D1A542E6D90448E4E70448E2E7C04637
:20592000CCFBFFFF3404000000BEFFFF80C1FFFFF0B504000D001E0085B000211800170016
:205940000C22DDF7EBF920003300290001AAF6F749FD041E05D0134B9C466444200005B053
:20596000F0BD390001A8FEF783FA03002E330ED0002815D13B78012BF0D13368052B01D09A
:20598000002B02D17368002BE8D0064CE6E70A9901A8FEF7E1FA002802D102233B70DDE781
:2059A000014CDBE780C5FFFF80C3FFFFF0B54546DE4657464E46E0B5036804008846B7B096
:2059C000062B00D1E6E006AF380011F057FDA568636804951EAEED183200290004A8F6F787
:2059E000ABFB00283AD11E9B013B022B00D946E105AB9946290030234A4604A8F6F718FB65
:205A0000041E00D0A5E0049A059B93469B444A460623594604A8F6F70BFB041E00D098E0B8
:205A2000059B072B00D093E0049C07222000C74912F0E4FF002800D08AE007AB07341A000A
:205A4000594604A89A460494F6F782FB002800D1B8E0BF4BC41809AB9B4605E0BC4BC41845
:205A600007AB9A4609AB9B460BAB01930DAB039313AB0293002C76D105AB9946300011F0E1
:205A8000FDFC11F095FC03780500002B47D0544603E06B780135002B40D0300011F03CFD7E
:205AA0003000297812F0D6FB002800D081E0FA6BF36B9A42EDD13A6C336C9A42E9D1200091
:205AC0001FA9F7F78FFB0028E3D1584621A9F7F789FB0028DDD1019823A9F7F783FB002801
:205AE000D7D102982BA9F7F77DFB0028D1D1039825A9F7F777FB0028CBD129A911A8F7F75A
:205B000071FB0028C5D100210FA8F7F75FFA0021824627A8F7F75AFA8245BAD1A2463000D8
:205B200011F0FAFC4A462B781370002B00D1C5E00298F7F7BBF85046F7F7B8F85846F7F71C
:205B4000B5F80198F7F7B2F8039811F0D7FC29E0804C07AB9A4609AB9B460BAB01930DABFA
:205B6000039313AB02930298F7F7A0F85046F7F79DF85846F7F79AF80198F7F797F8039834
:205B800011F0BCFC200037B0F0BCBB46B246A946A046F0BD05AB19009946FEF7A3F90028BD
:205BA00000D07FE04B4640461978FFF76DFC0400E8E7A2460400300011F0AEFC4A462B78E2
:205BC0001370D0E75046F7F74DFA049BF8639B456AD130234A46290004A8F6F729FA041EC1
:205BE000B9D1049A059C0423141921004A4604A8F6F71EFA09AB9B4600283DD11800059AA4
:205C00000499F7F757FA002836D1049B059A21009B1804934A46042304A8F6F709FA0BABC7
:205C20000193002837D11800059A0499F7F742FA002830D1049B059A21009B1804934A46C0
:205C4000032304A8F6F7F4F9049B002802D1059A9B1804939C422BD104234A46290004A8AF
:205C6000F6F7E6F9041E2BD0394B9C460DAB039313AB64440293FDE6354BC418F4E607ABC1
:205C80009A4609AB9B460BAB01930DAB039313AB2F4C029367E72E4BC4180DAB039313AB7A
:205CA0000293E7E62C4C6DE709AB9B460BAB01930DAB039313AB294C029354E7284C52E7D9
:205CC0000DAB1C00039321003800059B049A11F051FD002824D0224B9842D8D1049B1B7836
:205CE000023B012BD3D85046F7F7C2F9059B411C02009942CBD1049920000131F7F7DAF92B
:205D00000028C4D1049B0FA819780239F7F72CF90028BCD1012111A8F7F726F90028B6D145
:205D2000049B059A29009B18049313AB1A0004A80293F6F70DFA041E03D0054B9C466444D6
:205D400098E60298F7F78EF9386497E6E4C9051000C3FFFF80C6FFFF00C6FFFF9AC2FFFFB8
:205D600080B1FFFFF0B5CE4647461D00002380B589B0040005930693079304913033891898
:205D800004A803AAF6F754F9002807D04B4B9C46604409B0C0BCB946B046F0BD049E039B3E
:205DA00002AAF618310004A8F6F7C6F90028EDD1029B012B79D13100033303AA04A8F6F7FA
:205DC00037F90028E2D1049F039B9846FB180493B3420AD0A023310003AA04A8F6F728F9C5
:205DE00000283AD003006233D0D1424639002000FFF784FB0028CCD1049BB3420AD0A123EB
:205E0000310003AA04A8F6F713F900280BD003006233BBD1109B4246009339002B0020008E
:205E2000FFF78CFBB5E7049E039B03AAF618310004A8F6F789FA0028A8D10499039BCB1842
:205E40009E4234D12000721AFFF78AFB0028A0D01B4B9842DED019489BE7049A039BD118A8
:205E60008946002B27DD13780593062B01D0302B1FD1494606AA04A8F6F7DAF800280DD104
:205E8000049B069A07939B18049399450FD1210005A8FFF78BFD0028A7D07AE7074B9C46A1
:205EA0006044002800D074E7F1E7064871E706486FE706486DE706486BE7C04600C3FFFFC0
:205EC00080B1FFFF80C2FFFF9AC2FFFF9EC2FFFFA0C2FFFFF0B5C64600B58CB000241E0057
:205EE0006B468F18050006919C73DC733900302305AA06A8F6F79CF8002806D03C4BC41885
:205F000020000CB080BCB846F0BD0699059B88469844414604AA06A8F6F70EF90028EDD118
:205F2000049B002B5ED10E220F336B440093414609AB6A4406A8FFF7FBFC041EE0D1042336
:205F4000414605AA06A8F6F773F80028D6D1059B002B4BD06B46987BFEF73CFE011E43D02B
:205F60002800FEF743FE041ECAD16B469B7B012B20D0023B012B37D8290009A8FFF716FDC8
:205F80008046002811D1129B28000093059A33000699FFF7E7FE8046002806D1069B059A78
:205FA0009B189F42ACD0134CAAE72800FEF702FE4446A5E707AE33002A0003CA03C33000D9
:205FC000FFF758FA0023012800D1089B1800059A06990AF0ABF9061EE0D02800FEF7EAFDED
:205FE00034008DE7044C8BE7044C89E7044C87E700C3FFFF9AC2FFFF80C2FFFF80C3FFFF1D
:20600000A0C2FFFFF0B5C64600B58AB0002316006A469373D373303304AA0500F6F708F848
:20602000002806D0374BC41820000AB080BCB846F0BD2F68049B0E22FF180F236B44009352
:206040003900280007AB6A44FFF772FC041EEBD13900280004AAF6F777F900281BD12B682A
:20606000049A9B189F4247D16B46987BFEF7B2FD011E45D03000FEF7B9FD041ED4D16B46E7
:206080009B7B012B1BD0023B012B07D91E4C3000FEF790FDC8E71D4BC418C5E7310007A8EF
:2060A000FFF784FC002801D00400F0E7296830007A1AFFF755FA2F600028B5D0F4E705AB35
:2060C0009846320003CA03C34046FFF7D3F90023012801D143465B68296818007A1A0AF034
:2060E000C3F8002801D12F609EE703006C330C2B04D8064BC418CAE7054C95E7034CC6E77B
:20610000014C91E700C3FFFF80C3FFFF00C5FFFF9AC4FFFFF0B545465746DE464E46E0B57F
:206120000C000700150098468BB0002A00D19AE007A8FEF7A7F96B1EE218E35C9146002BA1
:206140000BD0169B2A00009321003800159BFFF7C1FE002848D100261BE004AB02939A46B2
:20616000149B6E4A019343466D49009307A82300FEF78EF9061E14D06A4B9B46984200D1BB
:2061800075E0694B984200D16FE0684B984200D16FE030000BB0F0BCBB46B246A946A046EA
:2061A000F0BD0120FEF716FD01003800FEF71EFD061E12D105AC23003A0003CA03C32000F8
:2061C000FFF758F90023012800D1069B1800089A07990AF0ABF8061E02D03800FEF7EAFCBA
:2061E00007A8FEF7DDFAD4E73800FEF7E3FC3800FEF7DCFC0120FEF7EDFC01003800FEF72B
:20620000F5FC002812D105AE33003A0003CA03C33000FFF72FF90023012800D1069B2A0099
:20622000210018000AF082F8002894D03800FEF7C1FC3800FEF7BAFC0220FEF7CBFC010079
:206240003800FEF7D3FC00280AD1169B2A00009321003800159BFFF785FD002800D17AE7F6
:206260003800FEF7A7FC324E93E7324E91E7324E8FE74B461B78002B00D062E753460293D0
:20628000149B2E4A019343462D49009307A82300FEF7FEF8061E1ED05845E8D0224B984246
:2062A000E3D0224B9846984200D072E74B461B78002B00D045E75046019302900093214AD8
:2062C0002300214907A8FEF7E3F8061E19D0404500D05EE735E70220FEF77CFC0100380027
:2062E000FEF784FC061E00D077E7169B38000093089A0799159BFFF735FD061E00D16FE7F6
:206300006BE7169B38000093089A0799159BFFF7E1FD061E00D163E75FE7C046ECC9051094
:206320000CCA051080ECFFFF00EDFFFF80EFFFFF00C3FFFF00C4FFFF80C4FFFF2CCA0510E0
:206340004CCA05106CCA051088CA0510F0B54F464646D646C0B505000E0017008CB0002A79
:2063600000D197E009A8FEF78DF87B1EF218F35C9046002B14D009A8FEF712FA0120FEF70B
:2063800029FC011E00D18AE02800FEF72FFC041E1BD020000CB0E0BCBA46B146A846F0BD1F
:2063A00006A8029001930093814633003D4A3E4909A8FEF76DF8041E3FD03C4B9A469842F1
:2063C00025D009A8FEF7ECF9E3E707AC23002A00059603CA03C32000FFF74CF8002301289F
:2063E00000D1089B3A001800059909F03DFF041ECFD02800FEF7DEFB23006233C9D12A00D1
:20640000F11905A80596FFF7FDFD0400C1E743461B78002BAFD14846019302900093244A12
:206420003300244909A8FEF733F8041E28D05045A1D009A8FEF7B4F9ABE7099B0120059389
:20644000FEF7C8FB011E27D02800FEF7CFFB041EB7D107AC23002A0003CA03C32000FFF734
:2064600009F80023012800D1089B18000A9A059909F0FAFE041EA4D02800FEF79BFBA0E740
:2064800009990A9B05912A00C91805A8FFF7BAFD040096E7084C7CE709A8FEF781F9074C0F
:2064A00077E7C046A4CA0510C4CA051080EFFFFFE4CA051000CB051000C3FFFF80C3FFFF40
:2064C00010B5024B1B68984710BDC0465C07002010B5024B5B68984710BDC0465C070020E8
:2064E000014B03C3002070475C070020002070477047C04610B50A000400002903D0024B80
:2065000000211B68984710BDFC04061010B50A00041E05D0002903D0034B00211B68984782
:206520002000FFF7D5FF10BDFC040610F0B5CE464746050080B5080091427AD0FF23BA4CC1
:206540009843A04200D178E0B84EB04200D1A8E0B74EB046B04200D1C1E0B64F4E0A7602D0
:20656000BE4200D1A5E0B44FB84200D1B1E0B348864200D19DE0FE230C00A020DB051C402C
:20658000C004844200D1BAE0C0208004844200D0A3E000201340A3424BD10B00534018005F
:2065A000A74C2040234200D097E0E024A54BA4040B40A34200D1C8E0F024A404A34238D1ED
:2065C000E0238024DB01A4012B40A34231D1E023DB001D422DD0FC239B03194200D0D0E06F
:2065E00001276B055B0F9F40B9468026FC241700130036023740A403BC4623400E4022425E
:2066000000D1C2E093029B0E002E00D1D8E04846994500D218006446002C00D1DEE0FC2239
:206620000304920313408020854A00020A4013431843C0BCB946B046F0BD14009C432300CB
:20664000844212D07948844247D07948834208D07A4C900A8002A0423FD0774C0020A342FB
:20666000E7D10B005340FF2B37D8FF23180008400B4206D08023744C9B0403431000A342A9
:20668000D7D0FF23180010401342D2D06F4A802394469B04034363445A42534158420840FE
:2066A000C7E715009D432B00A54216D08542CCD1DBE767481040A0420FD01000984303006B
:2066C0005B488342CDD05D4C900A8002A042C4D1C7E75F481040A0420BD10020A9E75C4DBD
:2066E0001540A542F9D014009C4323008442AFD1B7E71000984303004045A9D1B1E71340C3
:20670000A342EAD10B004E4C53400020234200D08FE73F3080250B0C140C0E0003400440F6
:2067200010002D022E402840294206D0002850D1A34200D97DE710007BE7002800D178E7CE
:20674000A34276417042084073E788235B019D4200D06EE7FC230F009B031F40B9461942B9
:206760000FD1FF2480230C409B042343394CA4466344102B00D938E7374C9B001B59994668
:2067800033E78F02BB0E99462FE7E0272D4CBF041440BC422BD0F027BF04BC4235D0002EF5
:2067A00023D16246002A3DD1994500D041E74B461F04FC2322489B031F400840384338E713
:2067C0006246002AF0D04A469A427641704208402FE7A34200D223001B0424E760464C46B8
:2067E000A34240414042104023E7484613E7FF2580241540A4042C43164DA8464444102C86
:20680000CDD8164BA400E358FEE68024A401A046E024E4012C404445C1D101236D056D0FFE
:20682000AB40F1E6080004E700030006001300060002000600060006000900060004000654
:20684000FF7FC0FF0000C07FFF00000201FFFFFD00EFFFFFFDFFFFFD900506109005061084
:20686000FF220B0010B5934300281AD02B48834210D02B48834230D02A4883422DD02A4C45
:20688000480A4002A04228D0284CA34225D0284B984203D114000C400A4223D18720404252
:2068A00014E01E4883422ED01D4883420FD01D4883420CD01C4C480A4002A04207D01B4C90
:2068C000A34204D01A4B984222D0002010BDFF231C000C400B42F8D004E0FF231C000C40D4
:2068E0000B42DBD08023134A9B0423439342D5D0114A9342E9D0114A002094466344022B0F
:20690000E4D98638E2E714000C400A42EAD1DCE7140000200C400A42D8D0E3E700030006C2
:206920000013000600020006000600060009000600040006FF00000203000002F7FFFFFD19
:20694000FE22A021D20503000240C9048A422AD11649420A52028A4213D0FF220100914302
:206960000A0013498A420CD0810A12488902814207D011498A4204D01B04D8178623984373
:206980007047FF221100002019401A42F8D00B4B80209C468004084360444342584186235F
:2069A00040429843ECE787204042E9E70002000600130006000400060009000601FFFFFD78
:2069C0000023F0B5456883B004000E00476911002800136008F0E8FB002801D003B0F0BD6D
:2069E000280008F0E3FB0028F8D1EDB2002D27D1002F2BD1A268184B1A4227D16288174BAC
:206A00009A4226D823793100002B0BD0002008F013FB0028E2D13268130062CC62C326CCD6
:206A200026C3DBE701A808F007FB0028D6D133681A0062CC62C262CC62C2019A5A61CDE7D6
:206A40000021606908F0BAFA0028D3D187204042C4E786204042C1E7FC00FFFFF8FF00003F
:206A6000F0B5C64600B588B00400884617000021142203A81E00DCF751F988231D4A5B01E4
:206A800002AD2B80F300934200D91B4B6B80C022A02300215B0120005200AB60DCF73EF901
:206AA0000123FF216371434680201940134B80049C46084360440023102801D8104B1B5C83
:206AC0002371E02320009B040B4300933A0033002900083007F096FD061E07D0280006F00E
:206AE000A1FD300008B080BCB846F0BD01232360F4E7C046F8FF0000FFFF0000FDFFFFFDB4
:206B0000D405061070B51D002B4B04001600994212D00333994206D00223FF33994214D0FA
:206B20008720404270BD8378002B3FD1002D16D101230020A370F5E78378032B36D1002D25
:206B400027D104230020A370ECE78378013B012B2CD8002D10D103230020A370E2E7290050
:206B60000120FFF7ADFCE060002822D02A003100DCF7DAF82561DBE729000120FFF7A0FCD7
:206B80006060002815D02A003100DCF7CDF8A560E1E729000120FFF793FC6061002808D0D8
:206BA0002A003100DCF7C0F8A561CAE789204042B8E78D204042B5E701020000FE2310B5BA
:206BC000C024DB050340A404A3422BD1E024394BA4040340A34221D0F024A404A34221D149
:206BE000E0238024DB01A4010B40A3421AD1E023DB00194216D0FC239B03184215D03F23D5
:206C0000000C034013703C22104218D001224905490F8A409A4205D3002005E088235B01B7
:206C200099420FD08720404210BD49054B0F01219940CBB21370032901D9402BECD9862025
:206C40004042F1E7FC2304009B031C40184217D03F21030C194011703C221342EFD0FF22A0
:206C6000802302409B041343134A94466344102BD8D8124A9B009B589942D3D80020D3E727
:206C8000FF2380210340890419430B4B9C46614410290CD844200A4B5B181B5C1370032BB7
:206CA000CDD9064A89008A589A42C6D2BAE71470C5E7C0460000C07FFDFFFFFD9005061046
:206CC00090050610036870B50400002B1BD0007DC00715D4184D60682840184DA84215D069
:206CE00087256D42012B03D12000183006F052F9D422002120005200DCF710F8280070BDD7
:206D000089256D42EEE789256D42F7E7002AE7D0012B0ED12000183006F0D2F8051E04D1FA
:206D20000122237D13432375E8E72368002BD9D1E4E787256D42DBE7FF7FC0FF0002400507
:206D4000F0B504008A4265D08848530A5B02834229D0FF231000984303008548834222D0AD
:206D6000844D900A8002A8421DD0834883421AD0FE230800A025DB051840ED04A8424BD1B8
:206D8000134083424FD113007C4C4B400020234208D10B0406D53F23090C120C19401340CC
:206DA0008B424041F0BD71484B0A5B0283420FD0FF230800984303006D48834208D06D4CB6
:206DC000880A8002A04203D06B4C0020A342E9D1FF231D0000200D400B42E3D08024A4047C
:206DE0002C43674DAC42DDD14A4093424041D9E7E0208004834276D0F0229204934200D157
:206E000094E0080000262840294268D08B029B0EBB424ED10120C5E7C025AD04A84202D153
:206E20001340834212D09023564C1B050C409C424CD1FE23DB0500201340A342B2D1524826
:206E400002401343581A43425841ABE713004B4D4B4000202B42A5D1E0204C4B80040B40D9
:206E600083422FD0F020800483422FD1E0238020DB0180012340834228D1E023DB001C4298
:206E800024D0FC251700414BAD032F4013402A42AED0E0209602B60E8004834236D0F02221
:206EA0009204934252D0FC2308009B031840194215D000200B0400D474E78902890E8E4298
:206EC00040416FE788235B019C42DAD0002069E7FC2308009B0300261840194296D1801B3C
:206EE000434258415EE7FF231A4080239B041343274A94466344102BEAD8264A9B009E582B
:206F0000254A9F58294281D13800E8E7FF231A4080239B0413431E4A94466344102BC2D875
:206F20002942C6D11C4A9B009858D8E7E0238022DB01920123409342CAD101266005400FDD
:206F4000864030002942CAD037005FE7E0238022DB01920123409342A5D12942A9D10123EE
:206F60006005400F83401800B9E7C04600020006001300060004000600090006FF7FC0FF65
:206F8000FF000002FFFF00FF0000FFF60000C07FFDFFFFFD9005061090050610E023F0B5C9
:206FA000C646140080220668DB013788050000B5D2013B40934201D101239943B3680B40F1
:206FC00099423BD100239846002C3FD02C4A630A5B0293421ED0FF2322009A431300294AE4
:206FE000934217D02849A20A92028A4212D0274A93420FD0FD22FE2312069446DB052340DC
:20700000234A6344134236D1230408D587235B42984616E0FF231A00224023421AD12200D1
:207020003800F168FFF78CFE8046002820D1220038003169FFF784FE002807D185235B42AF
:207040009846002330002B6008F096F8404680BCB846F0BD80239B0413430E4A9342D5D017
:2070600022003800F168FFF76BFE80460028DED000239846EAE7074B9C42D0D1C6E7C0460C
:2070800000020006001300060004000600090006FFFFFFFDFF000002F0B5C6461F000023C8
:2070A00000B57C1E84B005000393631E9C412B682402013408001600FF34002B3BD1FE23BD
:2070C000DB0513408022D20493420AD087235B420020984608F050F8404604B080BCB8465D
:2070E000F0BD03A908F016F88046002854D13200210003A8FFF752FF804600284CD10222AA
:207100002B79039C93432B713F4B9E4226D001212B7922880B432B71E0238021DB018901F6
:2071200013408B4253D0394B9A424BD0384B9E4218D10D2317E0892252429046012B03D109
:207140002800083006F09EF9002303222B602B79039893432B7108F00FF8BDE72B79013A3C
:2071600093432B7100236B7108239846A844482200214046DBF7D2FD6168226A636A090AC2
:20718000012F0ED000293AD140462100009606F04DF8804600280ED02B68002BCED1039871
:2071A00098E700292BD140462100009606F034F880460028F0D1012303982B6007F0DCFF01
:2071C000804689E7134A0C239642CCD0AEE701235105490F8B40E021C9000A42A3D00E4967
:2071E0000E483140814208D00D48864205D00D48864202D00C48814295D1DBB2B3E78723FE
:207200005B429846C8E7C04600444004042000000013C00400018004FFFEFFFF0010C00467
:207220000012C00400FF400400404004F0B5CE469946002300B58AB0150002AAD376139B4F
:207240000F005E425E418023DB009C46B60209A9664407F05FFF041E2BD131003A0009A8DD
:20726000FFF79CFE099E041E11D102AA94461B2363441A0038003188FFF7A0FC041E06D1D2
:2072800002ABDB7E119A934215D98A246442129B119A1A60002A04D02121119A1098DBF7EF
:2072A0003DFD300007F068FF20000AB080BCB946F0BD099EEBE77068316A726A000A1ED183
:2072C0000393109B129802934B460490019330003B00009507F092FA041EEAD1119B002B3E
:2072E00008D0129B10991B68119AC818D21A2121DBF714FD099807F03FFF0400D4E7872401
:207300006442C4E7F0B54746CE461E00002380B587B00593036804000D001700002B16D0ED
:2073200089256D42012B03D12000083007F046F900232360A3885B0A5B02A380059807F018
:207340001BFF280007B0C0BCB946B046F0BD08339946BC228144002152004846DBF7DEFCAC
:20736000734273419B0298468023DB009C46280005A9E04407F0CEFE051E27D13A00414630
:2073800005A8FFF70BFE051E20D1059B38001988221D9846FFF712FC051E17D10122110054
:2073A0006379314093430B4341466371434649681A6A090A5B6A002E0CD000291AD14146C6
:2073C0004846009707F01EF9051E0CD02368002BB4D0A7E700290DD141464846009707F009
:2073E0005FF9051EF2D101230598236007F0C4FE0500A6E787256D42E8E7C046F0B5C646DF
:2074000007000E001400002500B5002A22D13B68012B2AD107339846B8442200290040469D
:2074200007F08CF9061E0DD03B68002B0AD0012B02D1404607F0C2F800233B60BB885B0A8B
:207440005B02BB8028002100FFF760F8300080BCB846F0BD01211000FFF732F8051E09D098
:2074600022003100DBF760FCD1E787267642002BE8D0E1E78D2600247642E3E7F0B5474638
:20748000CE461E00002380B5040087B030000F0015000593FFF754FA002800D06EE0236826
:2074A000002B51D1237D1B074ED118239946C822A144002152004846DBF730FC7B427B413D
:2074C0001B02984680235B009C46280005A9E04407F020FE051E57D13200414605A8FFF71B
:2074E0005DFD051E059855D1324A3349B3029B0E32408A424CD1102B4FD8304A0125DA407F
:2075000015424AD04168026A436A090A002F47D0002942D1256001000096484605F0B8FC50
:2075200005000598002D35D10388238107F024FE234B102263600123217D3B401B0191439E
:2075400019430500217513E00020892507F014FE6D422368002B0BD0012B03D120001830C2
:2075600005F018FDD422002120005200DBF7D6FB280007B0C0BCB946B046F0BD872500200C
:2075800007F0FAFD6D42E4E7059807F0F5FDE0E786256D4207F0F0FDDBE787256D42F9E7FB
:2075A0000029FAD1256001000096484605F07CFC0500B6E7FF7FC0FF0002400510F1010098
:2075C000000250050120024B1B7818407047C046941100200120024B1B7818407047C04663
:2075E000941100207F221100434200B519401A420BD04842332967DD402900DCB5E07029AD
:2076000000D0C1E09320404289E0B14B984200D189E0B04B984211DB0300333379DAAE4BD5
:20762000984200D1DAE0AD4B984200DA78E0AC4B984200D0AAE09520404270E0A94B984261
:20764000F9D0A94B984222DAA84B984200D1C5E0A74B984247DAA74B984200D17FE0A64B7A
:20766000984200DBABE0A54B984200D17AE000DAABE0A34B9842DED0C523DB019C466044B0
:2076800043425841022340429843843847E09D4B9842B7D09C4B984248DA9C4B984261D049
:2076A0009B4B984200DB7CE09A4B984200D175E0994B9842BFD08923DB019C466044431E32
:2076C0009841000194382AE070221A4200D1AAE0222900DD79E02230122800D975E08F4B9C
:2076E00080001B589F468E4B984200D176E08D4B984200DA8BE08C4B984263D08B4B98424D
:2077000000DAC1E08A4B984200D0DEE09420404205E043425841434284201840843800BD7E
:20772000844B984254D185204042F8E7824B984215D04ADB814B98424DD0814B984200DB80
:2077400090E0804B984246D0FE239B019C466044431E98414342092018408D38DFE796203A
:207760004042DCE797204042D9E7402301205B1A9840754B1842C9D1A023DB0018404342CB
:20778000584140008638CAE76F292ADD6F4B984200DA84E06E4B984200D08BE08A20404236
:2077A000BDE76C4B9842DDD08423DB019C466044431E98414342032018408738AFE7664B9E
:2077C00098427DD18D204042A9E784204042A6E7EC239B01EAE787204042A0E786204042BB
:2077E0009DE76E29BED06C235B1A0C2BEDD801210A009A4059480242EDD11142CED1023B08
:207800005A1E934109205B4218408D3887E7544B9842E3D0534B984216DA534B9842D1D01E
:20782000A223DB01C2E70E235B1A0E2BCDD801229A404E490A42CED1063B5A1E9341062048
:207840005B4218408A386AE7494B9842C3D09E23DB019C466044431E9841434206201840BF
:207860008A385CE7434B9842B5D0434B98422ADAFA23424A9B01C31813405A1E93410320C8
:207880005B42184087384AE79C23DB019C466044431E984143421120184095383FE7802304
:2078A0009843E8239B019C466044431E98414000863834E77230431E9841400086382EE77E
:2078C000C223DB0172E7F223ECE79923DB016DE700C4FFFF01C4FFFF80C5FFFF81C5FFFFAE
:2078E00000C7FFFF00B4FFFF01B4FFFF809FFFFF819FFFFF009EFFFF019EFFFF809CFFFFD0
:20790000009DFFFF80BEFFFF81BEFFFF00BDFFFF01BDFFFF00BCFFFF80BCFFFF00050610CD
:2079200080B1FFFF81B1FFFF80B2FFFF81B2FFFF00B3FFFF80C4FFFF00BFFFFF00C1FFFF18
:2079400001C1FFFF80BFFFFF5910000001C7FFFF80C7FFFF80BDFFFF809EFFFF50150000FA
:2079600080AFFFFF81AFFFFF80AEFFFF1505000080B0FFFF00C3FFFF01C3FFFFFFFEFFFFBA
:20798000F0B5C64600B5154F05007B780C00022B04D08920404280BCB846F0BD3B78072B21
:2079A000F7D1002917D08023DB009846E83703E0A41BAD19002C0ED02600444501D98026D3
:2079C000F600320029003800F9F7ACFD0028EFD0FFF708FEDFE70020DDE7C046941100202D
:2079E000184B98421BD8053B984208D2164B98420DD0FF3398420AD0862040427047134B28
:207A00009C462923604480B2C340DB07F4D507200840431E9841862340429843EEE790237D
:207A20009B019842E8D140230A009A43802A07D0481EFF38431E9841862340429843DDE7AB
:207A40000020DBE7051200000110000000EEFFFF036A70B504000D00002B08D10120FEF773
:207A60002FFD2062002805D00020656270BD8B204042FBE78D204042F8E7C046036A70B592
:207A800004000E001500002B0DD111000120FEF717FD2062002809D02A0031006562DBF704
:207AA00043F9002070BD8B204042FBE78D204042F8E7C046F0B51F000E001500038885B073
:207AC000002A45D0344AE0249446E022E4011C406444120214421FD05A0439D584212F4A3D
:207AE000C9011A408A4227D08221C9018A4245D02B4A13402B4A93422AD10C9B2A000293DE
:207B00000B9B310001930A9B00933B0006F0B8FF0400200005B0F0BD0C9AE900180011603C
:207B2000FFF75EFF041EF4D12A0031003800DBF7FBF80B9B1D60ECE78022EB005201934208
:207B40000FD008D8184A134080221201934208D086246442DDE7154A9446154A63441342A7
:207B6000F6D10C9B2A0002930B9B310001930A9B00933B0006F0E8F90400CAE70C9B2A009D
:207B800002930B9B310001930A9B00933B0005F079FE0400BDE7C04600F0FFFF00CFFFFF9D
:207BA000FFCFFFFF01400000FFFBFFFF00E8FFFFFFF7FFFF10B50400006A002802D0616AEE
:207BC000FEF7A4FC002300202362636210BDC04670B50500006A002802D0696AFEF796FCC8
:207BE0002B7E012B10D0023B012B14D8EC69013C631E9C41962364429C43280028220021BA
:207C0000DBF78CF8200070BDEC69631E9C41962364429C43F1E797246442EEE710B50300FA
:207C200082B00020002B01D102B010BD180001A907F070FA0028F7D10198037E022B0ED13D
:207C4000013303760379FF3B5A42534184225C42944307F079FA0028E6D12000E4E7972487
:207C60006442F6E770B5050082B008000C0005F0D9FC280001A907F04DFA002808D101989D
:207C80002300020062CA62C332CA32C307F074FA02B070BD70B514001D000288E0231648F8
:207CA000DB018446E02013406344000203420FD0124B1348134083420AD0124B1A40124B40
:207CC0009C46124B62441A4202D0862040420FE0049B9C420DD822002800DBF725F8049B40
:207CE00000211A1B2819DBF719F80020059B1C6070BD8A204042FBE700F0FFFFFFCFFFFFD9
:207D00000140000000CFFFFF00BFFFFFFFFEFFFFF0B5C64600B50F0015001E0084B0002A97
:207D200042D0002303A9336007F0F4F9041E0FD1E02180220398C9010388D2010B40934263
:207D40000BD08368DB0708D4039407F015FA853C200004B080BCB846F0BD01212800FEF747
:207D6000AFFB804643460398002B31D04368016A426A1B0A1BD1434601960095FFF78AFF3C
:207D80000600039807F0F8F90400002F26D041462A003800DAF7C8FF29004046FEF7B6FB5B
:207DA000002ED5D03400D3E78A246442D0E707F0E3F9002F12D087262A0041463800DAF7AC
:207DC000B3FF764229004046FEF7A0FB3400BFE78D26764207F0D0F93400B9E797246442C0
:207DE000B6E7C046F0B51500E022802704881E00294BD20183B02340FF012240BA4216D0B2
:207E0000264A93423BD0264B1C408223DB019C421BD08423DB019C4214D1099B2A00019353
:207E2000089B0093330005F0C7FF03B0F0BD1B4A934213D01B4A1A4B944623401A4A63448F
:207E400013420BD086204042EFE7099B2A000193089B0093330005F04BFDE6E7089B9D429D
:207E600016D82A003000DAF75FFF089B00215A1B7019DAF753FF099B00201D60D5E7099B05
:207E80002A000193089B0093330006F01FFECCE78A204042C9E7C046FFCFFFFF0140000006
:207EA00000CFFFFF00BFFFFFFFFEFFFFF0B5C64600B50F0015001E0084B0002A44D0002300
:207EC00003A9336007F026F9041E1AD101212800FEF7F6FA804643460398002B37D003886A
:207EE0005B0413D407F048F9002F2AD02A0041463800DAF719FF872429004046FEF706FBB9
:207F00006442200004B080BCB846F0BD426A016A43460196009505F091FB0600039807F01B
:207F20002BF90400002F0CD041462A003800DAF7FBFE29004046FEF7E9FA002EE1D03400C1
:207F4000DFE797246442DCE78A246442D9E707F013F98D3CD5E7C046F0B5C6461E000023A3
:207F600000B588B007000D00141E05930693336000D184E080239B059A4200D37CE0012165
:207F80001000FEF79DFA8046002800D17DE029002200DAF7C9FE380006AA05A9FEF710FDAE
:207FA000051E0FD1059D696A002926D17B681B0A16D0872521004046FEF7A8FA6D4205E0BD
:207FC00087256D4221004046FEF7A0FA0598002801D0FFF7FDFD280008B080BCB846F0BDC3
:207FE0002B6A002B4ED121000120FEF769FA286200285AD06C62059D696A6B88786807937C
:20800000000A2B6A24350028DAD107A8029001950091220041463800FFF74CFD051ED1D148
:20802000059B079A5988002918D15A8020498A421BD83A88002A02D019889142B9D17A884C
:20804000002A0ED15A6932601A7E012A24D10222210040461A76FEF759FABCE79142A8D178
:20806000E4E759889142EDD0A3E7862521004046FEF74CFA6D42A9E786256D42ABE78725D6
:208080006D42A8E78B256D429CE78D2500210020FEF73CFA6D4299E70023972521004046ED
:2080A0003360FEF733FA6D4290E78D256D4289E7F8FF0000F0B557464E464546DE46E0B503
:2080C0008DB0002306AC019294462200029303938946E0C9E0C2E0C9E0C2624602A91360A9
:2080E0000493059307F016F8071E00D07BE0029DAB689B469B0717D485270290280007F07F
:208100003BF8039D7F42002D00D170E02800FFF75FFD029807F030F838000DB0F0BCBB46A8
:20812000B246A946A046F0BD4B461B88002B02D02A889A4255D14B465B886A88002B01D07E
:2081400093424ED12B88628099462380E36848469A46EB6851461A001E00FEF7E7F980469E
:2081600027692D6939002A004846FEF7DFF94146002904D15146002901D0002E31D10028AD
:2081800003D1002F01D0002D2BD15A46A36820611A404346A260200004AA03A9E360FEF71F
:2081A0000FFC039D071EAED102996A684B68120A1B0A9A421FD163681B0A1FD0200005A996
:2081C00005F036FA039D071E9DD12B6A059C002B34D121000120FEF773F92862002834D088
:2081E0006C6287277F42039D002D00D08EE7029806F0C2FF90E786277F4287E70B6A4C6A61
:2082000098462B6A002B19D121000120FEF758F92862002819D022006C624146DAF784FDEA
:20822000039D019A6B6913602B7E012B09D1022302982B7606F0A0FF07006DE78B277F424A
:2082400064E7176097277F425DE78D27039D7F4259E7C046036810B50400002B07D0012BDC
:2082600007D1083005F0FAFE0023236010BD0020FCE789204042F7E7036870B504000D00E1
:20828000002B23D1FE238022DB050B409204934203D087256D42280070BD06000836E0229D
:2082A00000213000DAF73AFD2900300005F000FF051E0ED02368002BEDD0012B03D1200084
:2082C000083005F0CBFE00232360E4E789256D42F3E701232360DEE7F0B5C64684220C0031
:2082E00000B5920005000021BAB01030DAF716FD2600FF233A4A9E433A4B2340934211D038
:20830000394A630A5B0293420CD0384B9E4209D0374B9C4216D08624644220003AB080BC47
:20832000B846F0BDFF231A0022402342F3D08027304BBF041743FB18102BECD82E4A9B0068
:20834000D3589F4620230024AB60E6E720239846E82200216846DAF7E1FC39006846FFF749
:208360008BFF009B0400012B02D102A805F076FE002CD2D11A4B9E421DD01B4B9E4221D08A
:208380001E4B9E4217D01E4B9C46184B67449E421FD0012FBFD830230024AB60BDE71C2359
:2083A0009846D5E730239846D2E740239846CFE714239846CCE7434642461B029B1A002473
:2083C000AB60AAE743460024AB60A6E710239846BEE7012F9FD801235B420024AB609CE7EC
:2083E0000001000800FDFFFF000400080002000809060008FDFFFFFD4C05061000050008E0
:20840000F7FFFFFDF8B54746CE4680B5076804000E0015000023002F07D09846002A0CD143
:208420004046C0BCB946B046F8BD9946893B984639004846FEF76AF8F2E701211000FEF7F1
:208440003FF88146002823D02A003100DAF76CFC2368012B15D120002A004946083005F0CC
:20846000BBFE2F0080460028E2D02368002BDFD0012B03D12000083005F0F0FD002323602F
:20848000D6E72F00002B08D089235B429846F5E78D235B4200279846E7E789235B429846A3
:2084A000C6E7C046F8B54746CE46804680B514000F001D00002A1ED11A600368002B42D045
:2084C000012B3FD1060008362B0000220021300005F0A6FE43461B680500002B06D0012BA7
:2084E00002D1300005F0BAFD43461C602800C0BCB946B046F8BD01211000FDF7E1FF061E50
:2085000032D0002342462B601268002A1ED0012A2DD1082343441800994622002B00310041
:2085200005F07EFE43461B680500002B07D0012B02D1484605F092FD002342461360002F59
:2085400008D118E0026089256D42CFE7002F12D089256D42310022003800DAF7E5FB21000A
:208560003000FDF7D3FFC1E78D256D42BEE742461360002FECD197256D42B7E7F0B5CE46AE
:2085800047461600002280B5036893B0050089460192002B6BD0012B3DD1070002AB98469A
:2085A000083701AB40224146380005F039FE2B680400002B06D0012B02D1380005F04EFD74
:2085C00000232B60002C2BD1019BB3423AD1002E15D10022002741463800F8F719FC4021A8
:2085E000041E40463ED1FDF785FF38003100FDF78DFF200013B0C0BCB946B046F0BD012140
:208600003000FDF75DFF071E24D032004946DAF78BFB019ADFE7892402AB98460260644208
:2086200040214046FDF766FF002600272B68002BDBD0012B03D12800083005F00FFD0023C0
:208640002B60D2E740214046FDF754FF00260027953CEBE78D2440214046FDF74BFF0026BC
:208660006442E3E79524FDF745FF6442DEE78924402102A8FDF73EFF002600276442D5E796
:20868000F0B54F46D6469946002380B583B00B9F14003B60FE238022DB0506008A46034005
:2086A0009204934248D10025002C16D10A9B002B20D10A9B290001970093220000233000CF
:2086C00005F012FE210007002800FDF71FFF380003B0C0BCBA46B146F0BD01212000FDF7F2
:2086E000EFFE051E2BD022005146DAF71DFB0A9B002BDED001211800FDF7E2FE8246002851
:208700001ED00A9B22002900019700930300300005F0EAFD210007002800FDF7F7FE4B4677
:20872000002B14D0514648460A9ADAF7FDFA50460A99FDF7EBFECAE787277F42C7E7002491
:208740008D2721002800FDF7E1FE7F42BFE797277F42BCE7F0B54746CE461400FE22984668
:20876000802380B5D20506000F0095B002409B049A4254D10025002C27D103AB0193402320
:2087800004AF3000009322003B00290005F0ACFD061E25D1039B1C9A934225D00023952629
:2087A00099461C93764240213800FDF7A3FE21002800FDF7ABFE48461C99FDF7A7FE300053
:2087C00015B0C0BCB946B046F0BD01212000FDF777FE051E26D022003900DAF7A5FACCE774
:2087E000002399461C93DEE7002A0BD100230022994639004846F8F70BFB061ED3D095269B
:208800007642D0E701211000FDF75AFE8146002810D01C9A4146DAF787FA039AE9E78726F3
:208820007642CCE700238D26994600241C93764204AFB8E700238D261C937642B3E7C0465E
:20884000036870B504000D00002B20D00B68002B1DD10E000836E02200213000DAF75EFA08
:208860002368012B13D1200031002B60083005F07DFC041E09D02B68002B06D0012B02D14D
:20888000300005F0EBFB00232B60200070BD89246442FAE7036810B50400002B0BD0012B38
:2088A0000BD1083005F08AFE00232360A3885B0A5B02A38010BD0020FCE787204042F3E79E
:2088C00010B50123FEF71EFD10BDC04610B50023FEF718FD10BDC0460300006810B50028AF
:2088E00006D00020002A02D01800FEF787FD10BD89204042FBE7C046F8B54746CE460400C3
:208900000E001500984680B5002A35D10368002B11D04379DB070DD50379002B0AD04346F0
:208920001A6003680271002B00D1A7E08A22524291460AE000234246136023712368002BF3
:2089400000D17CE0892252429146012B00D08EE02000083005F032FE002380462360A38856
:208960005B0A5B02A3804B46002B00D1C1464846C0BCB946B046F8BD01211000FDF7A0FD07
:20898000071E00D187E02368002B42D0012108006279104011424ED02279002A11D0AA425A
:2089A00055D8012B6ED1200043463900083005F0D9FE8146002807D143461A68B818AA1AD3
:2089C00008E089235B42994643461D6000232A00380023712121DAF7A1F92368002B26D00F
:2089E000012B38D12000083005F0E8FD00232360A38880465B0A5B02A380002E23D039003A
:208A00002A003000DAF790F929003800FDF77EFDA9E742461560237189232A005B42380006
:208A200021219946DAF77AF92368002BD8D1002E09D09846E3E743461D602071ECE78923AD
:208A40005B42994693E797235B4299468FE78A235B429946B8E700232360A3885B0A5B0219
:208A6000A380002EEFD087235B429846C7E700232360A3885B0A5B02A38078E78A235B42B4
:208A8000994674E743461D6000232371873B2A00380099469EE743461D6023682071002B0A
:208AA00003D08D22524291464FE78D235B4299465DE7C046F0B54746CE46FF23802680B5DA
:208AC0000B40B6041E43604B0400F3180027E3B0102B01D85D4AD75C6378FF2B4DD0013378
:208AE00063703100A3686268277002A8FDF7B8FF029B051E14D16278012A1CD0002B54D0CC
:208B0000002F3DD024239846A0443A00414602A8FEF774FCB946051E1FD0029B002B04D093
:208B2000012B02D104A805F049FD280063B0C0BCB946B046F0BDA269002B36D0002A2BD194
:208B40002269E168002A04D002A8FEF757FC051EE3D124239846B946A04401AB4A464146AF
:208B600002A8FFF7C9FE019B05004B450ED0029B012B02D104A805F021FD97256D42D4E7FE
:208B80000023994624339846A044E6E700280FD0029B012BC6D0C8E7616902A8FEF72EFC45
:208BA000029B051EBCD1002BCAD189256D42BCE7A3683100626802A8FDF752FF029B051EED
:208BC000AED1002BF1D0002F0DD04A46414602A8FEF714FC029B002803D00500002B9FD120
:208BE000A3E7002BE1D0A2696169002A07D002A8FEF704FC029B0028EFD1002BD5D02269BA
:208C0000E168002A06D002A8FEF7F8FB002801D0029BE2E7210001AB4A46643102A8FFF788
:208C20006BFE029B0400002B05D0012B08D104A805F0C4FC0500002C00D176E7250074E7E5
:208C400087256D42F7E7C046FDFFFFFDD4050610F0B5C646040000680E00150000B50028D1
:208C600027D06379DB071ED42779974229D000239527984600257F4201284FD12000083097
:208C800005F09CFC060000232360A3885B0A5B02A38029004046FDF739FC002F0FD1300074
:208CA00080BCB846F0BD00238927984600257F42E2E789260021FDF729FC7642EFE73E00B8
:208CC000EDE7002F19D001213800FDF7F9FB804600282DD03A003100DAF726F82368012B6A
:208CE0001FD120002A004146083005F053FD070020680028C0D10026CBE7002398460128EC
:208D0000EFD000232360A38829005B0A5B024046A380FDF7FBFB87267642C0E787267642D4
:208D2000B1E7002BEDD139004046FDF7EFFBF2E72068002803D08D2700257F429CE78D26E9
:208D40000100FDF7E3FB7642A9E7C046F0B54746CE4680B585B00700884691461C00002555
:208D60000D9E002B3DD1002E11D1012303930E9B414602932A002300380001960096FEF7D9
:208D800055FA210007002800FDF7C0FB23E001213000FDF795FB814600282ED00123039305
:208DA0000E9B2A00414602930090230038000196FEF73CFA210007002800FDF7A7FB0C9B8A
:208DC000002B21D0494632000C98D9F7ADFF31004846FDF79BFB380005B0C0BCB946B046EF
:208DE000F0BD01211800FDF76BFB051E04D022004946D9F799FFB6E700248D272100280064
:208E0000FDF784FB7F42E6E797277F42E3E7C046F0B5C64600B504000D0090461E00002770
:208E200096B0002B3BD10023039305AB02934023019306AB2000009398463A0033002900E8
:208E4000FEF7F4F9041E35D1059B1D9A934235D1002A18D10022002541462800F7F7D8FF08
:208E6000041E31D140464021FDF744FB31003800FDF74CFB28001D99FDF748FB200016B015
:208E800080BCB846F0BD01211000FDF719FB051E26D01D9A1C99D9F747FF059ADCE7012192
:208EA0001800FDF70DFB071E11D032004146D9F73BFFB8E7002300251D93D3E700239524A8
:208EC00000251D936442CDE795246442CAE700238D241D9306AB0025002698466442C1E7A7
:208EE00000238D241D936442BCE7C04630B504881D4D87B0AC4218D01C4D2C408225ED014D
:208F0000AC422DD11A4D5C0A6402AC4225D10E9C04940D9C03940C9C02940B9C01940A9CAC
:208F2000009404F057FD07B030BD124D5C0A6402AC4205D0FF241D00A5430F4CA5420CD17C
:208F40000E9C04940D9C03940C9C02940B9C01940A9C009405F01AFEE5E787204042E2E710
:208F600086204042DFE7C0460170000000CFFFFF000600060002000600130006F0B51700D6
:208F8000234A1C005B0A05000E0099B05B02934211D0FF2322009A4313001E4A93420AD029
:208FA0001D49A20A92028A4205D01C4A934202D0862040420FE0FF231800204023420CD16A
:208FC00007AB019340231F9A00931E9908AB05F08BF9002805D019B0F0BD80239B041843A9
:208FE000EEE76B68079A1B0A0FD1229B01920493219B3A000393209B3100029308AB0093E9
:2090000028002300FFF772FFE5E787204042E2E700020006001300060004000600090006A6
:20902000F0B5C6460E0000B58AB0754275419846C0236D421B011D408023DB009C4609A91A
:209040001700654406F066F8041E42D129003A0009A8FDF7A3FF099D041E07D1E0222B88C8
:20906000D201134093420ED0872464422121129A1198D9F753FE280006F07EF820000AB0A0
:2090800080BCB846F0BD296A6A6A002E23D16B681B0AE9D1139B28000493129B0393119B52
:2090A0000293109B0193434600933B00FFF71EFF0400139B1B68002C0BD11199129AC818FF
:2090C000D21A2121D9F72AFE099806F055F80400D4E7099DCAE7139B28000493129B0393C0
:2090E000119B0293109B0193434600933B00FFF745FF0400DDE7C046F0B5D6464F4680B506
:2091000082460F0016001C00002585B0002B46D10D9B002B0FD10E9B0D9A390001201A60D3
:20912000FDF79EFB061E01D18A26764221002800FDF7ECF92DE001210D98FDF7C1F98146D9
:2091400000283ED000230E9A390001201360FDF787FB061E0DD10E9B3A0003930D9B012186
:2091600002934B465046019300942B00FFF758FF060021002800FDF7C9F90C9B002B1DD0CF
:2091800049460D9A0C98D9F7CFFD48460D99FDF7BDF9300005B0C0BCBA46B146F0BD012154
:2091A0001800FDF78DF9051E04D022003100D9F7BBFDADE78D2600247642B7E79726764215
:2091C000E7E78D267642B1E7F0B5D6464F4680B582460F0016001C00002585B0002B46D18E
:2091E0000D9B002B0FD10E9B0D9A390000201A60FDF736FB061E01D18A26764221002800CD
:20920000FDF784F92DE001210D98FDF759F9814600283ED000230E9A390000201360FDF73B
:209220001FFB061E0DD10E9B3A0003930D9B002102934B465046019300942B00FFF7F0FEDD
:20924000060021002800FDF761F90C9B002B1DD049460D9A0C98D9F767FD48460D99FDF77C
:2092600055F9300005B0C0BCBA46B146F0BD01211800FDF725F9051E04D022003100D9F735
:2092800053FDADE78D2600247642B7E797267642E7E78D267642B1E770B505881C4C1D4EF2
:2092A00084B02C40B44216D01B4C25408224E401A54229D1194D5C0A6402AC4221D10B9C41
:2092C00003940A9C0294099C0194089C009404F015FC04B070BD124D5C0A6402AC4205D075
:2092E000FF241D00A5430F4CA5420AD10B9C03940A9C0294099C0194089C009405F0BCFC90
:20930000E7E787204042E4E786204042E1E7C046FFCFFFFF0140000000CFFFFF00060006AF
:209320000002000600130006F0B51700224A1C005B0A05000E0097B05B02934211D0FF23D4
:2093400022009A4313001D4A93420AD01C49A20A92028A4205D01B4A934202D0862040426B
:209360000FE0FF231800204023420CD105AB019340231D9A00931C9906AB04F0B5FF0028FB
:2093800005D017B0F0BD80239B041843EEE76B68059A1B0A0DD11F9B019203931E9B3A00C7
:2093A000029306AB0093310023002800FFF774FFE7E787204042E4E700020006001300060C
:2093C0000004000600090006F0B54746CE4680B581460F0014009846002687B0002B38D1A0
:2093E0000F9B0025002B42D139000120FDF738FA041E20D1484605A905F08CFE041E1AD105
:2094000080213A00090105A8FDF7C8FD041E12D105980F9B426A016A039343460295019354
:2094200000963B00FFF780FF0400059805F0A4FE002C00D1040041463000FDF767F828007B
:209440000F99FDF763F8200007B0C0BCB946B046F0BD01211800FDF733F8061E12D0424639
:209460002100D9F761FC0F9B0025002BBCD001211800FDF725F8051E0BD00F9A0E99D9F7AF
:2094800053FCB1E700238D24002598460F936442D1E700238D240F936442CCE7F0B5D6467E
:2094A000474680B58246884614001D00002687B0002B3AD10F9B0027002B44D141460020D8
:2094C000FDF7CEF9041E22D1504605A905F022FE041E1CD180214246890105A8FDF75EFDA5
:2094E000041E14D105984368016A426A1B0A35D10F9B02970393019543460096FFF7CCFE8D
:209500000400059805F038FE002C00D1040029003000FCF7FBFF38000F99FCF7F7FF20004F
:2095200007B0C0BCBA46B046F0BD01211800FCF7C7FF061E16D02A002100D9F7F5FB0F9BA3
:209540000027002BBAD001211800FCF7B9FF071E0FD00F9A0E99D9F7E7FBAFE705F00CFEAF
:20956000873CD4E700238D24002700250F936442CDE700238D240F936442C8E7F0B54F464C
:20958000D6461D00002380B58BB01600169A0F0013600A00FF339A43644B9A4203D0139B92
:2095A000002B00D0B0E009A905F0B4FD041E23D180213A00490009A8FDF7F0FC041E1BD1EF
:2095C000E02280210998D2010388C90113408B4218D0934216D000238724994600259A46AA
:2095E0001393644205F0C8FD29005046FCF78EFF48461399FCF78AFF20000BB0C0BCBA4619
:20960000B146F0BD00239A46002D48D100239946139B002B37D1159B002B4CD10023002639
:20962000149309984368016A426A1B0A55D1169B04960693159B01950593139B03934B463E
:209640000293534600933B0005F098FB0400099805F092FD290007005046FCF757FF4846C0
:209660001399FCF753FF002E09D0149B002B5AD0159B002B2BD130001599FCF747FF002CD4
:20968000BAD13C00B8E718000121FCF719FF8146031E43D0139A1299D9F746FBBBE70121F7
:2096A0002800FCF70DFF8246031E30D02A003100D9F73AFBAAE701211800FCF701FF061E58
:2096C000AFD18D24099864428CE7872464423100159A1498D9F728FBCDE705F04DFD2900B3
:2096E00007005046FCF712FF48461399FCF70EFF002E09D0149B002B15D0159B002BE4D139
:2097000000213000FCF702FF8724644274E78D24D146002509981393644263E78D240998E2
:20972000139364425EE79724644265E700030007F0B54746D6469846002380B58BB016000C
:20974000169A0D0013600A00FF339A43614B9A4203D0139B002B00D0AAE009A905F0DAFCB5
:20976000041E1FD180212A00890009A8FDF716FC041E17D1E0220998D20103881340934299
:2097800016D000238724002798469A461393644205F0F2FC41465046FCF7B8FE3800139957
:2097A000FCF7B4FE20000BB0C0BCBA46B046F0BD00239A464346002B45D1139B0027002B3D
:2097C00009D001211800FCF77BFE071E79D0139A1299D9F7A9FA159B002B40D1002300269C
:2097E000149309984368016A426A1B0A49D1169B04960693159B02970593139B039343468E
:209800000193534600932B0005F02EFB0400099805F0B2FC414605005046FCF777FE380035
:209820001399FCF773FE002E09D0149B002B4ED0159B002B1FD130001599FCF767FE002CEC
:20984000B0D12C00AEE701214046FCF739FE8246002830D042463100D9F766FAADE7012165
:209860001800FCF72DFE061EBBD18D24099864428EE7872464423100159A1498D9F754FA9A
:20988000D9E705F079FC414605005046FCF73EFE38001399FCF73AFE002E09D0149B002B5D
:2098A00015D0159B002BE4D119003000FCF72EFE8724644276E700270998B84613978D3CE4
:2098C00066E700238D2409981393644260E79724644267E700030007014B18607047C046F9
:2098E00064070020014B18687047C04664070020C0687047C0687047F0B54746CE4680B590
:209900009846036804000F001600994683B0002B00D07FE0037ADB0700D57BE00422002193
:209920000430D9F7FBF931000020FCF799FF051E09D00122237A13432372280003B0C0BC55
:20994000B946B046F0BD380001A905F0E3FB051E27D180213200490101A8FDF71FFB051E9E
:20996000019863D1E0220388D201134093421CD08725002621686D420122237A13432372F1
:20998000002901D00023236005F0F6FB002803D00122237A1343237249463000FCF7B6FD36
:2099A000CBE7002601982168E6E70A9B0026002B0AD001211800FCF783FD061E25D04146C3
:2099C0000A9AD9F7B1F901980023E36043681B0A15D1012323600388FF2219009143E22270
:2099E000D201914219D1DBB23F2B16D901228725237A6D42134323720A9B9946C2E7872512
:209A00000A9B216899466D42B6E78D25019821686D42B1E789256D428FE701228625237A94
:209A20006D42134323720A9B9946ABE700262168A2E7C046F8B5CE4647461500002280B57E
:209A40001A60036804000E00002B3AD001273A00037A1A4091461F4226D1002D38D001211B
:209A60002800FCF72DFD22688046002833D0571E7B425F414B462A00E3602121D9F74EF9FD
:209A80000122237A873F134323722368002B2FD1002E2AD041462A003000D9F745F929005F
:209AA0004046FCF733FD07E089277F420122237A13432372002323603800C0BCB946B046AB
:209AC000F8BD01228927037A7F4213430372F3E78A277F42EAE7237A3B432372002A01D02D
:209AE000434623608D277F42E6E797277F42E3E74B462360CCE7C0460300006800280CD093
:209B0000013842425041002287381A6000220121DA601A7A8A431A7270470020F6E7C04677
:209B2000F0B5C64600B59846036804000F00160082B0002B00D074E0037ADB0700D570E048
:209B4000042200210430D9F7E9F831000020FCF787FE051E08D00122237A13432372280042
:209B600002B080BCB846F0BD380001A905F0D2FA051EF0D180213200890101A8FDF70EFAC3
:209B8000051EE8D1089B0026002B35D10A9B0027002B09D001211800FCF792FC071E56D019
:209BA0000A9A0999D9F7C0F800230198E36043681B0A2CD10123822102882360274BC901FB
:209BC00013408B4230D0237A01228625134323726D420023236005F0CFFA002803D00122DE
:209BE000237A1343237230000899FCF78FFC38000A99FCF78BFCB2E701211800FCF760FC17
:209C0000061E1BD04146089AD9F78EF8BEE7872521686D420122237A134323720029D8D1B0
:209C2000D9E789256D429AE7D2B2237A3F2ACBD901228725134323726D42CAE700238D2569
:209C40000027019821680A9308936D42E2E700238D25019821680A936D42DBE700CFFFFF39
:209C60000368020010B5002B11D0017A012004000C40084212D1581E43425841D460873806
:209C80000121137A0B4313720023136010BD0121037A0B43037289204042F7E78920404249
:209CA000EEE7C0460300006800280CD0013842425041002287381A6000220121DA601A7A9F
:209CC0008A431A7270470020F6E7C0467047C04600207047002070470B88FF221900914365
:209CE000E222D201914206D100203F22DBB29A4240418738704786204042FBE786204042D0
:209D00007047C046862040427047C0460A888221074BC90113408B4206D100203F23D2B253
:209D2000934240418738704786204042FBE7C04600CFFFFF862040427047C046862040426D
:209D40007047C04610B50123FDF7A6F910BDC04610B50023FDF7A0F910BDC046F8B5CE46EE
:209D600047461D00036804000E0080B5002B1FD003239846414603790B40012B17D1477947
:209D800097426BD8102F2CD900262E600368002B09D0012B02D1083003F074FB4246237983
:209DA00026609343237184235B42984607E000232B602368002B07D189235B4298464046C1
:209DC000C0BCB946B046F8BD012B03D12000083003F058FB002303222360237993432371EE
:209DE000EAE7002F55D038000239FCF769FB8146002846D039004846FDF7C2FD8046002807
:209E00000BD12368012B64D120003A004946083003F016FA8046002852D000232B6023680D
:209E2000002B0BD0012B03D12000083003F02AFB0023032223602379934323714B46002B1F
:209E4000BDD039004846FCF755FB002E45D0002F30D139004846FCF759FBB0E700262E609F
:209E60000368002B09D0012B02D1083003F00AFB424623792660934323718A235B42984608
:209E80009DE728602368002B07D18D235B42984695E7002300269946ACE7012B03D12000A6
:209EA000083003F0EFFA4B4642462360237993432371EAE73A0049463000D8F735FFC8E770
:209EC00002222F602379134323714B46002BBCD175E787235B4298469FE797235B429846C4
:209EE0006DE7C046F8B50E0001680400170000291FD0032302791340012B15D08926764245
:209F000000270025012903D12000083003F0BAFA39000023032223602379934323712800C6
:209F2000FCF7F4FA3000F8BD102F06D987267642E6E7892600257642F1E7002F1BD001216B
:209F40003800FCF7BDFA051E28D03A003100D8F7EBFE2368012B1BD120003A002900083083
:209F600003F06EF9061E0DD039002368002BD6D00F001900C6E700250129EDD0872629003A
:209F80007642C6E702222379390013432371C6E7872639007642002BC1D0BAE78D260021FD
:209FA0007642E2E7F0B54746CE4680B51500026804000F001E0083B0002A57D003230179D1
:209FC0000B40012B28D000239946002D0AD001212800FCF775FA814600286AD02A003900D1
:209FE000D8F7A2FE0A9B002B4DD10023002698462368012B58D120000B9B2A0001930A9BD4
:20A00000494600930830434603F028F9071E17D02268002A14D007E00023892700269846E7
:20A02000994600250A937F42012A03D12000083003F028FA00230322236023799343237181
:20A0400029004846FCF762FA4346002B08D0002E37D00A9B002B10D140460A99FCF756FA1C
:20A06000380003B0C0BCB946B046F0BD892700210020FCF74BFA7F42F2E71A004146300043
:20A08000D8F752FEE8E701211800FCF719FA80460028ADD12268002A1DD129004846FCF7DA
:20A0A00035FA8D277F42DBE787277F42002BC7D0C0E72268002A07D100210020FCF726FA82
:20A0C000EFE797277F42CBE700268D27B04635000A967F42A8E700268D270A967F42A3E7BF
:20A0E000F8B54546DE4657464E46E0B506680500884693461F00002E4CD0032302791340C7
:20A10000012B1AD05B46002B51D001215846FCF7D7F9814600285FD02B68012B51D1280092
:20A120003B005A464946083003F05CF982462E685446002E08D15E4613E089240023644229
:20A140009B4698469946A246012E03D12800083003F098F95E46002303222B602B799343A1
:20A160002B7163421C43E4173B68A3433B604B46002B08D04346002B2AD0002E11D131009D
:20A180004846FCF7C3F95046F0BCBB46B246A946A046F8BD89240023644298469946A246A2
:20A1A000DFE7320049464046D8F7BEFDE7E7002398469946012EB2D0872464420026A2464A
:20A1C000C9E7872464425E46A246002BC9D0C2E797235B429A46D6E7002398469B468D3BE7
:20A1E0009A46A4E7036810B50400002B01D1002010BD012B02D1083003F044F90023032227
:20A200002360237993432371F1E7C046F0B5454657464E46DE46FE24E0B51F0000268023B3
:20A220008FB0E4050D00904609960C40DB049C4212D0002004F0A0FF1A9B00210020872435
:20A240001E60FCF763F9644220000FB0F0BCBB46B246A946A046F0BD09A904F05BFF041E63
:20A2600057D180212A00490009A8FCF797FE041E099800D000E1E02280210388D20189016A
:20A280001A408A4220D0814A93424CD0804B9D425CD0002399469A46002F0AD001213800D1
:20A2A000FCF70EF98246002843D03A004146D8F73BFD199B002B64D10023099898460024FF
:20A2C000016A426A189369E0E022D2001342DAD0704A71492A408A4208D070498D4205D0C1
:20A2E0006F498D4202D06F498A42CCD101225B055B0F9A409146102A2AD904F03DFF0023B6
:20A3000084241A9A002100201360FCF7FFF864429AE7099804F030FF1A9B002100201E60E4
:20A32000FCF7F4F890E7604B9D42AFD10C2399460EE0099804F020FF52461A9B002100207F
:20A340001A60FCF7E3F88D2464427DE70D239946199B4B450BD204F00FFF00238A241A9A43
:20A36000002100201360FCF7D1F864426CE749460AA8FDF705FB041E4ED100239A46002FCC
:20A380008CD101211998FCF79BF8804643460998002B61D04446016A426A4C444E46199B42
:20A3A0009B1B9C4643681B0A30D11A9B0494069363460593534602930AAB00939B4603971C
:20A3C0002B00019603F070F80500099804F0D4FE0400002D4AD100281CD1002E2DD11A9BB2
:20A3E0001B681A9A390013605046FCF78FF84346002B00D128E7189B002B3AD0199B002B0F
:20A4000015D140461999FCF781F81DE7872404F0B3FE64420023E4E7099804F0ADFE002367
:20A420001A9A002100201360FCF770F80CE71A0041461898D8F778FCE3E74A465946404653
:20A44000D8F772FC1A9B1A9A1B6839004B4450461360FCF75BF8CEE704F08EFE42461A9B4A
:20A46000390050461A60FCF751F86CE72C000023B7E797246442E7E604F07EFE00211A9BA3
:20A4800008001E60FCF742F8DEE6C046042000000013C004FFFEFFFF0010C0040012C0049F
:20A4A00000FF40040040400400018004F0B54746D64680B589B01D00129B170098460023B2
:20A4C0000793FE238022DB050C000B40D20493422DD00020002311931093873B00270025A8
:20A4E00000269A4604F048FE041E00D1544623005A421343DB174246126829009A434346F7
:20A5000030001A60FCF702F8002F0AD0109B002B00D18EE0119B002B45D138001199FBF7C5
:20A52000F5FF200009B0C0BCBA46B046F0BD07A904F0F0FD8246002852D18021220089003F
:20A5400007A8FCF72BFD824653460798002B00D07FE0E02380210288DB01890113408B4223
:20A5600027D03F4B9A4252D03E4B9C4240D00026002D41D1119B002B4ED10023002710939D
:20A5800007984368016A426A1B0A55D143460493119B0297039301952300009602F0E6FFEE
:20A5A000824607989EE71A0039001098D8F7BCFBB3E701235105490F8B40E021C9000A42E1
:20A5C000CFD02949294E2140B14212D0284EB4420FD0284EB4420CD0274EB142C1D108E048
:20A5E000002300270025002607981193109379E70D23AB4200D96DE701212800FBF760FF9B
:20A60000061E1DD02A003900D8F78EFBB2E71B4B9C42A9D10C23ECE701211800FBF750FF9A
:20A62000071EADD10023109311938D3B9A46079858E79724644274E787235B429A4651E76C
:20A6400000273B008D3B3D009A4607981097119748E700231F001D001E001193109341E7AA
:20A66000042000000013C004FFFEFFFF0010C0040012C00400FF40040040400400018004EE
:20A68000F0B54646DE464F46C0B51E0000238CB090461A9A0400136008000D00FCF750F98C
:20A6A000002800D08AE020000BA904F033FD041E55D180212A0049000BA8FCF76FFC041EB1
:20A6C0004DD10027002E0AD001213000FBF7F8FE071E00D1ADE032004146D8F725FB0023A5
:20A6E0009846159B002B41D100239946179B002B0BD001211800FBF7E3FE8146002800D108
:20A70000A3E0179A1699D8F70FFB199B002B39D100239B461893514B514A2B40934250D04E
:20A720008624644231003800FBF7F0FE40461599FBF7ECFE48461799FBF7E8FE5B46002B8E
:20A740000AD0189B002B00D170E0199B002B2FD158461999FBF7DAFE0B9804F00DFD200066
:20A760000CB0E0BCBB46B146A846F0BD01211800FBF7A6FE8046002862D0159A1499D8F7D3
:20A78000D3FAB1E701211800FBF79AFE83460028C1D18D2431003800FBF7B8FE4046159917
:20A7A000FBF7B4FE48461799FBF7B0FE6442D3E75946199A1898D8F7B7FAC9E78724644234
:20A7C000CDE7002E47D00B984368016A426A1B0A3ED11A9B01960893199B009707935B467A
:20A7E0000693179B05934B460493159B0393434602932B0002F088FA041E93D0199B002BE7
:20A8000000D18FE71A0000215846D8F787FA31003800FBF77BFE40461599FBF777FE4846CB
:20A820001799FBF773FE189B002BC1D19724644292E7002300269946984617931593A8E7D4
:20A840000023994617931593A3E700231793A0E787246442D2E78724644263E7FF7FC0FFE4
:20A8600000024005F0B54646DE464F46C0B51E0000238CB090461A9A0400136008000D009F
:20A88000FCF75EF8002800D08AE020000BA904F041FC041E55D180212A0089000BA8FCF7C6
:20A8A0007DFB041E4DD10027002E0AD001213000FBF706FE071E00D1ADE032004146D8F75E
:20A8C00033FA00239846159B002B41D100239946179B002B0BD001211800FBF7F1FD8146C2
:20A8E000002800D1A3E0179A1699D8F71DFA199B002B39D100239B461893514B514A2B405C
:20A90000934250D08624644231003800FBF7FEFD40461599FBF7FAFD48461799FBF7F6FD5C
:20A920005B46002B0AD0189B002B00D170E0199B002B2FD158461999FBF7E8FD0B9804F0D5
:20A940001BFC20000CB0E0BCBB46B146A846F0BD01211800FBF7B4FD8046002862D0159A29
:20A960001499D8F7E1F9B1E701211800FBF7A8FD83460028C1D18D2431003800FBF7C6FDC6
:20A9800040461599FBF7C2FD48461799FBF7BEFD6442D3E75946199A1898D8F7C5F9C9E748
:20A9A00087246442CDE7002E47D00B984368016A426A1B0A3ED11A9B01960893199B009782
:20A9C00007935B460693179B05934B460493159B0393434602932B0002F0EEF9041E93D044
:20A9E000199B002B00D18FE71A0000215846D8F795F931003800FBF789FD40461599FBF7F4
:20AA000085FD48461799FBF781FD189B002BC1D19724644292E7002300269946984617930C
:20AA20001593A8E70023994617931593A3E700231793A0E787246442D2E78724644263E708
:20AA4000FF7FC0FF0002400510B513000A000121FCF714FD10BDC04610B513000A00002194
:20AA6000FCF70CFD10BDC046F0B54646D6464F46C0B505000E001400984684B0002A2BD151
:20AA80001A600368002B5DD0002700261122297D0A40102A36D0892252429146012B03D1B3
:20AAA0002800183002F076FAD422002128005200D8F734F9002F08D0002E00D17FE0002CA6
:20AAC0001AD121003800FBF721FD484604B0E0BCBA46B146A846F0BD01211000FBF7F0FCA2
:20AAE000071E61D00023424613602B68002BCDD1002E64D0893B9946220039003000D8F727
:20AB000013F9DEE7E02280202989D20180010A4082421BD00020314A824691422AD05146FC
:20AB20006846FCF72DFF8146002807D1524669462800FCF7C7F88146002829D02B68002BBA
:20AB4000ACD1B7E789235B429946BEE7E0228020D200C0000A408242DCD16868204A21497A
:20AB600042400A421DD0204A42400A4208D000239A46D4E769681D4A4A401A490A42CED13C
:20AB80000C229246A245CAD98A2252429146D6E7524669463800D8F7C7F8434652461A60A9
:20ABA0008AE70D229246EDE72B68002B11D0012B09D18D235B4200260024994670E797231D
:20ABC0005B42994681E7D422002128005200D8F7A5F88D235B42994677E7C04604200000E0
:20ABE00000015005FF7FC0FF0002500500051005F8B506000F0014000025002A0BD1300020
:20AC000022002900FCF75EF8060028002100FBF77DFC3000F8BD01211000FBF751FC051E6D
:20AC200004D022003900D8F77FF8E8E78D2600247642EAE7F8B5036804000F001600002B04
:20AC400023D00E21027D114210D1012B24D132003900183002F04AF9051E19D10222237D45
:20AC6000E7601343266123752800F8BD89256D42012B03D12000183002F08CF9D4220021E8
:20AC800020005200D8F74AF8EEE789256D42EBE72368002BECD1E7E787256D42EEE7C046B6
:20ACA000F8B504000F00151E1CD10368002B40D00922017D00260A40012A3ED089277F424B
:20ACC000012B03D12000183002F064F9D422002120005200D8F722F830002900FBF716FCEE
:20ACE0003800F8BD01211000FBF7EAFB061E30D02A003900D8F718F82368002B1AD009212E
:20AD0000227D11400129D9D1920704D5E268AA4219D3521BE260012B18D120002A0031009C
:20AD2000183002F0E5F8071E07D02368002BC7D1D2E7002689277F42CEE70422237D0027C0
:20AD400013432375C8E787277F42B9E787277F42BCE78D2700257F42E7E7C046F0B5474695
:20AD6000D64680B580460F0014001E00002583B0002A54D10A9B002B33D10B9B0A9A1A603C
:20AD800043461A68002A55D00027002643461B7DD9075CD59B070CD54346DB68002B00D090
:20ADA00079E043461B69A34200D274E041461B1B0B61012A00D072E040460B9B22000193CA
:20ADC0000A9B2900009318303B0002F0A1F8824600285BD1434608221B7D13434246137537
:20ADE00044E001210A98FBF76BFB071E00D16EE000230B9A136043461A68002AC6D12100A7
:20AE00002800FBF783FB002E00D16FE089235B429A46390030000A9AD7F786FF31E0012190
:20AE20001000FBF74DFB051E3DD022003900D7F77BFF9FE721002800FBF768FB89235B4288
:20AE40009A46504603B0C0BCBA46B046F0BD89235B429A46012A03D14046183002F09AF830
:20AE6000D422002140465200D7F758FF21002800FBF74CFB002FE4D0002E37D00A9B002B54
:20AE8000C7D138000A99FBF741FBDAE743461A68002ADFD1EAE787235B429A46DAE7872308
:20AEA0005B429A46DCE743461A68002A07D000230A938D3B0026002700249A46CAE700219B
:20AEC0000020FBF723FB8D235B429A46B9E743461A68002A05D0002633008D3B9A460A96CA
:20AEE000B8E721002800FBF711FBECE797235B429A46A6E7F0B5454657464E46DE46E0B5BB
:20AF000085B005000F00141E98460F9E53D1002E31D11E60109B1E600268131E00D1FCE0E8
:20AF200000218A468946297DC80700D4EDE08B0700D5A6E0002300270E93C90600D4AEE032
:20AF4000012A00D0C4E02800109B220002935146434601960097183001F0F6FF109B8046DB
:20AF60001B68002E00D1BFE0002800D0E0E0B346F818F61A3EE000239A469946012130008D
:20AF8000FBF79EFA071E00D1CBE0002342461360109B1E602A68002A07D0297DCB0704D55B
:20AFA0008B0700D59CE0C906CAD489235B423800B34698461EE001211000FBF781FA814685
:20AFC000031E0DD0002E00D0B5E043461E60109B1E602B689B461A1E45D08246B946A2E79F
:20AFE000002E62D00E938D3B00200027CA46CB460024984632002121D7F790FE2B68002B90
:20B000000BD0012B03D12800183001F0C3FFD422002128005200D7F781FE5346002B08D0B8
:20B020004B46002B6DD0002C25D121005046FBF76DFA002F0FD00E9B002B00D17EE05B4633
:20B04000002B04D05A4639000E98D7F76DFE59463800FBF75BFA404605B0F0BCBB46B2463B
:20B06000A946A046F0BD002F68D0893BB946824698465F460E92220051464846D7F754FED2
:20B08000D3E7EB68002B33D100270E932B69002B1ED1C90600D553E7002E00D085E71300A3
:20B0A00000229346893A9046A9E72B68002B0BD0012B03D12800183001F06CFFD4220021F0
:20B0C00028005200D7F72AFE8D235B429846C2E7002E10D087235B423800B346984689E758
:20B0E000EB68002BD2D0F5E700222B68934686E7002300270E93130000229346873A9046C9
:20B100007DE797235B42984693E78922524290460022002793460E9273E789235B429846C4
:20B1200099E700239B460E938D3B0020984661E73800B3465EE78246B9461FE797235B4242
:20B14000984688E7F0B546464F46D646C0B58846070014001E008AB0002A55D1139B002BE1
:20B160003CD133600268002A00D19CE09846002599463B7DD9070CD5990707D5F9680029ED
:20B1800000D07FE03969002900D07BE0102119424BD089267642012A03D13800183001F00C
:20B1A000F9FED422002138005200D7F7B7FD002D09D04B46002B00D172E0002C5CD1210016
:20B1C0002800FBF7A3F940461399FBF79FF930000AB0E0BCBA46B146A846F0BD002300259D
:20B1E000994601211398FBF76BF9804600285FD0139A1299D7F798FD002333603A68002AF3
:20B20000B7D189267642D2E701211000FBF758F9051E52D0139B002B68D133603A68002A5B
:20B2200022D0139BC1469846A3E7012A35D1380005AB029306AB019100939A462200330046
:20B240002900183001F080FE061E05D1059B139A9A421AD09526764210215046FBF74AF992
:20B260003A68002A97D1A2E74346002B18D0139B8926C14698467642220029004846D7F7D4
:20B2800053FD9CE78726764285E751464046139AF5F7BEFD061EDDD1DEE78726764280E736
:20B2A000972676428FE700238926984676428AE700238D2613937642D2E73B68002B0FD030
:20B2C000012B07D100238D269946984600241393764262E7D422002138005200D7F71EFD82
:20B2E00000238D269846139376426CE7C14678E7036870B50400002B0DD0012B0DD1183095
:20B3000001F048FE0500D422002120005200D7F705FD280070BD0025FBE787256D42F2E708
:20B32000FE2290210368D20570B51A40040009058A4209D0002B0CD1002588212000890045
:20B34000FBF7D8F8280070BD294A1A4080231B051343FF22180027499043274A1A408A42DD
:20B3600010D0264A90420DD025495A0A52028A421FD0244A934238D1200020211030FBF70E
:20B38000B9F8D9E72069FBF7A3F8A023E358002BD2D0012B26D12000A83003F00FF9050040
:20B3A000A0230022E250A432A35A5B0A5B02A352C3E76069002802D0A169FBF7A7F8E0699B
:20B3C000002802D0216AFBF7A1F8606A002802D0A16AFBF79BF8E06A0028ADD0216BFBF79C
:20B3E00095F8A9E787256D42DAE789256D42A4E7FFFF00F60001000800FBFFFF000400082A
:20B400000002000809060008F0B54646D6464F46FE25C0B51E00902304000068ED0582B030
:20B4200005401B059D4200D17BE0002864D00423FF33994200D17EE00133994220D20223B7
:20B44000FF33994200D17BE00133994266D1B84B9A4202D0033B9A4219D1FF220300B54D92
:20B460009343AB425AD0B44DAB4257D0B34DAB421DD10A9B0240019380239B041343F4E008
:20B48000AF4BCB18032B49D8AE4B9A4201D0002A44D1FF220300A74D9343AB4200D1C7E048
:20B4A000A54DAB4200D19FE0A44DAB4230D0A64A934200D107E1A54A934200D158E1A44B44
:20B4C000984200D0C7E10A9B412B27D10223FF33994223D13378042B20D12000202210307E
:20B4E000711CD7F721FC00250BE003210A00A37E1A40194200D0A3E089256D422000FFF7FA
:20B500000FFF280002B0E0BCBA46B146A846F0BD0A9B01938F4B994200D0A2E087256D427A
:20B52000ECE78D4B03408020000518430423FF33994200D080E790235B019A42A7D18CE7DC
:20B5400090235B019A42A2D1FF220300794D9343AB4200D16AE1784DAB4200D086E70A9B30
:20B560000240019380239B041343984603221100A37E19401A42BFD06F4B99460129BBD195
:20B580002700A037A023E358019A002BB4D0002A05D031003800FBF731FF051EAED1260013
:20B5A0005B3640223100380001ABFDF7A5F9051EA4D10322A37E694D934302221343A376F4
:20B5C0005D4B60764544994575D1200000221B30102D02D8624AAD00AA583100D7F7A4FBA3
:20B5E0000023002523768CE70A9B0240019380239B0413430222FF3298469142B6D0554BB8
:20B6000099428BD10327A27E174200D074E72000320041460A9BA030FBF722FA051E00D0D6
:20B620006CE70122A37E0025BB431343A37668E70A9B01934B4B994250D10322A37E1A4027
:20B64000032A00D158E75B0700D555E70A9B6361002B00D0A1E00422A37E00251343A3767A
:20B660004FE7802302409B0413433E4A914200D13BE70222FF32914200D04FE7A27E920785
:20B6800000D039E7354A9D180023102D02D8364BAA00D3580A9A9A4200D03FE7200031002F
:20B6A0005B30D7F741FB0322A37E934302221343A376002363760023102D01D82B4B5B5DE3
:20B6C000002523761DE7200032000A9B1030FBF719FA051E00D011E7002512E70133994254
:20B6E00000D31BE7802302409B04134398460223FF33994283D10323994649464A46A37EF2
:20B7000019401A4200D0DFE02700A0370023002241463800FBF7A4F9051E00D0EEE64A46FD
:20B72000A37E934301221343A376024B994629E7031200000001000800040008000500080D
:20B74000FFFDFFFF0110000000020008000300080906000802020000FFFF00F6FDFFFFFDC2
:20B76000900506100302000090050610D40506100223FF3399421DD00423FF339942A2D1B9
:20B78000A37C012B00D0B7E60A9B002B6CD10A9B002523630223A374B3E619000120FAF794
:20B7A0008FFE2061002800D186E03100019AD7F7BBFA50E7A37C022B50D00A9B02335B00F5
:20B7C00098460A9B802B00D9A8E641460120FAF777FE051E70D00A9B871CDBB29A46A37C8F
:20B7E000022B2BD1236B1B0A0370236B4370226B002A52D100233B70BB1C99465346310091
:20B800007B7048460A9AD7F78FFA0A9EA37C4E44013B761B012B52D8002E31D103232800BA
:20B820004146A374FAF772FE00256AE60A9B0240019380239B04134398465CE700230370CA
:20B840005346002143700A9A3800D7F767FA0A9B9C466744CEE789256D4252E60A9B1A1D18
:20B860009046236B9844ACE719000120FAF728FEE062002820D031000A9AD7F755FA86E7EB
:20B8800031000120FAF71CFE6061002810D032002900D7F749FAA661C0E73800E16AD7F717
:20B8A00043FA216BE06AFAF725FE236BFF18A1E741462800FAF72AFE8D256D421EE6414680
:20B8C0002800FAF723FE17E6014B994656E6C046000100080368002B03D0836800200B60DC
:20B8E000704789204042FBE70368002B05D083688B4205D381600020704789204042FBE7C4
:20B9000087204042F8E7C046F0B557464E46DE464546FE23E0B51700902206688BB0DB058C
:20B920000400039133401205934200D170E0002E00D186E1002F3ED1A368002B00D1AEE1B5
:20B94000002203920292DB1B3200A360FF23C2499A438A426AD0C1498A4200D193E0C0493E
:20B960008A4263D0BF49720A52028A4200D11FE1BD4B9E4200D058E100230993202F00D084
:20B980009CE1210009AB01932022029BB74800971031FCF775FE051E61D1099B843D202BA0
:20B9A0005DD1029B002B00D1F8E0039B002B00D178E100251BE001213800FAF781FD02907A
:20B9C00000282BD0A368BB42BDD200232568A3602000FFF7A5FC3A00212102982560D7F7DA
:20B9E0009DF9039B002B00D15CE18F256D423A0002990398D7F798F939000298FAF786FD61
:20BA000028000BB0F0BCBB46B246A946A046F0BD974B3340802636051E438BE72568200066
:20BA2000FFF77EFC25608D256D42E9E78022334092041A439446049200228E4B92466344EE
:20BA4000102B02D88C4AD35C9A46A27E93079B0F012B02D9520700D5A5E089256D42200051
:20BA60002668FFF75DFC029B2660002BC8D03A0021211800D7F752F9039B002B00D111E1CA
:20BA8000002FB9D0B3E78022334092041A43944604920022774B92466344102B02D8764AA4
:20BAA000D35C9A460022A37E06929B079B0F012BD3D90322A37E1343A376002F69D0029BBE
:20BAC0003E0099461B239B4685339846453B9C46A4446346A344A0440593079727E0524601
:20BAE00059464046FBF78AFC002859D1A023E35821696269002B59D0002A08D04046FBF736
:20BB00007DFC00284CD1A023E358002B4ED02100012240461931FBF771FC002840D1402212
:20BB20005946404609ABFCF7E7FE002838D15346217E5D1AEDB22F00B54201D93700F5B2F7
:20BB400048463A005944D7F7EFF8237EB944ED18F61B25761CD0637E069A934226D0013310
:20BB60006376002340462376059A53460499FAF777FF002814D1637E012BB7D0A023E358CF
:20BB8000002B13D05346002BA9D121696269B3E7079F029B0025002B00D06DE700252FE778
:20BBA0000500079F5BE7FF23069382E7079F54E780223340920413432E4A94460022634477
:20BBC0009346102B40D9A37C042B41D0052B00D043E7002F69D010239C46A4446346059309
:20BBE000029B3D00994674239C46A4446346B046BA460493217C002942D00E000F00A94215
:20BC000001D92E00EFB25B46591A049BC9B29C46484632006144D7F787F8237CB144DB1B2F
:20BC2000AD1B2374E6D15746BBE6029B002B08D0039B002B36D0002F2BD139000298FAF752
:20BC400065FC89256D42DBE60C4AD35C9B46BAE70523A374BDE7C046000100080004000860
:20BC600000050008000200080906000809000002FFFF00F6FDFFFFFDD4050610D4050610C1
:20BC800041460598FCF716FF0028B3D005005746E5E63A0002990398D7F746F8CDE78F257C
:20BCA0006D42ADE697256D42AAE6029B002B00D174E7039B002BF5D000259DE687256D42C2
:20BCC000CDE6C046036882B019434842484102B07047C046F0B54E46DE4657464546002388
:20BCE000E0B5A7B00E003199059306930B6043888146002B22D01468309B1C431ED1336805
:20BD0000002B00D186E001239A46524633791A4200D14BE106AA05A9FAF752FE059F051EBA
:20BD20000FD0002F02D03800FBF752FF280027B0F0BCBB46B246A946A046F0BD87256D4227
:20BD4000F4E74B465B8880219B4607930733DB0899460893E0233A88DB011340C901873D5F
:20BD60008B42E0D010008221AA4DC9012840884267D0A94A9446E02263441202134202D0B8
:20BD800086256D42CFE75B465B0740D149460120FAF796FB8246002800D131E101004A46E9
:20BDA0003000FFF7B1FD051E45D1079B7B807B681B0A05D0380008A901F03AFC051E3AD1BE
:20BDC0003B6A089C002B00D011E121000120FAF777FB031E386200D116E17A687C62120A29
:20BDE00010D107AA02923A002432019251464A4638000094FBF75EFE7A88079B05009A4234
:20BE000000D1C2E049465046FAF780FB059F87256D4286E789256D4288E75B46FF2B00D14A
:20BE200091E0E02338245B009B4500D18CE0002387259A466D4249465046FAF767FB059F40
:20BE40006FE7D2B23F2AE8D853460AA80993F0F727FF0CA8F0F724FF3888704B0540EB186A
:20BE60005A4253415B4218405946C0B203F026FB051E5FD00EA80BF001FB29000EA80CF09E
:20BE8000E9F90023051E9A4658D11E9B02221BA90CA8DC1D9B46F1F70DFBE408051E4DD125
:20BEA00021000120FAF70CFB8246002800D1A4E007235A461A40063B9340013B93469846D8
:20BEC000973D1DE0220051463000FFF71DFD051E6FD15B46002B05D0534642461B7813408D
:20BEE00052461370220051460AA8F1F7E3F8051E24D109AA0AA90CA8F0F7A0FE051E1DD131
:20BF0000099B002BDED10AA901220800F1F7BCFA00287CD1220051460AA8F1F7EFF8002850
:20BF200075D1002D45D10AA8F0F7C0FE0CA8F0F7BDFE3AE7002368259A466D422800FBF751
:20BF400051FB0500EDE7202421000120FAF7B8FA8246002858D0010022003000FFF7D4FC62
:20BF6000051E00D067E75B46FF2B32D0534603221B7893435246137037225346995C8023E7
:20BF80005B420B4351468B540FE749465046FAF7BDFA059F002D00D0C3E67B69319A136011
:20BFA0003B7E012B26D102233B76BFE685256D42BCE621005046FAF7A9FA0AA8F0F776FED7
:20BFC0000CA8F0F773FE49460020FAF79FFA059FA7E6534607221B789343524613707F2303
:20BFE000D27F1340402213435246D377DDE68B256D4220E71560973D95E66A256D429DE754
:20C000008D25059F6D428CE68D256D4213E7050094E7C04600CFFFFF00F0FFFF00BFFFFF50
:20C0200030B51C0083B0069D131D01950094FFF751FE03B030BDC046002310B5044C82B07A
:20C04000019200932200FFF745FE02B010BDC046E8050610036870B505000C00002B2CD10E
:20C060009022174B12050B40934223D0FE23DB050B4093420AD08022120593421AD12800E6
:20C08000FCF72AF9002800D12C6070BD0D4A0A408021090511430C4A224013430A4A9446F8
:20C0A0000A4A6344134202D086204042EDE7084B9942E4D187204042E7E789204042E4E792
:20C0C000FFFF00FFFFFF00F60000FFF6FFFFFEFF09060008F0B5C64600B506000F00904617
:20C0E0001C00002582B0002B10D130002B00002239000094FFF788F9060028002100FAF7C0
:20C1000005FA300002B080BCB846F0BD01211800FAF7D6F9051E04D022004146D6F704FEEE
:20C12000E3E78D2600247642E7E7C046FE23902210B50468DB0523401205934209D0634221
:20C140005C41012364429C43873CFFF7E9F8200010BD87246442F8E7F0B5050085B00E00F5
:20C16000100003A92F6802F0D5FF041E2BD180213A00C90103A8FAF711FF041E23D1039886
:20C1800043681B0A1AD1B31EFF3B012B11D9416A036A0288009128003100FFF735F904000F
:20C1A000039802F0E9FF002C00D10400200005B0F0BD01222B7913432B71E8E702F0DCFF32
:20C1C0000394862464422800FFF7AAF8EEE7C04610B5124C86B0A34213D0114CA3420DD19C
:20C1E0000C9C04940B9C03940A9C0294099C0194089C009401F0ECFC06B010BD862040428F
:20C20000FAE70C9B009203930B9B099A02930A9B01930B00089901F0A9FEEDE70000010935
:20C2200000000209F0B5254C0500A544140080220E00D200002108A81F00D6F76FFD00230D
:20C24000079390232A681E481B0510400343F620110000060140024229D1226A6068944609
:20C26000000A626A27D107A904918021C900039108A90291FFA93C3109682000019100979A
:20C280006146FFF7A5FF0799041E09D1902200912800310008AB5201FFF7B6F804000799D7
:20C2A00008A8FAF727F92000064B9D44F0BD862400216442F4E786246442F1E7DCFBFFFF75
:20C2C0000000FFF624040000F0B50500FE24C6461F002B68E40598461C40902300B50E001E
:20C2E000100084B01B059C424ED103A902F012FF041E28D180214246C90103A8FAF74EFE38
:20C30000041E20D1039A53681B0A40D198460A9B002B1DD10A9B3100009328004346FFF7D0
:20C3200081FF041E25D10223FF3303989E4203D101222B7913432B7102F01EFF0A99040050
:20C340004046FAF7E3F8200004B080BCB846F0BD01210A98FAF7B4F88046002805D00A9A08
:20C360003900D6F7E1FC039AD4E700238D240A9364422800FEF7D4FF039802F0FDFE40466D
:20C380000A99FAF7C3F8DEE787246442DBE78624100002F0F1FE6442D5E7C046F0B5454643
:20C3A0004E46DE46574698460023E0B58BB0159D06000C0007920993002D19D1FE23902274
:20C3C000DB0503401205934248D0169B00201D6002F0D2FE872400210020FAF797F8644214
:20C3E00020000BB0F0BCBB46B246A946A046F0BD01212800FAF764F8071E00D1C9E0FE23E4
:20C400009022DB053340120593423BD000239B469A46873B994629003800FBF7B1FA169BEC
:20C420001D60099802F0A8FE594604005046FAF76DF8149B002B00D1D2E0002D08D129002B
:20C440003800FAF763F84B46002BC9D04C46C7E72A0039001498D6F767FCF0E7200009A9DB
:20C4600002F058FE041E00D089E080213200C90109A8FAF793FD041E00D0BCE00023002772
:20C4800014930FE0200009A902F044FE8146002871D180213200C90109A8FAF77FFD81464D
:20C4A000002868D1099843681B0A9B4600D09AE0FF2203889343564A9446564A63441342E7
:20C4C0001FD04346002B2ED001214046F9F7F8FF8246002821D042460799D6F725FC902283
:20C4E0004D4B1205334093426CD1099843681B0A00D183E0002F68D086235B42C3469946CE
:20C5000089E743880733DB089D42DAD2002F4CD000239A468A3B99467DE7002F39D08D23FA
:20C520005B42994677E790223B4B12053340934246D100239A46016A426A169B0395049379
:20C54000434601935346029700933300FFF740FE8146002F04D0C346002800D161E75AE73D
:20C56000169B09981F6002F007FE414604005046F9F7CCFF67E700239B469A464BE7099812
:20C58000169B1D6002F0F8FD00210020F9F7BEFF26E78D24169B09981F6002F0EDFD00210C
:20C5A0000020F9F7B3FF64421AE78A24169B64421F6002F0E1FD00210020F9F7A7FF0FE7F1
:20C5C00000239A460998002F96D18624169B64421F6002F0D1FD41465046F9F797FFFFE659
:20C5E00097246442FCE602F0C7FD002309939F4207D18624644200250998C1E7016A426AF5
:20C600009BE79B469A4686235B42994603E7C046008FFFFFFFFEFFFFFFFF00FFF0B54E4604
:20C62000DE4657464546E0B50C00060083B000290DD12C4B5A78022A21D089256D422800E2
:20C6400003B0F0BCBB46B246A946A046F0BD01212000F9F735FF071E1DD0224B5A78022A1D
:20C660001CD089256D42002E12D0390022003000D6F75AFB21003800F9F748FFDFE71B78CB
:20C680008925073B5A4253415B421D40893DD6E797256D42D3E78D256D42D0E71B78072BFB
:20C6A000DFD1114B824601938023DB00A0469B4606E043464A469B1A9846CA44002BD2D060
:20C6C000C146D84502D98023DB0099464A4651460198F4F727FF051EEBD0FAF783FF0500D7
:20C6E000C1E7C046941100207C120020F0B50588C646324F9846E0232E00BC46DB011E400F
:20C70000E027B4441100624600B53F0282B0099C3A4217D02A4FBD423BD02A4A1540822241
:20C72000D20195423DD08422D20195423BD19E4239D122000A9B089901F0C4FB02B080BCF6
:20C74000B846F0BD204E7378022B02D089204042F4E73378072BF9D1002C2DD08027E8363B
:20C76000FF0007E0089B641B9C46AC4463460893002C21D02500BC4201D98025ED002A00C5
:20C7800030000899F4F7CEFE0028EBD0FAF72AFFD4E70A9B424601930094089B02F0B8F9BE
:20C7A000CCE79E4202D086204042C7E722000A9B089901F0CFF8C1E70020BFE700F0FFFFC2
:20C7C0000170000000CFFFFF94110020F0B54E465746DE464546E0B50E00002189B09946F5
:20C7E000129B059106911960438804009246002B00D18BE0E02380210288DB01C9011340B1
:20C800008B4200D182E0794933688A4201D04A461343002B00D079E0200006AA05A9FAF775
:20C82000CFF8059F051E37D17B6A002B59D165682D0A3ED1638820886D499B46E0230200E6
:20C840008C46DB011A40E02194449846634609020B4263D06749684B0140994200D197E01E
:20C8600082236649DB010140994200D17AE08420C00181420ED142450CD180235B019B45F7
:20C8800051D000D97DE0802259465D4B12010B40934248D086256D42002F02D03800FBF788
:20C8A00097F9280009B0F0BCBB46B246A946A046F0BD200007A900F0BBFE059F051EEBD1E4
:20C8C000BB46079D3B6A002B7CD129000120F9F7F7FD3862059F002800D183E05B465D626E
:20C8E0007B6A4D4661683268386A090A2A4310D100291ED087256D42002830D0796AF9F7ED
:20C9000005FE00233B627B62059FC5E787256D42C7E700290DD086256D42EDE75946FBF759
:20C920005FF8051EB8D15D460735ED08BB460795C8E724370297019300904B465246310062
:20C940002000FFF7D3FE059F051E49D17B69129A13603B7E012B3ED102233B76A1E7386220
:20C9600078629BE7424595D1204B984222D0254B98422AD0FF239843E223DB019842D5D195
:20C98000D1E7214B214A5B44134200D082E7CAE7424500D07EE7C0221D4B12015B449BB225
:20C9A000934200D976E75B465B0700D072E70F4B9842BBD15B465B080133DB08DD00ED1883
:20C9C0003B35B3E78B256D4268E75B46DB085D00ED185A35AAE79725129B6D4218605DE7C5
:20C9E000386A89E78D256D4256E7C0460170000000F0FFFFFFCFFFFF0140000000CFFFFF48
:20CA0000FFFBFFFF0270000000E8FFFFFFF7000000FCFFFF10B5140082B000930A1D2300EE
:20CA2000FFF7D4FE02B010BD10B5054C82B00091002300222100FFF7C9FE02B010BDC0462E
:20CA4000E8050610054B5A78002A03D1586000209960704789204042FBE7C0469411002053
:20CA6000042270B5154C23781A4201D09343237002251D4210D16378002B15D189210023B9
:20CA8000201D89006370F9F735FD012223781A4201D09343237070BD02F0B0FA2378AB4335
:20CAA00023706378002BE9D02000E830F4F71CFC2000A3680C309847E0E7C0469411002011
:20CAC000F0B5304C85B062782378022A37D0D9070DD40121194321709B0736D50B00002AA6
:20CAE00009D05A073DD50025280005B0F0BD99072BD5002AF5D16368002B3FD0A268002A72
:20CB000039D0214D2F002800DC3798472E003800F4F7D6FB01230C3E73701C4B2A000393BB
:20CB200003231B490093380003ABF4F727FCFAF759FD051E12D1022373703378D1E7072BFA
:20CB4000D1D0D907C5D51A42CBD102F04DFA02232278050013432370002806D0FFF780FF69
:20CB6000C2E7042213432370BDE761780029B8D1D207B6D5BFE7074AA260C2E7064B6360B4
:20CB8000BCE7C04694110020A011002050534100B51D0410411D0410011D0410002370B5A0
:20CBA00006000D00140013605360002901D1002070BD01212800F9F783FC2060002805D0AA
:20CBC0002A0031006560D6F7AFF8F0E78D204042EEE7C04610B5416804000068F9F796FC84
:20CBE00000232360636010BD002370B506000D001400136053609360002901D1002070BD2F
:20CC000001212800F9F75CFC6060002802D0A5602660F3E78D204042F1E7C04610B504008D
:20CC20004068002814D02368002B13D0A168002906D1F9F76BFC00236360A360002010BD71
:20CC40000A0001001800D6F76FF86068A168F0E7A060F3E797204042F1E7C046F0B54746B2
:20CC6000CE4680B51C004B8885B003930A236B440D009846098800930B230600170020005B
:20CC80006B4403AA00F098F900282BD11B4B1C4A234093422ED1E02280211A4BD201336022
:20CCA0002B8889011A408A4221D1E0218022C900D2000B4093421AD108239946B144484649
:20CCC000F5F74AFA4246039B117848463A00F5F74BFAFAF787FC002804D12B88A402A40E00
:20CCE000B380F47105B0C0BCB946B046F0BD87204042F7E786204042F4E7C046FF7FC0FF7C
:20CD00000002400500025005C82270B504000D001E00ECB00021520008A8D5F7FFFF21008D
:20CD200033002A0008A8FFF799FF041E2ED16B4627255B191B78759A77999A188A422CD892
:20CD4000759A7698944608991A4A604491422ED10593769B62460493749B01210393739BA4
:20CD600006900293729B0AA80193719B0093709BF5F708FEFAF736FC041E07D16B46759ABC
:20CD80005B1994461B78789A63441360094B089A9A4208D020006CB070BD8A24054B089AD3
:20CDA00064429A42F6D10AA8F5F754FEF2E786246442EFE700025005C822F0B504000E0043
:20CDC0001F00EBB006AD002152002800D5F7A6FF320021003B002800FFF740FF069E041E29
:20CDE0002FD1EB79759A93423CD8D11A779A8A423ED3749A5018254A964230D1769A03939A
:20CE0000739B05920193749A729B04920290709A009308A8719BF5F7E3FDFAF7E3FB069A02
:20CE2000041E09D1EB797599CB1A78990B60B2420ED0789A136001E0B24205D020006BB0E7
:20CE4000F0BD124B9E42F9D108A8F5F703FEF5E708A8F5F7FFFDEB79759AD31AE9E7862433
:20CE60006442EBE7094B9E4208D087246442E5E7064B9E4206D08A246442DFE708A8F5F754
:20CE8000E9FDF2E708A8F5F7E5FDF4E70002500510B5029B0400FFF7E1FE002803D10122C9
:20CEA000A3791343A37110BD10B5029B0400FFF7D5FE002803D10122A3799343A37110BDFE
:20CEC000130010B5084A0C000168914209D101218279083011402200F5F77AFAFAF782FB70
:20CEE00010BD86204042FBE7000250050020704710B5064B04689C4205D10830F5F7F8FAE1
:20CF0000FAF770FB10BD86204042FBE70002500530B50C4C056885B00392A5420FD103AC9D
:20CF20000194089C08300094F5F790FBFAF75AFB002802D1039B099A136005B030BD862038
:20CF40004042FAE70002500570B582B004001D00C3790798834218D80D482668864211D182
:20CF600020000193069B083000932B00F5F77CFCFAF738FB002803D12860E379089A1360E9
:20CF800002B070BD86204042FAE78A204042F7E700025005074B026810B504009A4205D012
:20CFA0000122A37900209343A37110BD0830F5F751FDF5E700025005FE2230B5A024D20516
:20CFC0000240E404A2420BD08024E404A24210D01A4A904201D101221A70862040421EE03D
:20CFE000FC228024164DD2050240E4042840A242EED1144A904213D0134A904217D0134A7A
:20D000009042EAD102221A7090239B019942E4D1039B002B02D00223039A1370002030BD09
:20D0200001221A7090239B019942F1D0D5E706221A7090239B019942EAD0CEE70002C0038C
:20D04000FF7FC0FF004440040002400500404004F0B5DE4657464E464546E0B507001D0002
:20D0600006000C0085B00EAB1B7808375BB29A460B88380099469046F3F7F8FA3560638815
:20D080000B249B46039300236C4423700A334946280000946B4403AAFFF78EFF002853D1D1
:20D0A0006B4659469A7A2078F3F7C0FA011E4BD03800F3F7F7FA041E09D02000FAF792FAEB
:20D0C00005B0F0BCBB46B246A946A046F0BD53465A4641463800F3F707FB041EEDD1364B2F
:20D0E0009D4234D0354B9D4219D0E0224B46D2011A40FF239021DB052B40C9048B4254D168
:20D1000001238021737189018A4249D02C4B994540D02C4A0D23954213D13371CDE70021B8
:20D120003800F3F71FFD002816D1E02380224946DB0192010B40934210D0214B70719945D4
:20D14000E7D000233371B8E786204042B8E704213800F3F707FDE6E70400AEE74B465A054A
:20D160000123520F93407371E0224946D2001142CCD0154A15492A408A4208D014498D422A
:20D1800005D014498D4202D00B498A42BED1DBB2337192E7104A0C239542BAD133718CE761
:20D1A0004A465205520F9340DEE780239B019A42D4D07471AAE7C04600404004004140044B
:20D1C000042000000013C004FFFEFFFF0010C0040012C00400FF40040001800430B51725C6
:20D1E0001C00002387B06D442B701633039200956B4403AAFFF7E0FE00280AD12878002CFB
:20D2000000D020706B4603999A7DF3F70FFA07B030BD0020FBE7C046012300B583B000930C
:20D22000049BFFF715FF03B000BDC046002300B583B00093049BFFF70BFF03B000BDC0461C
:20D2400010B50379934206D11A000830F3F77EFAFAF7C8F910BD87204042FBE7F0B54E466A
:20D2600045465746DE46E0B585B01F000F9B14009946036805009846FF234246DB051340B1
:20D2800090220E00D204934256D04379C06A9A4619002018D4F782FE534658430E9B9842E4
:20D2A0004DD84F4B98450BD0002C4BD14B461C60002005B0F0BCBB46B246A946A046F0BDA6
:20D2C00008239A46AB68AA44002B4ED0002249461B790392DB06DB0E0A60002CE8D0E86AB5
:20D2E000984600284DD19C421CD303AB9B465B4642463100009350463B00F3F77FFAFAF79C
:20D3000071F90028D5D14346E41A4B46039A1B68BF189B184A46464413604445E7D2002C18
:20D32000C6D0E86A1430220031005044D5F7FCFCEB6A1B19EB62BBE70E9B9C42B4D98A20E0
:20D340004042B6E74B46280022003100009308303B00F3F753FAFAF745F94B460E9A1B687A
:20D360009342A6D997204042A3E74A4603931360002C9DD0EB6A9846002BB6D01800002345
:20D38000984643461B1A9B46A34200D9A346143031005A465044D5F7C7FC5B46E41AEB6A3D
:20D3A0005E445B44EB62434502D044459DD2B6E7290003AB424600931C313B005046F3F7F6
:20D3C0001DFAFAF70FF9002800D072E74B46039A1B68BF189B184A461360E862E5E7C04692
:20D3E00000444004F0B504001E00002387B00F0015000021102202A80193D5F78FFCE36A2B
:20D40000002B05D01D4A236813401D4A934231D02000320001AB02A90830F3F7F1FAFAF7E3
:20D42000E1F8041E16D12C00102D1AD8002D1BD13368200002005A40C01A904313401843E4
:20D44000C0179622019B13400C3A0240C04318401043444202A81021F9F74CF8200007B0AC
:20D46000F0BD1024002DE3D02200380002A9D5F75BFCDDE787246442ECE7C046FFFBFFFFDD
:20D4800000404004FE220368D2051340802210B5D204934204D10830F3F7EEF8002010BD77
:20D4A00089204042FBE7C04670B596B004000D004822002104A81E00D5F730FC012321004B
:20D4C00000932A00330004A8FFF7C2FD041E3ED11B9B002B0CD06B461B9A1B7D9A4234D12E
:20D4E0001A9906A8F3F732F9FAF77CF8041E2ED102AB01931F9B1D9A00931C991E9B04A8D1
:20D50000FFF7ACFE041E22D11E9B029A002B03D09C46944463461E931F9B1E999A1A04A81E
:20D5200003ABFFF75FFF041E11D10399029A049B521820990A60FE22D20513408022D204BF
:20D5400093420CD0892464420CE087246442FE22049BD20513408022D204934202D106A8D3
:20D56000F3F78AF8200016B070BDC046F0B597B004000D004822002104A81F001C9ED5F74D
:20D58000CDFB0023210000932A003B0004A8FFF75FFD041E27D16B461A7D002A31D1002ECD
:20D5A00000D0B6181D9B03AD9A1A1F9B3100009301951E9B04A8FFF751FE041E13D11E9B34
:20D5C000039E002B03D09C46B44463461E931F9B1E999A1B04A82B00FFF704FF0400039BE0
:20D5E000209A9B191360FE22049BD20513408022D204934212D106A8F3F73EF8200017B07C
:20D60000F0BD310006A8F3F7A1F8F9F7EBFF041EE9D16B461A7D002EC3D1C3E7892464423E
:20D62000ECE7C04610B518220021D5F777FB10BD002387200B6040427047C04610B5446801
:20D6400082B0240A07D1059C0194049C0094FAF7C9FB02B010BD87204042FAE78C204042BC
:20D660007047C046F8B54746CE4680B51F00E023DB01034091469846802204000E003B0085
:20D68000D201904525D0002E1CD1DE0080210120F8F716FF051E00D1A4E009F019FF822201
:20D6A000524BD201234093421DD087246442280009F078FF2800F8F70BFF2000C0BCB94630
:20D6C000B046F8BDF21DD2089A42DFD087246442F3E78221454AC90102408A4252D0FB07D2
:20D6E000F4D57B08CFE7E0B230283FD025D8122832D01728D9D133004022C03B9343D4D102
:20D70000310001F0DBFE011E23D028000AF0A2FDF9F768FF041ECAD18023DB01984541D0BA
:20D720003B004A46290028780AF028FCF9F75AFF002843D1089B1D60BFE74128B5D180235A
:20D740005B009E423CD0C0339E42D9D0FF2EACD1D6E786246442AAE7254B9E42D0D015D9E0
:20D76000842292009642A0D11E00C9E7802332009A4380339A42C3D00133FF339E4200D070
:20D7800093E7BDE7C2B2412AA9D17CE70A3BFF3B9E42B5D016D83200E03B9A43C02A00D0F9
:20D7A00083E7ADE72E0068363B004A463100280009F0E0FFF9F716FF002809D0040076E73C
:20D7C000FF269DE7C0235B009E4200D06DE797E7310028000AF020F9F9F704FF0028A9D0E0
:20D7E000040064E78D24644267E7C04600CFFFFF09020000F0B5C6461600E0221F008023CC
:20D8000000B5D2010C0082B0DB011040984229D1682398468844404609F00EFF00280FD07A
:20D8200000230193164B22000093230041461C33603220000AF098FAF9F7D4FE051E1AD114
:20D8400000224146089B20000197009609F030FFF9F7C8FE051E0ED03A0000213000D5F7F8
:20D860005DFA08E03B003200089920000AF0DAFBF9F7B8FE0500280002B080BCB846F0BD00
:20D88000E1F40410F0B51F0000230C0085B0039303AB418805000088009313002200FFF71F
:20D8A000E1FE039E041E11D1822128880F4B326C0340C9018B4212D00C9B31001A600B9BE5
:20D8C0003A0000930A9BFFF795FF0400300009F069FE3000F8F7FCFD200005B0F0BDC3B2A9
:20D8E000413B59424B41D218E6E7C04600CFFFFF70B51E0000230C0084B0039303AB418848
:20D9000005000088009313002200FFF7ABFE041E16D1822229880E4BD20110000B40934259
:20D9200011D0039D099B320029000093089BFFF761FF0400280009F035FE2800F8F7C8FDA7
:20D94000200004B070BDFF2008401843E9E7C04600CFFFFFF0B517001B4A1D0094460388BE
:20D960001A4C0E001C40644462425441644223404188A1B0D8B201F0A1FD041E20D06846FA
:20D9800009F0A6FD210068460AF064FC041E07D0684609F007FE2000F9F724FE21B0F0BD6D
:20D9A000002368460A4A18A90AF024FA041EEFD13B003200290068460AF034FB0400E7E748
:20D9C00086204042EAE7C04600BFFFFF00CFFFFFE1F40410F0B51D0000230C008BB0059311
:20D9E00005AB41880088009313002200FFF73AFE002801D00BB0F0BD059E06A8F46BEFF739
:20DA00004FF908A8EFF74CF90734139BE40867009F4234D880232A005B001A401D4210D0F9
:20DA200006A8EFF743F908A8EFF740F9214D300009F0B8FD3000F8F74BFD2800F9F7D2FDAD
:20DA4000D8E71D4B03920293119B30000193109B08AA0093330006A9603308F02FF9051E5D
:20DA600006D12200129906A8EFF748FB051E0ED006A8EFF71BF908A8EFF718F9D7E706A86F
:20DA8000EFF714F908A8EFF711F90C4DCFE7129B2200191908A8EFF731FB050006A8EFF788
:20DAA00005F908A8EFF702F9002DC0D1149B1F60BDE7C04680B1FFFFE1F4041000B1FFFF7A
:20DAC00030B505006835040083B0280009F0B4FD002803D1F9F786FD03B030BD0021230063
:20DAE000220001910449200000911C33290060320AF03AF9EEE7C046E1F404101300002244
:20DB000070B50C0088B0039203AA4188008800922200FFF7A7FD041E02D0200008B070BDC2
:20DB2000039E04A8F56BEFF7BBF806A8EFF7B8F807350F9AED086B0093420ED09524644204
:20DB400004A8EFF7B3F806A8EFF7B0F8300009F029FD3000F8F7BCFCDFE72A000E9904A8E3
:20DB6000EFF7A8FAF9F73EFD041EE9D10E9B2A00591906A8EFF79EFAF9F734FD041EDFD1B2
:20DB800035006835280009F057FD002811D1F9F729FD041ED4D106AB019304AB0D9A0C9917
:20DBA000009330002B0008F03BF9F9F71BFD0400C6E7064B3200009333002900300001945B
:20DBC0001C3360320AF0D0F8E1E7C046E1F4041070B5040000880D000600FF218E43E22133
:20DBE000AEB0C9018E4200D06AE037490B40902109051943354B994262D10023029302AB3A
:20DC00006188009313002A00FFF72CFD041E02D020002EB070BD029D04A9039004902878FA
:20DC200001F03CFC040005A807F088FD8220C001204303AB00930499339B329A80B2FFF728
:20DC400011FD039E041E08D10122310005A807F063FEF9F7C7FC041E13D035993498F8F780
:20DC600049FC05A807F098FD300009F09BFC3000F8F72EFC280009F095FC2800F8F728FC30
:20DC8000C6E70022290005A807F046FEF9F7AAFC041EE2D10E4B349A36990190009305A872
:20DCA000359B07F0EBFEF9F79DFC041ED5D1369A049B12680733DB089342D2D0973CCCE760
:20DCC00087246442A4E7C0460000FFF600000209E1F40410030070B508001400002928D014
:20DCE0008022920093424AD00AD90132FF32934239D08022D20093423ED1254D254908E0BC
:20DD000080225200934231D08032934234D1224D22491A00EFF7CEF900282AD1002C06D0E7
:20DD2000012229002000EFF7C5F9002821D1002070BD002A20D080229200934226D009D971
:20DD4000C022920093421FD00132FF32934213D10F4DE5E780225200934213D08032934213
:20DD60000AD10D4DDCE70E4D0E49D2E70E4D0F49CFE7F9F737FCDBE787204042D8E70C4DB1
:20DD80000C49C6E7084DCBE7054DC9E7084DC7E7FC05061000060610F8050610000F06100A
:20DDA000F4050610000A0610EC05061080100610F0050610000D0610F0B5C6460F00E02198
:20DDC0001400802200B51D000388C90106008AB0D2010B40934216D1109B9C4200D96EE09C
:20DDE000220039002800D4F79FFF109B00211A1B2819D4F793FF119B1C60002630000AB060
:20DE000080BCB846F0BD02A8EEF74AFF04A8EEF747FF06A8EEF744FF08A8EEF741FF7388C6
:20DE200004AA0733DB08180008A99846FFF752FF061E17D12200390006A8EFF73BF9041ED8
:20DE40001DD008A8EEF732FF04A8EEF72FFF06A8EEF72CFF02A8EEF729FF2000F9F7C2FB0E
:20DE60000600CBE708A8EEF721FF04A8EEF71EFF06A8EEF71BFF02A8EEF718FFBEE70090FF
:20DE800008AB06AA04A902A8F0F726FD041ED8D14246290002A8EFF731F9041ED1D142463C
:20DEA000119B08A81A60EEF701FF04A8EEF7FEFE06A8EEF7FBFE02A8EEF7F8FE9DE78A26D5
:20DEC00076429BE7F0B5150087B004A80E001F00EEF7E6FE02A8EEF7E3FE0022280004A90E
:20DEE000FFF7F8FE041E08D004A8EEF7DFFE02A8EEF7DCFE200007B0F0BD00900321114BD1
:20DF000004AA02A8F0F7DAFE041E06D102A901220800EFF7CFFA041E0AD004A8EEF7C6FE1B
:20DF200002A8EEF7C3FE2000F9F75CFB0400E1E72A00310002A8EFF7E1F8041EEDD13D601D
:20DF4000D2E7C046E1F4041010B51800029B1400934208D3D4F7E8FE0020039B1C60049B51
:20DF6000E4001C6010BD8A204042FBE7F0B58DB01F00129B04000E0015009A4200D069E09C
:20DF8000149B9A4200D965E0FF2203889343E422D20193425ED102A8EEF782FE04A8EEF7D9
:20DFA0007FFE06A8EEF77CFE08A8EEF779FE0AA8EEF776FE608804AA0730C00802A9FFF78A
:20DFC00089FE041E11D002A8EEF770FE04A8EEF76DFE06A8EEF76AFE08A8EEF767FE0AA817
:20DFE000EEF764FE20000DB0F0BD2A00390006A8EFF760F8041E13D002A8EEF757FE04A86C
:20E00000EEF754FE06A8EEF751FE08A8EEF74EFE0AA8EEF74BFE2000F9F7E4FA0400E1E76C
:20E020002A00310008A8EFF745F8041EE4D1009002AB06AA08A90AA8F0F74EFC041EDBD18C
:20E040002A0013990AA8EFF759F8041ED4D1159B1D60B8E787246442C4E7C0460368114AA6
:20E0600010B50400934218D00BD90F4A94466344012B0FD8083004F0E7FE00230020236072
:20E0800010BD002BF9D0094A934203D10830F4F783FFF2E789204042F2E7083003F0B2FF65
:20E0A000EBE7C04609000002F6FFFFFD03000002036870B505000C00002B4CD1274B994251
:20E0C0003ED014D8264B994230D0264B994222D106000836300003F08FFF3000002103F082
:20E0E0009FFF061E12D02800FFF7B8FF0FE01E4B994210D106000836300004F09FFE30005E
:20E10000002104F0AFFE0600002EECD12C603000F9F768FA70BDFE23FE201B069C46C0050A
:20E1200020406044434258418738F3E7060008363000F4F72BFF3000F4F73CFF0600E3E775
:20E1400006000836300004F079FE3000012104F089FE0600D8E789204042DBE70A00000255
:20E1600003000002090000020B0000020368174A70B504000D00934221D00ED9144A94469B
:20E180006344012B15D8010028000831083004F063FE002023682B6070BD002B0CD00D4A0F
:20E1A000934206D10100280008310830F4F7FCFEEFE786204042EFE789204042ECE7010061
:20E1C00028000831083003F025FFE2E709000002F6FFFFFD0300000270B503680D4CA342F7
:20E1E00011D80D4CA34208D80C4DAB420ED0A34209D1083004F000FD02E0083005F0E0FD20
:20E20000F9F7F0F970BD89204042FBE70830F5F77FFCF5E70B000002090000020300000253
:20E22000F0B5802516000278AD041543294AC646944665441F000400884600B50368102DAB
:20E2400013D93E60002E28D1234A934235D8234A934215D822498B4232D093422DD1200062
:20E260004146083004F016FD0FE01E4BAD00ED583E60002E19D1B54228D82E002368E3E75E
:20E2800020004146083005F0FFFDF9F7ABF9002800D13E6080BCB846F0BD320021214046A2
:20E2A000D4F73CFD00262368CEE7320021214046D4F734FDB542E0D908E089204042E9E76B
:20E2C000200041460830F5F72BFCDEE78A204042E0E7C046FDFFFFFD0B000002090000027E
:20E2E0000300000280110610F0B50400B9B00D0017000021E02268461E00D4F70FFD3F9B9C
:20E300003E9A210068461A60FFF7D2FE041E19D0009B274A934234D00BD9264A934202D02B
:20E32000254A934202D102A804F08EFD200039B0F0BD002BFAD0214A9342F7D102A8F4F755
:20E340002BFEF3E73A0029006846FFF745FF041EDED13F9B3E9A31006846FFF761FF009B1C
:20E36000134A050093421AD00FD8002B05D0134A934218D102A8F4F70FFE002DD6D02C00D9
:20E38000D4E702A803F03EFED0E70A4A934202D0094A934209D102A804F056FDEDE702A8C6
:20E3A00003F030FEE9E7893CE7E789246442E4E7090000020A0000020B0000020300000292
:20E3C000F0B54646D6464F46C0B5A4B00392FF221E001A4080239B041343484A050094465B
:20E3E0006344102B2BD90660039B9946002B5CD104AF4A4636213800D4F790FCC8460024A1
:20E400002800F0304A465C2100190835D4F786FC31002800F9F730FF041E05D142463900D3
:20E420002800F9F7EFFF040080213800F8F762F8200024B0E0BCBA46B146A846F0BD304A14
:20E440009B00D258974640239846039B2E60994643452CD8002B48D004AF1A003800D4F72F
:20E4600063FC4C463A003621381913784B40137001329042F9D143461B1B1A0036213819E0
:20E480009946D4F74BFCEF239A46E03B6B4401229C466A20AA446346995C534641409954AD
:20E4A00013000132A342F6D1AAE70023984603AB0193802304AF00934A463B003000FAF7C1
:20E4C000DFF8041EB0D1039CC146002CCAD190E780239846B9E7066086246442A8E76823ED
:20E4E0009846B2E748239846AFE7C14680E7054A0660D358002B00D176E7EDE7FDFFFFFD53
:20E50000C411061008120610F0B54646D6464F460023C0B592B00193036816009A4680238C
:20E5200002789B041343234A050094460022634488469146102B04D81F4A9B00D218536CEE
:20E5400099462F0008374022380001AB02A9F9F7A9FF041E06D0200012B0E0BCBA46B14678
:20E56000A846F0BD51463800F9F786FE041E07D129004A463800F031F9F744FF041E04D088
:20E58000019902A8F7F7B6FFE5E73800019A02A9F9F738FF041EF3D14022380001AB02A94C
:20E5A000F9F780FF041EEBD13200404602A9D4F7BBFBE5E7FDFFFFFD08120610036870B5A6
:20E5C0000400002B11D00E4A1340E022920493420DD105008021F8300835F7F78BFF28008A
:20E5E0000830F9F737FE00232360002070BDBC2200215200D4F792FB89204042F6E7C04614
:20E600000000C07FF8B5CE464746066880B5110004001A00089B002E2CD103601F480700FC
:20E620008046E0201F408004874226D1FF20184080239B04034308208146A1444846A6600A
:20E64000FFF7BEFE051E10D02368002B0DD042461340BB421AD120008021F830F7F74AFF8F
:20E6600048460830F9F7F6FD26602800C0BCB946B046F8BD89256D42F7E7BC228625002138
:20E6800020005200D4F74AFB6D42EEE7BC22002120005200D4F742FBE7E7C0460000C07FE8
:20E6A000F8B5CE464746066880B5110004001A00089B002E2CD103601F4807008046E020D5
:20E6C0001F408004874226D1FF20184080239B04034308208146A1444846A660FFF770FECC
:20E6E000051E10D02368002B0DD042461340BB421AD120008021F830F7F7FCFE484608302A
:20E70000F9F7A8FD26602800C0BCB946B046F8BD89256D42F7E7BC22862500212000520039
:20E72000D4F7FCFA6D42EEE7BC22002120005200D4F7F4FAE7E7C0460000C07F036810B527
:20E74000002B09D0064C2340E024A404A34203D11030F9F757FE10BD89204042FBE7C04636
:20E760000000C07F70B5046815001E00002C0CD0074B1C40E0239B049C4206D10830FFF75B
:20E78000C3FE002800D1356070BD89204042FBE70000C07FF0B503680E00150091B0002B12
:20E7A00026D0402A21D8144A1340E0229204934217D12A0069460830FFF7A6FE6F46041E78
:20E7C00008D12A0069463000F2F722FB041E01D09524644240213800F7F78CFE200011B00D
:20E7E000F0BD89246F466442F4E787246442F5E789246442F2E7C0460000C07FF0B5C6463A
:20E800001600BC2200B5DEB00D006846002152001C00D4F783FA2C4B00941F009846E02324
:20E8200027409B049F424CD1FF22802322409B0413432900320002A8FFF7C2FD009B041E42
:20E8400011D0002B0AD042461340BB4206D13EA88021F7F74FFE04A8F9F7FCFC20005EB09F
:20E8600080BCB846F0BD659A002A0DD0002B25D042461340BB4221D1659A649904A8F9F729
:20E88000C1FD009B041E10D10F4A1340E0229204934213D1679A669902A8FFF735FE041E2A
:20E8A00002D1689B679A1A60009B002BD6D0064A1340E02292049342C9D0CFE789246442E9
:20E8C000CCE786246442C9E70000C07F70B50D00FF24010003001A48A143814215D019489E
:20E8E000814212D0184881421CD0184E580A4002B0420AD0164EB14207D01649884204D063
:20E9000000231370862040420BE0200018401C42F6D01070F4F7AAF8F4F7E8F9A8420CD102
:20E92000002070BD2000184010701C4202D18B42F6D0E7E78B42F3D0ECE787204042F0E79D
:20E94000000300060013000600020006000600060009000600040006F0B504000E00012090
:20E96000782185B01D001700F7F7AAFD286000283FD001F02BFCE023DB013A00310028684F
:20E980001C409C4225D001F06FFCF8F72BFE0400002C02D0200005B0F0BD286801F03CFC97
:20E9A0008023C0005B01984220D82D6802A8EEF777F9002300220194009402A9280001F000
:20E9C0000BFAF8F70FFE041E09D002A8EEF76EF9E0E701F0ABFCF8F705FE0400D8E702A887
:20E9E000EEF740FB4007F0D0863CEEE786246442D0E78D246442CDE770B51C0082B0D318E9
:20EA00000193E0231600DB010D001840310001AA98420ED0280001F059FA051E0EDB6B0091
:20EA2000A34214D9A5421FD30020069B1D6002B070BD280001F0F8FA051EF0DA22000021D3
:20EA40003000D4F76BF92800F8F7CCFDEFE7641B34192A0021003000D4F766F92A000021E5
:20EA60002000D4F75BF9DFE7641B2A003119300009F0E8FF220000217019D4F74FF9D3E7F5
:20EA8000F0B51F00002385B00393050003AB0088FFF762FF039E041E0FD1300001F0BCFBB7
:20EAA0000C9BC00080B218600B9B28883A00009331000A9BFFF7A0FF0400300002F076FF1C
:20EAC0003000F7F705FD200005B0F0BD70B51E00002384B00393008803ABFFF73DFF039D5C
:20EAE000041E08D0280002F061FF2800F7F7F0FC200004B070BD099B320000932900089B6A
:20EB00000248FFF779FF0400ECE7C0460140000070B505001E00A0B0002A0ED0042A09D870
:20EB200000248A180B78240201311C438A42F9D1002C03DA8624644218E0124C02A801F0F5
:20EB400045FB6B88002200940F4902A801F04EFD041E0ED1259B28883200009302A9249BEE
:20EB6000FFF74AFF040002A802F020FF200020B070BD02A802F01AFF2000F8F733FD040082
:20EB8000F4E7C04601000100E1F4041070B51D00002386B00593008805ABFFF7DDFE059ECA
:20EBA000041E08D0300002F001FF3000F7F790FC200006B070BD13236B441A0028000B99C1
:20EBC000FFF784FE041EEDD1300001F025FB0D9B984245D8FF232A009A43234B9A4229D091
:20EBE000224B1D40224B9D4202D087246442D9E76B4601213000DA7C01F0EEFA041E04D0F4
:20EC00002000F8F7EFFC0400CCE70C9B002202930A9B300001930B9B16490093002302F0CF
:20EC200023FC0400002CEBD1300001F0F5FA0E9B1860E5E700220021300001F0CDFA041E7F
:20EC4000DED16B460C9ADB7C02920A9A300001920B9A08490092002202F090FC0400E1E768
:20EC60008A2464429EE7C0460002000600EFFFFF00030006E1F4041070B51D00002386B033
:20EC80000593008805ABFFF767FE059E041E08D0300002F08BFE3000F7F71AFC200006B0F7
:20ECA00070BD13236B441A0028000B99FFF70EFE041EEDD1300001F0AFFA0D9B98424FD10E
:20ECC000FF239D43294B9D4218D0294B9D4227D08724284B64429D42DAD16B46DD7C012133
:20ECE0002A00300001F078FA041E3CD0224B9C4236D02000F8F776FC0400C9E70022002160
:20ED0000300001F069FA041EF0D16B46D97C0C9B300000930B9A0A9B02F0A8FD0400E5E76B
:20ED20006B46DD7C01212A00300001F055FA041EDCD1300001F070FA0B9B0238C01A03D422
:20ED40001C00834200DD04000C9B01940293290030000A9B0B9A009502F042FC0400C5E708
:20ED60009524644294E701246442EDE700020006000300060013000600BFFFFF70B5008886
:20ED80001D00344C344B86B004409C4225D10023059305ABFFF7E0FD059E041E08D03000FE
:20EDA00002F004FE3000F7F793FB200006B070BD300001F031FA0F9B98420BD8274B9D42AC
:20EDC0000ED0FF222900264B914399421DD087246442E4E78A246442E1E786246442E4E7AB
:20EDE0000E9B002201930A9B1E49009330000B9B02F02EF9F8F7F6FB0400002CCFD1300046
:20EE000001F00AFA109B1860C9E715402800F3F72DFE00281AD02A000121300001F0DCF944
:20EE2000F8F7E0FB041EBAD10E9B002203930A9B0C4902930B9B300001930D9B00930C9B1F
:20EE400002F02AF8F8F7CEFB0400D6E786204042E6E7C046FFCFFFFF014000000002000714
:20EE600000030007E1F40410F0B51E00002389B0149D2F4C00882B60A04221D1079307AB21
:20EE8000FFF76AFD079F041E08D0380002F08EFD3800F7F71DFB200009B0F0BD380001F0D3
:20EEA000BBF90F9B984208D1224B9E420BD0FF223100214B9143994215D087246442E4E7AB
:20EEC00086246442E7E7139B00220293129B1B4901930E9B380000932B0002F079FAF8F717
:20EEE00081FB0400D1E716403000F3F7BFFD00281BD032000121380001F06EF9F8F772FB5B
:20EF0000041EC2D1139B00220493129B0B4903930E9B38000293119B01950093109B02F056
:20EF2000B5F8F8F75FFB0400AFE786204042E5E7017000000002000700030007E1F40410E0
:20EF4000C0231B06C21810B51F2A18D893009B18184ADB009B181A7E022A0DD15A69824276
:20EF60000AD11A7E022A22D1DA69501C1FD000200132DA610B6010BD8C204042FBE7002863
:20EF800002DC88204042F6E700220B4B03E001322833202AF0D01C79022CF8D11C688442C3
:20EFA000F5D193009B18034ADB009B18D9E797204042E0E7BC130020D0130020094A030062
:20EFC000013890420BD90020002907D0C022120698188023DB059842804140427047012000
:20EFE000FCE7C046FEFFFF3FA0220121024BD200002099547047C046BC130020F0B5C64680
:20F000000C4BA02798461C000126032500B5FF0047442000E66125762834F8F7D9FDA7423E
:20F02000F7D1A02341460022DB00CA5480BCB846F0BDC046BC130020F0B5C646A02300B59E
:20F04000334DDB00EB5C80460F00002B3ED0A022D200A9182A7E2B00002A54D02E0006E076
:20F06000283399423BD01A7E1E00002A49D0022AF6D1F269002AF3D132792833002A2CD0EE
:20F08000994203D12EE028338B422BD01A7E1C00002AF8D1237E002B37D1013323764346BF
:20F0A000002B11D0651BED106B005B191A019B181A029B181A049B188022D205944642469F
:20F0C0009B005B1963441360002002E08920404200243C6080BCB846F0BD8B42C3D18D2025
:20F0E0004042F5E7337E022B04D1F3695A1C01D00133F3613000F8F76BFD0028E8D1340038
:20F10000C8E71C00C6E72C00C4E797204042DFE7BC13002070B5A02200250A4B0D60D20012
:20F120009B5C0C00002B05D0FFF70AFF03008C3303D070BD89204042FBE78820256040424F
:20F14000F7E7C046BC13002010B500280AD0027E931E012B0DD8C369032A05D0002B08D0A2
:20F16000013BC361002010BD012BF7D1F8F730FDF9E797204042F6E710B500280AD0027EF5
:20F18000931E012B0DD8C369032A05D0002B08D0013BC361002010BD012BF7D1F8F718FD37
:20F1A000F9E797204042F6E700207047C0B2431E98418523404298437047C046002386204B
:20F1C0000B6040427047C04600B583B0002802D1002003B000BD01A9FFF7B2FE00280CD1BD
:20F1E0000198C369012B0ED0027E023A012A0DD8002B0BD0013BC361EAE703008C33E8D1C2
:20F2000088204042E5E7F8F7E3FCE2E797204042DFE7C04600B583B001A9FFF791FE00281D
:20F2200011D1019B1A79002A02D0DA69012A0ED0197E8A1E012A0ED8DA69032905D0002AB7
:20F2400009D0013ADA6103B000BD012AF7D11800F8F7BEFCF7E797204042F4E7242270B5DE
:20F2600000210400D3F75AFDA022184BD20098180FE0216801312160120A07D0A2681969F7
:20F280000132A260226A8A4200D22162283398421BD01A7D002A12D09A69002A02D0A269BF
:20F2A0000132A2611A68D1B20029E2D061681D6901316160E169A942DED2E561DCE762693D
:20F2C0002833013262619842E3D170BDC013002070B50C00160082B003E0013C0130002C39
:20F2E0002AD001780029F8D09A1BA24229DB1D1B0100220028000195D3F716FD2B787F2BCA
:20F3000007D9AB1B002B1CDD0023013D01952B7001342200310001A8EDF722F9051E08DB5B
:20F320000222310001A8EDF773F9002807DB65192D18280002B070BD68256D42F9E705008A
:20F34000F7E76C256D42F4E7F0B5C64600B582B0050090461E00009041180223684601AABC
:20F36000ECF766FE002816D1019F002F20D00022009B9A561978002A1ADB00290FD0BE4213
:20F3800016D3009CF61B300021003A004044E419D3F7CAFC601B02B080BCB846F0BD5C1CAF
:20F3A000013F00940197002FECD05B78002BE6D168204042EFE7C0460300863314D00300B8
:20F3C00085330DDA022302009A43130093330ED09730434258416C23404298430138704712
:20F3E000431E98414042FAE772204042F7E770204042F4E770B5002A0CD0002403E001342A
:20F400000431A24206D000268D5F8542F7D10223C85E00E0984770BD03009933142B03D83C
:20F42000154A9B00D3589F460300853320DA022302009A431300933317D097304342584164
:20F440006C2340429843013800E00C4870470C48FCE70C48FAE70C48F8E70C48F6E70C4878
:20F46000F4E70C48F2E70C48F0E770204042EDE7431E98414042E9E79012061000C2FFFF6F
:20F4800080C0FFFF00C1FFFF80C1FFFF80C5FFFF80C6FFFF80C7FFFF00C3FFFF032809D09F
:20F4A000042804D1C02312205B000B60704700230020FAE7802312205B00F6E7002312282B
:20F4C00001D0180070470133FF33994205D08139FF394B4259418B00F3E70323F1E7C046F4
:20F4E000080010B51100FDF799F8002800D110BD3C204042FBE7C046F0B51F009BB00C0002
:20F500002099C31D7D18DE080195002844D07100914241D1C4225200934240D2210032003D
:20F5200002A8D3F701FCA11932000EA8D3F7FCFB2B003A0031000EA8FFF7CAFE041E26DBCA
:20F54000019B05001B1A3A00310002A80193FFF7BFFE041E1BDB019B2D181B1A2A003900E8
:20F5600001A80193ECF7FCFF041E10DB3022390001A8EDF74DF800280CDB651900244519F7
:20F580002A003800019909F05DFA219B1D6020001BB0F0BD0400FAE768246442F7E76C24C9
:20F5A0006442F4E7F0B54746CE4680B5C61D9BB00C00170098460091F608002848D07300DE
:20F5C0009946229B994540D84B46602B3DD889183023684601AAECF72BFD051E05D02800F0
:20F5E0001BB0C0BCB946B046F0BD4A46002102A8D3F794FB33000199009802AAFFF7A4FEC5
:20F60000031E20DB00980199C018C91A02AB9A19330000900191FFF797FE002811DB009BF2
:20F62000019A1B18121A009301921B1BBB4212D14A46404602A9D3F777FB4A46239B1A60CF
:20F64000CDE70500CBE70500C9E76C256D42C6E768256D42C3E766256D42C0E7F0B5DE460D
:20F660004E4657464546E0B595B09A461EAB1D78060001A80C009146F3F704FA2800F3F72A
:20F68000F5F9051E5FD001A8F3F7FCF90022290001A8F3F755FA834600280ED004A8402199
:20F6A000F6F728FF01A8F3F7F3F9584615B0F0BCBB46B246A946A046F0BD2800F3F716FB0A
:20F6C00040228046002104A8D3F728FB5B466F460093002CE2D04546A04500D9250001A86A
:20F6E000F3F778FA00282CD15246494601A8F3F799FA002825D10422390001A8F3F792FAA0
:20F7000000281ED104A901A8F3F7ACFA002818D1330004A97019002D0FD01A780E7801311C
:20F7200072401A7001338342F7D11E00FB78641B0133FB70002CCED1B0E7FB780133FB70A9
:20F74000C9E78346AAE7014B9B46AEE780BFFFFFF0B5CE46474680B587B098460EAB170040
:20F7600004CB05001C780E0091460021082201A8D3F7D4FA2000F3F779F9041E32D003A865
:20F78000F3F780F92100002203A8F3F7D9F9041E08D003A8F3F77CF9200007B0C0BCB94606
:20F7A000B046F0BD03A8F3F715FA041EF1D1082201A903A8F3F736FA041EEAD1320029004D
:20F7C00003A8F3F72FFA041EE3D14246390003A8F3F728FA041EDCD1494603A8F3F742FAEE
:20F7E0000400D6E7004CD7E780BFFFFF10B504006030EDF75BFA20006830EDF757FA200062
:20F800004830EDF753FA20001830EDF74FFA20002830EDF74BFA20002030EDF747FA200054
:20F820001030EDF743FA20000830EDF73FFA20005830EDF73BFA20005030EDF737FA20005C
:20F840004030EDF733FA20003830EDF72FFA20003030EDF72BFA10BDF8B50500083546689F
:20F86000040028000F00EDF703FC864252D180236268DB009A424DD800212800EDF700FD0C
:20F88000002847DD00212800EDF7A0FB002841D0002F38D02500203500212800EDF7F0FC51
:20F8A000002837DD00212800EDF790FB002831D0083500212800EDF7E3FC00282ADD002192
:20F8C0002800EDF783FB002824D0200000211030EDF7D6FC00281DDD200000213030EDF7A4
:20F8E000CFFC002816DD200000213830EDF7C8FC00280FDD200000214030EDF7C1FC002843
:20F9000008DD0020F8BD200000211030EDF7B8FC0028F6DC0048F5E780BFFFFFF0B5454689
:20F9200057464E46DE461C000023E0B583B0051E8A4690460C9E009301931FD18C4202D33E
:20F94000641A0A2C07D83D4803B0F0BCBB46B246A946A046F0BD0123033CB71C2200FF213D
:20F96000307073703800D3F7D9F938190570524641460130D3F7D8F90020E5E7F3F776F83B
:20F98000F3F7B4F9071EDED06A46280001A9F4F72FFB81460028D6D15745D4D1009D7D195C
:20F9A0002B0008337F2BCED83A0002330A329342C9D3A342C7D8651B0A3D0A2DC3D9B31C88
:20F9C0009A460123033D2A00FF21307073705046D3F7A4F92A004B46302152441370FBB247
:20F9E0009B465170009BD17008335B449370009BD51D9A46DBB2191D11710621937151710D
:20FA0000280052460199D3F78FF9052355442B704B466B700423AB702B1D99465B463A002E
:20FA200041464846EB70D3F77FF94F443219BA42A2D021003000F6F75DFD84E780BFFFFF88
:20FA4000F8B504000D0016001F00002904D00830EDF730FA00282ED1002E06D020003100F4
:20FA60002030EDF727FA002825D1002F06D0200039002830EDF71EFA00281CD1069B002B80
:20FA800006D0200006991830EDF714FA002812D1079B002B06D0200007991030EDF70AFA01
:20FAA000002808D1002D04D020000830EDF7E0FA6060002002E0024B9C466044F8BDC046DE
:20FAC00080BFFFFF70B504001D0000290AD0060008363000EDF7EEFA002830D13000EDF723
:20FAE000C7FA6060002D07D020002900049A2030EDF7E0FA002822D1059B002B07D02000AF
:20FB0000069A05992830EDF7D5FA002817D1079B002B07D02000089A07991830EDF7CAFA96
:20FB200000280CD1099B002B07D020000A9A09991030EDF7BFFA002801D1002070BD024B43
:20FB40009C466044FAE7C04680BFFFFF0823F0B5DE4657464E4645469B46E0B583448DB0D1
:20FB6000040000215846EDF78BFB20239846A044002105904046EDF783FB28239946A144A6
:20FB8000002103904846EDF77BFB18239A46A244002104905046EDF773FB10239C46A4442E
:20FBA00063460021050018000793EDF769FB30239C46A44463460021069026001800099325
:20FBC000EDF75EFB38360021089027003000EDF757FB40370A9000213800EDF751FB039BFC
:20FBE0000B90002B0AD0049B002B2BD139480DB0F0BCBB46B246A946A046F0BD059B002B6F
:20FC0000F4D0049B002BF1D1069B002D59D0002BECD04B465246009358464346079901F042
:20FC2000CBFE00283BD1089B002B3CD00A9B002B39D00B9B002B36D0012529002000FFF7D8
:20FC40000BFED4E7002D11D0069B002BCED0059B002BE8D14A4641465846EDF741FC0028E6
:20FC60001DD15846EDF704FA6060DCE7059B002B2AD1069B002BB9D04A4641465846EDF7DF
:20FC80002FFC00280BD15846EDF7F2F96060534649464046079A01F07FFF0028C3D00D4B37
:20FCA0009C466044A3E7524649464046099B0197009601F0D7FF0028BED0064B9C46604461
:20FCC00095E7002BB9D191E7069B002B00D18DE7DDE7C04680BFFFFFF8B557464E464546FA
:20FCE000DE46E0B50700083704000E003800002192461D00EDF7C4FA002816D1002D67D18F
:20FD00000B9B002B64D10D9B002B61D1002E54D0524631003800EDF7F1F900284DD0F0BCC6
:20FD2000BB46B246A946A046F8BD20239946A14400214846EDF7A4FA0028DFD02823984608
:20FD4000A04400214046EDF79BFA0028D6D018239B46A34400215846EDF792FA0028CDD0DA
:20FD6000200000211030EDF78BFA0028C6D0002E06D0524631003800EDF7C0F90028CED172
:20FD8000002D06D0290048460A9AEDF7B7F90028C5D10B9B002B06D040460C9A0B99EDF758
:20FDA000ADF90028BBD10D9B002B06D058460E9A0D99EDF7A3F90028B1D10F9B0020002B35
:20FDC000ADD02000109A0F991030EDF797F9A6E70048A4E780BFFFFFF8B5DE4657464E46E1
:20FDE0004546E0B51F0008239B46834405000C00584600211600EDF743FA002814D1002EAF
:20FE00005FD1002F5DD10A9B002B5AD1002C4ED059462000EDF74EF8002848D0F0BCBB463A
:20FE2000B246A946A046F8BD20239A46AA4400215046EDF725FA0028E1D028239946A94485
:20FE400000214846EDF71CFA0028D8D018239846A84400214046EDF713FA0028CFD028009D
:20FE600000211030EDF70CFA0028C8D0002C05D059462000EDF71EF80028CFD1002E05D0F2
:20FE800051463000EDF716F80028C7D1002F05D049463800EDF70EF80028BFD10A9B002BAC
:20FEA00005D041460A98EDF705F80028B6D10B9B0020002BB2D029000B981031ECF7FAFF58
:20FEC000ACE70148AAE7C04680BFFFFFF0B5D6464F4646468146C0B5002784B002AD280022
:20FEE00088461600ECF7DCFE002300220021484601950097FFF770FF0023041E9A461BD0CB
:20FF00002800ECF7D3FE002C0FDB524641463000ECF726FB041E08DB302241463000ECF7AB
:20FF200077FB002831DB54440419200004B0E0BCBA46B146A846F0BD2A0041463000ECF7A0
:20FF40008BFB041E1DDB8246002300222900484601970097FFF740FF041ED1D12A00414664
:20FF60003000ECF779FB041E0BDB82442800ECF79DFE524641463000ECF7F2FA041ECBDAA1
:20FF8000D3E72800ECF792FECFE70400CDE7C046F8B504000D000830002116001F00EDF768
:20FFA0006FF900283CD0200000212030EDF768F9002835D0200000212830EDF761F90028A3
:20FFC0002ED0200000211830EDF75AF9002827D0200000211030EDF753F9002820D0002D4E
:20FFE00006D0210028003031ECF764FF002813D1002E06D0210030003831ECF75BFF00280C
:020000041005E5
:200000000AD1002F06D0210038004031ECF752FF002801D10020F8BD024B9C466044FAE77F
:200020000048F8E780BFFFFFF0B5CE464746814680B585B002A80F001600ECF731FE0022E2
:200040000021484602ABFFF7A3FF0025041E23D002A8ECF72BFE002C18DB00223900300012
:20006000ECF73EFC041E11DB45192A0039003000ECF776FA041E09DB302239003000ECF76D
:20008000C7FA002800DA9FE064190419200005B0C0BCB946B046F0BD3900300002AAECF799
:2000A000DBFA041E00DA8BE0050000230021484602AAFFF76DFF041ECAD13900300002AA4D
:2000C000ECF7CAFA041E00DA7AE0002300222D1802A94846FFF75CFF041EB9D139003000FA
:2000E00002AAECF7B9FA041E6ADB002300220193009300212D1802AB4846FFF76DFE041EC7
:20010000A6D13900300002AAECF7A6FA041E57DB002300212D1801934846009302AAFFF79C
:200120005BFE041E00D093E73900300002AAECF793FA041E44DB002302AA00920021002290
:200140002D1801934846FFF747FE041E00D07FE73900300002AAECF77FFA041E30DB02AA5B
:20016000019200222D1813001100484600929046FFF732FE0400404500D069E73900300033
:2001800002AAECF769FA0400404519DB434642462D1801934846009302A9FFF71DFE040025
:2001A000404500D054E73900300002AAECF754FA0400404504DB2D1802A8ECF777FD4CE788
:2001C00002A8ECF773FD61E704005FE710B578220021D2F7A3FD10BD70B505000C0016008E
:2001E00001290BD803D000202C676E6770BD002AF9D01000F2F73AFC0028F4D10048F5E737
:2002000000BFFFFF006F7047406F704710B50830ECF728FF10BDC0464068704770B5002116
:200220000400FFF719FB051E1AD1260008363000ECF718FF7F2813D9103400212000ECF719
:20024000C5FE00280CD02000ECF70CFF012807D931002000ECF7C6FF002801DA280070BD6F
:20026000004DFBE700BEFFFF70B58C1882B00500009130232100684601AAEBF7D9FE002854
:200280000CD1009B019A9B189C4245D102232100684601AAEBF7CCFE002801D002B070BD81
:2002A0000099019A00290CD02E0008363000ECF701FF00282CD13000ECF7DAFE6860009915
:2002C000019A8918009102232100684601AAEBF7AFFE0028E2D10099019A002907D02800EC
:2002E0001030ECF7E7FE002818D10099019A891828000091FFF72AFC00280DD12800FFF717
:200300008DFF002808D1009BA342C7D06638C5E78123DB019842D2D00348BFE78123DB0182
:200320009842E2D00048B9E780BFFFFFF0B50D00140087B0060004A8ECF7B2FC03952D19EE
:200340003023290002AA03A8EBF772FE041E1FD1039B029A9B189D4200D0E4E0290001AA32
:2003600003A8EBF7E9FE041E12D1019B002B00D0D9E0290004AA03A8EBF7EAFE041E0AD06C
:2003800004A8ECF793FC002E02D03000FFF72EFA200007B0F0BD002104A8ECF771FF002825
:2003A00000D1D4E037000837380004A9ECF782FD041E00D0B0E03800ECF75AFE706029000D
:2003C00004AA03A8EBF7C4FE041ED9D1002104A8ECF756FF002800D1C4E0300004A9103095
:2003E000ECF768FD002800D09FE0290004AA03A8EBF7AEFE041EC3D1002104A8ECF740FF89
:20040000002800D1AEE0300004A91830ECF752FD002800D08FE0290004AA03A8EBF798FE9D
:20042000041EADD1002104A8ECF72AFF002800D198E0300004A92030ECF73CFD002800D091
:200440007FE0290004AA03A8EBF782FE041E00D096E7002104A8ECF713FF002800D181E0CE
:20046000300004A92830ECF725FD002874D1290004AA03A8EBF76CFE041E00D080E700218D
:2004800004A8ECF7FDFE00286CD0300004A93030ECF710FD041E00D072E7290004AA03A874
:2004A000EBF756FE041E00D06AE7010004A8ECF7E7FE002856D0300004A93830ECF7FAFCE2
:2004C000041E00D05CE7290004AA03A8EBF740FE041E00D054E7010004A8ECF7D1FE002891
:2004E00040D0300004A94030ECF7E4FC041E00D046E73000FFF72AFB041E00D040E7300029
:20050000FFF78CFE041E2FD1039B04A8AB4230D0ECF7CCFB663C36E7174B9C466444002C81
:2005200000D02DE74BE7144C32E7134BC418002C00D15AE724E7104BC418002C00D16AE724
:200540001EE70D4BC418002C00D17AE718E704A8ECF7ACFB084C16E7074BC418002C00D153
:2005600085E70DE7044C0BE704A8ECF79FFB034C09E7ECF79BFB0BE780BFFFFF00BEFFFF0D
:20058000F0B585B00400FFF749FE002829D101212000FFF761F9002823D1250026002700FE
:2005A00023000290019020001033203528361837009332003B002900083001F093FB002888
:2005C0000FD12200230040323834019231003A0028003033009401F077FC002801D105B0E8
:2005E000F0BD0148FBE7C04600BEFFFFF0B54E4645465746DE468024E0B58BB008AF0600AB
:20060000884691461D003800E400A34200D87EE0ECF746FB149B022B00DC92E0EB0700D5CC
:200620008FE00223039310239C46B4446346149918000793ECF798FC041E00D092E06B082D
:200640000593633B069320239A4608339B46103B9C46B4446346B2445446B34404934B460F
:200660000599009320004346039A8A46EEF710FD002800D075E04B46514600935846434612
:20068000039AEEF705FD00286BD15A4621003800ECF7F4FE002864D13800ECF7E3FC069BAC
:2006A0009842DCD90422BB5E002B61DB049B59462000079A01F070FA03000E336AD0002805
:2006C0004FD10498ECF7CEFC6B1C5B089842C6D93500083521005A462800ECF701FFA24628
:2006E000041E3FD12800ECF7C3FC3300403370600193083B009359465046049A083B01F017
:20070000B1FA041E3CD03800ECF7D0FA1FE0ECF7C7FA149B022B03DDEB0701D4A5422CD012
:200720003800ECF7C3FA002E02D03000FFF75EF81E4C20000BB0F0BCBB46B246A946A046A6
:20074000F0BD3800ECF7B2FA002EF1D0174C3000FFF74CF863427F2BEBD8154B9C4664446D
:20076000E7E704003800ECF7A1FA002EEFD1F1E759462000ECF7E2FB98E70023039352E73B
:200780003000FFF7FDFE04003800002C07D1ECF78DFACEE700210498ECF7E6FB5FE7ECF72F
:2007A00085FA3000FFF722F8024CC2E780BFFFFF80BEFFFF00BEFFFF70B504000D00FFF722
:2007C0002DFD002815D12800FFF7DAFE002810D12900200008310830ECF704FD002808D143
:2007E0002900200010311030ECF7FCFC002800D170BD0148FCE7C04600BEFFFFF0B50C008F
:2008000085B0002105001600FFF726F800283AD102A8ECF745FA21006A6802A8ECF74AFC8E
:20082000041E08D002A8ECF741FA184B9C466444200005B0F0BD2C000834210002A8ECF771
:20084000D1FC002804DB02A8ECF730FA104CEFE72A006F6802A948352300080010320095B0
:20086000EEF744F8041EDDD13A00310002A8ECF745FC040002A8ECF719FA002CD8D0034B88
:200880009C466444D4E7034CD2E7C04680BDFFFF7CBDFFFF80BFFFFFF0B557464E464546F5
:2008A000DE46E0B51C0005000E0017009FB0002900D1FFE10121FEF7CFFF002800D0F9E159
:2008C00006A8ECF7EDF908A8ECF7EAF90AA8ECF7E7F90CA8ECF7E4F912A8ECF7E1F914A80F
:2008E000ECF7DEF90EA8ECF7DBF910A8ECF7D8F916A8ECF7D5F918A8ECF7D2F921006A6895
:2009000006A8ECF7D7FB041E29D008A8ECF7CEF90AA8ECF7CBF90CA8ECF7C8F912A8ECF7B1
:20092000C5F914A8ECF7C2F906A8ECF7BFF90EA8ECF7BCF910A8ECF7B9F918A8ECF7B6F969
:2009400016A8ECF7B3F923007F3300DBC2E120001FB0F0BCBB46B246A946A046F0BD0823B6
:200960009846A844414606A8ECF73CFC00281FDB08A8ECF79BF90AA8ECF798F90CA8ECF757
:2009800095F912A8ECF792F914A8ECF78FF906A8ECF78CF90EA8ECF789F910A8ECF786F92F
:2009A00018A8ECF783F916A8ECF780F9CB4CCEE71CA8ECF775F9AB6E002B14D06023994693
:2009C000A9444A4649464846ECF78AFD041E06D1424649464846EDF727FA041E33D01CA887
:2009E000ECF764F991E700211CA8ECF7BDFA0B239A465D339B46083B9C46AC446346AB4494
:200A0000059333004246012158460097EEF756F9041EE4D1059943465A461CA88946EDF7E3
:200A200071FF041EDBD101211CA8ECF729FC002800D141E101235B429C46E2445346002BE2
:200A4000DFD1A74CCBE768239B46AB445A4659465846ECF745FD041EC1D14246594658466B
:200A6000EDF7E2F9041EBAD11CA8ECF71FF906A94A460800ECF734FD041E00D045E706A923
:200A800042460800EDF7D0F9041E00D03DE706A916A8ECF70FFA041E00D036E72023994679
:200AA000A9440122494608A8ECF704FD041E00D02BE728239A46AA44012251460AA8ECF797
:200AC000F9FC041E00D020E73B0032001C210CA8EEF7D0F8041E00D017E70CAA08A912A80C
:200AE000ECF7FEFC041E00D00FE72A0012A908003032ECF7BDFC041E00D006E73B003200FA
:200B00001C210CA8EEF7B6F8041E00D0FDE60CAA0AA914A8ECF7E4FC041E00D0F5E62A009D
:200B200014A908003832ECF7A3FC041E00D0ECE62B005033009312AA4B4606A90EA8EDF769
:200B4000CBFE041E00D0E0E62B005833009314AA534606A910A8EDF7BFFE041E00D0D4E6C0
:200B600010AA0EA906A8ECF789FC041E00D0CCE62A0006A940320EA8ECF7B2FC041E00D0C6
:200B8000C3E64A460EA906A8EDF74EF9041E00D0BBE6524606A90EA8ECF7A2FC041E00D089
:200BA000B3E60EAA10A906A8ECF762FC041E00D0ABE62B002A00483300931032434606A9DC
:200BC00018A8EDF789FE041E00D09EE616A918A8ECF708FB002800D088E0A868EEF7A8FF13
:200BE00007001AA8EE89ECF75BF81CA8ECF758F841461AA8EFF762F9041E12D17100013156
:200C00001CA8ECF763F8041E0BD1310006A8ECF75DF8041E05D131005846ECF757F8041EA2
:200C200003D01AA8ECF742F8D9E61C9BAA68069802931A9B0100019300973300EFF74CFA07
:200C40001C9BAA6E0393029701960698AB68010000933300EEF780FF1AA8ECF727F81CA89B
:200C6000ECF724F86A68289906A8ECF747FA040008A8ECF71BF80AA8ECF718F80CA8ECF72A
:200C800015F812A8ECF712F814A8ECF70FF806A8ECF70CF80EA8ECF709F810A8ECF706F832
:200CA00018A8ECF703F816A8ECF700F8002C00D14DE648E60B4C4AE62B002A0005994833AA
:200CC0000093080043461032EDF706FE041E00D1CAE684E6044B9C46644438E6FCBCFFFF0C
:200CE00080BBFFFF80BFFFFF00BDFFFF08A8EBF7DDFF0AA8EBF7DAFF0CA8EBF7D7FF12A8C2
:200D0000EBF7D4FF14A8EBF7D1FF06A8EBF7CEFF0EA8EBF7CBFF10A8EBF7C8FF18A8EBF7EE
:200D2000C5FF16A8EBF7C2FF004C10E680BCFFFFF0B557464E46DE464546E0B587B00700BA
:200D40008A461E1E029208D1109B002B57D15346002B57D07B68994610E0119B002B51D087
:200D600000294FD0436830009946F1F77FFEF1F7BDFF002846D0109B834243D17B6FDBB22F
:200D8000002B00D01E003000F1F770FEF1F7AEFF051E37D0129B01336ED0129B002B31DBF2
:200DA0001C0002331B1899452CD34A4600211398D1F7B4FF08239C46BC4463461800059395
:200DC000ECF750F94B46139A5B1B94469846023B1B1B63445A1C9346012203901A70594633
:200DE00022000298D04700280ED0294B9C46604407B0F0BCBB46B246A946A046F0BD119B96
:200E0000002BA4D12348F3E723005B44049300935A462300109911980196FEF799FC0028A3
:200E2000E6D1039A0730013A1040139A4146434258419446049C0139091A2B002200604482
:200E40000096FEF70BFC0028D2D10598ECF70AF94946FF22CB0001331B1A1A41139938008F
:200E60000B7813400B70BC23029A63550B0000915146FFF711FDBBE743009945C2D302332A
:200E80000400994591D24B469C1E241A8DE7C04680BBFFFF80BFFFFFF0B54546DE465746A3
:200EA0004E46E0B58846050092469B4683B0002900D16FE0406FC0B2F1F7D8FDF1F716FF26
:200EC000041E67D06B68470099460D9B0D9A0233DB1993425ED34B455CD84A4600210F9826
:200EE000D1F71CFF0F9B0F9A5E1C00233100137050462200C047002809D0274B9C466044B3
:200F000003B0F0BCBB46B246A946A046F0BD686F3319C0B29846F1F7A9FD00283AD043463B
:200F200059460C9AF1F7BEFE0028E9D14B460D9A981A012302380019C01B40440370002A89
:200F400023D10F9B671C9C464B46013B1B1B99466B6F6744DBB200933200230049463800EB
:200F6000FEF77CFB0028CBD16B6F3A00DBB2009321004B463000FEF771FB0028C0D10F9A68
:200F800028001100FFF73AFCBAE70E990130D1F7CBFED6E70148B3E780BBFFFF80BFFFFFCC
:200FA000F0B55746DE4646469A46C0B51700524683460E0043680C3244D852460B329A42AE
:200FC00040D852469B1A002209990A70002E39D08D1C022109984170032B2FD08046013BEA
:200FE0009844642404E0013C002C0FD000280DD1012229003800B0472B78002BF3D0002827
:2010000004D16B1C434509D01D00EAE70E4B9C466044E0BCBB46B246A846F0BD53466870A5
:20102000002B05D1099A58461100FFF7E7FBF0E7A81C52460899D1F777FEF3E7099BD81C02
:201040009A70F6E70148E4E780BBFFFF80BFFFFF10B5046F84B0002C0ED0012C0AD101930D
:201060000023079C00930394069C0294FFF714FF04B010BD0448FBE7079C0194069C009422
:20108000FFF78EFFF4E7C04600BFFFFFF0B557464E46DE464546E0B5694C0E00A5440393D3
:2010A000036F04001700012B00D0C0E043681A009846FC23103A9B009A4200D9B7E0406F65
:2010C000C0B2F1F7D3FCF1F711FE051E00D1AEE0431C9A465B009B46434500D9A7E014AB4C
:2010E00000939946FFAB843331003A0020001B68FFF7D2FB061E11D080214846C900F5F763
:20110000F9F9402104A8F5F7F5F930004D4B9D44F0BCBB46B246A946A046F0BD434602AEED
:20112000B44649205F1E636FCA44DBB27F1B009352463B0029006044FEF790FA061EDBD146
:2011400002A98C464922636F3900DBB2009350462B006244FEF782FA061ECDD1606FC0B2A1
:20116000F1F784FC002800D167E0FFAA7C321268039904ABF1F796FD061EBDD14B461F7856
:201180007B421F43FF1702AA9446492363445C192A00210004A8EFF73BFE43421843C0173F
:2011A000621901253843824603926D425B464146023BCB1A9C1E022B16D094460027A44407
:2011C00001200024137821004B4059420B43DB179D43030001322B40FF186245F2D1039B18
:2011E0009C46BC446346039303990B78012253405A421343DB17002250461843824218D155
:201200004B460131CA1A43469A1AFFAB8C331B689A4210D8FFAB80331B681A60002A00D1E5
:201220006AE7FFAB88331868D1F77EFD64E7064E6BE7064E60E7064E5EE7034E5CE7C04676
:20124000ACFBFFFF5404000080BFFFFF00BFFFFF00BCFFFFF0B54546DE4657464E46E0B5C3
:20126000584C9846036FA5444468002B00D0A7E02300FC25103BAD00AB4200D9A0E004AD30
:20128000FFAB00953C331B68FFF706FB061E0DD080212800C900F5F72DF930004A4B9D44DB
:2012A000F0BCBB46B246A946A046F0BD0B235B429A46FFAB5F6CA2444433574500D9574678
:2012C0002A7853421A43D2176B7802214B4059420B43DB171A430292002002AA94462A194B
:2012E000914601210A2363448C4649460022A14600260C0003971978370079404F4239435D
:20130000C917C9430843C1438B4661460133814352189C42EFD14C4613000821039F180092
:2013200048405B1A834301400B43DB1759460298A21A0843184301003B00033A0B40C943FE
:201340001140194389460B0039000A005A40C91A914313401943C91788228223D2018B46F0
:2013600006000A40DB013340F64316401E4302AB9C460843132152466144EFF7DFFD764219
:201380003B005A4649461340D2430A401A43E41B2C19934639002000BA1AEFF74BFDFFABB2
:2013A00044331B68002B03D143465A461A606FE7FFAB3A002100186C4033D1F7B5FCF3E7EC
:2013C000024E6AE7ECFBFFFF1404000080BFFFFF10B5046F86B0002C10D0012C0CD101931A
:2013E00000230A9C00930494099C0394089C0294FFF74CFE06B010BD0548FBE70A9C029455
:20140000099C0194089C0094FFF724FFF2E7C04600BFFFFF10B584B0089C039401246442A6
:201420000294079C0194069C0094FFF781FC04B010BDC04610B5046F84B0012C10D1446F81
:20144000002C01D1002B0BD0099C0394089C0294079C0194069C0094FFF76AFC04B010BDC7
:201460000048FBE780BFFFFF10B5046F84B0012C11D1446F002C01D1002B0CD0089C039497
:20148000012464420294079C0194069C0094FFF74FFC04B010BD0148FBE7C04680BFFFFF4D
:2014A000F0B5C64600B5040088461500180082B0002B35D1089B002B32D1236F002B32D1D3
:2014C0000A9A636808990092099AFEF727FA002829D161680130F4F7F3FF061E46D001205D
:2014E0006168F4F7EDFF071E3DD02A00414620000A9B0096FFF7D0F9051E16D0300061684D
:20150000F5F704F838006168F5F700F8212162680A98D1F703FC280002B080BCB846F0BDC8
:20152000099B002BC9D1134DF5E73A0031002000FFF764F9051EE1D1380062680A99EFF7C8
:2015400067FC051E01D00C4DD8E7310062680A98D1F7EAFB30006168F4F7D8FF3800616816
:20156000F4F7D4FFD7E73000F4F7B2FF10256D42D1E7C04680BFFFFF00BDFFFF10B584B090
:20158000002B18D1069C002C15D1046F002C1AD0012C15D1446F002C01D1002B0ED0089C89
:2015A0000394012464420294079C0194069C0094FFF7BEFB05E0079C002CE6D1064800E07D
:2015C000064804B010BD089C0294079C0194069C0094FFF765FFF4E780BFFFFF00BFFFFF65
:2015E000F0B54546DE4657464E4690468022E0B55B4C0F00A5440393FFAB7C331B7814AD77
:20160000040000212800D2009B46D1F787FB002F00D085E04346002B00D081E063681A0052
:201620009A46FC23103A9B009A4200D97CE0FFAB84332A0020001968FFF7E0F8002867D15B
:2016400053465E1EAB5DBC2B00D083E0002F6DD15846F1F70BFAF1F749FB071E64D02000B6
:201660000830EBF7FFFC431E9946514601235B1A2A78DB004B441A4156D102AB9C4649245B
:201680004B4664445B075DD1BB1CB3424CD8F11B013963189A465B465246009320003B00C9
:2016A000FDF7DCFF002833D14B46FF22F600F61A32412B7813402B705346591EA14202D8A6
:2016C0004AE08C4241D0237822000134002BF8D00132012B3ED15346FFA9803109689B1A96
:2016E000013104D0FFA9803109688B4232D1594604AC0191039841460094FEF729F8002875
:2017000006D13A002100504607F078F900281FD1144B9D44F0BCBB46B246A946A046F0BD1A
:20172000039B002B00D079E70F48F1E73800F1F79DF9F1F7DBFA0028F6D0804500D187E71C
:201740000948E5E756462C009EE753782200BFE70648DDE70648DBE722002378B8E7C04608
:20176000ACFBFFFF5404000080BFFFFF80BCFFFF00BFFFFF30B585B0002901D1002A01D028
:20178000002B0FD0456F0C00002D09D1089D0094029501256D420195FFF722FF05B030BD84
:2017A000ECB2F3E70048F9E780BFFFFFF0B54646D6464F46C0B5924607000E00984682B0F8
:2017C000002924D1002A22D17D6801202900F4F777FE041E24D029000120F4F771FE8146BE
:2017E000002819D000902B00424651463000FEF795F800281DD1220038000A99FEF7FEFF47
:20180000061E20D029002000F4F780FE16E04346002BD9D1134E05E029002000F4F776FEC0
:2018200010267642300002B0E0BCBA46B146A846F0BD29002000F4F769FE0A4E2900484600
:20184000F4F764FEEEE749462A002000EFF7E0FA290006002000002ED6D0F4F757FE024E1A
:20186000ECE7C04680BFFFFF80BCFFFF30B585B0002909D1002A07D1046F002C16D0012C47
:2018800006D00D4805B030BD002BF5D10B48F9E7456F0C00002D00D0ECB2089D009402952C
:2018A00001256D420195FFF79BFEEBE7089C0094FFF77CFFE6E7C04600BFFFFF80BFFFFFE6
:2018C0004B6870B5436005000E0008300831EBF7F1FA041E04D02800FDF788FF200070BD56
:2018E0003100280010311030EBF7E4FA041EF2D13100280018311830EBF7DCFA041EEAD1EA
:201900003100280020312030EBF7D4FA041EE2D13100280028312830EBF7CCFA041EDAD1C9
:201920003100280030313030EBF7C4FA041ED2D13100280038313830EBF7BCFA041ECAD1A9
:201940003100280040314030EBF7B4FA041EC2D13100280050315030EBF7ACFA041EBAD179
:201960003100280058315830EBF7A4FA041EB2D13100280048314830EBF79CFA041EAAD179
:201980003100280060316030EBF794FA041EA2D13100280068316830EBF78CFA041E00D0E4
:2019A00099E7326F736F2A676B6797E710B5002801D0FDF71BFF10BDF0B54F46D64680B51F
:2019C00097B006000D0014007249362208A81F00D1F7AAF9002F51D01E9B002B4ED03B6857
:2019E000002B4BD11E9B1B68002B47D100213000EBF746FC002841DD01212000EBF740FC06
:201A000000283BDD31002000EBF7ECFB002835DA01212800EBF734FC00282FDD310028004C
:201A2000EBF7E0FB002829DA06A8EBF739F904A8EBF736F921002A0004A8EBF751FD041EF6
:201A40000BD006A8EBF732F904A8EBF72FF9200017B0C0BCBA46B146F0BD04A9012208005B
:201A6000EBF728FD041EECD104A8EBF7E5FA83B29A46002B05D104246442E2E70424644298
:201A8000E5E70004010C04A8EBF764FB041ED8D1072233681B681340013B5A425A419146CD
:201AA00018214A4602AB5B18995C06A8EBF75CFA041EC6D133000021380006AAECF722FF69
:201AC000041EBED101213800EBF7DAFB002807D001239C46E1444B469BB2362BE0D1CAE779
:201AE0001E9B06A900930800330004AAECF7F4FE041EA6D101251AE006A901220800EBF7B8
:201B0000D9FC041E9DD106AA11001000EBF7E8FC041E00D095E706A932000800ECF784F912
:201B2000041E00D08DE70135ADB2AA452AD3012106A8EBF7A5FB002824D006A90122080076
:201B4000EBF7A2FC041E00D07BE733000021380006AAECF7D7FE041E00D072E70121380018
:201B6000EBF78EFB0128C7D131003800EBF73AFB0130C1D13B00320000211E98EBF7AEFE24
:201B800004005EE7012106A8EBF77AFB00289FD071E7C0461CCB0510F0B504000F00160016
:201BA0001D0085B0002B57D000211800EBF768FB002851D101212000EBF762FB00284BDDE8
:201BC00001213800EBF75CFB002845DD00213000EBF756FB00283FD000213000EBF7F6F94B
:201BE00001283CD16846EBF75BF802A8EBF758F8210001226846EBF75DFC041E08D068461B
:201C0000EBF754F802A8EBF751F8200005B0F0BD0122390002A8EBF74DFC041EEFD169467D
:201C2000280002AAECF738FF041EE8D16946684602AAEBF755FC041EE1D12B006A460021CF
:201C40006846EBF74BFE041ED9D16A4631002800EDF7C0F80400D2E704246442D5E70E24C1
:201C60006442D2E7F0B5C64600B582B0060068461D000F009046EBF713F8002D15D0012295
:201C800031006846EBF716FC041E07D06846EBF70DF8200002B080BCB846F0BD6A464146F3
:201CA0002800ECF7C1F8041EF0D1089B002B0DD0012239006846EBF7FDFB041EE6D16A4665
:201CC00041460898ECF7B0F8041EDFD1099B0024002BDBD0320039000998EDF71BF80400DB
:201CE000D4E7C046F0B5C64600B584B00600684698460C001500EAF7D3FF02A8EAF7D0FFC9
:201D00000B9B002B54D0002C19D0322120000C9B0B9AEDF77BF9002809D1002D62D03221EE
:201D200028000C9B0B9AEDF771F9002844D06846EAF7BCFF02A8EAF7B9FF624834E0002D2D
:201D400007D0322128000C9B0B9AEDF75FF90028EDD1002E21D04346002B1ED00A9B002B32
:201D60001BD001214046EBF78BFA0028DFDD01210A98EBF785FA0028D9DD31004046EBF7E9
:201D800031FA0028D3DA31000A98EBF72BFA0028CDDA002C01D0002D33D16846EAF786FF58
:201DA00002A8EAF783FF002004B080BCB846F0BD002CCED0002D15D0002E1CD02A0021001A
:201DC0006846EBF78DFB071E70D101213000EBF757FA0028ABDD31006846EBF703FA00286A
:201DE00002D0A4E7002ED8D04346002BD5D00A9B002BD2D0B5E74346002BCED00A9B002B27
:201E0000CBD001212000EBF73BFA002800DC8EE701212800EBF734FA002800DC87E7414602
:201E200068460A9AEBF75CFB071E3FD1012269466846EBF73FFB071E38D10122210002A82A
:201E4000EBF738FB071E31D16946684602AAEBF7EBFF071E2AD100216846EBF711FA00286D
:201E600000D064E7414668460A9AEBF739FB071E1CD1012269466846EBF71CFB071E15D1C2
:201E80000122290002A8EBF715FB071E0ED16946684602AAEBF7C8FF071E07D101006846F8
:201EA000EBF7EEF9002800D177E740E76846EAF7FDFE02A8EAF7FAFE024B9F4200D13CE7AC
:201EC000F81871E700BEFFFFF0B585B0040068461F000D001600EAF7E3FE02A8EAF7E0FEE5
:201EE000002F19D0002C1CD0012221006846EBF7E1FA002806D13200390002A8EBF7BEFA55
:201F0000002855D03A4B984200D16EE0394B984207D0374BC41805E00A9B002B5DD0002D54
:201F200009D1344C6846EAF7C1FE02A8EAF7BEFE200005B0F0BD012229006846EBF7BAFAA0
:201F40000028DFD132000A9902A8EBF797FA0028D8D102A96A460800EBF766FF0028D1D172
:201F6000002102A8EBF78CF900283ED10B9B002B1CD0002CD5D02A0068460B99EBF7B0FA62
:201F80000028BFD1012269466846EBF793FA0028B8D1220069466846EBF746FF0028B1D199
:201FA00000216846EBF76CF900281ED10024B9E702A96A460800EBF737FF0028A2D10021F9
:201FC00002A8EBF75DF900280FD10A9B002BA6D10B9B002B06D10024A4E70B9B002BE5D0F3
:201FE000002C9ED0002DC6D19BE7014C9AE7C04600BEFFFF80BFFFFF10B568220021D0F7FD
:202000008DFE10BD10B5002802D06821F4F772FA10BDC04610B56822D0F786FE10BDC04689
:20202000002913D10B4B016483640B4B4164C3640A4B03650A4B43650A4B83650A4BC3655B
:202040000A4B03660A4B43660020704774204042FBE7C04667E6096A85AE67BB72F36E3CCB
:202060003AF54FA57F520E518C68059BABD9831F19CDE05BF0B5DE4657464E4645460300AA
:202080000C00E0B54833E9B019001D90202260A81C93D0F749FE210020A840344B780A781C
:2020A0001B0213438A7812041A43CB7804311B0613431BBA08C0A142F0D1649B669C9A4627
:2020C000609B0A499B46639B679D99461EAB9C46009464468846039153465A464946AC46EB
:2020E0006598619E629F019402E0C046301306101D000624E541AA461D000534E541A94645
:2021000055464C466540AA4619241D00E541A94655464C466540AA4645462D68009CA94621
:20212000019DAD68AB46250045401D406540D944D144AA46D144E14449448B46150002215D
:20214000CD410D24AC461500E541AA46654651464D40AC4616211500CD41AA4665465446D3
:202160006540AC46150035433D40CC44A94635001540AA464D4654462543A94645466D6861
:20218000CC44A946019D009CED685946AA461D004540D144A2462C005D460C400621CD4133
:2021A000D14444404C44A9465D460531CD41AA464D4651464D40A94619215D46CD41AA46AF
:2021C0004D4651464D40A9464C44E11965460227FD41A94665460B37FD41AA464D46574683
:2021E0007D40A94616276546FD41AA464D4657467D40A9466546154335404C44A94665469F
:202200001540AA464D4657463D43A9464546AD684C44A946019D0F002D690097AA46D144DC
:202220008144584658400D0008400621CD4158404844A9463D000B27FD41AA464D4651463F
:202240004D401921A946009DCD41AA464D4651464D40A94602212500CD414844A946250091
:202260000B31CD41AA464D4651464D40A94616212500CD41AA464D4651464D40A9466546D3
:202280002543154086194844A94665462540AA464D4651460D43A9464546ED684844A946A3
:2022A000019D00996D69AA46D14499445B464B405946334035004B400621CD414B44A9467E
:2022C0003500FD41AA464D4657467D40A94635001331CD41AA464D4657467D40A946050067
:2022E0001739CD414B44A94605000B31CD41AA464D4657467D40A94605000931CD41AA46AA
:202300004D4651464D40A9462500614605430D409A184B44A94605002540AA464D46514602
:202320000D43A94645462D694B44A946019D009FAD69AA463D007540290011401500794042
:202340000627FD41D144D9444944A94615000537FD41AA464D4657467D40A94619271500B4
:20236000FD41AA464D4657467D40A94602271D00FD414944A9461D000B37FD41AA464D4633
:2023800057467D40A94616271D00FD41AA464D4657467D40A94605001D4325408C44494469
:2023A000A9461D000540AA464D4657463D43A94645466D694944A946019D009FED69AA46DD
:2023C00035005540D144BA462F0065462F40D14477404F44BB460627FD41A9466546053734
:2023E000FD41AA464D4657467D40A94619276546FD41AA464D4657467D40A9465F464F44A6
:20240000E41900940D000224E541A9460D000B34E541AA464D4654466540A94616240D0079
:20242000E541AA464D4654466540A9461D000D4305404F44A9460D001D40AA464D4654460A
:202440002543A9464546AD694F44A946019D009C2D6AAA46D144B14466465640250026406A
:202460000624E54156404E44A946009D0534E541AA464D46544665401924A946009DE54148
:20248000AA464D4654466540A94602243D00E5414E44A9463D000B34E541AA464D465446C2
:2024A0006540A94616243D00E541AA464D4654466540A9460D003D431D4080194E44A94636
:2024C0003D000D40AA464D4654462543A9464546ED694E44A946019D009C6D6AAA46D14486
:2024E0009144624665466240024006246A400500E5414A44A94605000534E541AA464D466D
:2025000054466540A94619240500E541AA464D4654466540A94602243500E5414A44A94676
:2025200035000B34E541AA464D4654466540A94616243500E5414C466C40A1463C003443E3
:202540000C409B184A44A14634003C40A2464C4655462C43A14620244A44A146019D2EACBB
:202560002035C8440195A54200D0C1E59A46259B93460C932D9B299A1593249B17920B93B6
:202580002C9B269A1693239B10920E932B9B2E9A1993229B209D0D932A9B02901893279BF2
:2025A00008000F932F9B03990A93289B09921193219B094A0497914630AA90464A1CFF32A4
:2025C00041461B9252462F00019208965A460391E346844611E0C046701306101A990A94C7
:2025E0000991079917910699119112991891139919911499169105991591099D1121280076
:20260000C841290004001320C1416140AC0A1E0061400724E64135001E000B34E6413400FA
:20262000179E6C40B246DD08019E6C40091951440624BA463700E7418A4439000B27FE4159
:2026400034004C401921019E009FCE4139007440029E55467140019E0695314079404F4661
:2026600061183C68039F09193D60140002251700EC410B35EF413D00170065401624E74192
:202680007D401700089E514437433C00049F16403C4034430A9F59442D196D188C44112473
:2026A0003900E1413C00C44118984C408246B90A0D9F614053443C00CB1807213E00080046
:2026C000CC410B31CE413100029E6140FC0861405B1831001C006346019F079479401940D5
:2026E00071404B46009E5B68B2465344A246039E5344C918746006236646DE410B27340079
:202700006646FE41330066460E37FE41634073405B1804992E0088469844414600910221F2
:20272000CE4134002E000F000B31CE4131002E0061401624E641714016002E433400089E5B
:2027400034402E001640344309198A460E9E9A443300C341122419003300E3414B40F1082D
:20276000199E5940B3460D9B069E5B443400C91833000A30C4410230C3416340B40A634064
:20278000C918080061464446019E7140214071404E46B368029E1290B3465B448346039ECA
:2027A0005B44B060C918260006234046DE41340006000B20C6413300464663401924E64163
:2027C00073405646FE415B1808990D24884631005646E641340056464C401621CE4151462B
:2027E000744056469844404629432E40114031436418E4180B9B029007211800C8411E0071
:20280000010018001223DE4133004B40C1085940169B0E9E9B46079B5E44891911201E00B8
:20282000C641B3461E000230C64133005E467340079E4046B60A7340CE186146009BB346F8
:2028400059400B00614603404B40019849468046C9680298414459445B1803991396CE609E
:2028600006000621CE41310006000B20C641300048401921029ECE417040C0182300FB412B
:2028800011181A0023000B37FB41534022000937FA41534052465646224326402A403243B3
:2028A0000C9E9B181B18072230003700D0410B32D7413A004240F008159E5040B3460B9AFD
:2028C000129E5A44370080181122D741BB4637000232D7413A005F46B60A7A407240009F62
:2028E000801806003800029A149650404A46126908406244B446784062448018039A0F0097
:2029000016610622D741BC460F000532D7413A0067460E007A401927FE41AB4602271D003B
:20292000724012181800FD410B37F8411F0068401625EF412500784057461D433D401F0042
:2029400027403D4340198446109F07253800944493443A00E8410B35EA4142400998FD08B5
:20296000804655400C9A139E4244AD18300011223700D0410232D7413A004240B00A42406B
:20298000AA18029D05922E004E403200584602404846009F40696A403F1805985E46804693
:2029A0004744D7194246039842610620C6410B2230005E46D64132005E4642401920C641F9
:2029C0007240D219924450460227009060466646F8410B37FE413700664647401620C64182
:2029E00060467740664618431E40204030430F9E3F18BD1807203200C24137001000122292
:202A0000D7413A004240F0080A9E5040B046109A149E4244801837001122D741BA46370089
:202A20000232D7413A005746B60A7A407240861837001A964E465A46B846B0690495029E3E
:202A4000009D4A402A4036184A4046449619039A2800976106272A00F8410537FA4142408E
:202A600028000E37F8414240049D9219A61837002C0002960226F4412E0020000D24E64126
:202A8000464028000934E04164462C4346402000644618402C4020433618B218119E1500BE
:202AA0000724089232001220E2413400C4415440F2080F9E5440B046069A4444904611229B
:202AC0000598059ED0410232D6413200424005984444800A4240A4185A4600983E004240C1
:202AE00058463A4050404A46D2698A1812190399821838000627CC613100F8410537F941EE
:202B0000414030000E37F841414089182A002800173FFA410B37F84150402A000937FA41D1
:202B2000049E5040320067462A433A402F005D1820238246984637403A4392445246039813
:202B4000159F4044199B03900C970998169F119E0B970E930A9F189B10901B98C1440D93B7
:202B60000F97179B370001958A18814500D035E5059BE1469C46922358465B00934622008C
:202B80005446AA461EADE8504846103BE850280065461E915146183BC550009D2433049F7F
:202BA000C5501A9D103BC750103BC550029D1C33089EC550103BC650083BC2501433C150D0
:202BC0005946103B1F941D9CC1501C9B60A968341A6801C9121804C3A342F9D194211EA8CB
:202BE0004900F3F787FC002069B0F0BCBB46B246A946A046F0BDC046F8B54746CE46060065
:202C000080B58846171E24D03F24036C1C409B180364934202D2436C01334364002C1DD1F3
:202C20003F2F34D93F2399464446E519210030004034FFF71FFA2B1B3F2BF7D83B004A4632
:202C4000403B934340339844FF1A3F2FECD8002F1DD10020C0BCB946B046F8BD40252D1B79
:202C6000AF4205D23A0041463019D0F75DF8F0E741462A0030193F19D0F756F8403F310078
:202C80003000FFF7F7F9A8443F2FCBD8DFE70024E8E7C0463F2270B50500036C0C00134009
:202CA000581C4132EA54382800D976E0483A121A00212818D0F732F82A6C6B6C510FDB00B8
:202CC0000B4338211BBA6B54180A01316854180C013168541B0E01316B54D3003C221BBA77
:202CE000AB54190A0132A954190C0132A9541B0E0132AB5429002800FFF7BCF9AB6C280097
:202D00001BBA1A0A237062701A0C1B0EE370EB6CA2701BBA1A0A237162711A0C1B0EE37147
:202D20002B6DA2711BBA1A0A237262721A0C1B0EE3726B6DA2721BBA1A0A237362731A0C6C
:202D40001B0EE373AB6DA2731BBA1A0A237462741A0C1B0EE374EB6DA2741BBA1A0A2375BC
:202D600062751A0C1B0EE3752B6EA2751BBA1A0A237662761A0C1B0EE3766B6EA2761BBA4D
:202D80001A0A62771A02120E23771B0E6821A277E377F3F7AFFB002070BD40220021121AAB
:202DA0002818CFF7BBFF29002800FFF763F9382200212800CFF7B2FF7EE7C04670B5060000
:202DC0000D0014009AB0002B24D1482200216846CFF7A4FF114A124B310012921393114A38
:202DE000114B684614921593104A114B16921793104B114A189219932A00FFF7FDFE21002B
:202E00006846FFF747FF68466821F3F773FB00201AB070BD74204042FAE7C04667E6096A65
:202E200085AE67BB72F36E3C3AF54FA57F520E518C68059B19CDE05BABD9831F10B5D82241
:202E40000021CFF76BFF10BD10B5002802D0D821F3F750FB10BDC04610B5D822CFF764FFAC
:202E600010BDC046F0B58DB0012961D8002942D0314B324C324E0A930B94324B324C334FCC
:202E800008930994324B334C334D06930794334B334C04930594334B334C02930394334C75
:202EA000334B00930194334C00220023026043608260C3600A9A0B9B8261C361089A099B07
:202EC00002624362069A079B8262C362049A059B02634363029A039B8263C363009A019BDA
:202EE00002644364D023066147618464C564C15000200DB0F0BD204B204C214E0A930B9495
:202F0000204B214C214F08930994214B214C224D06930794214B224C04930594214B224CD1
:202F200002930394214C224B00930194214CBBE775204042DDE7C04607D57C362A299A6296
:202F4000D89E05C117DD70305A0159915D9DBBCB39590EF7D8EC2F151D48B547310BC0FFE1
:202F60006726336711155868874AB48E0D2E0CDBA78FF964A44FFABE3BA7CA8485AE67BB4C
:202F800008C9BCF32BF894FE72F36E3C67E6096AF1361D5F3AF54FA519CDE05BD182E6AD60
:202FA0007F520E511F6C3E2B8C68059BABD9831F6BBD41FB79217E13F0B5DE464E465746AA
:202FC000454681461023E0B56B4C4B44A54440220C00FAA819005593CFF7A6FE5AAB9B4647
:202FE0001800210080344B780A781B0213438A780D7912041A43CB781B0613434A791BBADF
:2030000012022A438D7943602D041543CA79083112062A4312BA02600830A142E3D1DCA97A
:203020008C46789C799D5946779A0A91904649465A9F5CAE0C9130004146B8460894099555
:20304000769B5B9A4446DE0C4F033743BA465E03CF0C02943E434C0FDF0027435C0FA346DF
:20306000CC00A1465C464D462C43A146544667404C4603920268664090468C069B09234328
:2030800089095F404E4004970596049B059C066C476CF6186741434642685B08D107194356
:2030A00043468A46D90753081943434689461B0A1106194343461B069B465C46130A234380
:2030C00054464C4049464B40510689464146A2464C46C9092143D409A14654464C404946DA
:2030E000594007910694069B079CF6186741089C099D23002900029C039DA4197D41083084
:20310000046745670894099584459BD10A9B9B460C9B9946FFAB24335C681B680A930B9499
:20312000FFAB0C335C681B680C930D94FFAB1C331E685F68FFAB14335C681B680E930F945D
:20314000FA9BFB9C02930394FC9BFD9C04930594FE9BFF9C06930794FFAB04335C681B6827
:2031600010931194054B5C469A46FAAB55469B46CA460896099703E0D4FBFFFF30140610BC
:203180000C9E0D9FB30BBA041A43B104BB0B1943B803B30C1843B303984691464246BB0C9A
:2031A0001A4313004A464B404240F105780A0843710A0D9E4240F60531434B401292206871
:2031C000616813932A686B6812184B4112981399089E099F12184B41529253930E9A0F9BEF
:2031E000100070400C9E0D9F30400700099B0F9959400D9B1940089A099B099B5740594042
:203200001497159114981599529A539B12184B410A980B99029E039F12184B4110981199E3
:203220008018594110901191380107000299090F0F43B846029E039F300107000399090FA9
:203240000F43BC46029E039FB107B8080843B10889464F460399890739434746784067465E
:203260007940039FFF09B846029F7F06BC46474666463743B846029FFF09BC46039F7F0642
:20328000B94667464E463743BC4647464740169767464F4011001A001797169E179F891990
:2032A0007A410A910B92049A059B0299059F114308000399079B39431940069E079F029B48
:2032C000049F30401F40B846039B059F1F40BC46AA68EB6847460743189767460F43199741
:2032E000189819990A9E0B9F80197941089E099F0A900B91A068E16812184B410C980D99F2
:20330000B6185F41030010981199089609970E9F7B401A000F9F0D9B02407B400E9F0B40DF
:2033200057401A970F9F5F401B971A9A1B9B089E099FB6185F410896099706000F00B30B0F
:2033400089041943B204BB0B1A43B803B30C1843B3039C466746119B41409B0C3B43119F8F
:203360005340780A109FFA057F0ABC46119F1043FA0567463A43414053401C911D931C9AAC
:203380001D9B089E099FB6185F410699079A89197A41069607970A9E0B9F08910992330F1A
:2033A0003901194332013B0F1A43B808B3071843B3089C4667460B9B41409B073B435340A4
:2033C0000A9E0B9F7206F8091043F209944667460B9A414052063A4353401E911F931E9AA6
:2033E0001F9B069E079FB6185F410A980B9906960797029E039F3200049F039B02433A4067
:20340000059F0B430A9E3B40029F0399374038000B9F024339400B4320922193206961693C
:20342000209A219B069E079FB6185F412A696B6912184B410E980F990696079712184B4103
:20344000109F0C99089E79400800119F0D997940089F3840099F39400C9F474022970D9FCB
:203460004F402397099F2298239912184B41B804B10B06000E43B046089EB90BB004060046
:203480000E43B446089E099FB10CB8030843B10389464E460999890C314346467040664626
:2034A0007140099E760AB046089EF605B446464667463E43B046089E760AB146099EF60534
:2034C000B4464E4667463E43B44646464640249666464E4025962498259912184B410498A9
:2034E0000599801859410E900F91069E079F380106000699090F0E43B446069E079F390FA1
:2035000030010843B90888464646069989070E43B046069E079FB10889464E46079947460B
:203520008907314366467E40079FB446FE09069F414078060643B046FE09079F78063043F5
:203540004746664641407E4026962791269827990A9E0B9F12184B4131000698029E014346
:203560000800079F0B993040039E39433140069F0A9E3E40B046079F0B9E3E40B4464646E7
:203580000643289666460E4329962898299980185941AA69EB6904900591A069E1691218A6
:2035A0004B410C980D99089E12184B411099714008001199099E71400E9E30400F9E31403B
:2035C000109E46402A96119E4E402B962A982B990E9E0F9F12184B41B80406000E99890B66
:2035E0000E43B0460E9E0F9FB00406000F99890B0E43B4460E9E0F9FB10CB8030843B10318
:2036000089464E460F99890C314346467040664671400F9E760AB0460E9EF605B4464646AD
:2036200067463E43B0460E9E760AB1460F9EF605B4464E4667463E43B446464646402C9611
:2036400066464E402D962C982D9912184B4102980399049E059F801859410C900D9138010C
:2036600006000499090F0E43B446049E059F390F30010843B90888464646049989070E43A1
:20368000B046049E059FB10889464E46059947468907314366467E40B446059E4140F6091C
:2036A000B046049E700646460643B046049E4746F609B146059E70064E46304366464140BF
:2036C0007E402E962F912E982F99049E059F12184B41310006980A9E01430800079F059917
:2036E00030400B9E39433140069F049E3E40B046079F059E3E40B446464606433096664601
:203700000E43319630983199801859412A6A6B6A02900391206A616A12184B4110981199E1
:203720000E9E12184B410899714008000F9E099971400C9E30400D9E3140089E46403296A3
:20374000099E4E403396329833990C9E0D9F12184B41B80406000C99890B0E43B4460C9ED9
:203760000D9FB90BB0040843B903884646460C99890C0E43B0460C9E0D9FB10389464E46D6
:203780000D994746890C314366467E40B4460D9E4140760AB0460C9EF00546460643B0467D
:2037A0000C9E4746760AB1460D9EF0054E463043664641407E403496359134983599121875
:2037C0004B410A980B99029E039F801859410A900B91380106000299090F0E43B046029E94
:2037E000039F300106000399090F0E43B446029E039FB107B8080843B10889464E46039934
:20380000890731434646704066467140039EF609B046029E7606B446464667463E43B046AF
:20382000029EF609B146039E7606B4464E4667463E43B44646464640369666464E4037963A
:203840003698379912184B41049910921193029A039B114308000599039E029A039B3143AE
:20386000069E079F3040049E079F1640B046109A119B3940059E039F3E40B4464646064399
:20388000389666460E4339963898399980185941AA6AEB6A10901191A06AE16A12184B4104
:2038A000089809990C9F12184B410E99794008000D9F0F9979400A9F38400B9F39400E9FFF
:2038C00047403A970F9F4F403B973A983B990A9E0B9F12184B41B80407000A99890B0F4387
:2038E000B8460A9E0B9FB00407000B99890B0F43BC460A9E0B9FB10CB8030843B103894699
:203900004F460B99890C394347467840674679400B9F7F0AB8460A9FFF05BC464746664699
:203920003743B8460A9F7F0AB9460B9FFF05BC464F4666463743BC46474647403C976746DD
:203940004F403D973C983D9912184B41109E119F10001900069A079B0690079112184B41F7
:20396000310F380108438446390F300108438046B107B808089209930843B308B90719435F
:203980006346584043465940FB09984673069C464346624613439846F3099C467B069946E4
:2039A00063464A4613439C46434643403E9363464B403F933E983F99069A079B12184B410D
:2039C00002990692079331430800049B03991840059B39431940029B119A33409846039B5F
:2039E00013409C4643460343409363460B43419340984199069A079B801859412A6B6B6B94
:203A000006900791206B616B12184B410E980F9912184B410E920F930C990A9A0B9B5140A5
:203A20000B9F08000C9A0D9B0D997940089E099F099F3040394017000E9A0F9B474042977F
:203A40000D9F4F40439742984399089E099F12184B41B80407000899890B0F43BC46089EA5
:203A6000099FB00407000999890B0F43B846089E099FB10CB8030843B10389464F46099992
:203A8000890C39436746784047467940099F7F0AB846089FFF05BC46474666463743B846DD
:203AA000089F7F0ABC46099FFF05B94667464E463743BC4647464740449767464F40459765
:203AC0004498459912184B4104980599069E079F801859410E900F91380107000699090F8B
:203AE0000F43BC46069E079F300107000799090F0F43B846069E079FB107B8080843B10822
:203B000089464F460799890739436746784047467940079FFF09B846069F7F06BC46474685
:203B200066463743B846069FFF09BC46079F7F06B94667464E463743BC46474647404697DA
:203B400067464F4047974698479912184B41109E119F310004920593069B069A1943080075
:203B60003900079B1943029B1840039B19403300049E059F13409846079A119B13409C46F6
:203B800043460343489363460B4349934898499980197941AA6BEB6B0A9E0B9F04900591AC
:203BA000A06BE16B12184B410C980D9912184B4131000898099F414008000B994034794025
:203BC0000E9F403538400F9F39400A9F47404A970B9F4F404B974A984B990E9E0F9F1218AE
:203BE0004B41B80407000E99890B0F43B8460E9E0F9FB90BB00408438446B10CB803084341
:203C0000B10389464F460F99890C394347467840674679400F9F7F0AB8460E9FFF05BC4640
:203C2000474666463743B8460E9F7F0ABC460F9FFF05B94667464E463743BC464746474019
:203C40004C9767464F404D974C984D9912184B41049E059F52925393BB089846310F3801B7
:203C60000843390F4746049B84463001084399070F43B846049E059F059BB1089B07674661
:203C8000194343465F40BC46049E059FFB0998464746049B414058060743B846049E059FDD
:203CA000059BF0095B0618436746434641404F910699079A08005F400799059B4E971943B0
:203CC000049E059F3043109E119F30403940069E079F3300049A134098463B00059A13406B
:203CE0009C4643460343509363460B435193509E519F529A539B4E984F9980197941029EDC
:203D0000039FB6185F410C960D9716001F0036184F4102960397A34501D0FFF731FA089E88
:203D2000099F1C001300009301940A9C0B9DFFAB5C629D62109C119D2433FFAB5C609D60BB
:203D4000FFACE6612762FFAE14361C34069C079DFE94FF950E9C0F9D34607560049C059D34
:203D60005646FFAA0C3258905991FC94FD950433009B019C569357940C9B0D9C1360546012
:203D8000029B039CFA93FB94559CFAAD50362268636803CD12184B410CC4B442F7D1B4216F
:203DA00056A88900F2F7A6FB0020044B9D44F0BCBB46B246A946A046F0BDC0462C04000045
:203DC000F0B5D6464F46464604008A461500C0B5002A30D0026843687F272800002117401E
:203DE00012184B412260636099422AD1954228D9A068E1680122002380185941A060E16010
:203E0000002F20D17F2D3DD97F23994657467E19390020008037FFF7CFF8F31B7F2BF7D8B7
:203E20002B004A46803B934380339A44ED1A7F2DECD8002D26D10020E0BCBA46B146A84669
:203E4000F0BD002FDED08023DB1B98469D4206D250342A005146E019CEF766FFEBE75023FD
:203E60009946A1444B4651464246D819803DCEF75BFF7D1949462000FFF79EF8C2447F2D7E
:203E8000C2D8D6E70027E3E77F22F0B50500C646036800B51340581CEB18503301320C00D7
:203EA0001A70702800D9FBE02E00103A5036121A00213018CEF732FFAA68E9686B68500F0E
:203EC000C9000143D200580F02432800984609BAC0300B0A2F6843700B0C0170837012BAF8
:203EE000090E4346C170110A4171110C817129000271120EC271DB007A0F13431BBAC8319E
:203F0000180AFA0012BA0B704870180C1B0ECB70130A0A714B71130C120E88708B71CA713C
:203F200028003100FFF748F86A692B6912BA110A1BBA22706170110C120EE2701A0A6271E6
:203F40001A0CA271EA6923711B0E12BAE371AB69A170110A1BBA22726172110C120EE272EB
:203F60001A0A62731A0CA2736A6A23731B0E12BAE3732B6AA172110A1BBA22746174110C38
:203F8000120EE2741A0A62751A0CA275EA6AA17412BA110A23751B0EE375AB6A2276617686
:203FA000110CA17620211BBA120EE2761A0A237762771A0C1B0EE3776B6BA2771BBA2A6BA6
:203FC000180A635401316054180C013160541B0E01316354242312BAE254110A0133E15439
:203FE000110C0133E154130E27222821A354EB6BAA6B1BBA6354180A01316054180C01313C
:2040000060541B0E013163542C2312BAE254110A0133E154110C0133E154130E2F22A35416
:20402000D023EB58002B33D130216A6C2B6C12BA6254100A01316054100C01316054120EB9
:204040000131625434221BBAA354190A0132A154190C0132A15438211B0E0132A354EA6CBC
:20406000AB6C12BA6254100A01316054100C01316054120E013162543C221BBAA354190A50
:204080000132A154190C0132A1541B0E0132A3542800D821F2F72EFA002080BCB846F0BD1F
:2040A0002E005036121A00213018CEF737FE31002800FEF781FF702200213000CEF72EFE1B
:2040C000FAE6C046F0B5D6464F464646C0B58246884691461D00C2B0012B00D972E00CAC98
:2040E000D82200212000CEF719FE002D4DD0374A374B384E0A920B93374A384B384F089277
:204100000993384A384B394802920393384A394B394906920793394A394B04920593394AE1
:20412000394B009201930A9A0B9B22616361089A099BA261E361029A039B22626362069A94
:20414000079BA262E362049A059B22636363009A019BA264E364D02342462064616451460D
:204160002000E550A663E763FFF72AFE49462000FFF78AFE2000D821F2F7BCF9002042B083
:20418000E0BCBA46B146A846F0BD204A204B214E0A920B93204A214B214F08920993214A8C
:2041A000214B224802920393214A224B224906920793224A224B04920593224A224B009218
:2041C0000193B0E775204042D9E7C046D89E05C15D9DBBCB1115586807D57C362A299A6258
:2041E000874AB48E17DD70305A015991A78FF96439590EF7D8EC2F150D2E0CDB310BC0FF84
:2042000067263367A44FFABE1D48B54708C9BCF367E6096A1F6C3E2B3BA7CA8485AE67BBB2
:204220008C68059B2BF894FE72F36E3C6BBD41FBF1361D5F3AF54FA5ABD9831FD182E6ADF0
:204240007F520E5179217E1319CDE05BF0B54E464546DE465746E0B5794C8025A5440CABBE
:2042600099461800002101231B266D004CAA5CB2D1546200037052B2002C01DA724052B295
:2042800053400131DBB20130A942EFD16D4A012310001B24283059B213604B005BB200296F
:2042A00001DA63405BB20432DBB29042F3D163230022654D654F2B70FA540CAB9E1CFF2390
:2042C0009A466323984680235B0001249C46FF360095524633780136D31A4A46D25CD109CC
:2042E00053000B4358B2DBB2C5005909294351404500DA0941402A43514080009A09024353
:204300004A40D3B242465340009ADBB21355FC5401346445DDD18CAB1C1BA37B15000893CC
:20432000637AB8460993637B0A93E37A00240B93474B0193474B0293474B0393474B0493CE
:20434000474B0593474B0693474B0793474B009310239B46083B9A463DE04CAAD75C099A97
:20436000E731B818CDF7F2FD4A46565C0A9AFF21B818CDF7EBFD4A46535C089A1B04D01937
:20438000FF2136025E40CDF7E1FD4A46535C0B9AFF21B8185E40CDF7D9FD4A46535C5046A4
:2043A0001B065E4032001823DA415B4611003200DA413300C3410598013506510698015166
:2043C00007990A51009A135101239C46284BE0440434AB422AD00023EB5629785A0052B2C5
:2043E000002B02DA1B235A4052B20B02D2B25B181B02514053400906019A4B4013511821C3
:204400001A00CA41029802511A005846C241039802515246D341049A135142461378002BF5
:204420009BD10023002200210026C4E78D239B009D44F0BCBB46B246A946A046F0BDC04680
:20444000CCFDFFFFC0180020EC390020EC280020EC350020EC310020EC2D0020EC29002038
:20446000EC240020EC200020EC1C0020EC180020EC3A00208C2210B500215200CEF74EFC59
:2044800010BDC04610B5002803D08C214900F2F731F810BDF0B557464E46DE464546E0B59A
:2044A00004000E00170085B0C02A67D080235B009A420BD0F63B802A09D02020404205B09D
:2044C000F0BCBB46B246A946A046F0BD0E23874D2360AB6A002B57D03100002326007A09C9
:2044E0009200636008368A184B7808781B020343887800041843CB7804311B06034308C6D5
:204500009142F1D123680C2B00D1A3E00E2B40D00A2B31D12369FF229C4628232000994697
:20452000E2469046AC46E7686169A668704B1830A94444460A0A0D0E5D5D22409A5C2D0478
:204540006A4045460D405D5D2D066A400D0C254064465D5D2D026A4020CC6A4056405246C3
:2045600077407A405140066047608260C160A446924610304C45DCD10020A0E70C235B4D6B
:204580002360AB6A002BA7D1FFF760FE0123AB62A2E7236A2A009A46E36920009946A369E4
:2045A000666998462369E7689C466546A368616A9446FF2401934E4B283002950A0A224081
:2045C0009A5C93465D460A0E9A5C1204554022000A409A5C120655400A0C22409A5C12021F
:2045E0006A406546039204CDAC46039D55402A00019D554005606F4001952500029A47606A
:204600007A4056408260C6600292320E9A5C35405D5D12066A40350A25405D5D2D026A4050
:20462000350C25405D5D2D046A40454655404A466A40914605614261A84652464D466A4042
:204640008261514092462B4AC16120309445B5D1002034E7A3692A009946636920009846AE
:204660002369E7689C4620239A46214BE169A6686446AA449C464546904620300194FF24B3
:2046800063460A0A22409A5C0B0E9B4663465C461B5D1B045A40FF230B409B4663465C46F6
:2046A0001B5DFF241B065A400B0C23409B4663465C461B5D1B025A40434610CB6240564033
:2046C0009846019B77407B405D40836001934B466B40594006604760C560036141619946EE
:2046E0001830D045CBD10020E9E6C046C0180020EC390020DC180020F0B5DE464E46454693
:204700005746E0B516008C22CDB004000D005200002106A8CEF702FB0023320029006360F1
:2047200006A8FFF7B7FE0390002866D1069A079993005B189B0008A9C91823004E688D68ED
:20474000C8680F6810392260A760E660256160610C00511E8B461833002946DD2D49049264
:204760008A462D495A4689462C49260088462C4905941F008C46FF251C002A4802920021B5
:20478000A34601962A005646019B5B581A40845C1A0EA40034594E46825C9200B258464657
:2047A00054401A0A2A40825C1B0C9200B2582B4062406446C35C9B00E3585A407A500431F1
:2047C0001029DFD1029B019E013B5C4610370293103E002BD3D1049A2300023A12011100BC
:2047E000059C1031A41A5B18103C6068A168E268246858601C609960DA608C2106A84900A8
:20480000F1F778FE03984DB0F0BCBB46B246A946A046F0BDEC240020EC180020EC200020FB
:20482000EC1C0020EC390020F0B5DE464E46454657460300E0B591B006924268083392009E
:204840009B184A780C78120222438C780D7A24041443CA784E7B120622431C6836026240F6
:2048600093464A790C79120222438C79006824041443CA794010120622435C6862404C7A76
:2048800024022C438D7A2D042543CC7A24062C439D686C401025AC469C44654605950D7B7F
:2048A000DB682E438D7B2D043543CE7B36062E435E40431E0493002B00DC01E2F84B079043
:2048C0009A46F84B58469946F74B059F9846F74B03901900FF238C461D000399300E0D404E
:2048E0005146AD004D59494680000858414668403D686840150A1D40AD004D5961466840C5
:20490000250C1D40AD004D59039968401D000190080E51461540AD004D5949468000085800
:20492000414668407D686840250A1D40AD004D5961466840350C1D40AD004D5968401D00D7
:204940002540A9008B460290514658460958150E8B464946AD004D5959464D40B968240EFB
:204960004D40310A194089008B464146584609581E404D400399B600090C194089008B4631
:20498000614658460958A4004D4051468E5949460C59120C6640FC681A407440039E920065
:2049A000310A4646194089007658614601988A5866405640020054461A409200A2584C460E
:2049C000310E89006158444651403A695140029A120A1A409200A258644651402A0C1A409E
:2049E0009200A2581C005140020E50460391029992000C40A400045948468258404662403A
:204A00007C6962402C0A1C40A400045960466240340C1C40A400045962401C002C40A000CD
:204A200083460C0E504659464058A40083464846045958464440B8692D0E4440300A010031
:204A400019408800834640465946405801994440080C010019408800834660465946405835
:204A60001E4044405046B60086594846AD00455901996E40FD69203775400E0A41461E4099
:204A8000B6008E5902996E40080C61461840800008580499464001390491002900D01BE750
:204AA000039B07989B4663460393059B02389C464001604420300590FF235946554619405E
:204AC000890069584D46300E800028584546059F414038684140100A184080002858039DD8
:204AE0004140200C1840800028581D004140504601910C9115405946AD0045594846090E6A
:204B000089004158404669407D68170E6940250A1D40AD00455903986940350C1D40AD002B
:204B20004559504669401D002540AD0045594846BF00C759404602910D9105996F408D6865
:204B4000240E6F40350A1D40AD00455958466F40050C1D400398AD00455950461E40B60042
:204B600086594846A400045958466640CC68120C6640040A40461C40A40004591A400398A5
:204B80009200825874405440A4467D400E950F94474A019960460C001E001C40175D059C08
:204BA00024696740040E145D0298240667400640040A60461C40145D965D240267402C0C14
:204BC0001C40145D24046740059C0897646966400C0E145D0599240666402C0A1C40145D8A
:204BE00024026640040C1C40145D8869240466401C002C40145D2D0E44400298555D000E3B
:204C0000105C2D06000644406046000A01001940505C019900024440080C01001940505C7B
:204C20006146000419404440505C05998446C8696146414069408C46019909960D0A61460D
:204C40001D40555D0A9402982D024D40010C0B40D25C0699120455403A0A4A703A0C8A7043
:204C6000320A4A71320C8A71220A4A72220C8A722A0A0F700E710C724A732B0E2A0C3F0EC9
:204C8000360E240ECF70CE71CC720D738A73CB7308A820210B95F1F72DFC002011B009E0BB
:204CA000EC350020EC290020EC310020EC2D0020EC390020F0BCBB46B246A946A046F0BD9C
:204CC000044B9A46044B9946044B9846044B0393F2E6C046EC350020EC290020EC310020D4
:204CE000EC2D0020F0B5DE464E46454657460300E0B591B006924268083392009B184A7899
:204D00000C78120222438C780D7A24041443CA784E7B120622431C683602624093464A790A
:204D20000C79120222438C79006824041443CA794010120622435C6862404C7A24022C43B8
:204D40008D7A2D042543CC7A24062C439D686C401025AC469C44654605950D7BDB682E439B
:204D60008D7B2D043543CE7B36062E435E40431E0493002B00DC0BE2FD4B07909A46FD4BFB
:204D800058469946FC4B059F9846FC4B02901900FF238C4601921800029A019D104052461A
:204DA000800010584A46290E890051584246414038684140300A1840800010586246414045
:204DC000200C1840800010585246414018002840800010584A460391210E89005158029AC5
:204DE000414078684140100A424618408000105862464140300C1840800010585246414031
:204E000018002040800083465D465559300EAB464D46800028585D466840BD681E40684048
:204E2000019DB6002D0A2A001A409500AB4645465A46AD58029A6840150C2A001A4095002F
:204E4000AB4665465A46AD58029A6840150E524696594A46AD005559240A6E40FD681C409B
:204E600075404646A400365964466E40019D2A0C55461A409200A2580C0E5640039AA40020
:204E80001A409200AA584D462D59444655403A695540320A1A409200A25864465540020C45
:204EA0001A409200A2581C005540029555460C40A4002C594D46020E9200AA584546624050
:204EC0007C696240039C240A1C40A4002C5965466240340C1C40A4002C5962401C000440E5
:204EE000A500AB46019255465A46AD58340EAB464D46A4002C595D466C40BD691E406C40DB
:204F00000D0A2A001A409500AB4645465A46AD58039A6C40150C2A001A409500AB46654621
:204F20005A46AD58039AB600120E9200934652466C4096595D464A465259000A7240FE69BA
:204F4000184056404246800010586246090C194089005158049A4640013A4E4004922037D1
:204F6000002A00D017E7029B07989B4663460393059B02389C46400160442030019A0590BC
:204F8000FF23594655461940890069584D46100E800028584546059F414038684140300A56
:204FA000184080002858039D4140200C1840800028581D00414050461540AD004559484692
:204FC00001910C91210E89004158584669407D68370E6940050A40461D40AD00455903985F
:204FE0006940350C1D40AD004559504669401D002540AD0045594846BF00C759404602918D
:205000000D9105996F408D681E406F40150A1D40AD00455958466F40050C1D400398AD00D9
:20502000455958467D40070E5046B60086594846BF00C7594046240A1C40A400120C04599B
:205040007E400398CF681A40920082587E40744054400E950F944A4A0199A4460C001C402E
:20506000175D059C029824691E006740040E6046145D24066740040A02981C400640604645
:20508000145D965D240267402C0C1C40145D24046740059C0897646966402C0E145D240683
:2050A00066400C0A1C40145D059924026640040C1C40145D8869240466401C002C40145D68
:2050C000029944406046000E105C2D0A00064440080A01001940505C019900024440080C84
:2050E00001001940505C6146000419404440505C05998446C869614641408C4601991D40EC
:20510000090E515C099609068846614640460A94555D41402D024D40029908A8090C0B40EA
:20512000D25C0699120455403A0A4A703A0C8A70320A4A71320C8A71220A4A72220C8A7277
:205140002A0A0F700E710C724A732B0E2A0C3F0E360E240ECF70CE71CC720D738A73CB7339
:2051600020210B95F1F7C6F9002011B00AE0C046EC240020EC180020EC200020EC1C00202E
:20518000EC280020F0BCBB46B246A946A046F0BD044B9A46044B9946044B9846044B039345
:2051A000EEE6C046EC240020EC180020EC200020EC1C002010B50C0011001A00012C08D864
:2051C000002C03D1FFF78EFD002010BDFFF72CFBFAE721204042F8E7F0B54E464546DE46D9
:2051E0005746E0B585B080461E000F9C01294DD8002A20D013074CD1002924D191460E9D79
:20520000A944102229006846CDF78EFD220029004046FFF767FD0022A35CB15C4B40A3546E
:205220000132102AF8D1694630001035CDF77CFD10344D45E5D1002005B0F0BCBB46B246D1
:20524000A946A046F0BD0E9BA3469946B2461700914493444B46DC1B5B46DD1B50460022C7
:20526000AA46A35C815C4B40AB540132102AF8D12A0029004046103FFFF7D6FA002FE9D1CB
:20528000102229003000CDF74FFDD4E721204042D2E722204042CFE7F0B5CE46474602007A
:2052A00080B5060001004131C9B2070004004734E4B2FF252F40131FDBB299462840844646
:2052C000342040426044804663463D20C01A434618434B46000A834318001A235B429C4695
:2052E0004D33BC44DB1B67463B431B0A9C4319232E409E1B360AB14320430843C0B2110041
:205300002B2429400E0025333E3E5B1A33431B0A9C432043C0B22F2115402A003F233F3A85
:205320005B1B13431B0A99430843C0B2C0BCB946B046F0BDF0B50300050001004039C9B223
:20534000FF24060025400200463AD2B2264037007A20613F801B3843000A2E0082435A2055
:20536000413E401B3043000A81430A43D0B21E00591DC9B2264032003925303AAD1B1543B4
:205380002D0AA9430843C0B21E0019001431C9B2264032002B252B3AAD1B15432D0AA943A6
:2053A0000843C0B21A001133DBB2144021002F222F39121B0A43120A93431843013840B225
:2053C000F0BDC046F0B557464E464546DE46E0B583B01F000C9B050089461400002B00D123
:2053E0007CE003210C98CCF7D9FD032106000C98CCF7D4FD4B1E994180238919DB0599424B
:2054000000D37FE08A0001324A4500D97CE0002D00D179E073009B460C9BB344022B6ED91C
:205420000023B8462E009A460095019443461D785C789B78A808994603239C46E044FFF75D
:205440002BFF30232D0130701D4020112818FFF723FF3C23A4001C404B467070981120186A
:20546000FFF71AFF3F23B07048461840FFF714FF032294465346E244F0700436D345D5D88F
:205480000C993200009D019C51450BD80023551B25601370002003B0F0BCBB46B246A94680
:2054A000A046F0BD4746043330213A789008120111400C9A88469A4212D8FFF7EDFE3070DB
:2054C0004046FFF7E9FE70703D203D23F3700023321D551BB07025601370DBE71360D9E76A
:2054E0007F78FFF7D9FE307038114044FFF7D4FE70703C20BF003840FFF7CEFEE5E72E0084
:205500000123D1E7012252422A2022604042C2E7F0B557464E464546DE46E0B583B00C9C0C
:205520008A4691461D000190002C00D1A7E000230027984600260022B44204D806E0013633
:205540000122B44220D0AB5D202BF8D0B4421BD0A85DA31B012B02D00D2800D171E00A28FC
:205560000ED0002A64D143B2002B61DB3D2859D04346002B5CD1FFF7DDFE002858DB0137BF
:205580000136B442D7D8340043460322FB1A1340012B4DD03A424BD14246BF087B00DB1946
:2055A0009B1A4A46136004D0019A002A6AD0534568D8374B00269B46012300229A46019F39
:2055C0002C1914E03D2821D093019846FFF7B2FE424601360243042E06D10026130C3B7027
:2055E000130A7B70BA7003370135A5420ED0287803000A3BDBB2162BE4D8594619410B00CE
:2056000051461942E0D10135A542F0D1032E2BD0022E20D04B461A68019BFF1ABA4234D1F4
:20562000002007E001239C46E0444346022BA6D92C20404203B0F0BCBB46B246A946A04609
:20564000F0BD731CE95C0A2903D0002A00D18FE7EEE71E0095E74B461203120C3A701A68F3
:20566000019B0137FF1AD9E79201130C3B704B46120A7A701A68019B0237FF1ACEE7002044
:205680001460D7E72A204042D4E76E204042D1E7F6FFBFFFF0B58BB0040004A816001D0013
:2056A0000F0001F0DDFE00230293119B20000193109B2A00009304A9330002F067FB041E39
:2056C00005D004A801F01AFF20000BB0F0BD04A801F0B2FF002805D1380004A9E7F7EAFBC3
:2056E0000400EEE7004CECE780B0FFFF01207047F0B51E0085B017000A9B320004000D00B5
:2057000002F078FB00280AD123000A9A0290019239002A0020001C33009602F037FB05B0F4
:20572000F0BDC04610B582B0059C0194049C0094FFF7B0FF02B010BD4078704710B5A42237
:205740000021CDF7EBFA10BD002370B504000370061D01334170837030000D0001F08EFE3E
:2057600020006430E7F79CFA20006C3001F078FE2000843001F074FE20009C30E7F790FA53
:205780002900300002F066FD002800D170BD0148FCE7C04680B1FFFF10B5041E05D083781D
:2057A000012B03D00023A370238010BD043001F0B3FE20006430E7F779FA20006C3001F0BC
:2057C0009DFE2000843001F099FE20009C30E7F76DFAE7E7F0B557464E464546DE46E0B5B9
:2057E0001E00837804000F00150087B0012B43D103789A46036C002B3ED0031D9846642369
:205800009946814449464046119B109A02F0F2FA002806D007B0F0BCBB46B246A946A0466C
:20582000F0BD6C239B462300119AA3440192109A0290009259464A464046203302F0A6FA9B
:205840000028E7D133002A00404604A902F0C2F80028DFD1049B5246F61AED1859464046E3
:205860000196009505AB02F05FF80028D2D1049B059A9B183B60CDE70048CBE780B0FFFFD0
:20588000F0B5CE46474680B583B016006B460A680400B21AD81D0D0002F064F8002804D005
:2058A00003B0C0BCB946B046F0BD6B46DB79271D98460123A370434620706370380001F0A4
:2058C000DDFD20006430E7F7EBF920006C3001F0C7FD84239946A144484601F0C1FD20003F
:2058E0009C30E7F7DDF94146380002F0B3FC00280CD1A378012B07D12B682A004946380020
:20590000F31A01F0F9FFCBE70148C9E70148C7E780B0FFFF80B1FFFFF0B5C64604000D00D0
:20592000160000B5012A41D843780F78002B18D0BB423BD1A378012B38D1290020006831C8
:20594000012E2FD06C3001F043FE002802D080BCB846F0BD2900200060316430E7F7AAFA7A
:20596000F5E7037001338370031D47701800984601F084FD20006430E7F792F920006C3099
:2059800001F06EFD2000843001F06AFD20009C30E7F786F93900404602F05CFC0028C9D06C
:2059A0000348D4E7843001F013FED0E70148CEE780B1FFFF80B0FFFFF0B557464E464546B8
:2059C000DE46E0B51F00837804000D00160085B0012B32D103789A46036C002B2DD0031D57
:2059E0009846642399468144494640460F9B0E9A02F000FA002806D005B0F0BCBB46B246F3
:205A0000A946A046F0BD6C239B4623000F9AA34401920E9A0290009259464A46404620337A
:205A200002F0B4F90028E7D12B005246594640460197009601F078FFDEE70148DCE7C04692
:205A400080B0FFFF70B5837804000E00150082B0012B0FD10191210013000430843101AA39
:205A600001F04AFF002803D1019B9B1BAB4201D102B070BD0048FBE780B0FFFFF0B5474676
:205A8000CE4680B51E00837804000D00170083B0012B32D1031D9946036C002B2DD09C23C5
:205AA00098460B9B020001930A9B8044009303004146484664338432FFF7ECFD002804D090
:205AC00003B0C0BCB946B046F0BD4046E7F7D0FA864212D30723226C48461340591E8B413E
:205AE000D2089B182B6001F0B1FC39002A68022805D04046E7F702FBE2E70348E0E7404664
:205B0000E7F7F2FADCE7C04680B0FFFFF8B5046C0F00073405001100E4089C4200D91C0088
:205B200022003800E7F7C6FA061E10D1296CE4008C4205D93800611AE7F70CFB00280FD1A3
:205B4000343529003800E7F74DFB002801DA3000F8BD2A0039003800E7F790FC0600F6E785
:205B60000600F4E701207047F0B557464E464546DE46E0B59946436B05000F00924691B098
:205B8000002B00D192E001214846E7F779FB002800DA89E034239846A84441464846E7F716
:205BA00021FB002800DB7FE00AA801F059FC06A8E7F776F808A8E7F773F80B230593113372
:205BC0009B46AB440B261F9C28001D9B1C9A06A902F010F900282DD11E9B0290009328009D
:205BE0005B46019406AA0AA902F0D0F8002821D1424638000AA9E8F717F900281AD10021A2
:205C00003800E7F73DFB002816D1013E002EDBD1274C0AA801F072FC06A8E7F747F808A80F
:205C2000E7F744F8200011B0F0BCBB46B246A946A046F0BD0400ECE728001B9B1A9A08A928
:205C4000FFF764FF041EE4D14A4639005046E7F747FC041EDDD108A952460800E7F708FC91
:205C6000041ED6D143465146002006AAE8F74AFE041ECED15146504608AAE7F731FC041E77
:205C8000C7D1424651465046E8F7CEF8041EC0D100215046E7F7F4FA0028BAD1059B013B4D
:205CA0000593002BB4D08DE7024CBBE7024CB9E700B3FFFF80B3FFFF80B0FFFF10B5002452
:205CC00088B006940D9C05940C9C04940D9C03940C9C02940B9C01940A9C0094FFF744FF43
:205CE00008B010BDF0B5C646040000B592B00CA8884616001D0001F0B3FB04A8E6F7D0FFC7
:205D000006A8E6F7CDFF08A8E6F7CAFF0AA8E6F7C7FF606B002800D17CE001211898E7F7B1
:205D2000AFFA002807DB2700343739001898E7F759FA002814DB384E0CA801F0DFFB04A83C
:205D4000E6F7B4FF06A8E6F7B1FF08A8E6F7AEFF0AA8E6F7ABFF300012B080BCB846F0BD2C
:205D600001211998E7F78CFA0028E4DB39001998E7F738FA0028DEDA33004246200004A9A3
:205D8000FFF7C4FE061ED7D13B000020199A06A9E8F7B8FD061ECFD106AA04A908A8E7F77F
:205DA0009FFB061EC8D108A93A000800E8F73CF8061EC1D1189906AA0AA8E7F791FB061E2F
:205DC000BAD10AA93A000800E8F72EF8061EB3D123000AAA0290009220001C33019508AAE4
:205DE0000CA901F05BFF061EA6D10CA801F024FC0028A0D10CA93A000800E8F715F8061EA3
:205E000000D099E718990CA8E7F7ECF9061E00D192E790E7014E9EE700B2FFFF80B0FFFF73
:205E200010B5002484B00294079C0194069C0094FFF758FF04B010BDF0B5A9B0319F0400A1
:205E400015001E00002F57D00AA8E6F729FF0CA8E6F726FF2300339A20000692329A603345
:205E60000592039204970297019600950CAA0AA9FFF77AFE041E08D00AA8E6F717FF0CA86C
:205E8000E6F714FF200029B0F0BD682200210EA8CCF744FF28AB0CAA0EA909A80993E6F79B
:205EA000DBFB051E22DB0AAA0EA909A8E6F7D4FB00281DDB2D182A000EA909A8E6F750FB05
:205EC000061E17DB30220EA909A8E6F7A1FB00280EDB76192F9B8619B3420FD332000999C5
:205EE0002E98CCF721FF309B1E60C5E70400C3E70400C1E70400BFE7014CC3E7014CBBE71A
:205F000080B0FFFF00B1FFFF10B5002486B005940C9C04940B9C03940A9C0294099C0194F8
:205F2000089C0094FFF788FF06B010BDF0B58BB01700109A040006A89D180E000493E6F79F
:205F4000AFFE08A8E6F7ACFE3023290005AA04A8E6F76EF800280BD1049B059A9B189D426F
:205F60002CD1290006AA04A8E6F7F2F800280AD0134BC41806A8E6F799FE08A8E6F796FE59
:205F800020000BB0F0BD290008AA04A8E6F7E0F80028EDD12300119A2000029208AA019290
:205FA00006AA009231003A006833FFF79BFE041EE0D1049BAB42DDD0024CDBE7024CD9E7E0
:205FC00080B0FFFF00B4FFFF1AB0FFFF10B5002482B00194049C0094FFF7A8FF02B010BD19
:205FE00070B582B0040016001D0002F033F9002808D122002100330020006832603100959E
:2060000001F04AFF02B070BD70B505000E0001F0F7FA041E06D0002D02D0280001F0C2FA81
:20602000200070BD3100280060316030E6F742FF041EF0D1310028006831683001F0C8FA5B
:20604000041EEDD0E7E7C04610B501F041FA10BD10B5002801D001F0A5FA10BD8B6C70B598
:2060600004000D00002B40D00422835E002B35DB2000E6F7F7FFEB6B5B00984233D82000E9
:20608000AB6C9847061E25D104350CE000212000E7F7F6F8002817D02A0021002000E7F766
:2060A000E7F9002818D10422A35E002BEEDB29002000E7F797F800280CDB2A0021002000A4
:2060C000E7F744F9002807D129002000E7F78AF80028F2DA300070BD0600FBE70021E7F7C4
:2060E000CFF80028C4D0044EF4E70A1D0100E7F79BFE0600EEE7C04680B0FFFF70B50C0011
:206100000500110020001A00E7F7EAF9002803D129002000FFF7A2FF70BDC046F0B50C00AE
:2061200083B00500083468461700E6F7B9FD00212000E7F7A5F8291D060022006846E7F7DD
:206140009DF9051E08D13200531E9A41694620003A40E6F7E1FD05006846E6F7A7FD2800CF
:2061600003B0F0BDF0B557464E464546DE46E0B583B099460CAB1B780F009B465B069B0E4F
:20618000984608239A461600002501908A4443465C1B63425C41E4B2220031003800E6F73C
:2061A000BBFD002814D13100220050460831E6F7B3FD00280CD10135EDB21836A945E6D19E
:2061C0005B4639000198DA09FFF7A8FF002806D003B0F0BCBB46B246A946A046F0BD3800BC
:2061E00001211030E6F7C0FEF2E7C04670B50C000500110020001A00E7F740F9061E12D124
:2062000004350CE000212000E7F73AF800280AD02A0021002000E7F72BF9002805D1042275
:20622000A35E002BEEDB300070BD0600FBE7C04670B50C00050001212000E6F769FF061E3D
:206240000ED1043506E02A0021002000E7F77EF8002807D129002000E6F7C4FF0028F2DAA4
:20626000300070BD0600FBE7F0B5C646C36807000D00904600B5002B3DD0020008000C32DE
:20628000E7F7F6F8041E32D13E1D06E0320029002800E7F75BF8041E29D131002800E6F7C6
:2062A000A1FF0028F2DA424629002800E7F718F9041E1CD139002800FFF7D0FE041E16D145
:2062C0003A00290028001432E7F7D2F8041E0ED13E1D06E0320029002800E7F737F800284B
:2062E00023D131002800E6F77DFF0028F2DA200080BCB846F0BD03220800E7F7DBF8041EFD
:20630000F5D13E1D0CE000212800E6F7B9FF0028C9D0320029002800E7F7AAF8041EE6D1F5
:206320000422AB5E002BEEDBBDE70400DFE7C046F0B5C6460F0000B5103706000D003800BF
:20634000002182B0E6F79CFF041E04D1200002B080BCB846F0BD6846E6F7A2FC3A006946B0
:206360000020331DE8F7CEFA041E09D108239846A8446A4641464046E7F7B2F8041E03D0DB
:206380006846E6F793FCE1E731004046FFF766FE041EF5D16A4669466846E7F7A1F8041E7C
:2063A000EED131006846FFF759FE041EE8D16A4629002800E7F794F8041EE1D1310028007F
:2063C000FFF74CFE041EDBD16A4641464046E7F787F8041ED4D131004046FFF73FFE041EC2
:2063E000CED101213800E6F7BFFD0400C8E7C046F0B5DE464E4645465746E0B580468B46A1
:20640000914685B0012A4BD908211000F0F758F88246002800D1E9E002A8E6F741FC4B46D2
:20642000DB001E0054460193564420000834E6F737FCB442F9D15B46196850461031E6F799
:2064400039FD041E17D15B4655461F1D083509E041462800FFF702FE041E0CD10835043742
:20646000B54222D029003A68280010320839E7F737F8041EECD002A8E6F718FC5546280074
:206480000835E6F713FCB542F9D15046F0F720F8200005B0F0BCBB46B246A946A046F0BD81
:2064A0000968FFF745FF0400F2E742460199131D083951440A000020E8F724FA041EDAD138
:2064C0004F46019B013F103BBD00534499465D4454E041465846FFF7C1FD041ECBD102AAB5
:2064E00011001000E6F7FCFF041EC4D1414602A8FFF7B4FD041EBED12B6802AA19001800F3
:206500009B46E6F7EDFF041EB5D141465846FFF7A5FD041EAFD1082293462B6802AA9B44A9
:2065200059465846E6F7DCFF041EA4D141465846FFF794FD041E9ED1434628685989E6F7BA
:206540007FFC041E00D096E74346286859890830E6F776FC041E00D08DE728680121103077
:20656000E6F702FD041E00D085E708235B429C46043DE144002F00D17DE7013F002F2ED000
:2065800008234B444A46190002A89B46E6F7A8FF041E00D06FE7414602A8FFF75FFD041E9C
:2065A00000D068E72A68594648461032E6F798FF041E00D05FE741464846FFF74FFD041E96
:2065C00000D058E7082293462B6802AA9B4459465846E6F785FF041E00D04CE779E75146D1
:2065E00002A8E6F767FC041EECD044E7004C4FE780B2FFFFF0B51C00082357464E46DE46B5
:2066000045469946E0B5C36807008A46160083B0A144002B4CD011004846E6F761FF002800
:2066200006D003B0F0BCBB46B246A946A046F0BD39004846FFF712FD0028F2D1032249463F
:206640002000E6F7EBFF0028EBD13D1D06E02A0021002000E6F77AFE0028E2D1290020004B
:20666000E6F7C0FD0028F2DA0C239B46BB4400215846E6F705FE002800D042E110239846B2
:20668000A04408239B46B3445A4659464046E6F727FF0028C5D139004046FFF7DFFC0028D5
:2066A000BFD101214046E6F733FD00283BD0B8E7110010310A004846E6F712FF0028B0D142
:2066C00039004846FFF7CAFC0028AAD110239846A0444A4631004046E6F7CAFE0028A0D11A
:2066E0003D1D06E02A0041464046E6F72FFE002897D129004046E6F775FD0028F2DA18235C
:206700009B46A3444A4631005846E6F7B7FE002800D1CCE085E72A0041464046E6F716FE87
:20672000002800D07DE729004046E6F75BFD0028F1DA424631004846E6F7D2FE002800D03A
:206740006FE739004846FFF789FC002800D068E701214846E6F7DCFC002808D061E72A0083
:2067600049464846E6F7F2FD002800D059E729004846E6F737FD0028F1DA18239C46A44438
:2067800063464246414618000193E6F7A9FE002800D046E739000198FFF760FC002800D0D0
:2067A0003FE701210198E6F7B3FC002808D038E701992A000800E6F7C9FD002800D030E7CF
:2067C00029000198E6F70EFD0028F1DA220021004046E6F785FE002800D022E73900404633
:2067E000FFF73CFC002800D01BE74B46424641463800FFF7FBFC002800D012E74B464246A2
:2068000041463800FFF7F2FC002800D009E743464A4649463800FFF7E9FC002800D000E753
:2068200023004A4649463800FFF768FC002800D0F7E6019C4A46230049463800FFF7D6FCD0
:20684000002800D0EDE6103633005A4621003800FFF754FC002800D0E3E621003800FFF7A5
:20686000E7FC002800D0DCE641465046E6F722FB002800D0D5E6504649460830E6F71AFB62
:20688000002800D0CDE6504621001030E6F712FBC7E600215846E6F7F3FC00280BD02A0007
:2068A00059465846E6F7E4FD002800D0B9E61C22A35E002BEDDB5A4641464846E6F710FE74
:2068C000002800D0ADE639004846FFF7C7FB002800D0A6E6032249462000E6F79FFE0028B4
:2068E00000D09EE629002000E6F77CFC002800DAC7E62A0021002000E6F728FD0028F1D0A1
:206900008FE6310010310A004846E6F7E9FD002800D086E639004846FFF7A0FB002800D081
:206920007FE610239846A0444A4649464046E6F7D7FD002800D074E639004046FFF78EFB17
:20694000002800D06DE65A4641464846E6F7C8FD002800D065E639004846FFF77FFB0028F3
:2069600000D05EE64A4621002000E6F781FD002800D056E629002000E6F734FC002800DA4B
:206980007FE62A0021002000E6F7E0FC0028F1D047E6C046F0B54E464546DE465746E0B538
:2069A0001E000823984608339946336983B00C001500009088448944002B00D1D4E01700B6
:2069C000103700213800E6F75BFC002843D010239A46B24400215046E6F752FC002828D09D
:2069E00001215046E6F74CFC002800D0BCE03A0039000C98E6F774FD002813D1009B0C9876
:206A000019009B46FFF72AFB00280BD1082294460C9B3A00634418000C999A46E6F760FDFA
:206A200000282BD003B0F0BCBB46B246A946A046F0BD29002000E6F73DFA0028F2D12900E8
:206A400040460831E6F736FA0028EBD139004846E6F730FAE6E731002000E6F72BFA002870
:206A6000E0D1310040460831E6F724FA0028D9D1310048461031E6F71DFAD3E759465046C5
:206A8000FFF7ECFA0028CDD10C9932000800E6F727FD0028C6D159460C98FFF7DFFA00287B
:206AA000C0D13200514650460832E6F719FD0028B8D159465046FFF7D1FA0028B2D10C99C2
:206AC0002A000800E6F7DAFC0028ABD15B4604339B460CE000210C98E6F7D2FB00280BD016
:206AE0000C995A460800E6F7C3FC00289AD10C9B04229B5E002BEDDB08239C46AC446346BB
:206B000051461A0050460193E6F7B8FC002800D088E7009B04339B460DE000215046E6F76E
:206B2000AFFB00280CD05A4651465046E6F7A0FC002800D076E70C9B0C229B5E002BECDB4C
:206B400000210C98E6F79CFB00280FD100215046E6F796FB002800D08BE02A0021000C9B7A
:206B60000098FFF747FD5DE74B485BE7390048460C9AE6F7B5FC002800D053E7009E4846D1
:206B80003100FFF76BFA002800D04BE70C9F0C9A103711003800E6F7A3FC002800D041E7C2
:206BA00031003800FFF75AFA002800D03AE7182294460C9B3A0063449946300049460C9B28
:206BC000FFF79CFA002800D02CE72B003A0039003000FFF793FA002800D023E739000C98EE
:206BE000E6F768F9002800D01CE730000C99FFF71FFB002800D015E7534652462100300001
:206C0000FFF77CFA002800D00CE72200210030000C9BFFF7EBFA002800D003E74B46220093
:206C200021003000FFF7E2FA002800D0FAE623003A0039003000FFF7D9FA002800D0F1E6FB
:206C400053463A0039003000FFF758FA002800D0E8E64A4649463000019BFFF74FFA002898
:206C600000D0DFE64B463A0041463000FFF7BEFAD8E601212000E6F777F9002800D0D1E653
:206C800001214046E6F770F9002800D0CAE601004846E6F769F9C5E680B0FFFFF0B5454687
:206CA0005746DE464E46E0B51D000823CFB0984604910100A8440700243140460592E6F76D
:206CC00091FA002800D1C0E03B6C042B00D8F9E003339B0802930423079304339A4606932A
:206CE000053B99460023089318210698EFF7E8FB8346002800D189E02B00060055460024FC
:206D00009A463000E5F7CCFF30000830E5F7C8FF300001341030E4B2E5F7C2FF1836AC429D
:206D2000EFD15346AA461D0015AB1C22002118001DAE03933400CBF7F1FF2000E5F7B0FFC4
:206D4000083425AB9C42F8D129005846E6F7B2F8041E07D1584641460830E6F7ABF8041E39
:206D600000D1BBE03000E5F7A1FF083625AB9E42F8D1002C27D1089B002B00D09DE03E00C7
:206D80000FA8E5F78DFF039B343618009846E5F787FF00213000E6F719F9012800D0FCE25D
:206DA000059C00212000E6F711F90FAB210005001800E6F77FF8041E38D04046E5F776FFBD
:206DC0000FA8E5F773FFBB6D9B4520D05E46002557463000E5F76AFF30000830E5F766FF32
:206DE000300001351030EDB2E5F760FF1836BD42EFD15846EFF76CFB002C08D120004FB0F7
:206E0000F0BCBB46B246A946A046F0BDB84C049D002DF3D02800E5F749FF28000830E5F72E
:206E200045FF28001030E5F741FFE7E73100039E059A3000E6F722FB041E2AD03000E5F7F9
:206E400035FF0FA8E5F732FFBDE7390028001C31E6F7C8F93B6C002800D036E7BA6D93468E
:206E6000C0225200934200D29CE05A46002A00D130E1FA6D002A00D08AE0581D0621CBF7E6
:206E80008DF8062307931A339A4615AB0290039375E76B425D41EBB2039D1A0029000FA8B7
:206EA0000593E5F739FF041E00D123E12800E5F7FDFE0FA8E5F7FAFE85E75B46BB65069BD7
:206EC000FB655CE701335B08029302239A4607930693013B99460023089305E7102029008D
:206EE000584410310A90E5F7E5FF041E00D039E74A46029B5A4300239946002A75D03300DB
:206F000090464E46B9465F469B461AE02100280008310830E5F7CEFF00282CD121002800B7
:206F200010311030E5F7C6FF002824D15B462A0029004846FFF75EFB00281CD1013646456A
:206F400050D030000299CBF729F80123FF2283401A405500AD18ED007D190029E6D1DBB2F7
:206F60005B085C00E418E4003C1921002800E5F7A1FF0028CAD05E4604003000E5F796FE4E
:206F8000083625ABBB464F469E4200D0EAE6F0E603339B0802930423079304339A4615ABF1
:206FA0000393ECE65A46002A00D190E0FA6D002A0AD0042BECD801335B08029302239A46CF
:206FC000079315AB0393DAE6052BF4D9181D0521CAF7E4FF052307930B339A4615AB0290D3
:206FE0000393CCE65E46BB464F460398002201235C46844655465900CB18DB00E31808C04D
:20700000CBB20132AB42F6D338000399AA466546FFF7EEF9A346041E00D0A3E601231822FC
:207020000B951D00534652425A44DA46B04691469B466B0009935B19DE001B01183B53449B
:207040001C0056440FE043466A005219D20021000093380033004A44FFF79CFC013D183C8E
:20706000002800D07EE1002DEDD16B4624229B181D785D45DDD35B46D34606999A468C4632
:207080005B4646464A006244D2000B9D18335A4408C518339342FBD1069B380003995A1ECA
:2070A000FFF7A6F9041E00D05CE60A9BB14600251C005646804601352000EDB2E5F7F6FD04
:2070C0001834B542F7D1B24644464E464AE6042B00D855E103339B080293042307930433BC
:2070E0009A460693053B9946023B0893FCE5C04680B2FFFF029C1DAE00213000621CCBF70F
:207100000DFE002C45D00022079B91465A469846BB4627000692089609964D46002429002D
:207120000FA8E5F753FF0300A3403078013418433070ED194445F2D101239C46E1440136F8
:20714000B945EAD10122069B5F469B46029B099E984694463200B044347800234646B946B0
:207160009046089D6878624607005F40BA435142214018400B003B40034320003C00D20122
:207180004C4010436C7028700135AE42EAD14F464646039C2000E5F789FD0FAB1800E5F7CB
:2071A00085FD0FAB1800E5F77BFD11AB1800E5F777FD13AB1800E5F773FD20000834E5F7A9
:2071C0006FFDB442F9D1029B5A46F35C3800009304995346FEF7C6FF041E18D1589B002B13
:2071E00000D18EE00DA8E5F75BFD599B022100933A1D589B0DA8E7F761FD051E2CD00DA8AE
:20720000E5F754FD2B002C000E3300D1C3E00FA8E5F74CFD11A8E5F749FD13A8E5F746FDA4
:20722000039D28000835E5F741FDB542F9D1002C00D0C8E53800059A0499FEF76FFF041ECC
:2072400000D0C0E538000499FFF772F8BB6D04009B4500D0BAE5CFE510229446049B0DAAF3
:207260006344190018009846E6F73AF9051E00D07EE039004046FEF7F1FE051E78D10822BE
:207280009446049B0DAA6344190018009846E6F727F9051E6CD139004046FEF7DFFE051EF7
:2072A00066D10DAA11001000E6F71AF9051E5FD139000DA8FEF7D2FE051E59D1049B0DAA26
:2072C000190018009946E6F70BF9051E50D139004846FEF7C3FE051E4AD1414640460DAAFA
:2072E000E6F7FEF8051E43D139004046FEF7B6FE05000DA8E5F7DAFC2B000E334BD0002DFC
:207300003CD10AAA4B239446029D6344013DB146751902949846049C039E1BE03300220056
:2073200021003800FFF766F9002818D12B785A460093380053460FA9FEF714FF00280ED120
:2073400022002100380000960FABFFF723FB013D002804D14545E1D14E46029C57E74E46D3
:20736000040054E75B460400D34646469A46F9E40DA8E5F79BFC2B000E330CD02C0046E7FE
:2073800001335B08029302239A4607930693013B99460893A8E4024C39E7024C13E5C0468D
:2073A00000B3FFFF80B0FFFF00487047B0160610094810B50368002B0CD104220749C41C34
:2073C00001330C31E2540A78002AF9D1C3181A7101230360043010BDEC3A0020B016061080
:2073E00002000423054803E0037B0C30002B02D09A42F9D170470020FCE7C046B01606103B
:207400000200064803E0037B0C30002B03D043889342F8D170470020FCE7C046B01606107C
:2074200070B5051E0DD0084C03E0237B0C34002B07D02900A06801F021FE0028F5D12000C1
:2074400070BD0024FBE7C046B0160610C369002B04D0406A43425841013070470020FCE739
:2074600010B50400E5F71CFC20000830E5F718FC20001030E5F714FC10BDC04670B500259E
:20748000040005700430E5F70BFC20000C30E5F707FC20001430E5F703FC20001C30E5F79A
:2074A000FFFB20002430E5F7FBFB20002C30E5F7F7FB20003430E5F7F3FBE563256465645A
:2074C000A564E56425656565A565E56570BDC04610B50400FFF7D2FF20006030E5F7E0FB88
:2074E00020006830E5F7DCFB20007030E5F7D8FB20007830E5F7D4FB10BDC04610B5041E85
:2075000009D0E5F7D3FB20000830E5F7CFFB20001030E5F7CBFB10BD70B5061E25D0436C2E
:20752000012B23D1B06D00281BD0F36D002B18D000256C006419E4000419002C0CD0200051
:20754000E5F7B4FB20000830E5F7B0FB20001030E5F7ACFBB06DF36D0135AB42E9D8EEF798
:20756000B7FF60213000EEF7C5FF70BD0C30E5F79DFB30001430E5F799FB30001C30E5F7E2
:2075800095FB30002430E5F791FB30002C30E5F78DFB30003430E5F789FB301DE5F786FBE1
:2075A000C0E7C04610B5041E11D0FFF7B5FF20006030E5F77BFB20006830E5F777FB200084
:2075C0007030E5F773FB20007830E5F76FFB10BD70B504000D00E5F76DFC002800D070BD46
:2075E0002900200008310830E5F764FC0028F6D12900200010311030E5F75CFCEFE7C046CC
:2076000010B5097800F026FE10BDC04610B501210400E5F7A9FC002800D010BD20000121CA
:207620000830E5F7A1FC0028F7D1200000211030E5F79AFCF1E7C04610B500211030E5F7D6
:207640001FFE4342584110BD70B504000D00E5F7C9FD002810D12900200008310830E5F7AB
:20766000C1FD002808D12900200010311030E5F7B9FD002800D170BD0048FCE780B0FFFF70
:2076800070B504000D001E00E6F70EF8002800D070BD2000320029000830E6F705F80028D9
:2076A000F6D1200001211030E5F75EFCF0E7C046F0B5C64604000D001600984600B5012AD8
:2076C0004DD80430E5F7D4FCE3690700002B30D0636A002B2DD0280000211030E5F7D0FD00
:2076E00000280AD1079B002B3BD0069B424618700123136080BCB846F0BD002E1BD14246DE
:207700007B0001331360079A93422AD80423069A28001370511C3A00E5F7F0FC0028E9D10C
:207720002800069A7B1CD11808303A00E5F7E6FCE0E70D48DEE742467B1C1360079A9342E8
:207740000FD8280000210830E5F740FC069B023018703A002800591CE5F7D0FCCAE70348D3
:20776000C8E70348C6E7C04680B1FFFF80B0FFFF00B1FFFFF0B5454657464E46DE46E0B536
:20778000904605000F001E0087B0002B00D16CE0031D18009A46E5F76BFCEB698146002BC1
:2077A00053D06B6A002B50D043461B78002B0FD1012E5AD101213800E5F7D6FB041E46D0C6
:2077C000200007B0F0BCBB46B246A946A046F0BD01234B449B46B34247D843460200591C03
:2077E0003800E5F767FC041EEAD1380001211030E5F7BAFB041EE3D143461B780393042B53
:2078000067D0039B023B012B2FD8B3452DD10823984600215046B844E5F7D8FB012814D1B4
:2078200001215046E5F7D2FB060001280DD104A8E5F736FA3A0039004046E5F751FE041EDC
:2078400015D004A8E5F732FABAE7294CB8E7380001210830E5F788FB041EB1D138000021EC
:207860001030E5F781FB0400AAE7224CA8E729004046FEF7F3FB041EE3D13A00414628008D
:20788000FEF7F2FC041EDCD10122514604A8E5F7FBFD041ED5D1022104A8E5F75BFC041E10
:2078A000CFD1009053464146404604AAE7F714F8041EC6D100214046E5F788FB039B1E409F
:2078C0008642BED0424651464046E5F7D7FD0400B7E74B465B000133B342C6D141463800F0
:2078E0004A4659440830E5F7E5FB040068E7C04680B1FFFF80B0FFFF70B515001C00012B2F
:207900000DD913685A1C2A601B78002B07D0013CA34204D8D4182C60FFF72CFF70BD014864
:20792000FCE7C04680B0FFFF10B51C0082B0012A14D8059B002B11D0013B0193049B0133B7
:2079400000932300FFF7B4FE002805D12368049A137023680133236002B010BD0048FBE734
:2079600080B0FFFF10B5022A1CD90B685A1C0A601C78032C16D19A785C7812022243033361
:2079800052BA0B6092B2084B03E0197B0C33002906D059889142F8D11B780370002010BDB4
:2079A0000248FCE70248FAE7B016061080B1FFFF80B0FFFF10B582B06B460400D81DFFF79F
:2079C000D1FF002804D16B462000D97900F042FC02B010BD30B5057804240C4803E0047BCA
:2079E0000C30002C0ED0A542F9D103240C60022B0AD91470438800205BBA99B2090A537048
:207A0000917030BD0248FCE70248FAE7B016061080B0FFFF00B1FFFFF0B5060008000D00A7
:207A200085B001211030E5F72BFC00285AD1F369002B55D0736A002B52D000212800E5F75E
:207A40001FFC00284EDB2C00083400212000E5F717FC002846DB371D39002800E5F7C2FB8B
:207A600000283FDA39002000E5F7BCFB002839DA6846E5F715F902A8E5F712F92200210032
:207A80006846E5F72DFD041E08D06846E5F70EF902A8E5F70BF9200005B0F0BD31006846BC
:207AA000FEF7DCFA041EF0D12A00290002A8E5F717FD041EE9D1310002A8FEF7CFFA041E94
:207AC000E3D12A00300002A9FEF7CEFB041EDCD1684602A9E5F786FB041ED6D0024CD4E7D9
:207AE000024CD8E7004CD6E780B3FFFF80B0FFFFF0B51500C26904000F001E0083B0002A9E
:207B000027D0436A002B24D001212800E5F7B8FB002820DB210028003431E5F763FB002896
:207B200019DA31002000FFF777FF00280FD1E369002B0ED0636A002B0BD0099B2A00019303
:207B4000089B3900009320003300FFF7A7F803B0F0BD0248FBE70248F9E7C04680B0FFFFE4
:207B600080B3FFFFF0B5C646140000B584B0070002A80D001E00E5F793F800212000E5F7C6
:207B80007FFB00280DD131003800FFF745FF041E63D002A8E5F78AF8200004B080BCB84657
:207BA000F0BD01212000E5F76BFB00281BD131003800FFF731FF041EEBD131002800E5F7DE
:207BC00079F9041EE5D13100280008310830E5F771F9041EDDD13100280010311030E5F7C5
:207BE00069F90400D5E7012120004942E5F748FB002848D131003800FFF70EFF041EC8D10F
:207C000031002800E5F756F9041EC2D1082398463100A84440460831E5F74CF9041EB8D17A
:207C20003100280010311030E5F744F9041EB0D100214046E5F724FB42460500391D02A87F
:207C4000E5F71CFC041EA4D16B1E9D414046EAB202A9E5F761F804009BE701212800E5F784
:207C600083F9041E00D094E7280001210830E5F77BF9041E00D08CE7280000211030E5F77F
:207C800073F9040085E70023220001930093290033003800FFF72CFF04007AE7F0B5C646D1
:207CA00000B51D00C36906000F00904690B0002B49D0436A002B46D002A8E4F7F1FF04A848
:207CC000E4F7EEFF06A8E4F7EBFF08AC2000E4F7E7FF083410AB9C42F8D12B004246300053
:207CE00002A9FFF73FFF051E15D008AC2000E4F7DDFF083410AB9C42F8D102A8E4F7D6FF1A
:207D000004A8E4F7D3FF06A8E4F7D0FF280010B080BCB846F0BD39003000179B169AFFF722
:207D200021FF051EE1D108AB009339003B00300002AAFEF72FFE051ED7D139003000FEF76D
:207D4000F7FA0500D1E7014DE0E7C04680B1FFFF10B5002484B00294079C0194069C00940A
:207D6000FFF79CFF04B010BD10B582B0049C002C07D0059C0194049C0094FFF7B9FE02B08E
:207D800010BD0148FBE7C04680B0FFFF10B582B0049C002C07D0059C0194049C0094FFF7BD
:207DA000A7FE02B010BD0148FBE7C04680B0FFFFC36970B504000D00002B12D0436A002BF9
:207DC0000FD001212800E5F75BFA00280BDB210028003431E5F706FA03000020002B02DA87
:207DE00070BD0248FCE70248FAE7C04680B0FFFF80B3FFFF10B5040008001100E26982B03A
:207E0000002A0ED0626A002A0BD02200009334320B000121E6F752FF03000E3303D002B04A
:207E200010BD0248FBE70248F9E7C04680B0FFFF00B3FFFFF0B51500C26904000E001F0024
:207E400083B0002A1FD0436A002B1CD00200099B012100932800089B3432E6F72FFF030078
:207E60000E3312D000280CD1089B002B0BD0099B2A000193089B3900009320003300FFF717
:207E800037FE03B0F0BD0248FBE70248F9E7C04680B0FFFF00B3FFFFF0B51D00C369040020
:207EA0000E00170083B0002B1ED0436A002B1BD00200089B0121009330002B003432E6F796
:207EC000FDFE03000E3311D000280BD1002D0BD02300089A39000192200032001C330095AF
:207EE000FFF706FE03B0F0BD0148FBE70148F9E780B0FFFF00B3FFFF70B50C0082B0010091
:207F0000200016001D0000F0A5F900280AD12300220021002000683360321C310195009651
:207F2000FFF788FF02B070BD0B7870B50C001500002B18D083421DD1200029006830E4F79A
:207F4000B9FF002800D070BD2900200008317030E4F7B0FF0028F6D1290020001031783077
:207F6000E4F7A8FFEFE70100200000F073F90028E2D0E8E70048E6E780B0FFFFF0B5C6468F
:207F80000D0000B50100280016001F0000F062F9041E22D1EB69002B23D06B6A002B20D0FF
:207FA00060239846A8443A0031004046E5F782F8041E1AD1EB69002B1BD06B6A002B18D0CE
:207FC00001214046E5F75CF9002814DB290040463431E5F707F900280DDA200080BCB84658
:207FE000F0BD60239846054CA8444046E4F75EFEF3E7034CF9E7034CF7E7C04680B1FFFF0E
:2080000080B0FFFF80B3FFFFC36910B5002B06D0436A002B03D06030E5F770F810BD6E2035
:208020004042FBE720B50D001100026C0732D2089A4211D866232A60C35A002B10D0C3693C
:20804000002B06D0436A002B03D06030E5F756F820BD6E204042FBE7002302482B60F7E715
:208060000148F5E700B1FFFF80B0FFFF30B50C00010083B0069D009368311300019522003F
:20808000FFF716FB03B030BDF0B545465746DE464E46E0B59846037805000C001700A1B04D
:2080A000002B00D18AE00A789A4200D086E068239946894449466830E5F794F8002800D008
:2080C0007CE070239A462800A24451467030E5F789F8002800D071E078239B462800A3445B
:2080E00059467830E5F77EF8051E67D102A8E4F7D7FD04A8E4F7D4FD06A808AEE4F7D0FDCF
:2081000009A83570E4F7CCFD0BA8E4F7C9FD0DA8E4F7C6FD0FA8E4F7C3FD11A8E4F7C0FD1B
:2081200013A8E4F7BDFD15A8E4F7BAFD00220023300021781A921B93F563356475643565D4
:208140007565B565F56500F085F82200230060321C33002F28D0414630000191009702A98C
:20816000FFF7C6FC041E13D002A8E4F79FFD04A8E4F79CFD06A8E4F799FD3000FFF7CCF9F7
:20818000200021B0F0BCBB46B246A946A046F0BD494602A8E5F726F8002805D1514604A853
:2081A000E5F720F8002801D0054CDDE7594606A8E5F718F8041ED7D0014CD5E7004CDFE7A0
:2081C00080B0FFFF30B503000C0015000100020083B0683160321C33002C05D0019500948D
:2081E000FFF786FC03B030BD0048FBE780B0FFFF0078704770B50400160008001D00002953
:2082000004D0217800F026F8002812D1002E06D0210030006031E4F74DFE002809D10020AA
:20822000002D06D0210028006831E4F743FE002800D070BD2100280070310830E4F73AFEE3
:208240000028F6D12100280078311030E4F732FEEFE7C04670B504000D00FFF75DF9200074
:20826000FFF70CF92570032D2FD0042D03D000232948237028E0294B29491A0024326260F4
:208280001A0054326261274A2033101D6063100064326262244A3430E362A160A161A1633F
:2082A0002162E061A1622263201DE4F7DBFEE06320003430E4F7D6FE012363641B4B206436
:2082C000A3650023E365002070BD194B194A190020316161190063606033E3610F4BA260DC
:2082E000A261A2632262A2620F4A403163622033E36261632263201DE4F7B4FEE063200051
:208300003430E4F7AFFE012363640B4B2064A3650023E365D7E7C04680B1FFFF54170610C5
:2083200001000C00D41706100100010068180610D41606100100080068270610030010B521
:208340000A0003490868190000F004F810BDC046780B002070B50B0C0024150C002B28D137
:20836000002D3CD18BB291B2594300F051F8051E33D00300083B5A6803239A43043A242AB1
:2083800012D80300132A0AD90460446008331B2A05D98460C460242A2AD0030010330022B2
:2083A0001A605A609A6002E00021CAF7B7FC280070BD002D16D1151C89B292B24A43ADB213
:2083C0009BB26B43110C5B18190C0BD1190492B2114300F01DF8051ECBD10025E7E72B1C5E
:2083E0000D1CE9E700F032FE0C2300250360DEE70300046118334461D1E7C04610B5034BBF
:208400000100186800F006FF10BDC046780B0020F0B54E464546DE465746E0B50D000B3509
:20842000060085B0162D21D8102900D9D4E000F0D5FA102518230221CA4FFB181A005C68A3
:20844000083A944200D186E103226368A1689343E268CA6091600121E3185A6830000A433C
:208460005A6000F0C3FA20000830B8E007239D4300D5B1E0A94200D9AEE000F0AFFAFC232B
:208480005B009D4200D2E0E1690A00D1AEE0042900D9A1E138239846A90988443931CB00C9
:2084A000082252429446AF4FFB189C446346DC68A44514D0032399460B0061469C4607E0F9
:2084C000E068002A00DB40E1814200D141E104004A46636893435A1B0F2AF1DD41463A0006
:2084E0003C690832944200D11EE1032063688343581B0F2800DDACE13A617A610028AADA0D
:208500007A68904680229200934200D336E1DA08580901238340404618438046D300DB1918
:208520009A687860E360A2609C60D46001208B109840404562D8434603420AD103239943EE
:20854000434640000431034203D1400004310342FBD00323B3469C460E00B8460190F000F1
:2085600040440100B246CB680BE064465A681F00A243DB68541B0F2C00DD39E1002C00DB05
:2085800053E19942F1D101239946CA44534608319B07E8D1032205E003680838013E834213
:2085A00000D013E23242F7D14346019A5B68934342465360019A520001929A421CD8002A48
:2085C00006D119E004229146019ACA44520001921342F7D05646C2E70C233360002005B048
:2085E000F0BCBB46B246A946A046F0BD80233F22402190469B0053E75E4647460322BC68CA
:20860000636893439846AB4203D35B1B0F2B00DD8DE0230043440293534B08201B68103353
:208620005B19019300F01CFD504903900B688A46013306D08446019B4242013B6344134090
:2086400001933000019900F0EFFC03008146013300D11CE1029B834200D916E1444B0298BA
:208660009B461A68019B59469C4662440A6003990139484500D157E153461B68013300D1DD
:208680005EE14B4602981B1A9B185A46136007234A4648461A400292184200D115E1039883
:2086A000013384469B1A019A99444A44019263440A409B1A194030008A4600F0B5FC431C6F
:2086C00000D158E14B46C01A0300534401935B461A68012052441A604B464946BB60019BCC
:2086E00003434B60BC4213D043460F2B00D82BE107210C3B8B436168014005201943616078
:20870000E118486088600F2B00D93FE14B465B6818490868904200D20A60174908689042C8
:2087200000D20A604C46B4E07B689846FEE60122290013431143651961603000BD606B60E5
:2087400000F054F92000083049E7A268D060826081E66146C3E6DC680231A34200D1BEE6B0
:2087600072E6C04670070020583B002068070020283B0020503B0020543B00205A0A042A53
:208780007CD9142A00D9B0E010005B3082465C32D200082040428446BA189444624692685A
:2087A0000B308146944500D186E00800A2466146844602E09268914204D04C465068A04396
:2087C0009842F7D8D368614654469C466346A260E3609C60D460A9E6142967D9542900D912
:2087E0008CE06E239846290B88446F31CB0057E6BA4601205146844649190543504645608F
:20880000856847466046EB605E469D60534639617961204308374860CF6030008F609C50BB
:2088200000F0E4F850460830D9E6BA4601205E465244516801435160BA683000D3609A6057
:2088400000F0D4F838000830C9E62B00E9080833F2E56119884601218C460D434146656037
:2088600039617961CA608A60624602434A60E050300000F0BBF820000830B0E69A09100035
:20888000393238308246D20083E7BC4241D0BC686368032293431A005B1BAA4202D30F2B7D
:2088A00000DD44E7300000F0A1F897E65B23984688445C31CB00F3E55346981001238340FA
:2088C000404618438046786080E7019B039A4B440B40D31A194030008A4600F0A5FB431C6A
:2088E00000D0EFE600239A46F1E6542A2ED81A0B10006F326E308246D2004AE7AA235B000E
:2089000099422ED8DD3B9846E90B88447831CB00C6E5304B9B461A68019B9C465B466244FE
:208920001A60039B591EA7E64846084200D0A3E6B9684344894601210B4349464B60E7E6FC
:2089400053464A461A60A2E64860ABE7AA204000824226D8DA0B1000783277308246D20006
:2089600017E71D4B994226D87C239846A90C88447D31CB0094E5019A029B94464A46083BE3
:2089800063449B1A019300239A46A0E621003000083100F03FFC5B461A68BB6899465B68C1
:2089A000B6E60D4882420CD89A0C10007D327C308246D200EDE6FE237E227F2190469B00CE
:2089C0006EE5FE227E2092008246E2E643465B68F0E5C046283B00205405000010B5024852
:2089E00000F03AFB10BDC046243B002010B5024800F034FB10BDC046243B002030B5032A6E
:208A00000CD90B0003439B0719D104680B689C4215D1043A04300431032AF6D8551E002AB2
:208A20000BD0002303E05A1C9D4206D01300C25CCC5CA242F7D0101B00E0002030BD551E9B
:208A4000EFE7C046F0B5CE46474680B588420DD98B1898420AD2531E002A03D0CA5CC2540C
:208A6000013BFBD2C0BCB946B046F0BD0F2A0BD80500561E002AF5D00023CC5C1A00EC54A6
:208A800001339642F9D1EDE703000B4388469B0734D110261700B1460C000300103F3F097C
:208AA0003F01C519A94426681E6066685E60A6689E60E6681034DE601E001033AE42F2D123
:208AC000CF1939000F230C2610318C461340164217D04446043B9B089B00FF181437061BE2
:208AE0000C688D1904312C60B942F9D16146043359184B441D0003231A40BAE70500561E41
:208B0000BAE74D461A00B4E70323CAB2F0B50340002A35D00324002B2DD1FF230B401D02D7
:208B2000ED182B04ED182C000168264E4C408B198B43A119A143244E0B43334211D1416897
:208B4000204F0C00CB196C408B43E119A1430B4304303342F3D00378002B05D09A4204D079
:208B600001300378002BF9D10020F0BD9342FCD001302042D1D00378002BF7D10020F4E749
:208B8000002B08D0032202E00130104203D00378002BF9D1E9E702680A4B0B49D318934361
:208BA0000B4206D14268074B0430D31893430B42F8D00378002BD8D043780130002BFBD15A
:208BC000D3E7C046FFFEFEFE80808080F0B5CE4647460300944680B5012959D901220120E4
:208BE0009046012500260124404206E0221A9046260001257419A1420DD91F181A5D7F5D88
:208C0000BA42F3D336D0012501223000013674199046A142F1D8444662461460012291462D
:208C2000023A012500269046012407E04246A21A9146260001257419A1420ED94746DF1987
:208C40001A5D7F5DBA42F1D818D001250122B046013674199146A142F0D8434601300133A1
:208C6000834203D36246494618001160C0BCB946B046F0BD454505D00135BBE74D4504D0DE
:208C80000135D8E776190125B4E776190125D2E7012399460023E5E7F0B5DE4657464E4635
:208CA0004546E0B57D4C8246A544140089462000190005AA1D00FFF789FF06AB9B46019091
:208CC000FFAA20C31C329342FAD1002D0BD02300681E661920185F461A78C11A92000133DA
:208CE000B950B342F7D1059B2000019AE1180293FFF784FE002800D072E0002398464B4671
:208D0000591B80231B012B4303932B006F1E002645460800984608E0002D04D0029A9A426C
:208D200001D943469B1A0025F618B04220D353465A469919CB5D9B00D358002BECD1019AA7
:208D40002B00954200D213009F4227D98446080002E001339F421FD0E15CC25C9142F8D09D
:208D6000010060469F4219D9019AB61A0136DAE750460399484400F045FB81444B4642464A
:208D8000981AB042D3D20020454B9D44F0BCBB46B246A946A046F0BD01006046019A531E1F
:208DA000954279D28446080003E05A1E9D4210D01300E15CC25C9142F7D0010060460133C2
:208DC00001359D420AD8029B42469C46D51A6644ABE70135010060469D42F4D90800D3E71F
:208DE000019AAB1A934255D30133029305934B46591B80231B012B430026984608006F1EEA
:208E0000B0420AD353465A469919CB5D9B00D358002B14D0F618B042F4D25046414648442C
:208E200000F0F0FA81444B46581BB042ABD353465A469919CB5D9B00D358002BEAD1019AC5
:208E40001300BA4214D28446080002E00133BB420CD0E15CC25C9142F8D0010060469F42DE
:208E600006D9019AB61A0136F618D4E701006046019B013BB2D38446080002E0013B00D2E2
:208E800082E7E15CC25C9142F8D0029B60469C466644B5E71300A7E7130091E7E4FBFFFFFF
:208EA0001C040000F0B54646D6464F46C0B50E0009780500040090B0002953D07078002807
:208EC00000D176E0B778002F53D0F378002B00D18AE03279002A00D170E0300000F012F9F8
:208EE0008021890007000143280000F08BFA87424FD8FE2F00D98FE0C01B8046402268464A
:208F0000791CE946A844C9F709FF002F10D03F22F8B2824633009446BC19B24461461A78E6
:208F200048460A405146C91A013381549C42F5D12C003F254A46013CE35D2B40D35CE418FF
:208F4000A04503D227E05444A04524D34A46E35D31002B40D35C20003A009A46FFF74EFDC6
:208F60000028F0D1200010B0E0BCBA46B146A846F0BD002309042A780143002A07D01B04C4
:208F8000013513432A789942F7D1AC1EEAE79942FBD00024E6E74346D819DB5D002BF8D029
:208FA0008021090100F02EFA8044A045C2D20024D8E72800FFF7A8FD0400D3E72A78002A81
:208FC000E7D0000208433F0407431B063B4319BA00232C001B02013513432A78002A13D0E7
:208FE0008B42F6D1033CBDE70906000401433F022A783943002A0BD0134301351B022A78F4
:209000009942F7D1EC1EADE78B42EBD00024A9E79942F7D00024A5E701003B0032002800EB
:20902000FFF73AFE04009DE7002370B5064C050008002360CBF728FB431C00D070BD236884
:20904000002BFBD02B60F9E754530020014B18687047C046780B00207047C0467047C04642
:20906000802310B55B01082801D1180010BDFFF7EDFF16230360173BF7E7C046024670B524
:209080000A4392072AD11E4DEE0104C808C9541B9443344017D0D0B2D9B2401A2106014385
:2090A00010D190B299B2401A210401430AD110021902000A090A401A2102014302D1100EA8
:2090C000190E401A70BD9A42DFD010BA19BA884201D9012070BD0020C04370BD02780B787B
:2090E00001300131002A09D09A4207D102780B7801300131002A01D09A42EFD0D01A70BD49
:209100000101010110B583070AD00300032102E001330B4205D01A78002AF9D1181A10BD3E
:20912000030019680C4A0D4C8A188A4322420FD15968094A04338A188A43224208D1596891
:20914000054A04338A188A432242F1D000E001331A78002AFBD1E1E7FFFEFEFE8080808098
:20916000F0B5C646060000B508200D00FFF778FF04003000FFF732FC234B210098469B6819
:209180005F6803239F4338001138401B0019C8F705FF451E6543AC4208DC00213000FFF724
:2091A00043FF43469B68DB19984206D03000FFF71DFC002080BCB846F0BD30006942FFF726
:2091C00033FF01300ED0012243467F1B9B6817430E4A5F60136830005B1B1360FFF706FC08
:2091E0000120E7E700213000FFF71EFF43469A68831A0F2BDADD064C04492468001B086055
:2092000001210B435360D1E770070020283B002068070020F0B5D6464F46464605000C00D7
:20922000C0B5002948D0FFF7D9FB2100012708394B6803209C46BB43CE1872688243604643
:20924000384080466A4891468468B44200D17CE07260B41864683C40A2464446002C30D1B3
:209260000C68A446091B8C686344A4460824A0468044C4455CD0CC68A04664464246E2604E
:2092800094605246002A1FD01F434F60336080229200934230D2DA085C090123A340446880
:2092A00023434360D3001B189A68CB608A609960D1602800FFF79AFBE0BCBA46B146A8462A
:2092C000F0BD5246002A0FD101224B44CF18BC46B468484F1A43BC425BD0F668E660B460B3
:2092E0004A6062461360D2E762463A434A608022336092009342CED35C0A042C3FD89C0992
:20930000260039343836E40004192268083C0327944203D14EE09268944203D05068B84325
:209320009842F8D8D468CC608A60A160D160C0E75246002A35D14B441A00B068F36817431A
:20934000C36098604F608A50B3E74B441A004346002B06D10B68C91A8C68D218CB68E360F1
:209360009C60012313434B60234B81601B6893429FD8224B28001968FFF7F2FE99E7142CF2
:2093800013D9542C1DD81C0B26006F346E36E400BAE7E160A1604A606246CC608C60136034
:2093A00087E71F434F60336083E726005C345B36E400A9E70123B610B340466833434360D2
:2093C000B1E7AA225200944205D8DC0B260078347736E40098E70A4A944205D89C0C260086
:2093E0007D347C36E4008FE7FE247E26A4008BE770070020780700206C070020583B002058
:209400005405000010B503004418002903D107E00133A34202D01A78002AF9D1181A10BD7B
:209420000020FCE7F8B5C04601B40248844601BC604700BFD503002001B40248844601BC0C
:20944000604700BF9D01002001B40248844601BC604700BF1105002001B40248844601BC40
:20946000604700BF4503002001B40248844601BC604700BF1105002001B40248844601BC76
:20948000604700BFB502002001B40248844601BC604700BFFD00002001B40248844601BC00
:2094A000604700BFC10000204672656520686561703A2025640A00004D696E206672656552
:2094C00020686561703A2025640A00005B494E464F5D203C25643E202573205B4325645D7E
:2094E000203A20202D204E6574776F726B2054696D656F75742053657474696E6773202DD6
:20950000205243523A2025642C205254523A2025640D0A0072657365745F74696D65720080
:209520004E65745F5374617475735F5461736B00687474705F7765627365727665725F7468
:2095400061736B00486561705F4D6F6E69746F725F5461736B00000053746172745F5461F3
:20956000736B0000764170706C69636174696F6E537461636B4F766572666C6F77486F6FB3
:209580006B205B25735D0D0A000000000A2A2A2A2050414E4943202A2A2A0A006E6F7420AD
:2095A000737570706F727465640000005370696E6C6F636B20256420697320616C726561B8
:2095C000647920636C61696D656400004E6F207370696E6C6F636B7320617265206176615C
:2095E000696C61626C650000486172647761726520616C61726D20256420616C7265616475
:209600007920636C61696D6564000000666C617368206C6F636B6F75740000004861726434
:2096200020617373657274004F7574206F66206D656D6F727900000052656C6561736500D1
:20964000626F6F74325F77323571303830000000322E322E300000007069636F0000000043
:209660004170705F6C696E6B65720000417072203232203230323600666E692B00000000EC
:20968000666E69006E616E00666E692D000000005541525420737464696E0000554152542C
:2096A000207374646F7574005541525420737464696E202F207374646F7574004E6F204436
:2096C0004D41206368616E6E656C732061726520617661696C61626C650000004E6F20504A
:2096E000494F207374617465206D616368696E65732061726520617661696C61626C650010
:20970000546D725100000000546D7220537663004C45440020573578303020696E697469B0
:20972000616C697A6564206661696C00766572203D203078253032580D0A000020414343A5
:2097400045535320455252203A2056455253494F4E20213D20307830342C207265616420C3
:2097600076616C7565203D203078253032780A00573578303020524553455400737069202B
:209780006661696C65642077726974696E6720627566666572000000573535525032302DB4
:2097A000533245003139322E3136382E31312E330000000030303030303030300000000005
:2097C000574F524B47524F555000000025732D253032582530325825303258253032582553
:2097E00030325825303258005B53454743505D203C25643E202573202564205B4325645D7E
:20980000203A20203E204572726F723A204D656D6F727920616C6C6F636174696F6E2066A7
:2098200061696C656420666F72206465765F636F6E6669675F746D700D0A00005B5345478D
:2098400043505D203C25643E202573202564205B4325645D203A20203E20446576436F6EB9
:2098600066696720757064617465206661696C65642C2052657472793A2025640D0A00002E
:209880005B494E464F5D203C25643E202573205B4325645D203A204D4143203D2025303216
:2098A0005825303258253032582530325825303258253032580D0A005B494E464F5D203C9E
:2098C00025643E202573205B4325645D203A20436F6E66696720446174612073697A653AE6
:2098E000202564202F2025640D0A00005B494E464F5D203C25643E202573205B4325645D4D
:20990000203A20537461727420466163746F72792052657365740D0A000000005B494E4655
:209920004F5D203C25643E202573205B4325645D203A20416674657220436F6E66696720FA
:20994000446174612073697A653A202564202F2025640D0A000000005B494E464F5D203C80
:2099600025643E202573205B4325645D203A202023204D41433A20253032583A25303258C4
:209980003A253032583A253032583A253032583A253032580D0A00005B494E464F5D203C0C
:2099A00025643E202573205B4325645D203A202023204950203A2025642E25642E25642E6F
:2099C0002564202F20506F7274203A200D0A00005B494E464F5D203C25643E202573205B1F
:2099E0004325645D203A2025642000005B494E464F5D203C25643E202573205B4325645DB8
:209A0000203A200D0A0000005B494E464F5D203C25643E202573205B4325645D203A2020B8
:209A200023204757203A2025642E25642E25642E25640D0A000000005B494E464F5D203CC6
:209A400025643E202573205B4325645D203A20202320534E203A2025642E25642E25642EC6
:209A600025640D0A000000005B494E464F5D203C25643E202573205B4325645D203A202049
:209A80002320444E533A2025642E25642E25642E25640D0A000000005B494E464F5D203C3F
:209AA00025643E202573205B4325645D203A2020232044657374696E6174696F6E20446F51
:209AC0006D61696E3A202573202F20506F72743A2025640D0A0000005B494E464F5D203CA1
:209AE00025643E202573205B4325645D203A2020232044657374696E6174696F6E2049502B
:209B00003A2025642E25642E25642E2564202F20506F72743A2025640D0A00005B494E46F7
:209B20004F5D203C25643E202573205B4325645D203A202023232055445020313A4E204DCB
:209B40006F64650D0A0000005B494E464F5D203C25643E202573205B4325645D203A2020B9
:209B600023232055445020313A31204D6F64650D0A0000005B494E464F5D203C25643E20F7
:209B80002573205B4325645D203A2054696D65722052657365740D0A000000005B494E469C
:209BA0004F5D203C25643E202573205B4325645D203A2025730D0A003D3D3D3D3D3D3D3D69
:209BC0003D3D3D3D3D3D3D3D3D3D3D3D3D3D3D3D3D3D3D3D3D3D3D3D3D3D3D3D3D3D3D3DE5
:209BE0003D3D3D3D3D3D3D3D3D3D00005B494E464F5D203C25643E202573205B4325645DA0
:209C0000203A20202573200D0A0000005B494E464F5D203C25643E202573205B4325645D78
:209C2000203A20203E3E2057495A6E657420446576696365205365727665720D0A0000008F
:209C40005B494E464F5D203C25643E202573205B4325645D203A20203E3E204669726D7766
:209C60006172652076657273696F6E3A2025642E25642E25642025730D0A000053746162DC
:209C80006C6500004175746F6D61746963202D204448435000000000537461746963000058
:209CA000456E61626C65640044697361626C6564000000004D6F646275735254550000007C
:209CC0004D6F646275734153434949005B494E464F5D203C25643E202573205B4325645D4E
:209CE000203A20202D2053797374656D20636C6F636B3A20256C7520487A0A005B494E4648
:209D00004F5D203C25643E202573205B4325645D203A20202D205065726920636C6F636B75
:209D20003A20256C7520487A0A0000005B494E464F5D203C25643E202573205B4325645D74
:209D4000203A20202D2044657669636520747970653A2025730D0A005B494E464F5D203CA1
:209D600025643E202573205B4325645D203A20202D20446576696365206E616D653A202549
:209D8000730D0A005B494E464F5D203C25643E202573205B4325645D203A20202D20446546
:209DA000766963652067726F75703A2025730D0A000000005B494E464F5D203C25643E207F
:209DC0002573205B4325645D203A20202D20446576696365206D6F64653A2025730D0A0042
:209DE0005B494E464F5D203C25643E202573205B4325645D203A20202D2053657269616CB9
:209E0000202573206D6F64650D0A00005B494E464F5D203C25643E202573205B4325645D4B
:209E2000203A20202D204E6574776F726B2073657474696E67733A200D0A00005B494E4617
:209E40004F5D203C25643E202573205B4325645D203A20092D204F627461696E696E67204C
:209E600049502073657474696E67733A205B25735D0D0A005B494E464F5D203C25643E20D0
:209E80002573205B4325645D203A20092D205443502F55445020706F7274730D0A00000048
:209EA0005B494E464F5D203C25643E202573205B4325645D203A20092020202B2053324547
:209EC000206461746120706F72743A205B25645D0D0A00005B494E464F5D203C25643E200A
:209EE0002573205B4325645D203A20092020202B205443502F5544502073657474696E67DB
:209F000020706F72743A205B25645D0D0A0000005B494E464F5D203C25643E202573205B70
:209F20004325645D203A20092020202B204669726D776172652075706461746520706F7279
:209F4000743A205B25645D0D0A0000005B494E464F5D203C25643E202573205B4325645D78
:209F6000203A20092D205443502052657472616E736D697373696F6E2072657472793A2079
:209F80005B25645D0D0A00005B494E464F5D203C25643E202573205B4325645D203A20206C
:209FA0002D2053656172636820494420636F64653A200D0A000000005B494E464F5D203CE5
:209FC00025643E202573205B4325645D203A20092D2025733A205B25735D0D0A0000000035
:209FE0005B494E464F5D203C25643E202573205B4325645D203A20202D2045746865726EB1
:20A00000657420636F6E6E656374696F6E2070617373776F72643A200D0A00005B494E46DB
:20A020004F5D203C25643E202573205B4325645D203A20092D2025732025730D0A000000BE
:20A040002854435020736572766572202F206D69786564206D6F6465206F6E6C79290000E4
:20A060005B494E464F5D203C25643E202573205B4325645D203A20202D20436F6E6E656340
:20A0800074696F6E2074696D65722073657474696E67733A200D0A005B494E464F5D203C83
:20A0A00025643E202573205B4325645D203A20092D20496E61637469766974792074696D1F
:20A0C00065723A20000000005B494E464F5D203C25643E202573205B4325645D203A205B17
:20A0E00025645D2028736563290D0A005B494E464F5D203C25643E202573205B4325645D54
:20A10000203A20092D205265636F6E6E65637420696E74657276616C3A2000005B494E46B7
:20A120004F5D203C25643E202573205B4325645D203A205B25645D20286D736563290D0A09
:20A14000000000005B494E464F5D203C25643E202573205B4325645D203A20202D205365FD
:20A160007269616C2073657474696E67733A200D0A0000005B494E464F5D203C25643E200E
:20A180002573205B4325645D203A20092D20436F6D6D756E69636174696F6E2050726F7498
:20A1A0006F636F6C3A2000005B494E464F5D203C25643E202573205B4325645D203A205B60
:20A1C00025735D0D0A0000005B494E464F5D203C25643E202573205B4325645D203A20098D
:20A1E0002D204461746120257320706F72743A0D0A00000055415254000000005B494E4636
:20A200004F5D203C25643E202573205B4325645D203A20092020202B2055415254204946FA
:20A220003A205B25735D0D0A00000000092020202B20256C642D000025642D0025732D000C
:20A240002564202F20000000466C6F7720636F6E74726F6C3A202573000000005B494E4623
:20A260004F5D203C25643E202573205B4325645D203A20202D2053657269616C2064617413
:20A2800061207061636B696E67206F7074696F6E733A0D0A000000005B494E464F5D203CA3
:20A2A00025643E202573205B4325645D203A20092D2054696D653A20000000005B494E468A
:20A2C0004F5D203C25643E202573205B4325645D203A20092D2053697A653A20000000008E
:20A2E0005B494E464F5D203C25643E202573205B4325645D203A205B25645D2028627974A9
:20A300006573290D0A0000005B494E464F5D203C25643E202573205B4325645D203A20093F
:20A320002D20436861723A20000000005B494E464F5D203C25643E202573205B4325645D95
:20A34000203A205B252E32585D2028686578206F6E6C79290D0A00005B494E464F5D203CFF
:20A3600025643E202573205B4325645D203A20202D2053657269616C20636F6D6D616E6474
:20A38000206D6F64652073776974636820636F64653A0D0A000000005B494E464F5D203CFA
:20A3A00025643E202573205B4325645D203A20092D2025730D0A00005B494E464F5D203CBB
:20A3C00025643E202573205B4325645D203A20092D205B252E32585D5B252E32585D5B25E0
:20A3E0002E32585D2028486578206F6E6C79290D0A0000005B494E464F5D203C25643E2092
:20A400002573205B4325645D203A20092D20446562756720257320706F72743A0D0A00005B
:20A420005B494E464F5D203C25643E202573205B4325645D203A20092020202B20257320D3
:20A440002F2025732025730D0A00000028666978656429004E4F4E450000000039323136E3
:20A4600030302D382D4E2D31000000005B494E464F5D203C25643E202573205B4325645DDB
:20A48000203A2020232044484350204950204C65617365642074696D65203A20256C64203B
:20A4A0007365636F6E64730D0A0000005B494E464F5D203C25643E202573205B4325645D33
:20A4C000203A2020232044484350204661696C65640D0A005B53534C5D203C25643E2025F2
:20A4E00073203A20485454505320736F636B65745B25645D207374617465203D2030782567
:20A500003032780D0A0000005B53534C5D203C25643E202573203A20485454505320736FB6
:20A52000636B65745B25645D206F70656E6564206F6E20706F72742025640D0A00000000F6
:20A540005B53534C5D203C25643E202573203A20485454505320736F636B65745B25645D7F
:20A5600020726573706F6E736520666C757368207761697420646F6E652C20636C6F736909
:20A580006E672073657373696F6E0D0A00000000485454502F312E3120323030204F4B0D33
:20A5A0000A436F6E74656E742D547970653A20746578742F68746D6C3B2063686172736513
:20A5C000743D5554462D380D0A436F6E74656E742D4C656E6774683A2025750D0A436F6ECA
:20A5E0006E656374696F6E3A20636C6F73650D0A0D0A00005B53534C5D203C25643E2025BB
:20A6000073203A2048545450532073656E64206865616465725F6C656E3D256420626F64AE
:20A62000795F6C656E3D25750D0A00005B53534C5D203C25643E202573203A2048545450D6
:20A6400053207772697465206661696C6564207265743D2D307825782073656E743D25750C
:20A660002072656D61696E696E673D25750D0A005B53534C5D203C25643E202573203A2013
:20A680004854545053206865616465722073656E64206661696C65640D0A00005B53534CEB
:20A6A0005D203C25643E202573203A20485454505320626F64792073656E64206661696C01
:20A6C0006564206174206F66667365743D2575206368756E6B3D25750D0A00005B53534CCA
:20A6E0005D203C25643E202573203A20485454505320706167652073656E6420636F6D70BF
:20A700006C6574650D0A00005B53534C5D203C25643E202573203A20485454505320736FE4
:20A72000636B65745B25645D20726573706F6E73652073656E64206661696C65640D0A003C
:20A740005B53534C5D203C25643E202573203A20485454505320736F636B65745B25645D7D
:20A760002069646C652074696D656F75742C20636C6F73696E672073657373696F6E0D0A7E
:20A78000000000005B53534C5D203C25643E202573203A20485454505320736F636B65747E
:20A7A0005B25645D2072656164206661696C65643A202D307825780D0A0000005B4448430A
:20A7C000505D203C25643E202573203A20202D204448435020436C69656E742072756E6E89
:20A7E000696E670D0A0000005B444843505D203C25643E202573203A20202D20444843504C
:20A8000020537563636573730D0A00005B444843505D203C25643E202573203A20202D208F
:20A8200044484350204661696C65640D0A0D0A005B444843505D203C25643E202573203A5A
:20A8400020202D20444843502054696D656F7574206F6363757272656420616E6420726584
:20A86000747279205B25645D0D0A00005B494E464F5D203C25643E202573205B4325645D9E
:20A88000203A204E45545F4C494E4B5F444953434F4E4E45435445440D0A00005B494E46A9
:20A8A0004F5D203C25643E202573205B4325645D203A2057353530302052455345540D0A18
:20A8C000000000005B4552525D203C25643E202573203A204E45545F4C494E4B5F434F4ECF
:20A8E0004E45435445442044484350204661696C65640D0A0000000048545450532073655F
:20A90000727665722072656164793A2068747470733A2F2F25642E25642E25642E25642F41
:20A920000D0A00005B4552525D203C25643E202573203A204E45545F49505F55502044487B
:20A940004350204661696C65640D0A005B4552525D203C25643E202573203A204E45545FAC
:20A9600049505F5550205048595F4C494E4B5F4F46460D0A0000000054544C2F52532D3224
:20A980003332000052532D343232000052532D34383500005350495F534C415645000000AF
:20A9A000584F4E2F584F4646000000005254532F43545300525453204F6E6C790000000073
:20A9C000525453204F6E6C792052657665727365000000004F4444004556454E00000000BB
:20A9E0005B53534C5D203C25643E202573203A20206661696C65640D0A20202120707361F7
:20AA00005F63727970746F5F696E69742072657475726E65642025640D0A000073736C5F29
:20AA2000636C69656E7431005B53534C5D203C25643E202573203A2025730D0A00000000B8
:20AA40005B53534C5D203C25643E202573203A20206661696C65640D0A202021206D6265A6
:20AA600064746C735F6374725F647262675F736565642072657475726E6564202D307825D6
:20AA8000780D0A005B53534C5D203C25643E202573203A20204C6F6164696E6720746865E9
:20AAA00020434120726F6F74206365727469666963617465206C656E203D2025640D0A00EF
:20AAC0005B53534C5D203C25643E202573203A20206661696C65640D0A20202120206D626B
:20AAE0006564746C735F783530395F6372745F70617273652072657475726E6564202D309D
:20AB0000782578207768696C652070617273696E6720726F6F7420636572740D0A0000000A
:20AB20005B53534C5D203C25643E202573203A206F6B21206D626564746C735F783530399B
:20AB40005F6372745F70617273652072657475726E6564202D30782578207768696C65205F
:20AB600070617273696E6720726F6F7420636572740D0A005B53534C5D203C25643E202506
:20AB800073203A20206661696C6564206D626564746C735F73736C5F7365745F686F7374BF
:20ABA0006E616D652072657475726E65642025640D0A00005B53534C5D203C25643E202599
:20ABC00073203A206F6B21206D626564746C735F73736C5F7365745F686F73746E616D6568
:20ABE0002072657475726E65642025640D0A00005B53534C5D203C25643E202573203A200D
:20AC0000206661696C65640D0A20202120206D626564746C735F783530395F6372745F7020
:20AC2000617273652072657475726E6564202D30782578207768696C652070617273696E68
:20AC4000672064657669636520636572740D0A005B53534C5D203C25643E202573203A2019
:20AC60006F6B21206D626564746C735F783530395F6372745F7061727365207265747572E5
:20AC80006E6564202D30782578207768696C652070617273696E672064657669636520638B
:20ACA0006572740D0A0000005B53534C5D203C25643E202573203A20206661696C65640DA1
:20ACC0000A20202120206D626564746C735F706B5F70617273655F6B657920726574757230
:20ACE0006E6564202D30782578207768696C652070617273696E6720707269766174652003
:20AD00006B65790D0A0000005B53534C5D203C25643E202573203A206F6B21206D62656421
:20AD2000746C735F706B5F70617273655F6B65792072657475726E6564202D307825782029
:20AD40007768696C652070617273696E672070726976617465206B65790D0A005B53534CDE
:20AD60005D203C25643E202573203A20206661696C6564206D626564746C735F73736C5F81
:20AD8000636F6E6669675F64656661756C74732072657475726E65642025640D0A0000003D
:20ADA0005B53534C5D203C25643E202573203A2073736C5F6F7074696F6E2D3E726F6F741B
:20ADC0005F63615F6F7074696F6E203D2025640D0A0000005B53534C5D203C25643E202529
:20ADE00073203A20736F636B65745F6664203D2025640D0A000000005B53534C5D203C256C
:20AE0000643E202573203A206661696C656421206D626564746C735F73736C5F636F6E6617
:20AE20005F6F776E5F636572742072657475726E65642025640D0A005B53534C5D203C25DE
:20AE4000643E202573203A206F6B21206D626564746C735F73736C5F636F6E665F6F776EAF
:20AE60005F636572742072657475726E65642025640D0A005B53534C5D203C25643E20256A
:20AE800073203A20206661696C6564206D626564746C735F73736C5F7365747570207265FD
:20AEA0007475726E6564202D307825780D0A00005B53534C5D203C25643E202573203A2058
:20AEC00072657475726E20310D0A00005B53534C5D203C25643E202573203A20206661691B
:20AEE0006C65640D0A20202120485454505320736572766572206D656D6F727920616C6C29
:20AF00006F636174696F6E206661696C65640D0A0000000068747470735F7365727665727F
:20AF2000000000005B53534C5D203C25643E202573203A20206661696C65640D0A20202115
:20AF40002048545450532073657276657220636572742070617273652072657475726E6559
:20AF600064202D307825780D0A0000005B53534C5D203C25643E202573203A202066616975
:20AF80006C65640D0A20202120485454505320736572766572206B657920706172736520D6
:20AFA00072657475726E6564202D307825780D0A000000005B53534C5D203C25643E20256D
:20AFC00073203A20206661696C65640D0A202021206D626564746C735F73736C5F636F6E2C
:20AFE0006669675F64656661756C74732072657475726E6564202D307825780D0A00000032
:20B000005B53534C5D203C25643E202573203A20206661696C65640D0A202021206D6265E0
:20B0200064746C735F73736C5F636F6E665F6F776E5F636572742072657475726E6564203A
:20B040002D307825780D0A005B53534C5D203C25643E202573203A20206661696C65640DD6
:20B060000A202021206D626564746C735F73736C5F73657475702072657475726E65642070
:20B080002D307825780D0A005B53534C5D203C25643E202573203A2053534C204672656594
:20B0A0000D0A00005B53534C5D203C25643E202573203A2020506572666F726D696E672021
:20B0C000746865204854545053207365727665722068616E647368616B652E2E2E0D0A005D
:20B0E0005B53534C5D203C25643E202573203A20206661696C65640D0A202021206D626500
:20B1000064746C735F73736C5F68616E647368616B652072657475726E6564202D3078251E
:20B12000780D0A005B53534C5D203C25643E202573203A202068616E647368616B6520702A
:20B14000656E64696E67207265743D2D3078257820736F636B3D25642073723D307825308B
:20B1600032782072783D25640D0A00005B53534C5D203C25643E202573203A2020666169EF
:20B180006C65640D0A202021204854545053207365727665722068616E647368616B6520B1
:20B1A00074696D656F757420736F636B3D25642073723D3078253032782072783D25640D2C
:20B1C0000A0000005B53534C5D203C25643E202573203A20206F6B0D0A202020205B204812
:20B1E0005454505320736572766572206369706865727375697465206973202573205D0D4A
:20B200000A000000434845434B5F49505F434F4E464C4943540000005443505F5345525697
:20B2200045525F4D4F4445005443505F4D495845445F4D4F444500005544505F4D4F444545
:20B240000000000053534C5F5443505F434C49454E545F4D4F4445004D5154545F434C4997
:20B26000454E545F4D4F4445000000004D515454535F434C49454E545F4D4F444500000028
:20B280004D5154542070756C697368696E67206973206572726F72203A2025640A00000022
:20B2A0005055424C495348204641494C454400004D5154542070756C697368696E672069F0
:20B2C0007320737563636573730000005055424C495348204F4B0000756E6B6E6F776E0001
:20B2E000544C53312D332D4145532D3235362D47434D2D534841333834000000544C53312A
:20B300002D332D4145532D3132382D47434D2D534841323536000000544C532D4448452D37
:20B320005253412D574954482D4145532D3235362D47434D2D53484133383400544C532D22
:20B340004448452D5253412D574954482D4145532D3132382D47434D2D5348413235360028
:20B36000544C532D4448452D5253412D574954482D4145532D3132382D4342432D53484194
:20B3800032353600544C532D4448452D5253412D574954482D4145532D3235362D434243DE
:20B3A0002D53484132353600544C532D5253412D574954482D4145532D3235362D47434DA4
:20B3C0002D53484133383400544C532D5253412D574954482D4145532D3132382D47434D84
:20B3E0002D53484132353600544C532D5253412D574954482D4145532D3132382D43424375
:20B400002D53484132353600544C532D5253412D574954482D4145532D3235362D43424352
:20B420002D53484132353600636C69656E742066696E697368656400736572766572206660
:20B44000696E697368656400544C5376312E3200544C5376312E33006D61737465722073F4
:20B4600065637265740000006B657920657870616E73696F6E0000002B0601050507030134
:20B48000000000002B0601050507030200000000444F574E4752440100000000746C7331CA
:20B4A0003320000055040300747275650000000066616C73650000003F3F3F000A43657231
:20B4C000746966696361746520697320756E696E697469616C69736564210A00257363650A
:20B4E00072742E2076657273696F6E20202020203A2025640A000000257373657269616C6D
:20B50000206E756D62657220202020203A2000000A2573697373756572206E616D6520204A
:20B5200020202020203A20000A25737375626A656374206E616D652020202020203A2000A4
:20B540000A257369737375656420206F6E20202020202020203A20253034642D2530326440
:20B560002D2530326420253032643A253032643A25303264000000000A2573657870697294
:20B580006573206F6E20202020202020203A20253034642D253032642D25303264202530EA
:20B5A00032643A253032643A25303264000000000A25737369676E6564207573696E672029
:20B5C00020202020203A20000A2573252D3138733A20256420626974730000000A257362E8
:20B5E0006173696320636F6E73747261696E7473203A2043413D2573000000002C206D61E6
:20B60000785F706174686C656E3D2564000000000A25737375626A65637420616C74206E20
:20B62000616D6520203A00000A2573636572742E207479706520202020202020203A2000A3
:20B640000A25736B65792075736167652020202020202020203A20000A2573657874206BD2
:20B66000657920757361676520202020203A200025732573000000002C2000000A2573633C
:20B680006572746966696361746520706F6C6963696573203A2000005468652063657274A9
:20B6A000696669636174652076616C696469747920686173206578706972656400000000C2
:20B6C000257325730A0000002573556E6B6E6F776E20726561736F6E20287468697320736D
:20B6E000686F756C64206E6F742068617070656E290A00002D2D2D2D2D424547494E204345
:20B70000455254494649434154452D2D2D2D2D002D2D2D2D2D454E4420434552544946498A
:20B72000434154452D2D2D2D2D0000005468652063657274696669636174652068617320CB
:20B740006265656E207265766F6B656420286973206F6E20612043524C2900005468652032
:20B76000636572746966696361746520436F6D6D6F6E204E616D652028434E2920646F65C2
:20B7800073206E6F74206D6174636820776974682074686520657870656374656420434E38
:20B7A00000000000546865206365727469666963617465206973206E6F7420636F7272651D
:20B7C00063746C79207369676E6564206279207468652074727573746564204341000000E8
:20B7E0005468652043524C206973206E6F7420636F72726563746C79207369676E65642009
:20B8000062792074686520747275737465642043410000005468652043524C20697320657A
:20B820007870697265640000436572746966696361746520776173206D697373696E670094
:20B84000436572746966696361746520766572696669636174696F6E2077617320736B6990
:20B8600070706564000000004F7468657220726561736F6E202863616E20626520757365A7
:20B8800064206279207665726966792063616C6C6261636B2900000054686520636572742F
:20B8A000696669636174652076616C69646974792073746172747320696E2074686520668E
:20B8C00075747572650000005468652043524C2069732066726F6D207468652066757475FC
:20B8E00072650000557361676520646F6573206E6F74206D6174636820746865206B657949
:20B90000557361676520657874656E73696F6E00557361676520646F6573206E6F74206D77
:20B92000617463682074686520657874656E6465644B6579557361676520657874656E73C0
:20B94000696F6E00557361676520646F6573206E6F74206D6174636820746865206E73439E
:20B960006572745479706520657874656E73696F6E00000054686520636572746966696353
:20B98000617465206973207369676E6564207769746820616E20756E6163636570746162D6
:20B9A0006C6520686173682E00000000546865206365727469666963617465206973207371
:20B9C00069676E6564207769746820616E20756E61636365707461626C6520504B20616CE6
:20B9E000672028656720525341207673204543445341292E000000005468652063657274F7
:20BA000069666963617465206973207369676E6564207769746820616E20756E6163636561
:20BA2000707461626C65206B657920286567206261642063757276652C2052534120746F50
:20BA40006F2073686F7274292E0000005468652043524C206973207369676E656420776918
:20BA6000746820616E20756E61636365707461626C6520686173682E0000000054686520C1
:20BA800043524C206973207369676E6564207769746820616E20756E61636365707461622E
:20BAA0006C6520504B20616C672028656720525341207673204543445341292E00000000AC
:20BAC0005468652043524C206973207369676E6564207769746820616E20756E6163636554
:20BAE000707461626C65206B657920286567206261642063757276652C2052534120746F90
:20BB00006F2073686F7274292E0000002A864886F70D010108000000202B200025733D0043
:20BB20003D0000003F3F3D002C3D2B3C3E3B225C000000002320000025303258257300008C
:20BB40002E2E2E2E00000000202825732C204D4746312D25732C2030782530325829000035
:20BB60002573206B65792073697A65002B0601050507080400000000644E534E616D650014
:20BB80007266633832324E616D6500000A2573202020203C756E737570706F727465643EE8
:20BBA000000000000A2573202020203C6D616C666F726D65643E00000A2573202020206FA1
:20BBC000746865724E616D65203A00000A25732020202020202020686172647761726520C7
:20BBE0006D6F64756C65206E616D65203A0000000A2573202020202020202020202020681A
:20BC0000617264776172652074797065202020202020202020203A20000000000A25732000
:20BC2000202020202020202020202068617264776172652073657269616C206E756D62657F
:20BC400072203A200000000025303258000000000A257320202020756E69666F726D526540
:20BC6000736F757263654964656E746966696572203A20000A2573202020202573203A2082
:20BC80000000000069504164647265737300000025752E25752E25752E2575002558255839
:20BCA0003A255825583A255825583A255825583A255825583A255825583A255825583A25ED
:20BCC000582558000A2573202020206469726563746F72794E616D65203A2000257353535F
:20BCE0004C20436C69656E7400000000257353534C20536572766572000000002573456D0E
:20BD000061696C0025734F626A656374205369676E696E6700000000257352657365727600
:20BD200065640000257353534C204341000000002573456D61696C204341000025734F629F
:20BD40006A656374205369676E696E672043410025734469676974616C205369676E6174CE
:20BD60007572650025734E6F6E205265707564696174696F6E00000025734B657920456E7C
:20BD80006369706865726D656E74000025734461746120456E6369706865726D656E740060
:20BDA00025734B65792041677265656D656E740025734B65792043657274205369676E00EA
:20BDC000257343524C205369676E00002573456E636970686572204F6E6C79002573446570
:20BDE000636970686572204F6E6C79004D443500303132333435363738394142434445469E
:20BE0000000000004145532D3235362D47434D004145532D3139322D47434D004145532DCF
:20BE20003132382D47434D004145532D3235362D434243004145532D3139322D4342430034
:20BE40004145532D3132382D434243004145532D3235362D454342004145532D3139322DE3
:20BE6000454342004145532D3132382D454342002D2D2D2D2D454E442044482050415241B8
:20BE80004D45544552532D2D2D2D2D002D2D2D2D2D424547494E20444820504152414D4529
:20BEA000544552532D2D2D2D2D000000551D1300416E7920506F6C69637900002A864886A8
:20BEC000F70D0101040000002A864886F70D0101010000002A8648CE3D03010700000000C5
:20BEE0002B0E0302070000002A864886F70D0205000000002A864886F70D020900000000E7
:20BF000025632E2575000000686D61635348413235360000484D41432D5348412D323536D3
:20BF2000000000002A864886F70D020A00000000686D61635348413338340000484D414346
:20BF40002D5348412D333834000000002A864886F70D020B00000000686D616353484135D3
:20BF600031320000484D41432D5348412D3531320000000069642D6D643500006086480148
:20BF8000650304020100000069642D7368613235360000005348412D32353600608648018A
:20BFA000650304020200000069642D7368613338340000005348412D333834006086480165
:20BFC000650304020300000069642D7368613531320000005348412D353132006465734302
:20BFE000424300004445532D434243002A864886F70D0307000000006465732D6564653395
:20C000002D636263000000004445532D454445332D43424300000000608648016503040130
:20C02000020000006165733132382D63626300004145533132382D4342430000608648013D
:20C0400065030401160000006165733139322D63626300004145533139322D4342430000C9
:20C0600060864801650304012A0000006165733235362D63626300004145533235362D43E9
:20C080004243000073656370323536723100000073656370333834723100000072736145B8
:20C0A0006E6372797074696F6E000000525341002A8648CE3D02010069642D6563507562C5
:20C0C0006C69634B6579000047656E65726963204543206B657900002B8104010C00000074
:20C0E00069642D65634448004543206B657920666F722045434448006D6435576974685272
:20C100005341456E6372797074696F6E000000005253412077697468204D443500000000B8
:20C120002A864886F70D01010B00000073686132353657697468525341456E637279707430
:20C14000696F6E005253412077697468205348412D323536000000002A864886F70D01018D
:20C160000C00000073686133383457697468525341456E6372797074696F6E005253412025
:20C1800077697468205348412D333834000000002A864886F70D01010D0000007368613519
:20C1A000313257697468525341456E6372797074696F6E00525341207769746820534841B1
:20C1C0002D353132000000002A8648CE3D0403020000000065636473612D776974682D5325
:20C1E000484132353600000045434453412077697468205348413235360000002A8648CE7E
:20C200003D0403030000000065636473612D776974682D5348413338340000004543445327
:20C22000412077697468205348413338340000002A8648CE3D040304000000006563647399
:20C24000612D776974682D5348413531320000004543445341207769746820534841353155
:20C26000320000002A864886F70D01010A0000005253415353412D505353000069642D6BA9
:20C28000702D7365727665724175746800000000544C5320576562205365727665722041AF
:20C2A000757468656E7469636174696F6E00000069642D6B702D636C69656E7441757468EC
:20C2C00000000000544C532057656220436C69656E742041757468656E7469636174696F3C
:20C2E0006E0000002B060105050703030000000069642D6B702D636F64655369676E696E82
:20C3000067000000436F6465205369676E696E67000000002B060105050703040000000002
:20C3200069642D6B702D656D61696C50726F74656374696F6E000000452D6D61696C205047
:20C34000726F74656374696F6E0000002B060105050703080000000069642D6B702D7469D9
:20C360006D655374616D70696E67000054696D65205374616D70696E670000002B0601057F
:20C38000050703090000000069642D6B702D4F4353505369676E696E670000004F4353504A
:20C3A000205369676E696E67000000002B0601040182E4250100000069642D6B702D7769E9
:20C3C00073756E2D66616E2D646576696365000057692D53554E20416C6C69616E636520CC
:20C3E0004669656C642041726561204E6574776F726B202846414E290000000069642D6313
:20C40000652D6261736963436F6E73747261696E74730000426173696320436F6E73747275
:20C4200061696E7473000000551D0F0069642D63652D6B6579557361676500004B657920E6
:20C440005573616765000000551D250069642D63652D6578744B65795573616765000000F2
:20C46000457874656E646564204B65792055736167650000551D110069642D63652D7375D3
:20C48000626A656374416C744E616D65000000005375626A65637420416C74204E616D6540
:20C4A000000000006086480186F842010100000069642D6E657473636170652D6365727463
:20C4C00074797065000000004E657473636170652043657274696669636174652054797087
:20C4E00065000000551D200069642D63652D6365727469666963617465506F6C696369650E
:20C5000073000000436572746966696361746520506F6C696369657300000000551D0E006D
:20C5200069642D63652D7375626A6563744B65794964656E74696669657200005375626A5C
:20C54000656374204B6579204964656E7469666965720000551D230069642D63652D6175D9
:20C5600074686F726974794B65794964656E74696669657200000000417574686F7269742C
:20C5800079204B6579204964656E7469666965720000000069642D61742D636F6D6D6F6E31
:20C5A0004E616D6500000000436F6D6D6F6E204E616D6500434E00005504060069642D61A5
:20C5C000742D636F756E7472794E616D65000000436F756E7472790043000000550407008E
:20C5E00069642D61742D6C6F63616C69747900004C6F63616C697479000000004C00000051
:20C600005504080069642D61742D73746174650053746174650000005354000055040A0091
:20C6200069642D61742D6F7267616E697A6174696F6E4E616D6500004F7267616E697A612D
:20C6400074696F6E000000004F00000055040B0069642D61742D6F7267616E697A61746939
:20C660006F6E616C556E69744E616D65000000004F726720556E6974000000004F55000063
:20C680002A864886F70D010901000000656D61696C4164647265737300000000452D6D61FF
:20C6A000696C206164647265737300005504050069642D61742D73657269616C4E756D6233
:20C6C0006572000053657269616C206E756D62657200000073657269616C4E756D62657291
:20C6E000000000005504100069642D61742D706F7374616C4164647265737300506F7374D6
:20C70000616C20616464726573730000706F7374616C416464726573730000005504110083
:20C7200069642D61742D706F7374616C436F646500000000506F7374616C20636F646500C1
:20C74000706F7374616C436F646500005504040069642D61742D7375724E616D6500000097
:20C760005375726E616D6500534E000055042A0069642D61742D676976656E4E616D650024
:20C78000476976656E206E616D650000474E000055042B0069642D61742D696E697469614C
:20C7A0006C730000496E697469616C7300000000696E697469616C730000000055042C007B
:20C7C00069642D61742D67656E65726174696F6E5175616C696669657200000047656E6510
:20C7E000726174696F6E207175616C69666965720000000067656E65726174696F6E5175D8
:20C80000616C69666965720055040C0069642D61742D7469746C65005469746C65000000B7
:20C820007469746C6500000055042E0069642D61742D646E5175616C6966696572000000DF
:20C8400044697374696E67756973686564204E616D65207175616C69666965720000000001
:20C86000646E5175616C6966696572005504410069642D61742D70736575646F6E796D00CA
:20C8800050736575646F6E796D00000070736575646F6E796D0000000992268993F22C6491
:20C8A0000101000069642D75696400005573657220496400756964000992268993F22C642D
:20C8C0000119000069642D646F6D61696E436F6D706F6E656E740000446F6D61696E20633E
:20C8E0006F6D706F6E656E74000000004443000055042D0069642D61742D756E6971756528
:20C900004964656E7469666965720000556E69717565204964656E7469666965720000007A
:20C92000756E697175654964656E7469666965720000000050726F632D547970653A20346C
:20C940002C454E43525950544544000044454B2D496E666F3A204145532D000044454B2D0F
:20C96000496E666F3A204145532D3132382D4342432C000044454B2D496E666F3A204145A2
:20C98000532D3139322D4342432C000044454B2D496E666F3A204145532D3235362D43421E
:20C9A000432C0000696E76616C696420504B00007273612E4E0000007273612E45000000EB
:20C9C00065636B65792E51005253412D616C7400454344534100000045435F4448000000A0
:20C9E000454300002A8648CE3D0101002D2D2D2D2D454E44205253412050524956415445B1
:20CA0000204B45592D2D2D2D2D0000002D2D2D2D2D424547494E205253412050524956413E
:20CA20005445204B45592D2D2D2D2D002D2D2D2D2D454E44204543205052495641544520B8
:20CA40004B45592D2D2D2D2D000000002D2D2D2D2D424547494E2045432050524956415428
:20CA600045204B45592D2D2D2D2D00002D2D2D2D2D454E442050524956415445204B45598B
:20CA80002D2D2D2D2D0000002D2D2D2D2D424547494E2050524956415445204B45592D2DD1
:20CAA0002D2D2D002D2D2D2D2D454E4420525341205055424C4943204B45592D2D2D2D2D68
:20CAC000000000002D2D2D2D2D424547494E20525341205055424C4943204B45592D2D2D9B
:20CAE0002D2D00002D2D2D2D2D454E44205055424C4943204B45592D2D2D2D2D000000005B
:20CB00002D2D2D2D2D424547494E205055424C4943204B45592D2D2D2D2D000002030507F5
:20CB20000B0D1113171D1F25292B2F353B3D4347494F53596165676B6D717F83898B95978B
:20CB40009DA3A7ADB3B5BFC1C5C7D3DFE3E5E9EFF1FB00007365745F57355830305F4E658E
:20CB60007454696D656F75740000000006005250D3F075423896051006005250E182887F43
:20CB80004096051006005250ABB360535096051006005250BBFF3CB65896051006005250F7
:20CBA000861C030260960510060052505422A29D6C96051005005250DE65F4689C3906101E
:20CBC000D43A0210843A0210843A0210CC3A0210843A0210843A0210843A0210843A02103D
:20CBE000843A0210843A0210843A0210C43A0210843A0210BC3A0210843A0210843A02103D
:20CC0000B43A0210F43C0210EA3A0210E43C0210EA3A0210CE3C0210EA3A0210EA3A0210AC
:20CC2000EA3A0210EA3A0210EA3A0210EA3A0210EA3A0210DC3A0210EA3A0210EA3A021052
:20CC4000EA3A0210EA3A0210EA3A0210DC3A0210923D02103E3A02103E3A02103E3A02108B
:20CC60003E3A02103E3A02103E3A02103E3A02103E3A02103E3A02103E3A02103E3A021064
:20CC80003E3A02103E3A02103E3A02103E3A02103E3A02103E3A02103E3A02103E3A021044
:20CCA0003E3A02103E3A02103E3A02103E3A02103E3A02103E3A02103E3A02103E3A021024
:20CCC0003E3A02103E3A02103E3A02103E3A0210083D0210603D0210083D02103E3A021045
:20CCE0003E3A02103E3A02103E3A02103E3A02103E3A02103E3A02103E3A02103E3A0210E4
:20CD00003E3A02103E3A02103E3A02103E3A02103E3A02103E3A02103E3A0210A23F02105A
:20CD20003E3A02103E3A02103E3A02103E3A02103E3A02103E3A02103E3A02103E3A0210A3
:20CD40003E3A0210A23F0210A43D0210A23F0210083D0210603D0210083D02100000000013
:20CD6000000000000000F03F000000000000244000000000000059400000000000408F4078
:20CD8000000000000088C34000000000006AF8400000000080842E4100000000D01263416D
:20CDA0000000000084D797410000000065CDCD410D0A00000600525053B4F4A1A896051052
:20CDC000080052501200000008005250921000001F000000BA8C0210028D0210028D021092
:20CDE000948D0210688D0210A28D0210028D0210028D0210948D0210688D02100900525091
:20CE00000000000210970510080052501210020009005250000000027097051002020202B5
:20CE200002020202020202020202020234CE051009FF00000160401000E080E026F0014073
:20CE400045100140840000000A000B0013000000646973706C61795F4E65745F496E666F29
:20CE600000000000736176655F446576436F6E6669675F746F5F73746F7261676500000099
:20CE80006C6F61645F446576436F6E6669675F66726F6D5F73746F72616765006469737007
:20CEA0006C61795F4465765F496E666F5F64686370000000646973706C61795F4465765FF2
:20CEC000496E666F5F6D61696E00000072657365745F74696D65725F63616C6C6261636B93
:20CEE000000000000102040868747470735F77726974655F616C6C0068747470735F736564
:20CF00006E645F7061676500687474705F7765627365727665725F7461736B000405060727
:20CF20003C21444F43545950452068746D6C3E0A3C68746D6C206C616E673D226B6F223E13
:20CF40000A3C686561643E0A3C6D65746120636861727365743D225554462D38223E0A3C6B
:20CF60006D657461206E616D653D2276696577706F72742220636F6E74656E743D227769EE
:20CF80006474683D6465766963652D77696474682C20696E697469616C2D7363616C653DAF
:20CFA000312E30223E0A3C7469746C653E57353552503230205374617475733C2F746974B7
:20CFC0006C653E0A3C7374796C653E0A626F6479207B0A202020206D617267696E3A2030A8
:20CFE0003B0A202020206261636B67726F756E643A20236536653665363B0A2020202063D6
:20D000006F6C6F723A20233232323B0A20202020666F6E742D66616D696C793A20224D61EC
:20D020006C67756E20476F74686963222C20417269616C2C2073616E732D73657269663BE3
:20D040000A7D0A2E70616765207B0A20202020646973706C61793A20666C65783B0A2020CB
:20D0600020206761703A20313670783B0A202020206D61782D77696474683A20313230301A
:20D0800070783B0A202020206D617267696E3A2031327078206175746F3B0A2020202070B2
:20D0A000616464696E673A2030203132707820313270783B0A20202020626F782D73697A18
:20D0C000696E673A20626F726465722D626F783B0A7D0A2E73696465626172207B0A20200B
:20D0E000202077696474683A2032323070783B0A202020206261636B67726F756E643A20BB
:20D10000236633663366333B0A20202020626F726465723A2031707820736F6C69642023ED
:20D120003865613061643B0A7D0A2E6D656E752D7469746C65207B0A202020207061646440
:20D14000696E673A203134707820313670783B0A20202020666F6E742D73697A653A20328B
:20D160003470783B0A20202020666F6E742D7765696768743A20626F6C643B0A20202020A2
:20D18000636F6C6F723A20233132343636643B0A20202020626F726465722D626F74746FF4
:20D1A0006D3A2031707820736F6C696420233865613061643B0A202020206261636B6772EF
:20D1C0006F756E643A206C696E6561722D6772616469656E7428236565663466382C20238D
:20D1E000646365386566293B0A7D0A2E6D656E75207B0A202020206C6973742D7374796C4E
:20D20000653A206E6F6E653B0A202020206D617267696E3A20303B0A202020207061646474
:20D22000696E673A203130707820303B0A7D0A2E6D656E75206C69207B0A20202020706123
:20D240006464696E673A203132707820313870783B0A20202020626F726465722D746F70EF
:20D260003A2031707820736F6C696420236364643664633B0A20202020666F6E742D736910
:20D280007A653A20323470783B0A20202020666F6E742D7765696768743A20626F6C643BA0
:20D2A0000A20202020636F6C6F723A20233461346134613B0A7D0A2E6D656E75206C692EB7
:20D2C000616374697665207B0A202020206261636B67726F756E643A202364366536663441
:20D2E0003B0A20202020636F6C6F723A20233065346237383B0A7D0A2E636F6E74656E743E
:20D30000207B0A20202020666C65783A20313B0A20202020626F726465723A2033707820D6
:20D32000736F6C696420233066356238373B0A202020206261636B67726F756E643A202391
:20D340006639663966393B0A7D0A2E636F6E74656E742D686561646572207B0A2020202040
:20D3600070616464696E673A203130707820313870783B0A202020206261636B67726F75AF
:20D380006E643A20233066356238373B0A20202020636F6C6F723A20236666663B0A20208A
:20D3A0002020666F6E742D73697A653A20333070783B0A20202020666F6E742D7765696794
:20D3C00068743A20626F6C643B0A7D0A2E73656374696F6E207B0A202020206D6172676952
:20D3E0006E3A20313870783B0A20202020626F726465723A2031707820736F6C69642023E0
:20D400003765386439383B0A202020206261636B67726F756E643A20236563656365633B6E
:20D420000A7D0A2E73656374696F6E2D7469746C65207B0A2020202070616464696E673AB3
:20D440002038707820313270783B0A20202020626F726465722D626F74746F6D3A20317021
:20D460007820736F6C696420233765386439383B0A20202020746578742D616C69676E3A11
:20D480002063656E7465723B0A20202020666F6E742D73697A653A20323870783B0A202056
:20D4A0002020666F6E742D7765696768743A20626F6C643B0A7D0A7461626C65207B0A202C
:20D4C00020202077696474683A2063616C632831303025202D2032307078293B0A2020207C
:20D4E000206D617267696E3A20313070783B0A20202020626F726465722D636F6C6C617000
:20D5000073653A2073657061726174653B0A20202020626F726465722D73706163696E672F
:20D520003A203470783B0A7D0A74682C207464207B0A20202020626F726465723A2031700B
:20D540007820736F6C696420233765376537653B0A202020206261636B67726F756E643AE2
:20D5600020236661666166613B0A20202020746578742D616C69676E3A2063656E74657276
:20D580003B0A2020202070616464696E673A20387078203670783B0A20202020666F6E74BB
:20D5A0002D73697A653A20323470783B0A7D0A7468207B0A202020206261636B67726F75C0
:20D5C0006E643A20236630663066303B0A7D0A2E666F6F746572207B0A2020202070616457
:20D5E00064696E673A2031307078203136707820313870783B0A20202020746578742D61EE
:20D600006C69676E3A2063656E7465723B0A20202020666F6E742D73697A653A20323270F3
:20D62000783B0A20202020666F6E742D7765696768743A20626F6C643B0A7D0A406D656404
:20D64000696120286D61782D77696474683A20393030707829207B0A202020202E70616796
:20D6600065207B0A2020202020202020666C65782D646972656374696F6E3A20636F6C75F6
:20D680006D6E3B0A202020207D0A202020202E73696465626172207B0A2020202020202056
:20D6A0002077696474683A20313030253B0A202020207D0A202020202E6D656E75206C6976
:20D6C0002C202E636F6E74656E742D6865616465722C202E73656374696F6E2D7469746CE6
:20D6E000652C2074682C2074642C202E666F6F746572207B0A2020202020202020666F6E88
:20D70000742D73697A653A20313670783B0A202020207D0A202020202E6D656E752D74694B
:20D72000746C65207B0A2020202020202020666F6E742D73697A653A20313870783B0A2050
:20D740002020207D0A7D0A3C2F7374796C653E0A3C2F686561643E0A3C626F64793E0A3CC4
:20D7600064697620636C6173733D2270616765223E0A202020203C617369646520636C61B8
:20D7800073733D2273696465626172223E0A20202020202020203C64697620636C6173734B
:20D7A0003D226D656E752D7469746C65223EED9884EC9EACEC8381ED839C3C2F6469763E7F
:20D7C0000A20202020202020203C756C20636C6173733D226D656E75223E0A2020202020CE
:20D7E000202020202020203C6C6920636C6173733D22616374697665223EEC98A8EC8AB570
:20D80000EB8F84EBB08FEC9E85EBA0A53C2F6C693E0A2020202020202020202020203C6CF1
:20D82000693EED86B5EC8BA0EB8DB0EC9DB4ED84B03C2F6C693E0A202020202020202020D4
:20D840002020203C6C693EEB84A4ED8AB8EC9B8CED81ACED9998EAB2BD3C2F6C693E0A208B
:20D8600020202020202020202020203C6C693EED9998EAB2BDEC84A4ECA0953C2F6C693ECF
:20D880000A20202020202020203C2F756C3E0A202020203C2F61736964653E0A0A20202047
:20D8A000203C6D61696E20636C6173733D22636F6E74656E74223E0A20202020202020206D
:20D8C0003C64697620636C6173733D22636F6E74656E742D686561646572223E5B20EC9844
:20D8E000A8EC8AB5EB8F8420EC84BCEC849C20EBB08F20EC9E85ECB69CEBA0A5EB8DB0EC04
:20D900009DB4ED84B0205D3C2F6469763E0A0A20202020202020203C73656374696F6E20C7
:20D92000636C6173733D2273656374696F6E223E0A2020202020202020202020203C64698A
:20D940007620636C6173733D2273656374696F6E2D7469746C65223EEC98A82CEC8AB5EBAA
:20D960008F84EC84BCEC849C20EAB384ECB8A1EAB0923C2F6469763E0A20202020202020D4
:20D9800020202020203C7461626C653E0A202020202020202020202020202020203C747239
:20D9A0003E3C74683EEC98A8EB8F842023313C2F74683E3C74643E302E3020E284833C2F5C
:20D9C00074643E3C74683EEC8AB5EB8F842023313C2F74683E3C74643E302E3020253C2F29
:20D9E00074643E3C74683EEAB2BDEBB3B42023313C2F74683E3C74643E323C2F74643E3CD6
:20DA00002F74723E0A202020202020202020202020202020203C74723E3C74683EEC98A8C7
:20DA2000EB8F842023323C2F74683E3C74643E302E3020E284833C2F74643E3C74683EEC42
:20DA40008AB5EB8F842023323C2F74683E3C74643E302E3020253C2F74643E3C74683EEAA9
:20DA6000B2BDEBB3B42023323C2F74683E3C74643E323C2F74643E3C2F74723E0A202020ED
:20DA8000202020202020202020202020203C74723E3C74683EEC98A8EB8F842023333C2F25
:20DAA00074683E3C74643E302E3020E284833C2F74643E3C74683EEC8AB5EB8F84202333ED
:20DAC0003C2F74683E3C74643E302E3020253C2F74643E3C74683EEAB2BDEBB3B4202333A4
:20DAE0003C2F74683E3C74643E323C2F74643E3C2F74723E0A2020202020202020202020A3
:20DB000020202020203C74723E3C74683EEC98A8EB8F842023343C2F74683E3C74643E3007
:20DB20002E3020E284833C2F74643E3C74683EEC8AB5EB8F842023343C2F74683E3C74646E
:20DB40003E302E3020253C2F74643E3C74683EEAB2BDEBB3B42023343C2F74683E3C746422
:20DB60003E323C2F74643E3C2F74723E0A202020202020202020202020202020203C7472F9
:20DB80003E3C74683EEC98A8EB8F842023353C2F74683E3C74643E302E3020E284833C2F76
:20DBA00074643E3C74683EEC8AB5EB8F842023353C2F74683E3C74643E302E3020253C2F43
:20DBC00074643E3C74683EEAB2BDEBB3B42023353C2F74683E3C74643E303C2F74643E3CF2
:20DBE0002F74723E0A202020202020202020202020202020203C74723E3C74683EEC98A8E6
:20DC0000EB8F842023363C2F74683E3C74643E302E3020E284833C2F74643E3C74683EEC5C
:20DC20008AB5EB8F842023363C2F74683E3C74643E302E3020253C2F74643E3C74683EEAC3
:20DC4000B2BDEBB3B42023363C2F74683E3C74643E303C2F74643E3C2F74723E0A20202009
:20DC6000202020202020202020202020203C74723E3C74683EEC98A8EB8F842023373C2F3F
:20DC800074683E3C74643E302E3020E284833C2F74643E3C74683EEC8AB5EB8F8420233707
:20DCA0003C2F74683E3C74643E302E3020253C2F74643E3C74683EEAB2BDEBB3B4202337BE
:20DCC0003C2F74683E3C74643E303C2F74643E3C2F74723E0A2020202020202020202020C3
:20DCE00020202020203C74723E3C74683EEC98A8EB8F842023383C2F74683E3C74643E3022
:20DD00002E3020E284833C2F74643E3C74683EEC8AB5EB8F842023383C2F74683E3C746488
:20DD20003E302E3020253C2F74643E3C74683EEAB2BDEBB3B42023383C2F74683E3C74643C
:20DD40003E303C2F74643E3C2F74723E0A2020202020202020202020203C2F7461626C6548
:20DD60003E0A20202020202020203C2F73656374696F6E3E0A0A20202020202020203C73FA
:20DD8000656374696F6E20636C6173733D2273656374696F6E223E0A20202020202020200D
:20DDA000202020203C64697620636C6173733D2273656374696F6E2D7469746C65223EEC3F
:20DDC00084BCEC849C20EC8381ED839C20282031203A20ECA095EC83812C2032203A20EAD5
:20DDE000B2BDEBB3B420293C2F6469763E0A2020202020202020202020203C7461626C655F
:20DE00003E0A202020202020202020202020202020203C74723E3C74683EEC84BCEC849CCC
:20DE20002031ED98B8EAB8B020EC8381ED839C3C2F74683E3C74643E323C2F74643E3C74AC
:20DE4000683EEC84BCEC849C2032ED98B8EAB8B020EC8381ED839C3C2F74683E3C74643E10
:20DE6000323C2F74643E3C2F74723E0A202020202020202020202020202020203C74723EF6
:20DE80003C74683EEC84BCEC849C2033ED98B8EAB8B020EC8381ED839C3C2F74683E3C74C1
:20DEA000643E323C2F74643E3C74683EEC84BCEC849C2034ED98B8EAB8B020EC8381ED831C
:20DEC0009C3C2F74683E3C74643E323C2F74643E3C2F74723E0A2020202020202020202043
:20DEE0002020202020203C74723E3C74683EEC84BCEC849C2035ED98B8EAB8B020EC838180
:20DF0000ED839C3C2F74683E3C74643E323C2F74643E3C74683EEC84BCEC849C2036ED9802
:20DF2000B8EAB8B020EC8381ED839C3C2F74683E3C74643E323C2F74643E3C2F74723E0A98
:20DF4000202020202020202020202020202020203C74723E3C74683EEC84BCEC849C20377C
:20DF6000ED98B8EAB8B020EC8381ED839C3C2F74683E3C74643E323C2F74643E3C74683E16
:20DF8000EC84BCEC849C2038ED98B8EAB8B020EC8381ED839C3C2F74683E3C74643E323C01
:20DFA0002F74643E3C2F74723E0A202020202020202020202020202020203C74723E3C7473
:20DFC000683EEC84BCEC849C2039ED98B8EAB8B020EC8381ED839C3C2F74683E3C74643E88
:20DFE000323C2F74643E3C74683EEC84BCEC849C203130ED98B8EAB8B020EC8381ED839CB4
:20E000003C2F74683E3C74643E323C2F74643E3C2F74723E0A20202020202020202020207D
:20E0200020202020203C74723E3C74683EEC84BCEC849C203131ED98B8EAB8B020EC838131
:20E04000ED839C3C2F74683E3C74643E323C2F74643E3C74683EEC84BCEC849C203132ED2C
:20E0600098B8EAB8B020EC8381ED839C3C2F74683E3C74643E323C2F74643E3C2F74723EC9
:20E080000A2020202020202020202020203C2F7461626C653E0A20202020202020203C2FD0
:20E0A00073656374696F6E3E0A0A20202020202020203C73656374696F6E20636C617373B2
:20E0C0003D2273656374696F6E223E0A2020202020202020202020203C64697620636C6133
:20E0E00073733D2273656374696F6E2D7469746C65223EEB8DB0EC9DB4ED84B020EC889885
:20E10000EC8BA020EBB094EC9DB4ED8AB83C2F6469763E0A202020202020202020202020B7
:20E120003C7461626C653E0A202020202020202020202020202020203C74723E3C74683E9D
:20E14000ED86B5EC8BA0EC8381ED839C3C2F74683E3C74643E323C2F74643E3C74683E3074
:20E160003AECA095EC83812C323AEC9DB4EC83813C2F74683E3C74643E2D3C2F74643E3CCE
:20E180002F74723E0A202020202020202020202020202020203C74723E3C74683EEC889860
:20E1A000EC8BA0ECB2B4ED81ACEC84AC3C2F74683E3C74643E303C2F74643E3C74683EEAF8
:20E1C000B384EC82B0ECB2B4ED81ACEC84AC3C2F74683E3C74643E303C2F74643E3C2F74FB
:20E1E000723E0A202020202020202020202020202020203C74723E3C74683EED86B5EC8B10
:20E20000A0ECB2B4ED81AC3C2F74683E3C74643E303C2F74643E3C74683EED86B5EC8BA0D5
:20E22000ED81B4EB9E98EAB7B83C2F74683E3C74643E303C2F74643E3C2F74723E0A2020E1
:20E24000202020202020202020203C2F7461626C653E0A20202020202020203C2F7365631D
:20E2600074696F6E3E0A0A20202020202020203C64697620636C6173733D22666F6F746561
:20E2800072223EEAB8B0EBB3B820ED9994EBA9B420EAB3A8EAB2A9EBA78C20ECA081EC9A07
:20E2A000A9EB909C20EC8381ED839CEC9E85EB8B88EB8BA42E3C2F6469763E0A20202020B7
:20E2C0003C2F6D61696E3E0A3C2F6469763E0A3C2F626F64793E0A3C2F68746D6C3E0A0027
:20E2E00077697A636869705F7265636F766572790000000070726F636573735F6468637055
:20E30000000000006E65745F7374617475735F7461736B00080052500A414629C6BF0210A6
:20E32000AABF0210A4BF0210A8BF0210A8BF0210B4BF0210BCBF0210A2BF021077697A5FBD
:20E34000746C735F7365727665725F68616E647368616B650000000077697A5F746C735F03
:20E360006465696E6974000077697A5F746C735F7365727665725F696E6974002D2D2D2D57
:20E380002D424547494E2050524956415445204B45592D2D2D2D2D0D0A4D4949457651497B
:20E3A000424144414E42676B71686B6947397730424151454641415343424B637767675320
:20E3C0006A41674541416F4942415144555A50492B4A6C5671516A46500D0A6739704D637C
:20E3E000346D462B67774C467459502F5257666B715378643176437A3759385A5648787524
:20E400005A34514F3233576678382B4B466E32306632302B41307A636975620D0A33464619
:20E420003554617A6B582F6661567244377457756D62546E5A6F6A4D76706F4F4241547A36
:20E4400078723272616A427473336D572B346A483879397771356F41624648514B0D0A4B8D
:20E4600075584D455A5A5A74416E494F4C68556B6E6C672F524F4F634A3135457038305020
:20E480006B2B4C59346479536F547561456F436566553932716E36454B487A786132470DFC
:20E4A0000A4173545642633346684E466448667A4153765A30556C4B5241552B5746574A5D
:20E4C000446C2F364D32386C4963453461366B716C41726F465654516843525379446F39E8
:20E4E000750D0A2F4959526459593550586F6944646B4F47776D304C5A376D356137567305
:20E500004A5633732B7238595172646A58334B6E455A42684E6266626A6F50627A715277B2
:20E520007946410D0A2B43545A3239443341674D42414145436767454159566479666E468B
:20E54000724C437679465A4E456455317564657A486F44317A46686A5431444B4E4D4A69D6
:20E5600058675931590D0A35413037705347424138643436356D505A426C795165437A2B61
:20E580006B44464C424C6A5561654433366874324B7A7A46796F734B764257796775394F55
:20E5A00037564F364550550D0A655564722B77682B58484E69446C3950476C446F77416471
:20E5C000656648727673336D495254437236503857665434365458315258644654743950CE
:20E5E000464A72384F4C5049360D0A464D50507A76515778455856346954745343304A3184
:20E600004C346F5651624D4161394E562F4449384E4634397A56632F547538437055336B38
:20E6200053356554375A6134384F540D0A77446949515844344A724F2B74766F7A506B4EE1
:20E640002F70737276525236737274446852484A396A677A2F494151523952543370594EF4
:20E660007668514B6C4C575A5A553477430D0A7852616E3441765A717841574B576241352A
:20E68000364133367171564A486D454179576367422F5537624A6349514B42675144776E2F
:20E6A000626C6467695A627A3437394B654F500D0A4B6F4249716C4E4471437A70726C6E7A
:20E6C0006D50362F4C4A69527A5265674D2F334E766632322B32597658724766734D563207
:20E6E000664D5A6F337065324B7941354B6C6244550D0A714236334F79414578497A766CDA
:20E700006E4F33374E4B78785A375A55536E676E797A7031356439555A7461346D78797384
:20E72000456A35502F5366764157315A464F30354D4D690D0A52322F786B7770792B50613E
:20E74000746D724E5743342F515639494536774B42675144682B553254454B77474F374DE8
:20E760003650643052646F327673705A5373496D617A3676790D0A3265305A677752524CF3
:20E78000336D764C422B75746C36335331754A564A5A4D4F674E5A5766552F386F75304631
:20E7A000737974527767325A73726555316272506F424A387651500D0A6E50384774743390
:20E7C0003244323054554574753158586E45537965467470364E6C5A573933694C515148EF
:20E7E000434B3243314E723368693268317971575434355555394543560D0A516E5A4D6AB0
:20E800005369524A514B426751435A686F6D33754574785755594C457163337567365154FC
:20E82000743142316853534A635547764B775747776732354F766A487A73770D0A6355594B
:20E8400038392B48616777377344624F473138646D716D43657048633537376B6364776A1E
:20E86000694D4C2B46533051427579577176566A535252334E32354F30317474350D0A65FB
:20E88000533458722F4A49557943504C5276697259515152342F383554376A74504D733946
:20E8A0004266684D386A2F41777569535973543439796E4F75477563514B42674557660D96
:20E8C0000A616964466D3772503667696E787454366B657A774F534342412B534F3134759A
:20E8E00062575648693742475862775A7073646C436C7977694B3748455067702B56556ED8
:20E90000530D0A545A33475051546667584268306B587770644361484D3265464369306B06
:20E920006A32395156587751624C75546330466B4467317A483345374E7049634566334E9D
:20E94000654C560D0A6E47354C4F5239352F664858532B6D52366A31676B6D4E65577A420C
:20E96000356B4F78723763626F4E766542416F4741454352336D7235463675346D645775CD
:20E9800054656D634E0D0A345351566F2F4B6137576C497170412F46585574346F68322BAE
:20E9A00074526F5435496D6E73527232334B4341396B334B566273714D64397265673733BA
:20E9C0005A7359434949570D0A33774B732F3547486D754E56344172563844382B2B4169FC
:20E9E0004F69316E694461707A7A7430537571786C78476B4536646C3937557541584B6B8F
:20EA0000464D6950717059644A0D0A6F2F6F683153324330714B62664765737A494A4A55BE
:20EA200037733D0D0A2D2D2D2D2D454E442050524956415445204B45592D2D2D2D2D0D0AE4
:20EA4000000000002D2D2D2D2D424547494E2043455254494649434154452D2D2D2D2D0D3F
:20EA60000A4D494945466A4343417636674177494241674955646A6C4242474C726C696A53
:20EA800073314336426842562B656F4530723051774451594A4B6F5A496876634E4151453E
:20EAA0004C0D0A425141776654454C4D416B474131554542684D4353314978446A414D4214
:20EAC000674E564241674D42564E6C623356734D5134774441594456515148444156545A10
:20EAE0005739310D0A6244455A4D426347413155454367775156306C61626D563049457894
:20EB000076593246734945526C646A45544D424547413155454377774B5346525555464DBD
:20EB2000675647567A0D0A644445654D4277474131554541777756567A5531556C41794D9C
:20EB400043424D62324E68624342536232393049454E424D423458445449324D4451794D6E
:20EB60006A41304E5467780D0A4D466F5844544D324D4451784F5441304E5467784D466FC0
:20EB800077646A454C4D416B474131554542684D4353314978446A414D42674E5642416761
:20EBA0004D42564E6C623356730D0A4D5134774441594456515148444156545A57393162EA
:20EBC00044455A4D426347413155454367775156306C61626D5630494578765932467349EA
:20EBE00045526C646A45544D4245470D0A413155454377774B5346525555464D675647566F
:20EC00007A644445584D425547413155454177774F4D546B794C6A45324F4334784D5334BC
:20EC2000784D546777676745694D4130470D0A435371475349623344514542415155414141
:20EC4000344942447741776767454B416F4942415144555A50492B4A6C5671516A4650676B
:20EC600039704D63346D462B67774C467459500D0A2F5257666B715378643176437A375948
:20EC8000385A564878755A34514F3233576678382B4B466E32306632302B41307A636975AC
:20ECA000623346463554617A6B582F6661567244370D0A7457756D62546E5A6F6A4D767085
:20ECC0006F4F4241547A78723272616A427473336D572B346A483879397771356F4162463C
:20ECE00048514B4B75584D455A5A5A74416E494F4C68550D0A6B6E6C672F524F4F634A31F4
:20ED00003545703830506B2B4C59346479536F547561456F436566553932716E36454B48AA
:20ED20007A786132474173545642633346684E466448667A410D0A53765A30556C4B5241B9
:20ED4000552B5746574A446C2F364D32386C4963453461366B716C41726F465654516843AB
:20ED6000525379446F39752F4959526459593550586F6944646B4F0D0A47776D304C5A3775
:20ED80006D35613756734A5633732B7238595172646A58334B6E455A42684E6266626A6F8D
:20EDA00050627A7152777946412B43545A3239443341674D424141476A0D0A675A5177677E
:20EDC0005A4577487759445652305242426777466F6345774B674C646F494F4D546B794C27
:20EDE0006A45324F4334784D5334784D5467774351594456523054424149770D0A414441AC
:20EE00004F42674E56485138424166384542414D4342614177457759445652306C4241771A
:20EE200077436759494B7759424251554841774577485159445652304F424259450D0A4632
:20EE40004C7741572B5835313977473731336339796A77502F326D464D57644D423847412B
:20EE6000315564497751594D42614146443277534E6D4B396E54722F356669336665330DA3
:20EE80000A50466334795939784D413047435371475349623344514542437755414134490A
:20EEA000424151433348624B653130626C4C306953726F6B375759465541546165724777EE
:20EEC0006E0D0A75504F6549737759753775306434686E392B5446425449456E53705667D9
:20EEE00043477A7965426E35684E6A6A6D61674647366F6D78674F5378667172496C525351
:20EF00005630320D0A594935762B676135756F4A623967715A4C734A3278686D58514D75BF
:20EF20006946417655307069536734676448624269576A444C446E69705A3943594B763003
:20EF4000754A6A456C0D0A57542B674574394F6B62696B7330734F75355142784831347862
:20EF60005964495772546971697A565152574742395047374A463066456641426F366971FE
:20EF80003752592B776A6D0D0A623078537433734365364C6A2B5543776D2B462B306A76A1
:20EFA0006572325931677455486E4D705168716D38574D42355637554B764B4D4B59776378
:20EFC000313144376D536236580D0A5868625964545A6A37666867375A5A7630474171514F
:20EFE00064502B546677684C534B4D376E4E72746E59457765594B49734D564E797A6258A3
:20F000004139740D0A2D2D2D2D2D454E442043455254494649434154452D2D2D2D2D0D0AF8
:20F020000000000000D20210ECD1021066D10210D4D1021066D1021066D10210B6D10210F2
:20F0400066D1021066D1021066D1021066D1021066D1021066D1021066D1021066D1021068
:20F0600066D1021066D1021066D1021066D1021066D1021066D1021066D1021066D1021048
:20F0800066D1021066D1021066D1021066D1021066D1021066D1021066D1021066D1021028
:20F0A00066D1021066D1021066D1021066D1021066D1021066D1021066D1021066D1021008
:20F0C00066D1021066D1021066D1021066D1021066D1021066D1021066D1021066D10210E8
:20F0E00066D1021066D1021066D1021066D1021090D1021066D1021088D102106ED1021074
:20F100007ED30210BAD30210D0D3021096D30210ACD30210EADF021002E00210D2DF02109A
:20F12000E4DF021010E0021026E00210A8DF0210BEDF021082E10210D4E1021020E2021048
:20F140003CE202103AE102105EE102108AE50210B8E50210C8E50210E6E502102AE6021013
:20F1600042E602105CE6021074E602108EE60210AEE60210DCE60210E4E602108EE5021034
:20F18000ECE6021092E50210A8E5021090EB0210A4EB0210CAEB0210F2EB0210F8EB02108A
:20F1A000FEEB021002130000E0B20510100A00000403040301130000FCB205100E09000082
:20F1C000040304039F00000018B30510100A0200030303039E0000003CB305100E090200BF
:20F1E000030303036700000060B3051005090200030303036B00000084B30510070902008F
:20F20000030303039D000000A8B30510100A0100030303039C000000C8B305100E0901006A
:20F22000030303033C000000E8B3051005090100030303033D00000008B40510070901009C
:20F24000030303030000000080B4051000000000000000000313000002130000011300001A
:20F260000413000005130000A8CC0000A9CC0000AACC00002CC0000030C000009F00000085
:20F28000ADC000009FC0000024C0000028C000006B0000000AC0000014C000003900000094
:20F2A000AFC00000A3C0000087C000008BC000007DC0000073C0000077C00000C40000007F
:20F2C000880000005DC0000061C0000053C0000049C000004DC0000045C000002BC000004F
:20F2E0002FC000009E000000ACC000009EC0000023C0000027C000006700000009C00000BD
:20F3000013C0000033000000AEC00000A2C0000086C000008AC000007CC0000072C0000019
:20F3200076C00000BE000000450000005CC0000060C0000052C0000048C000004CC0000032
:20F3400044C00000ACCC0000ADCC0000AB000000A7C0000038C00000B300000036C0000005
:20F360009100000091C000009BC0000097C00000ABC000006DC0000071C0000067C0000009
:20F38000AA000000A6C0000037C00000B200000035C000009000000090C0000096C0000089
:20F3A0009AC00000AAC000006CC0000070C0000066C00000FFC000009D0000009DC000004E
:20F3C0003D0000003500000032C000002AC000000FC000002EC0000026C0000005C0000077
:20F3E000A1C000007BC00000C0000000840000008DC0000079C0000089C0000075C0000029
:20F400005FC0000063C0000051C000004BC000004FC000003DC000009C0000009CC000008A
:20F420003C0000002F00000031C0000029C000000EC000002DC0000025C0000004C0000023
:20F44000A0C000007AC00000BA000000410000008CC0000078C0000088C0000074C0000017
:20F460005EC0000062C0000050C000004AC000004EC000003CC00000AECC0000AD00000001
:20F48000B70000009500000093C0000099C000006FC0000069C00000AC000000B6000000BA
:20F4A0009400000092C0000098C000006EC0000068C00000ABCC0000A9000000A5C0000033
:20F4C000AF0000008D0000008FC0000095C00000A9C000006BC0000065C00000A8000000EB
:20F4E000A4C00000AE0000008C0000008EC0000094C00000A8C000006AC0000064C0000016
:20F5000006C0000010C000003BC000003AC0000039C00000B5000000B40000002D000000D1
:20F520003B00000002000000010000000BC0000001C00000B9000000B80000002E00000062
:20F54000B1000000B00000002C00000000000000740E0310900E0310740E0310740E0310AE
:20F56000740E0310A20E0310740E0310B60E0310740E0310740E0310740E0310740E031073
:20F58000740E0310740E0310BA0E0310BE0E03107A0E0310010200001703000000000418B3
:20F5A000000506070800090A0B0C191A000000001C0000000000001B00000000000D0E0F73
:20F5C000101100121314151603060500C200000003060500C20000000100000000000405FC
:20F5E0000600000003040305000000000304030500000000030606080106030505080105AE
:20F60000030404080104000003040305060805080408010601050104000000002BC000009F
:20F620002CC000000000000017001800000000001700180000010101020103010401000071
:20F64000FFFFFFFFFFFFFFFFC90FDAA22168C234C4C6628B80DC1CD129024E088A67CC746D
:20F66000020BBEA63B139B22514A08798E3404DDEF9519B3CD3A431B302B0A6DF25F14372C
:20F680004FE1356D6D51C245E485B576625E7EC6F44C42E9A637ED6B0BFF5CB6F406B7EDE1
:20F6A000EE386BFB5A899FA5AE9F24117C4B1FE649286651ECE45B3DC2007CB8A163BF05FB
:20F6C00098DA48361C55D39A69163FA8FD24CF5F83655D23DCA3AD961C62F356208552BB04
:20F6E0009ED529077096966D670C354E4ABC9804F1746C08CA18217C32905E462E36CE3B9B
:20F70000E39E772C180E86039B2783A2EC07A28FB5C55DF06F4C52C9DE2BCBF69558171888
:20F720003995497CEA956AE515D2261898FA051015728E5A8AACAA68FFFFFFFFFFFFFFFFED
:20F74000030000090A0B0000180004128001170003120001000000000000000000000000AC
:20F76000D4340310DC340310B8320310F6330310FE330310423403105630031088300310E1
:20F780009E3003105C310310743203107C320310843203108C320310463003104E300310BA
:20F7A000783C0310803C0310BC3E031048400310524003107A400310484103103444031072
:20F7C000B041031026430310724103107C4103108641031090410310563C0310703C0310F1
:20F7E000104803102C4703102C4703102C4703102C4703102C4703102C4703102C470310F4
:20F800002C4703102C47031076470310BE4503102C4703105E4703102C4703102C470310AC
:20F82000484703108C4E0310944E0310D04F0310445003106C4E0310965003106C4E0310D8
:20F84000285103106C4E0310445103106C4E0310545103106C4E0310885103106C4E03109C
:20F86000BE5103106C4E03106C4E0310CA5103103E5203106C4E0310C65203106C4E031036
:20F880006C4E0310D65203106C4E03107E4E031094600310265C03102E5C0310005F031009
:20F8A000065C0310105F0310065C0310485F0310065C0310645F0310065C0310745F03107C
:20F8C000065C0310905F031090600310B25F0310065C0310065C0310065C0310BE5F0310FB
:20F8E000065C03107060031080600310185C0310444F574E475244001C71031012710310EB
:20F90000847003103C71031032710310100000001400000014000000000000000000000032
:20F920001C0000002000000030000000400000001C000000200000000000000000000000DF
:20F940001C000000200000003000000040000000CF21AD74E59A6111BE1D8C021E65B891C4
:20F96000C2A211167ABB8C5E079E09E2C8A8339C10000000140000001400000000000000D6
:20F98000000000001C0000002000000030000000400000001C00000020000000000000007F
:20F9A000000000001C00000020000000300000004000000066696E69736865647265737592
:20F9C0006D7074696F6E74726166666963207570646578706F727465726B65796976632024
:20F9E000687320747261666669636320617020747261666669636320652074726166666956
:20FA0000637320687320747261666669637320617020747261666669637320652074726154
:20FA2000666669636520657870206D6173746572726573206D6173746572657870206D617F
:20FA4000737465726578742062696E6465727265732062696E6465726465726976656454EE
:20FA60004C5320312E332C20636C69656E7420436572746966696361746556657269667972
:20FA8000544C5320312E332C2073657276657220436572746966696361746556657269665F
:20FAA00079000000CAA503108EA503102CA6031076A503102CA603102CA603102CA6031043
:20FAC00024A403102CA603102CA603102CA603102CA603102CA603102CA603102CA6031008
:20FAE0002CA603102CA603102CA603102CA603102CA603102CA603102CA603102CA60310DE
:20FB00002CA603102CA603102CA603102CA603102CA603102CA603102CA603102CA60310BD
:20FB2000D0A40310551D25000000000000070000FFFFFF0FFC00000000080000551D2000FE
:20FB4000000000000100000098B60510020000002CB70510040000005CB705100800000013
:20FB6000A4B7051010000000E0B705102000000014B805104000000028B8051080000000A3
:20FB800040B805100001000068B805100002000098B8051000040000C8B80510000800001A
:20FBA000E4B805100010000010B905100020000044B905100040000074B905100080000072
:20FBC000ACB9051000000100F8B90510000002004CBA0510000004007CBA05100000080070
:20FBE000C0BA05100000000000000000000000000000000000000000FFFFFFFF0003000077
:20FC00000A0000000C0000000000000000070000FFFFFF0FFC08000000080000DAB503100D
:20FC20009AB60310B8B60310CEB50310C8B60310CEB5031008B7031018B70310B2B90310F1
:20FC400050B9031050B903108ABA031032BB03108ABA03101EBB0310A4BA0310ECBD0510A3
:20FC600000000000000000000000000000000000000000000CBF051034BF05105CBF05106C
:20FC8000020204020402040602060402040606020604020604060804020402040E040602DC
:20FCA0000A020606040606020A0204020C0C04020406020A060606020604020A0E04020492
:20FCC0000E060A02040608060604060804080A020A02060406080402040C08040804060C58
:20FCE0000212060A060602060A060602060604020C0A02040606020C0406080A080A080630
:20FD0000060408060408040E0A0C020A0204020A0E0402040E0402041404080A0804060607
:20FD20000E04060608060000E4FD051098FD051002000000DCFD051003000000D4FD05101E
:20FD400004000000CCFD051005000000C4FD051006000000BCFD051007000000B4FD051045
:20FD60000E00000090FD05100F00000088FD05101000000080FD0510000000000000000088
:20FD800004BE05107064100510BE051070630F051CBE051070620E05020000000000000003
:20FDA00000000000AD0D0410AD0D0410950D0410850D041028BE05109024070034BE05108E
:20FDC0009023060040BE0510902205004CBE05101014040058BE05101013030064BE0510D1
:20FDE0001012020002000000090E0410F50D0410ED0D0410E50D0410CD0D0410BD0D0410BC
:20FE0000F6160410001704100417041008170410FC160410F41604100000201C40386024B9
:20FE20008070A06CC048E05400E120FD40D960C58091A08DC0A9E0B5A4FE0510000000005B
:20FE400000000000000000000000000000000000A0FE05109CFE051098FE05100B0000008A
:20FE60000A000000090000000300000000000000ECBD0510030000000CBF051009000000C2
:20FE800034BF05100A0000005CBF05100B00000000000000000000000B4080000A30800090
:20FEA0000920400003104000551D200000000000C8BE0510090000009CC00510ACC005105E
:20FEC00001000000B0C0051007000000B8C00510C8C0051002000000D8C0051005000000B7
:20FEE000E0C00510E8C005100300000000000000000000000000000000000000000000008D
:20FF0000D4BE05100800000084C0051084C0051003000000680006100500000090C0051095
:20FF200090C00510040000000000000000000000000000000000000000000000E0BE0510A5
:20FF400005000000DCBF0510E4BF051021000000ECBF051008000000F8BF051008C00510A2
:20FF60002500000018C005100900000024C0051030C00510050000003CC005100900000049
:20FF800048C0051054C005100600000060C00510090000006CC0051078C005100700000042
:20FFA0000000000000000000000000000000000000000000E8BE05100800000074BF051036
:20FFC000ECBD0510030000007CBF05100900000088BF051094BF0510090000009CBF0510CA
:20FFE00009000000A8BF0510B4BF05100A000000BCBF051009000000C8BF0510D4BF05100D
:020000041006E4
:200000000B0000000000000000000000000000000000000000000000F4BE05100800000006
:2000200008BF051014BF05100900000024BF05100800000030BF05103CBF05100A000000D5
:200040004CBF05100800000058BF051064BF05100B00000000000000000000000000000009
:2000600000000000000000002B81040022000000BCBE051009000000F8C0051010C1051063
:200080000301000020C10510090000002CC1051044C105100901000058C105100900000000
:2000A00064C105107CC105100A01000090C10510090000009CC10510B4C105100B01000032
:2000C000C8C1051008000000D4C10510E8C1051009040000FCC105100800000008C205104C
:2000E0001CC205100A04000030C20510080000003CC2051050C205100B04000064C205106C
:200100000900000070C2051070C20510000600000000000000000000000000000000000042
:200120000000000078B40510080000007CC2051090C2051084B4051008000000B0C20510E0
:20014000C4C20510E4C2051008000000F0C2051004C3051014C305100800000020C30510B2
:2001600038C305104CC305100800000058C305106CC305107CC305100800000088C3051013
:200180009CC30510ACC3051009000000B8C30510D0C3051000000000000000000000000026
:2001A00000000000ACBE051003000000FCC3051014C405100001000028C4051003000000F7
:2001C0002CC405103CC405100400000048C40510030000004CC4051060C405100008000077
:2001E00074C405100300000078C4051090C4051020000000A4C4051009000000B0C40510C6
:20020000C8C4051000000100E4C4051003000000E8C4051004C50510080000001CC50510DF
:200220000300000020C505103CC505100200000054C505100300000058C5051078C50510F4
:20024000010000000000000000000000000000000000000000000000A4B40510030000002D
:2002600094C50510A8C50510B4C50510B8C5051003000000BCC50510D0C50510D8C5051079
:20028000DCC5051003000000E0C50510F0C50510FCC5051000C605100300000004C605108E
:2002A00010C6051018C605101CC605100300000020C6051038C6051048C605104CC605100E
:2002C0000300000050C6051070C605107CC6051080C60510090000008CC605109CC605100C
:2002E0008CC60510ACC6051003000000B0C60510C4C60510D4C60510E4C605100300000072
:20030000E8C60510FCC605100CC705101CC705100300000020C7051034C7051040C7051038
:200320004CC705100300000050C7051060C7051068C705106CC705100300000070C705104F
:2003400080C705108CC7051090C705100300000094C70510A4C70510B0C70510BCC7051056
:2003600003000000C0C70510DCC70510F4C7051008C80510030000000CC8051018C8051090
:2003800020C8051028C80510030000002CC8051040C8051060C805106CC8051003000000A9
:2003A00070C8051080C805108CC8051098C805100A000000A4C80510ACC80510B4C8051010
:2003C000B8C805100A000000C4C80510D8C80510ECC80510F0C8051003000000F4C80510BE
:2003E0000CC9051020C905100000000000000000000000000000000000000000CC0406102F
:200400009C0406106C0406103C04061005000000C8C9051005560410FD55041000000000CA
:200420001556041061560410000000008158041065580410595804100000000004000000EB
:20044000D0C90510C9550410F55504102D580410095804100000000000000000FD570410E8
:20046000E5570410D5570410D155041003000000D8C90510C9550410E55504100000000079
:20048000000000000000000000000000FD570410E5570410D5570410D15504100200000028
:2004A000E0C90510C9550410B95504102D580410095804100000000000000000FD570410B4
:2004C000E5570410D5570410D155041001000000ACC00510C95704108555041075570410CE
:2004E0003957041001570410C9560410BD560410A556041095560410955504101D2D02102A
:20050000DC770410D6770410DC770410CA770410CA770410CA770410CA770410CA77041003
:20052000CA770410CA770410CA770410CA7704109C770410CA770410D6770410CA77041035
:2005400036760410CA770410C4770410CC830410B0830410B08304101683041016830410EC
:200560009E8304104C830410A4830410AA8304109E8304104C830410168304101683041075
:200580009E8304104C830410A4830410AA830410100000001400000014000000000000008F
:2005A000000000001C0000002000000030000000400000001C000000200000000000000053
:2005C000000000001C00000020000000300000004000000010141400001C2030401C20004F
:2005E000001C20304000000000000000020000000200000002000000020000000200000045
:20060000FFFFFFFFFFFFFFFFADF85458A2BB4A9AAFDC5620273D3CF1D8B9C583CE2D36951F
:20062000A9E13641146433FBCC939DCE249B3EF97D2FE363630C75D8F681B202AEC4617A2D
:20064000D3DF1ED5D5FD65612433F51F5F066ED0856365553DED1AF3B557135E7F57C93525
:20066000984F0C70E0E68B77E2A689DAF3EFE8721DF158A136ADE73530ACCA4F483A797AB8
:20068000BC0AB182B324FB61D108A94BB2C8E3FBB96ADAB760D7F4681D4F42A3DE394DF419
:2006A000AE56EDE76372BB190B07A7C8EE0A6D709E02FCE1CDF7E2ECC03404CD28342F61A3
:2006C0009172FE9CE98583FF8E4F1232EEF28183C3FE3B1B4C6FAD733BB5FCBC2EC22005D9
:2006E000C58EF1837D1683B2C6F34A26C1B2EFFA886B4238611FCFDCDE355B3B6519035BC9
:20070000BC34F4DEF99C023861B46FC9D6E6C9077AD91D2691F7F7EE598CB0FAC186D91CA1
:20072000AEFE130985139270B4130C93BC437944F4FD4452E2D74DD364F2E21E71F54BFFCF
:200740005CAE82AB9C9DF69EE86D2BC522363A0DABC521979B0DEADA1DBF9A42D5C4484E36
:200760000ABCD06BFA53DDEF3C1B20EE3FD59D7C25E41D2B669E1EF16E6F52C3164DF4FB25
:200780007930E9E4E58857B6AC7D5F42D69F6D187763CF1D5503400487F55BA57E31CC7AD2
:2007A0007135C886EFB4318AED6A1E012D9E6832A907600A918130C46DC778F971AD0038F1
:2007C000092999A333CB8B7A1A1DB93D7140003C2A4ECEA9F98D0ACC0A8291CDCEC97DCF76
:2007E0008EC9B55A7F88A46B4DB5A851F44182E1C68A007E5E0DD9020BFD64B645036C7A86
:200800004E677D2C38532A3A23BA4442CAF53EA63BB454329B7624C8917BDD64B1C0FD4C0C
:20082000B38E8C334C701C3ACDAD0657FCCFEC719B1F5C3E4E46041F388147FB4CFDB4772D
:20084000A52471F7A9A96910B855322EDB6340D8A00EF092350511E30ABEC1FFF9E3A26E07
:200860007FB29F8C183023C3587E38DA0077D9B4763E4E4B94B2BBC194C6651E77CAF9924A
:20088000EEAAC0232A281BF6B3A739C1226116820AE8DB5847A67CBEF9C9091B462D538C87
:2008A000D72B03746AE77F5E62292C311562A846505DC82DB854338AE49F5235C95B911703
:2008C0008CCF2DD5CACEF403EC9D1810C6272B045B3B71F9DC6B80D63FDD4A8E9ADB1E69D2
:2008E00062A69526D43161C1A41D570D7938DAD4A40E329CCFF46AAA36AD004CF600C8380E
:200900001E425A31D951AE64FDB23FCEC9509D43687FEB69EDD1CC5E0B8CC3BDF64B10EF81
:2009200086B63142A3AB8829555B2F747C932665CB2C0F1CC01BD70229388839D2AF05E4BA
:2009400054504AC78B7582822846C0BA35C35F5C59160CC046FD8251541FC68C9C86B02239
:20096000BB7099876A460E7451A8A93109703FEE1C217E6C3826E52C51AA691E0E423CFCE1
:2009800099E9E31650C1217B624816CDAD9A95F9D5B8019488D9C0A0A1FE3075A577E23177
:2009A00083F81D4A3F2FA4571EFC8CE0BA8A4FE8B6855DFE72B0A66EDED2FBABFBE58A302F
:2009C000FAFABE1C5D71A87E2F741EF8C1FE86FEA6BBFDE530677F0D97D11D49F7A8443D05
:2009E0000822E506A9F4614E011E2A94838FF88CD68C8BB7C5C6424CFFFFFFFFFFFFFFFF6E
:200A0000FFFFFFFFFFFFFFFFADF85458A2BB4A9AAFDC5620273D3CF1D8B9C583CE2D36951B
:200A2000A9E13641146433FBCC939DCE249B3EF97D2FE363630C75D8F681B202AEC4617A29
:200A4000D3DF1ED5D5FD65612433F51F5F066ED0856365553DED1AF3B557135E7F57C93521
:200A6000984F0C70E0E68B77E2A689DAF3EFE8721DF158A136ADE73530ACCA4F483A797AB4
:200A8000BC0AB182B324FB61D108A94BB2C8E3FBB96ADAB760D7F4681D4F42A3DE394DF415
:200AA000AE56EDE76372BB190B07A7C8EE0A6D709E02FCE1CDF7E2ECC03404CD28342F619F
:200AC0009172FE9CE98583FF8E4F1232EEF28183C3FE3B1B4C6FAD733BB5FCBC2EC22005D5
:200AE000C58EF1837D1683B2C6F34A26C1B2EFFA886B4238611FCFDCDE355B3B6519035BC5
:200B0000BC34F4DEF99C023861B46FC9D6E6C9077AD91D2691F7F7EE598CB0FAC186D91C9D
:200B2000AEFE130985139270B4130C93BC437944F4FD4452E2D74DD364F2E21E71F54BFFCB
:200B40005CAE82AB9C9DF69EE86D2BC522363A0DABC521979B0DEADA1DBF9A42D5C4484E32
:200B60000ABCD06BFA53DDEF3C1B20EE3FD59D7C25E41D2B669E1EF16E6F52C3164DF4FB21
:200B80007930E9E4E58857B6AC7D5F42D69F6D187763CF1D5503400487F55BA57E31CC7ACE
:200BA0007135C886EFB4318AED6A1E012D9E6832A907600A918130C46DC778F971AD0038ED
:200BC000092999A333CB8B7A1A1DB93D7140003C2A4ECEA9F98D0ACC0A8291CDCEC97DCF72
:200BE0008EC9B55A7F88A46B4DB5A851F44182E1C68A007E5E0DD9020BFD64B645036C7A82
:200C00004E677D2C38532A3A23BA4442CAF53EA63BB454329B7624C8917BDD64B1C0FD4C08
:200C2000B38E8C334C701C3ACDAD0657FCCFEC719B1F5C3E4E46041F388147FB4CFDB47729
:200C4000A52471F7A9A96910B855322EDB6340D8A00EF092350511E30ABEC1FFF9E3A26E03
:200C60007FB29F8C183023C3587E38DA0077D9B4763E4E4B94B2BBC194C6651E77CAF99246
:200C8000EEAAC0232A281BF6B3A739C1226116820AE8DB5847A67CBEF9C9091B462D538C83
:200CA000D72B03746AE77F5E62292C311562A846505DC82DB854338AE49F5235C95B9117FF
:200CC0008CCF2DD5CACEF403EC9D1810C6272B045B3B71F9DC6B80D63FDD4A8E9ADB1E69CE
:200CE00062A69526D43161C1A41D570D7938DAD4A40E329CD0E40E65FFFFFFFFFFFFFFFFE7
:200D0000FFFFFFFFFFFFFFFFADF85458A2BB4A9AAFDC5620273D3CF1D8B9C583CE2D369518
:200D2000A9E13641146433FBCC939DCE249B3EF97D2FE363630C75D8F681B202AEC4617A26
:200D4000D3DF1ED5D5FD65612433F51F5F066ED0856365553DED1AF3B557135E7F57C9351E
:200D6000984F0C70E0E68B77E2A689DAF3EFE8721DF158A136ADE73530ACCA4F483A797AB1
:200D8000BC0AB182B324FB61D108A94BB2C8E3FBB96ADAB760D7F4681D4F42A3DE394DF412
:200DA000AE56EDE76372BB190B07A7C8EE0A6D709E02FCE1CDF7E2ECC03404CD28342F619C
:200DC0009172FE9CE98583FF8E4F1232EEF28183C3FE3B1B4C6FAD733BB5FCBC2EC22005D2
:200DE000C58EF1837D1683B2C6F34A26C1B2EFFA886B4238611FCFDCDE355B3B6519035BC2
:200E0000BC34F4DEF99C023861B46FC9D6E6C9077AD91D2691F7F7EE598CB0FAC186D91C9A
:200E2000AEFE130985139270B4130C93BC437944F4FD4452E2D74DD364F2E21E71F54BFFC8
:200E40005CAE82AB9C9DF69EE86D2BC522363A0DABC521979B0DEADA1DBF9A42D5C4484E2F
:200E60000ABCD06BFA53DDEF3C1B20EE3FD59D7C25E41D2B669E1EF16E6F52C3164DF4FB1E
:200E80007930E9E4E58857B6AC7D5F42D69F6D187763CF1D5503400487F55BA57E31CC7ACB
:200EA0007135C886EFB4318AED6A1E012D9E6832A907600A918130C46DC778F971AD0038EA
:200EC000092999A333CB8B7A1A1DB93D7140003C2A4ECEA9F98D0ACC0A8291CDCEC97DCF6F
:200EE0008EC9B55A7F88A46B4DB5A851F44182E1C68A007E5E655F6AFFFFFFFFFFFFFFFF91
:200F0000FFFFFFFFFFFFFFFFADF85458A2BB4A9AAFDC5620273D3CF1D8B9C583CE2D369516
:200F2000A9E13641146433FBCC939DCE249B3EF97D2FE363630C75D8F681B202AEC4617A24
:200F4000D3DF1ED5D5FD65612433F51F5F066ED0856365553DED1AF3B557135E7F57C9351C
:200F6000984F0C70E0E68B77E2A689DAF3EFE8721DF158A136ADE73530ACCA4F483A797AAF
:200F8000BC0AB182B324FB61D108A94BB2C8E3FBB96ADAB760D7F4681D4F42A3DE394DF410
:200FA000AE56EDE76372BB190B07A7C8EE0A6D709E02FCE1CDF7E2ECC03404CD28342F619A
:200FC0009172FE9CE98583FF8E4F1232EEF28183C3FE3B1B4C6FAD733BB5FCBC2EC22005D0
:200FE000C58EF1837D1683B2C6F34A26C1B2EFFA886B4238611FCFDCDE355B3B6519035BC0
:20100000BC34F4DEF99C023861B46FC9D6E6C9077AD91D2691F7F7EE598CB0FAC186D91C98
:20102000AEFE130985139270B4130C93BC437944F4FD4452E2D74DD364F2E21E71F54BFFC6
:201040005CAE82AB9C9DF69EE86D2BC522363A0DABC521979B0DEADA1DBF9A42D5C4484E2D
:201060000ABCD06BFA53DDEF3C1B20EE3FD59D7C25E41D2B66C62E37FFFFFFFFFFFFFFFFEA
:20108000FFFFFFFFFFFFFFFFADF85458A2BB4A9AAFDC5620273D3CF1D8B9C583CE2D369595
:2010A000A9E13641146433FBCC939DCE249B3EF97D2FE363630C75D8F681B202AEC4617AA3
:2010C000D3DF1ED5D5FD65612433F51F5F066ED0856365553DED1AF3B557135E7F57C9359B
:2010E000984F0C70E0E68B77E2A689DAF3EFE8721DF158A136ADE73530ACCA4F483A797A2E
:20110000BC0AB182B324FB61D108A94BB2C8E3FBB96ADAB760D7F4681D4F42A3DE394DF48E
:20112000AE56EDE76372BB190B07A7C8EE0A6D709E02FCE1CDF7E2ECC03404CD28342F6118
:201140009172FE9CE98583FF8E4F1232EEF28183C3FE3B1B4C6FAD733BB5FCBC2EC220054E
:20116000C58EF1837D1683B2C6F34A26C1B2EFFA886B423861285C97FFFFFFFFFFFFFFFF7A
:2011800010000000140000001400000000000000000000001C0000002000000030000000AB
:2011A000400000001C0000002000000000000000000000001C000000200000003000000047
:2011C0004000000046E4041046E4041046E40410EEE40410EEE4041046E4041046E40410CD
:2011E000D0E40410D0E40410D0E40410D0E40410EEE40410EEE40410D6E40410D6E4041067
:20120000DEE40410E4E4041010000000140000001400000000000000000000001C000000C8
:201220002000000030000000400000001C0000002000000000000000000000001C000000C6
:2012400020000000300000004000000040000000400000004000000000000000000000003E
:201260004000000040000000800000008000000080000000800000000000000000000000EE
:20128000900000008800000068000000480000004AF404104AF4041028F4041028F4041082
:2012A00028F4041028F4041028F404104AF4041028F4041028F4041028F4041028F404108C
:2012C0004EF4041028F4041028F4041062F4041056F4041066F404105AF404105EF404105A
:2012E00052F40410000000007BFF80BF79FF80BF78FF80BF76FF00BC6CFF80BB6BFF80BCF1
:201300006AFF00BF0000000073FF00817AFF808F6BFF808E79FF008F77FF009476FF009696
:20132000000000007AFF80AF79FF00AF73FF80AE982F8A4291443771CFFBC0B5A5DBB5E9D1
:201340005BC25639F111F159A4823F92D55E1CAB98AA07D8015B8312BE853124C37D0C5559
:20136000745DBE72FEB1DE80A706DC9B74F19BC1C1699BE48647BEEFC69DC10FCCA10C2487
:201380006F2CE92DAA84744ADCA9B05CDA88F97652513E986DC631A8C82703B0C77F59BFC9
:2013A000F30BE0C64791A7D55163CA0667292914850AB72738211B2EFC6D2C4D130D385348
:2013C00054730A65BB0A6A762EC9C281852C7292A1E8BFA24B661AA8708B4BC2A3516CC7B7
:2013E00019E892D1240699D685350EF470A06A1016C1A419086C371E4C774827B5BCB034C6
:20140000B30C1C394AAAD84E4FCA9C5BF36F2E68EE828F746F63A5781478C8840802C78CFF
:20142000FAFFBE90EB6C50A4F7A3F9BEF27871C622AE28D7982F8A42CD65EF239144377105
:201440002F3B4DECCFFBC0B5BCDB8981A5DBB5E938B548F35BC2563919D005B6F111F15927
:201460009B4F19AFA4823F9218816DDAD55E1CAB420203A398AA07D8BE6F7045015B83120B
:201480008CB2E44EBE853124E2B4FFD5C37D0C556F897BF2745DBE72B196163BFEB1DE802E
:2014A0003512C725A706DC9B942669CF74F19BC1D24AF19EC1699BE4E3254F388647BEEFC5
:2014C000B5D58C8BC69DC10F659CAC77CCA10C2475022B596F2CE92D83E4A66EAA84744A64
:2014E000D4FB41BDDCA9B05CB5531183DA88F976ABDF66EE52513E981032B42D6DC631A89B
:201500003F21FB98C82703B0E40EEFBEC77F59BFC28FA83DF30BE0C625A70A934791A7D5A2
:201520006F8203E05163CA06706E0E0A67292914FC2FD246850AB72726C9265C38211B2ECD
:20154000ED2AC45AFC6D2C4DDFB3959D130D3853DE63AF8B54730A65A8B2773CBB0A6A76A2
:20156000E6AEED472EC9C2813B358214852C72926403F14CA1E8BFA2013042BC4B661AA87E
:201580009197F8D0708B4BC230BE5406A3516CC71852EFD619E892D110A96555240699D645
:2015A0002A20715785350EF4B8D1BB3270A06A10C8D0D2B816C1A41953AB4151086C371E4E
:2015C00099EB8EDF4C774827A8489BE1B5BCB034635AC9C5B30C1C39CB8A41E34AAAD84E35
:2015E00073E363774FCA9C5BA3B8B2D6F36F2E68FCB2EF5DEE828F74602F17436F63A5788B
:2016000072ABF0A11478C884EC39641A0802C78C281E6323FAFFBE90E9BD82DEEB6C50A4E0
:201620001579C6B2F7A3F9BE2B5372E3F27871C69C6126EACE3E27CA07C2C021C7B886D155
:201640001EEBE0CDD67DDAEA78D16EEE7F4F7DF5BA6F1772AA67F006A698C8A2C57D630AC8
:20166000AE0DF9BE04983F111B471C13350B711B847D0423F577DB289324C7407BABCA3238
:20168000BCBEC9150ABE9E3C4C0D109CC4671D43B6423ECBBED4C54C2A7E65FC9C297F5976
:2016A000ECFAD63AAB6FCB5F1758474A8C19446C040018008001000090C00510030017007F
:2016C0000001000084C00510000000000000000000000000FFFFFFFFFFFFFFFFFFFFFFFFBC
:2016E00000000000000000000000000001000000FFFFFFFF4B60D2273E3CCE3BF6B053CC01
:20170000B0061D65BC86987655BDEBB3E7933AAAD835C65A512563FCC2CAB9F3849E17A719
:20172000ADFAE6BCFFFFFFFFFFFFFFFF00000000FFFFFFFF96C298D84539A1F4A033EB2DA6
:20174000817D0377F240A463E5E6BCF847422CE1F2D1176BF551BF376840B6CBCE5E316B51
:201760005733CE2B169E0F7C4AEBE78E9B7F1AFEE242E34F01000000FFFFFFFF0000000078
:2017800000000000FFFFFFFFFEFFFFFFFFFFFFFFFFFFFFFFFFFFFFFFFFFFFFFFFFFFFFFF66
:2017A000FFFFFFFFFFFFFFFFEF2AECD3EDC8852A9DD12E8A8D3956C65A8713508F081403FB
:2017C000124181FE6E9C1D18192DF8E36B058E98E4E73EE2A72F31B37329C5CC6A19ECEC14
:2017E0007AA7B048B20D1A58DF2D37F4814D63C7FFFFFFFFFFFFFFFFFFFFFFFFFFFFFFFF80
:20180000FFFFFFFFFFFFFFFFB70A7672385E543A6C2955BF5DF20255382A5482E041F7590B
:20182000989BA78B623B1D6E74AD20F31EC7B18E37058BBE22CA87AA5F0EEA907C1D437AE4
:201840009D817E1DCEB1600AC0B8F0B51331DAE97C149A28BD1DF4F829DC9292BF989E5D2F
:201860006F2C26964ADE17363827061001000C000827061001000C00741706100100010025
:20188000D826061001000C00A826061001000C0000000000010000007826061001000C0074
:2018A0004826061001000C0000000000010000001826061001000C00E825061001000C0005
:2018C0000000000001000000B825061001000C008825061001000C00000000000100000036
:2018E0005825061001000C002825061001000C000000000001000000F824061001000C0098
:20190000C824061001000C0000000000010000009824061001000C006824061001000C0029
:2019200000000000010000003824061001000C000824061001000C000000000001000000D7
:20194000D823061001000C00A823061001000C0000000000010000007823061001000C00BC
:201960004823061001000C0000000000010000001823061001000C00E822061001000C004D
:201980000000000001000000B822061001000C008822061001000C0000000000010000007B
:2019A0005822061001000C002822061001000C000000000001000000F821061001000C00E0
:2019C000C821061001000C0000000000010000009821061001000C006821061001000C0072
:2019E00000000000010000003821061001000C000821061001000C0000000000010000001D
:201A0000D820061001000C00A820061001000C0000000000010000007820061001000C0004
:201A20004820061001000C0000000000010000001820061001000C00E81F061001000C0095
:201A40000000000001000000B81F061001000C00881F061001000C000000000001000000C0
:201A6000581F061001000C00281F061001000C000000000001000000F81E061001000C0028
:201A8000C81E061001000C000000000001000000981E061001000C00681E061001000C00BA
:201AA0000000000001000000381E061001000C00081E061001000C00000000000100000062
:201AC000D81D061001000C00A81D061001000C000000000001000000781D061001000C004D
:201AE000481D061001000C000000000001000000181D061001000C00E81C061001000C00DE
:201B00000000000001000000B81C061001000C00881C061001000C00000000000100000005
:201B2000581C061001000C00281C061001000C000000000001000000F81B061001000C0070
:201B4000C81B061001000C000000000001000000981B061001000C00681B061001000C0002
:201B60000000000001000000198A775D2BAB01284E85D0D549834D6081C691303B00AF7A91
:201B80003AAE6107E1B6E2C9954341FE9BB6F0A5B497AEAD89889E4186C43F2CE75F990389
:201BA000F02BB7B6AD5A56FF0400A448C8E8BABFE8A1B5135ACD999CB095ADFCE27EE7FE48
:201BC000966BD1349953630BBCC00DCF2541A4F49BFCB248C385834B2BBE0B582D7A9A62B9
:201BE000C5F381181B744F2CE243A30A168BA31E4A18817B8DA2357791499965C5ED16EF8E
:201C000079429AF3A74E6F2B7B0A7EC0D74E0755D67A3169A6B91534A8E072A43FB9F80C7D
:201C20002B753285A2DE37126A3200C2D43B1A0934E0998F0C4A16448373181BD4942962EC
:201C400029A42DB19D743267BFF4B10C37628B66C9FFDAE235A3B642B616A91CE76520C123
:201C6000585332F8C0A6BD2CB7F0E65731CC266F27E3541C34D317BCF5AEEDFBCDE71E9F7A
:201C80005A161C3440001FB63F6C64A7623CABD4486A44D860C0A88082765812573C8946C2
:201CA000824F83CECBB8D02C9A8404B0ADEBFADF34A4C341444E653E6D06460D51E2D8ACB2
:201CC00014571D6F79A0CDA6DFFB36CAADF59E416F7A1D9E1D9548DC8126A5B7152CC2C6E0
:201CE000864272AA11DCC9B6A3736436FD7BC115EA5D32D24794892D51E930AC06C865046D
:201D0000FA6CB91BF7614953D7FF324380DAA6B1ACF804019535CE21D6E84C48E4AA69935B
:201D2000277A27FC37961A7B6FE730A5CF13465C8CD8AF74234D5684323D44141B9783F011
:201D4000FA47D75FFD9838F7A926BE6D6DF2383F086C31A749503A89C399C6F5D2C2305A9B
:201D60002AE4F68B8B97E9B2DD21B70DFC15540B65831CA4CD6B9DF219D8402773157E65B3
:201D8000F6BB537E0F40C8D4EA371973EF5A5E049C732B497EAC975C15B2C31E0EE7D2214E
:201DA0008A08D6DDAC21D63EFC08AD4E519F2A52685C7D4CD6CFDD02D87626E08B10D97C3D
:201DC00030A7234E5FD24217D1E5A4EC772134285C1465EA4A85C32F8DA24A66B10AE6C037
:201DE000860C949D5E99B2CEAD0340CAB2B3305574784827341EE242AE725BACC16DE3827A
:201E000057AB46CBEA5E4B0B187CCA713E6E6675BE310E3FE591C47F8E3DC23E9537582BAC
:201E2000011F0203F3EFEE66285B1AFC38CDE82412574285C62168713F422A52CD755149D4
:201E40009036E5042B44C6EF5CEE16130783B5307659C6A21905D3C6B68BA81609B7EAD660
:201E600070EE14AFB5FDD0EF47D8A20A39321D2361C886F1129A4A058DF17CAA708EBC0160
:201E80006201478FDD8BA5C8DB0821F4ABC7F5960A76A595C40F881D64749FB59121B11C62
:201EA0001EEDE111EF45AFC1E031BEB2BC72651FB14B8C77CE1E42B5FFC9AAB9D9869955F4
:201EC000652380C64E350B6D1B88954C0BD0065192AF8D49A2C8B4E075765309884387CA0B
:201EE00090A4773F5E21B40A359E8664CC91C177C11756CBC37D5BB17E8A55507BEF8A3C47
:201F0000FE1B2348236391B60D04543C249BC79A2538C384FBFF9F49662AE06D688A5CCB33
:201F2000C4935385A10DAF63DA338C67CE23439984534772441F5B2AAEC1D9A4508863182E
:201F40007CF275697300C4314B901DDF1A00D86905B18948A87062EF6D5B2930411A9EB6DB
:201F600076CA83315BA7CB42214150444D643189CF84C25D97A53C18F00FA5FD8E5A472CFF
:201F80007C58022D40B10BBADE4D1E51596E91C538544D51ED36CC6018A856C7782733C5E4
:201FA00042B795C98BC86ABC5EE91396B3E1F9EEF546B05EC39403056459B4667EE85A6047
:201FC000A55C7EB2ADD9C9DA829749A31383072E5A26C713350DB06B1E60ABFA4B93182CDB
:201FE000542D1C314CE461AE8CB27B0C9A838E5930519092793219C3EE89F9D0CF2CA58F72
:202000007B5021DE50419D81E07D2B9E9D95A8E3D8A5208788975FAA10BBC224432E37546B
:202020008AF7CE35FC77F33F753496D54A769D6BB83B0FEAA8120B22663F5D2D1CD49EFB10
:202040007D2EDDC76EABAFDCC8C9F8F5B6134D7BED45B193B3A279DC74F6CFF7E6299CCCB7
:2020600087506580BC590A590EF02435A246F00CBD26C09D6156626703E60F37C110991E7A
:2020800061AD9D5D8001A6FEB00F102A9D2038EB6C60CBCE5AA0A732BACF14DFBFE5742D41
:2020A000B5121ADD59025DC665987C84E1FF307771E2C25F5540BDCD6965873FC4C2245738
:2020C0000E300A6015D124485799D9B6AEB1AF1D9B80EEA20F74B9F3BD19CD120B514F56CC
:2020E000304B3D24A4165905ACEBD3592E757C018CB9B4A5D92E294C8616057502B306EE30
:20210000AB7C9F7991F14F232DF2C854D132BDC48A3BF0AA9DD8F4204FC3BB6C66AC252D48
:202120006F2510B2E141DE1D3CE830B837BC2A98BA57014A1E789F8515F513DF1319979402
:2021400008F9B333668221FEF5FC39162343760E094825A164951C2F43AC1557D9DEA02832
:20216000165FB83D489124CCF8EF68FEEC240815A1064B920DB734743EF4DD1AA04AE44586
:20218000C3634F4FCEBBD6D3CDEE8DDF3F73B7ACDF06B6804D81D953DBBD704FA8D1062CF6
:2021A000194E2E68FC35FA50605375EDF25FC2EB39876B9F05E222934F1AA8B7039E6D7CDC
:2021C000CBD06988A8399E3A5890EAB50499D0694AF222A0EBFD45875DA48132FCFAEE5BB8
:2021E00027BBA46A77415C1DA11EAA4FF010B350097413149E90D7E63E68CEC2554D0C6D23
:202200009B20933290D6AE47DD78AB439EEB73AEED97C383A63CF1BF0F2525660826FA4B68
:2022200041FB445D82EC3BAC5982674B8E4EBEE2BEDA77F823552B2D5C02DE25352D745104
:20224000D00CB80B39BAAD04A60E284DE13DE41B5DEC0AD4B8C48DB0BEBDAC0A3F6BFFFA41
:20226000E0E47414D9701D71F2B071BBD818962BDAB8199080B5EE01912120A61748036F14
:20228000E31DBB6D942034F19C38920619D0B3B22A9926A35FE2C18175FCFDC3B626248FB4
:2022A000AFADE749B7644B966C4E95AD07FEB6304F15E72D19A9081012C80E118DE08F69FF
:2022C000597F796C5FB7BCB188E1833C12BBEE962AC2C41B4171B917B0EEBB1D895088F22F
:2022E000FC1C5574EBDE923F3E2BFED11C73E32E6633A1D3691C9DD2E05ABAB6AE1B94047F
:20230000AF74905C57B03A45DD2F932024541D8DFA789D71675D4998980C6B9D2204BC5C38
:202320008663792F6A0E8ADE29673F02B8917F74FC1464A033F46B501C447187B8883F450D
:202340001B2B8505C5445315E86717C040788C847E9FF4AADA5C7EB296DB423E7264A0675F
:2023600027F9411743E3E8A866DDCC437E160503364BCF488F4190E57B61FA7D01DBB6631C
:2023800011C65839F4C68223475A7A8008CDAAD8DA8CC63F3CA568F4BBF5D517AE36D88AFA
:2023A000C7AD92C5576CDA91A7C327BFC6AAB7B9CB6545DFB9461746F5383FB2B15DCA1C32
:2023C00088296C63E9D748B8BCF1D7998CC205996DE65E826DE57ED579DB155684CBC056B8
:2023E00056DB0E08C9F5D49EE662D01A7C13D5077DAD53E03221A0C0C5388121230ED2BB5C
:202400001C5105D01E82A9711F2FDDBD5048B1E5801C84557814EBF6D95E3EA6AFF6C7043D
:20242000E711E265CA41953BAE83D8E64D22062DFA7F252AAA284697D29A52D2547C97F291
:20244000E0336EEDD98750C55A357E16401583B8332BA4AB0391EAFEC14739EF0559D090CF
:20246000BF240D76115308AF9B262799162B220BBAF38FC32A9BFC38FC2E833DFE9E3C1B17
:202480000857CD2DC14938B595428B33891FEA01AA1D13D750BB3EEB51AC56F75F51680B72
:2024A000C6E01DBC134EAC03B7F5C5E6D288BACBFA0E28235867FAEE9E804BD8C4DF15E480
:2024C000F10E58E62C59C203BC4C704418CDEFEDC249DD647E7E4D92A2327C09D03FD62C67
:2024E0006DE04F650C7A543E16FAFB4AB4795A8C045D1B2BDABC9A7468490303336F284A45
:202500005DDBA7058CF34DFB8E92B1A8EC0D643B4EFCFDD04B881B5D839C5169CE7173F51D
:20252000B85A14231A46635FDAADA0F981E178973A9A63D8BA791A1734317B7A5A5D7D2D71
:202540008396124B1909E0B7558A57EE4E6E7EEC119D69DCB3DAD808462FD8B6637CE95087
:20256000D98CB914D93763DE1002B846ADCE7B3882472D66A7E9332392F99394A848B34FB4
:20258000E94AAC5108722F1AA6D50A6081B9C51644AA2FD6F273DFEBF37B74C9B35B956D71
:2025A000AC04EB15C85F00F6B5502028D101AFF0286D4F31812F9448093913AA60159930B2
:2025C0001700CBC6B1DB9790E6FA60B824E47DD3DD75B370B283B19BA3E36CCD33627A5636
:2025E0008830DC0F9FBBB8AABB013D6354456FB77BB219A3861D42348402871892521A71CB
:202600006C18B15D181B37FEF47461BA18AF4030DA7D3C520F07B06F60DC9AB27939271675
:202620004F71E43B4D600CA355BD1940FA192A5A4DF81E43A1508DEFA3187C41FA7C1B58E9
:20264000005924C4E9B7D3AD0038EEE3C79DECA6B688CF43FA925E8EE9CA43F83B497E75ED
:202660001CE7EB174586C2E192695732E09CD100D910B84DB8F40DE3E69D56AE59FB1F98FA
:20268000CFAC918087A86E583008A7089432FC679F299E84F4E56E7E5521B95024F89CC7FC
:2026A000340401C2FB773EDE6DF2AEA4B6891BDA010FCE1C7CF6504C4CEB90E64DC7D47A95
:2026C000D1492D8A019960945F809B9B6AB007D9C2A2EE59BE95BC234692002C78DB1F3702
:2026E00017F3EBB706F7B6BC3DBC2CCFD8ED53E752757BA3ABC32C85E59D7841F67684ACF1
:202700005456E852B3CBA8BD5F0EEA907C1D437A9D817E1DCEB1600AC0B8F0B51331DAE9EF
:202720007C149A28BD1DF4F829DC9292BF989E5D6F2C26964ADE1736B70A7672385E543A6D
:202740006C2955BF5DF20255382A5482E041F759989BA78B623B1D6E74AD20F31EC7B18E9C
:2027600037058BBE22CA87AAC82C061001000800A82C06100100080074170610010001000E
:20278000882C061001000800682C0610010008000000000001000000482C0610010008001F
:2027A000282C0610010008000000000001000000082C061001000800E82B06100100080020
:2027C0000000000001000000C82B061001000800A82B0610010008000000000001000000F3
:2027E000882B061001000800682B0610010008000000000001000000482B061001000800C2
:20280000282B0610010008000000000001000000082B061001000800E82A061001000800C2
:202820000000000001000000C82A061001000800A82A061001000800000000000100000094
:20284000882A061001000800682A0610010008000000000001000000482A06100100080064
:20286000282A0610010008000000000001000000082A061001000800E82906100100080065
:202880000000000001000000C829061001000800A829061001000800000000000100000036
:2028A000882906100100080068290610010008000000000001000000482906100100080007
:2028C000282906100100080000000000010000000829061001000800E82806100100080008
:2028E0000000000001000000393770EF1FA1F0DB6A105BCEC49B6F10501111244F4C7961F1
:20290000173A72BCFE7258432765695B66A2752E9C16005AB030251A42FB864280C1C47687
:202920005B1D838E94015F8224C639165DA31E6DBA073726362AFE6051BCF3D0DE50FC9767
:20294000802E0610154DFAF756B2AAFD8815DF524C35273144CDC06853F891A57194842A9D
:2029600092CBD093E988DAE444918BD8D0D7E7E21FF948626FA8935DEA3A9902D50B3DE338
:202980001ED30031E60C9F441D4C64C755023FE3D80290BBC3EC30409F6F64F4166948A41E
:2029A000FA449C950C7D675EF47FBA585A846F5FADA6367EDCF7E167044DAAEE57763AD344
:2029C0004E7E261822239FFF8D45E64B3F4F1E1F47655E5922CC725FF1931A271E34C55BE3
:2029E00063F2A5585C152EC67FE51C4F6024F72AEDD8E2917F89499297A72E8D6AB33981C1
:202A00001389B59AB88D429CDD3830DB702C0AA27C5C9DE9D5460B5F830B604B377DB9C9EE
:202A20005E24F33D797F6C1861F99B3296415838F95A2AB8960EB24CC1782CC708991924F9
:202A4000B75928E98454E616C9D23AE803C56D5DBE35D0AE1D7A9FCA331ED2CBAC88275523
:202A6000F0B99CE031DD9986A1CAA8B3BF29998ED1F205C1CF5D91489F0149DB82DF5F3AE3
:202A8000E10690ADE338A4C4C8CFEF3F831A88E80B29B5B9E0C9A3AE88461E77CD7EB310B0
:202AA000B621D0D4A31608EE289EB1F16E4CADB3B7E3C258C0FB3443259CDF350741BD1991
:202AC000B66E10EC0EECBBD6F1B3BB5169A21193654F0F8DBD260FE8B9CBEC6B34C33D9D16
:202AE000E45D1E10D544E2545B9B830A814FADAC0FFF42416EA9A2A02FA14F1F8982AA3E51
:202B0000F3B80F6B8F8CD668995D165F7BBCBBCE61EE4E8AC151CC501F0D4D1B53231DB3DD
:202B2000DA2A38665284E195FC952973A1673E02E33054358E0ADD6703D7A197613BF80C08
:202B4000F2333C58553423A383F6E8F887F7FC6D90BE7F3F7A2BD713CF32F22D946D42FD32
:202B6000AD9AE35F42BB84EDD498E7FAA57D8B539135D200D11B9F1B3F69089A72F0A9116D
:202B8000B3FE0E14DA7C0ED3EECFB87EF792968D3D018C0D23F2E305592EE384527A347654
:202BA000E5A1B01590E2533CF2D055DF000AF54A6ABF56812D20EBB511C12852ABE3D140B2
:202BC0002434794557A512032A37B9C0AA59C68B3F58D9ED589965F7887D268C4AF9059F58
:202BE0009D739AC9E746DC00F085F49E4CDC3989636DC457D8035D22707F2D526FC9DA4F54
:202C00009D64FAB4FEA4C4D7BF6A5D5235D7BFAE5AA2BE96F4F802C3A4204954EAB382DB1B
:202C20002EDBEA02D1751C6296D5DAAD9249F09FF973439EAFA7D1F3674107DF78953EA19E
:202C4000223DD1E63CA5E2207D7DEF86FFE337DDDB868B08277CD7F691544C254F9AFE284D
:202C60005EFDF06D370369D64069F2400BA398CEAFA848020D1C12629BAF098380AA58A7F7
:202C8000C612BE709476E3E470C8BA04B74BD2F7ABC6233AA0093A591D9D4CF95823CCDF6D
:202CA00002ED7B29870FFA3CF551BF376840B6CBCE5E316B5733CE2B169E0F7C4AEBE78E1C
:202CC0009B7F1AFEE242E34F96C298D84539A1F4A033EB2D817D0377F240A463E5E6BCF876
:202CE00047422CE1F2D1176B6CCB051078CB051084CB051090CB05109CCB0510A8CB05107D
:202D0000B4CB051008CE0510FCCD051010CE051014E30510C8CD0510C0CD0510B4CD051075
:202D200070B5040000F050FA050002E0200000F023FA2268EFF3108172B61368002BFCD085
:202D4000BFF35F8F63680133F0D165602368BFF35F8F00221A6081F3108870BDF0B5C6469D
:202D6000160000B504001F000268EFF3108872B61368002BFCD0BFF35F8F65686B1C0ED015
:202D80002368BFF35F8F00221A6088F3108800F01BFAA8420FD1002080BCB846F0BD00F093
:202DA00013FA23686060BFF35F8F00221A6088F310880120F0E700F007FA804606E03200A5
:202DC0003B00200000F0E0F90028E4D12268EFF3108172B61368002BFCD0BFF35F8F6568EE
:202DE0000135ECD1434663602368BFF35F8F00221A6081F310880120CEE7C04610B50268B6
:202E0000EFF3108172B61368002BFCD0BFF35F8F01235B42436000F0BFF910BD10B50F4B0D
:202E20001A5C012A03D020BF1A5C012AFBD1EFF3108172B602221A5440BF1A5C022A03D130
:202E400020BF1A5C022AFBD081F3108804221A5440BF002000F0A8F910BDC046D46C0020A3
:202E600010B5084C2378002B0AD18023064807495B051A68C25004338B42FAD101232370DD
:202E800010BDC0464AF10120A03C00100001001010B5014B984710BDA13C0020064B5A6839
:202EA00002609A684260DA6882601A69C2605A6902619B6943617047000002400268064BC1
:202EC0005A6042689A608268DA60C2681A6102695A6142699A61704700000240034B1A6836
:202EE000C0239B009343024A136070470C8001400C900140054B1A6880239B005340C022D9
:202F000092001340024A13607047C0460C8001400C900140F0B5D6464F4646468023C0B5AC
:202F2000421804000D0086B09B039A422ED800270026B88A338B17499847338B82461649FF
:202F4000B88A9847338B81461449B88A9847338B13498046B88A98470600FFF781FF684622
:202F6000FFF79CFFD047C8478022D823290020005202C047B047FFF78BFF6846FFF79EFFA1
:202F800006B0E0BCBA46B146A846F0BD00F014F9CDE7C046494600004558000052450000D3
:202FA00046430000F0B54E464546DE4657468023E0B5150082180400894687B09B039A4298
:202FC0002DD800270026B88A338B16499847338B83461549B88A9847338B82461349B88A37
:202FE0009847338B12498046B88A98470600FFF737FF6846FFF752FFD847D0472A004946DC
:203000002000C047B047FFF743FF6846FFF756FF07B0F0BCBB46B246A946A046F0BD00F093
:20302000CBF8CEE7494600004558000052500000464300000023F0B5DE4657464E46454619
:203040009A46E0B589B001900E00988A45491B8B14009847534681464349988A1B8B984747
:20306000534642490500988A1B8B98478046FFF7F7FE02A8FFF712FFC847A847FFF73AFFF1
:20308000251E22D00823C0219C460220490562468B6A1A4018423FD0631B002D2FD1002A68
:2030A00011D1002C11D0C0235B059B4602239A46063399465B464A4657469B6A1A401F4252
:2030C00042D0002AF6D0002C30D1FFF707FFC047FFF7DEFE02A8FFF7F1FE09B0F0BCBB46F7
:2030E000B246A946A046F0BD002C2FD1C0225205926A914608224F463A40BF072DD50D2BE5
:203100001BD9002AF0D1C0225205926A914608224F463A40BF07F2D4002A04D12B0023436F
:20312000002BB4D1D1E72B00002CF9D00B6E013C3370230001362B43F2E7019F013D3B787C
:2031400001370B660197E7E70025E5E7C0235B051B6E013C3370013699E72B00002ADFD107
:20316000DCE7C0464946000045580000464300007047C0460000000001B40248844601BC8E
:20318000604700BFF15A021001B40248844601BC604700BFE55B021001B40248844601BCA8
:2031A000604700BF595B021001B40248844601BC604700BF7586021001B40248844601BC64
:2031C000604700BFA51C021001B40248844601BC604700BFC15A021010000000000000008D
:2031E0000000010000000000000000000000020000000000000000000000030000000000C9
:20320000000000000000FF000000000001B5486801318E460047704609380149884701BD2E
:20322000390B02100000000000000000000000000000000000000000480D0020C9180210D0
:203240005D190210CD1802100000000000000000503300004C3300005433000052330000E1
:203260004D5300004D4300005334000043340000014B0210054C02104D4B0210194C02103E
:203280000000000000010000FF000000161714150019020000000000CD9302104193021065
:2032A0004D93021059930210B19702103D970210C593021069970210D197021099930210AA
:2032C0000010010078A9051084A905108CA905108CA9051094A9051054A40510A0A9051014
:2032E000ACA90510B4A90510C0A9051001020000B4C90510D4A90510D8A90510070809009F
:203300002C01000058020000B00400000807000060090000C012000080250000403800000B
:20332000004B0000807000000096000000E1000000C20100008403000008070000100E0064
:2033400040420F0080841E0000093D0000127A0089C80210ADC8021055C8021057495A6E67
:20336000657400000A000000FFFFFFFF00C000000102573535303000000000005DE002103B
:203380007DE0021081E0021085E0021061E0021069E00210000000000000000048B2051017
:2033A00018B2051028B2051038B2051044B2051058B205106CB20510F4010000A92C021007
:2033C000ED2C0210FFFFFFFFFFFFFFFF00000200000000000000000070070020700700209A
:2033E000780700207807002080070020800700208807002088070020900700209007002075
:203400009807002098070020A0070020A0070020A8070020A8070020B0070020B007002054
:20342000B8070020B8070020C0070020C0070020C8070020C8070020D0070020D007002034
:20344000D8070020D8070020E0070020E0070020E8070020E8070020F0070020F007002014
:20346000F8070020F8070020000800200008002008080020080800201008002010080020EE
:203480001808002018080020200800202008002028080020280800203008002030080020CC
:2034A0003808002038080020400800204008002048080020480800205008002050080020AC
:2034C00058080020580800206008002060080020680800206808002070080020700800208C
:2034E00078080020780800208008002080080020880800208808002090080020900800206C
:203500009808002098080020A0080020A0080020A8080020A8080020B0080020B00800204B
:20352000B8080020B8080020C0080020C0080020C8080020C8080020D0080020D00800202B
:20354000D8080020D8080020E0080020E0080020E8080020E8080020F0080020F00800200B
:20356000F8080020F8080020000900200009002008090020080900201009002010090020E5
:203580001809002018090020200900202009002028090020280900203009002030090020C3
:2035A0003809002038090020400900204009002048090020480900205009002050090020A3
:2035C000580900205809002060090020600900206809002068090020700900207009002083
:2035E000780900207809002080090020800900208809002088090020900900209009002063
:203600009809002098090020A0090020A0090020A8090020A8090020B0090020B009002042
:20362000B8090020B8090020C0090020C0090020C8090020C8090020D0090020D009002022
:20364000D8090020D8090020E0090020E0090020E8090020E8090020F0090020F009002002
:20366000F8090020F8090020000A0020000A0020080A0020080A0020100A0020100A0020DC
:20368000180A0020180A0020200A0020200A0020280A0020280A0020300A0020300A0020BA
:2036A000380A0020380A0020400A0020400A0020480A0020480A0020500A0020500A00209A
:2036C000580A0020580A0020600A0020600A0020680A0020680A0020700A0020700A00207A
:2036E000780A0020780A0020800A0020800A0020880A0020880A0020900A0020900A00205A
:20370000980A0020980A0020A00A0020A00A0020A80A0020A80A0020B00A0020B00A002039
:20372000B80A0020B80A0020C00A0020C00A0020C80A0020C80A0020D00A0020D00A002019
:20374000D80A0020D80A0020E00A0020E00A0020E80A0020E80A0020F00A0020F00A0020F9
:20376000F80A0020F80A0020000B0020000B0020080B0020080B0020100B0020100B0020D3
:20378000180B0020180B0020200B0020200B0020280B0020280B0020300B0020300B0020B1
:2037A000380B0020380B0020400B0020400B0020480B0020480B0020500B0020500B002091
:2037C000580B0020580B0020600B0020600B0020680B0020680B0020800B002000000000FC
:2037E000000000005C3B0020C43B00202C3C0020000000000000000000000000000000006B
:203800000000000000000000000000000000000000000000000000000000000000000000A8
:20382000000000000000000000000000000000000000000000000000000000000000000088
:20384000000000000000000000000000000000000000000000000000000000000000000068
:20386000000000000000000000000000000000000000000000000000010000000000000047
:203880000E33CDAB34126DE6ECDE05000B00000000000000000000000000000000000000FC
:2038A000000000000000000000000000000000000000000000000000000000000000000008
:2038C0000000000000000000000000000000000000000000000000000000000000000000E8
:2038E0000000000000000000000000000000000000000000000000000000000000000000C8
:203900000000000000000000000000000000000000000000000000000000000000000000A7
:2039200000000000000000000000000000000000011D02102D1D0210251F02100D2D021059
:20394000E1250210192C0210391E0210491D0210691D02107D1D0210FD0B0210851D021005
:1C396000910F0210A11C02108908021059520210B101021095030210CD5C0210C1
:04000005100001E9FD
:00000001FF
