:020000041000EA
:1000000000B5324B212058609868022188439860DF
:10001000D860186158612E4B002199600221596106
:100020000121F02299502B49196001219960352056
:1000300000F044F80222904214D00621196600F024
:1000400034F8196E01211966002018661A6600F04E
:100050002CF8196E196E196E052000F02FF8012189
:100060000842F9D1002199601B49196000215960AB
:100070001A491B48016001219960EB211966A021F2
:10008000196600F012F800219960164914480160C1
:100090000121996001BC002800D000471248134993
:1000A000086003C880F30888084703B5996A0420EC
:1000B0000142FBD001200142F8D103BD02B5186610
:1000C0001866FFF7F2FF186E186E02BD00000240BE
:1000D000000000180000070000035F00212200005C
:1000E000F4000018222000A00001001008ED00E03C
:1000F00000000000000000000000000074B24E7A12
:1001000000200420F7010010CB010010CD010010E9
:10011000C9010010C9010010C9010010C901001077
:10012000C9010010C9010010C9010010CF01001061
:10013000C9010010C9010010D1010010D301001045
:10014000C1010010C1010010C1010010C101001067
:10015000C1010010C1010010C1010010C101001057
:10016000C1010010C1010010C1010010C101001047
:10017000C1010010C1010010C1010010C101001037
:10018000C1010010C1010010C1010010C101001027
:10019000C1010010C1010010C1010010C101001017
:1001A000C1010010C1010010C1010010C101001007
:1001B000C1010010C1010010C1010010C1010010F7
:1001C000EFF30580103800BE00BE00BE00BE00BECA
:1001D00000BE00BEF2EB887190020010C402001055
:1001E0003802001090A31AE721482249086006C887
:1001F00081F30888104720480068002801D01C4877
:10020000F3E70DA40ECC002902D000F012F8F9E7B4
:100210001A491B4A002000E001C19142FCD1194952
:100220008847194988471949884700BEFDE701C931
:1002300001C29A42FBD37047C4020010C0000020E4
:10024000C4BB0020C8BD0010D0BB0020E8E80020DF
:10025000E0EA00100000042000000420E0EA0010A2
:10026000001004200010042000000000704700006F
:100270000000000008ED00E0000000D0E8E80020E9
:100280008435012039410020110100203141002036
:1002900040D700204CD7002058D7002064D700203A
:1002A00070D700207CD7002088D70020ACD9002050
:1002B000A0D90020B4D9002098D9002090D90020DE
:0402C00084D90020BD
:1002C400F8B5C04606480749091A8B10C90FC91862
:1002D40010B5491003D0044B002B00D0984710BD33
:1002E400E8E80020E8E8002000000000054B10B515
:1002F400002B03D00449054800E000BFFFF7E2FFEC
:1003040010BDC04600000000C0340120C4BB002062
:1003140070B582B005F076FA040007F0A5FD0A2056
:1003240000F0B8FF04F046F95F4D6048290004F07E
:1003340015FA05F023FA05F03BFB012200210F20FA
:1003440007F0BCFE0A2000F0A5FF0F2007F0DEFE38
:1003540000285FD12900564804F000FA002008F074
:100364005DF9544804F020FD04F02CFD04F002FD76
:1003740004F038FD04F068FD05F044FACC23C35CB6
:1003840001AD2B70FA232800DB006B800AF018FA09
:1003940028000AF029FA6B882A784749474804F06C
:1003A400DDF908F085F807F025FF642000F072FFFE
:1003B40002E0642000F06EFF07F02CFF0028F8D064
:1003C40007F080FA07F0BAFA05F040FCC723E35CB3
:1003D4003B4D002B36D105F085FB07F0D1FC002105
:1003E400384801F0BFF90026374C08E006F0E6FC77
:1003F4002B78012B01D109F03DF801F0A9F92378FC
:10040400002BF3D0267007F005FF0028EED106F08C
:1004140091FFEBE7002007F035FA002819DB0E23E3
:10042400FF33E05C01281AD02849294804F096F9E2
:10043400642000F02FFF72B606F0A2FF234806F0F6
:10044400A7FFFEE707F0BEFC04281DD101232B7093
:10045400C1E7012007F016FA0028E0DA7AE707F08E
:1004640011FA002819DB032007F040FF07F090F988
:1004740000280CDB0E230021FF33E154220001206D
:10048400144B07F00BFFCFE705F0E0FBA3E712489E
:1004940004F0E0F806F066FFECE7104804F0DAF840
:1004A40006F060FFE6E7C04638D70020A0BF002072
:1004B400C4BF002080F0FA0220D70020E8BF00204B
:1004C40076350120307500007335012000000210DC
:1004D40060C000200405000044C0002028C00020A3
:1004E40010B5052000F0F4F8014B186010BDC046AB
:1004F400C0EC0020F8B5DE464E4657464546E0B50A
:100504008B4605000A991800160001F0B1FB0A9BFE
:100514006C001F02324B64199C46A4006444636857
:1005240081469F4200D967602B1FDBB29846012B9E
:1005340030D9C02380229B01E31812011A60294B91
:10054400AD0059599A4600291BD17301E02622684F
:1005540053401E40802342465B01E3181E60012A7B
:1005640030D9802380229B01E31812011A6053467C
:100574004A4667605A51F0BCBB46B246A946A046FB
:10058400F8BD586901F074FB013043001B18033BAC
:10059400FDD2DAE75B46012BCBD1C02303229B01BA
:1005A400E3181A60023AA3681A42FCD07301E026E9
:1005B4002268AD0053401E4080230A4A5B019246E4
:1005C400E3181E605A462168514003220A401A600B
:1005D40001225B469A40A3681A42FCD0C1E7C04698
:1005E400008000405CEF0020F0B546464F46D646FA
:1005F400C0B51F00344B44009C462418A400644436
:10060400636888461600FF2B02D880235B00636072
:10061400031FDBB29A46012B30D9C02380229B01F1
:10062400E31812011A60294B85005959994600298B
:100634001BD17301E026226853401E40802352469A
:100644005B01E3181E60012A30D9802380229B01BC
:10065400E31812011A6080235B0063604B465F510C
:10066400E0BCBA46B146A846F0BD586901F000FBAB
:10067400013043001B18033BFDD2DAE74346012B4C
:10068400CBD1C02303229B01E3181A60023AA3686A
:100694001A42FCD07301E0262268850053401E40B4
:1006A40080230A4A5B019146E3181E604246216892
:1006B400514003220A401A60012342469340A26833
:1006C4001342FCD0C1E7C046008000405CEF00202C
:1006D400014B8000C05870475CEF00200FB400B598
:1006E400084883B003F0B6FF049B002B07D005A98C
:1006F4001800019103F0E8FD034803F0ABFF01206B
:1007040003F0FAFD78C0002088C0002010B501482D
:10071400FFF7E4FF8CC00020EFF3108072B6034AA9
:100724001368002BFCD0BFF35F8F70472C0100D0FF
:10073400BFF35F8F0022024B1A6080F3108870476A
:100744002C0100D070B5EFF3108C72B60D4D2B68F0
:10075400002BFCD0BFF35F8F0724CB08C618C05C06
:1007640001230C40A3401C000440034207D118435A
:100774003070BFF35F8F2C608CF3108870BD100055
:10078400FFF7ACFF2C0100D0F8B54746CE468846AB
:1007940080B5EFF3108C72B61C4D2C68002CFCD085
:1007A400BFF35F8F9A4222D807210126894602E0CF
:1007B4000132934218D34D4637001540AF40D40858
:1007C4000119045D2742F3D110003C430C70BFF3C0
:1007D4005F8F00220D4B1A608CF3108800280EDB0B
:1007E400C0BCB946B046F8BD01204042EFE7BFF3B4
:1007F4005F8F00232B608CF3108801204042434616
:10080400002BEDD00898FFF769FFC0462C0100D0FB
:1008140030B5EFF3108C72B60A4C2368002BFCD071
:10082400BFF35F8F072301220B409A40CD08435D3D
:1008340093434355BFF35F8F002323608CF31088E9
:1008440030BDC0462C0100D0044A1078431CDBB2F2
:10085400172B00D9102313707047C0462CE00020DA
:1008640010B5064B064C82B00100009318221F23DA
:100874002000FFF789FF02B010BDC0469CC00020D5
:1008840050EF00200021044B044ABFF35F8F02C3E2
:100894009342FAD17047C046000100D0800100D0D5
:1008A400094A83009A1810B51468402254408032D3
:1008B4002240064CC000A44663441A60044B9C4684
:1008C4006044416010BDC04604C0014004D00140F2
:1008D40000400140074B8000C3181B68C900920008
:1008E4000A435A400C231340034A9446604403606D
:1008F4007047C04604C0014004D001408000002974
:1009040005D0064B9C460223604403607047044BA9
:100914009C46022360440360F8E7C04604E00140BB
:1009240004F00140D0231B061B6830B50500584273
:1009340043412F205B4283430E48EC088446072042
:1009440028408000814020000B4D3C3063448000EF
:10095400A40041511B19002A05D08022920194461B
:100964006344196030BDC022920194466344196007
:10097400F8E7C04630410140004001400123D02245
:100984008340120693629361094A83009A1811689E
:100994004022514080320A400649C0008C466344DC
:1009A4001A60054B9C460523604443607047C0466B
:1009B40004C0014004D0014000400140054B064AF8
:1009C4001360064A136053609360D36013615361EC
:1009D400936170478080808000E400E004E400E0DC
:1009E4001F2318401E3B8340002905D0C021044A20
:1009F4004900535013607047802201498B50FAE735
:100A040000E100E070B50D00EFF3108672B60F4AF6
:100A14001368002BFCD0BFF35F8F0D4B10309B6825
:100A240084001B590B4A934203D09D4201D000F02D
:100A3400BDFF074B9B681D51BFF35F8FBFF35F8FF3
:100A44000022024B1A6086F3108870BD240100D086
:100A540000ED00E0C1010010F0B5DE4657464E46F9
:100A64004546E0B50C0083B0EFF3108872B6634AD4
:100A74001368002BFCD0BFF35F8F614B61499A6808
:100A8400030010339F00D55901938D4243D0A542F2
:100A940054D05D4EAA1B2F2A3DD85C4B9B461B6845
:100AA400994601231A009C4682404B4613401F225C
:100AB40099466346024093409A4680225B465046DC
:100AC4009850BFF35F8FEFF305839B46002B37D01D
:100AD400019B5B4501D000F069FF01232A009A4382
:100AE4009068844208D176E04B005B189B00F318B1
:100AF4009868844236D01A00062151560029F3DA48
:100B0400844254D04B46002B27D0C02251463F4B41
:100B14005200995019603A4B9B68DD51BFF35F8FC7
:100B2400BFF35F8F0022354B1A6088F3108803B03F
:100B3400F0BCBB46B246A946A046F0BD0D00EAE7AC
:100B44002A0063469A4390688442D5D10620105601
:100B5400130000280ADA0D0031E0802351462B4AA5
:100B6400D150D8E706201856002821DB420011187E
:100B7400890074188B46A1689960E179D9710621BE
:100B840061569971002924DBA488F11A640524159F
:100B94005C44091909051E4C490D21439980131819
:100BA4001C4A9B001178F31899711070AAE713007E
:100BB4005946002914D1FF31917117499180154983
:100BC4000A789A71154A9B1B5B415A43120D0A70AD
:100BD40098E71149E2E70620105613000028C5DA09
:100BE4000F4A1049D21A083A5002400D0143998025
:100BF4000D4952080A43DA8084E7C046240100D034
:100C040000ED00E0C101001030E0002000E100E050
:100C140000E0FFFF7B35012001BDFFFFAAAA000011
:100C24006AE0002000F0FFFF00F8FFFF70B5012428
:100C34000443EFF30581EFF3108C72B6214A136875
:100C4400002BFCD0BFF35F8F1F4B05001F4AED1A2A
:100C54006D416A43120D1E4D8900AE6852B276583A
:100C6400A6421CD00621595691421CD01221595635
:100C7400914222D01E215956914220D02A21595600
:100C84000324914210D0134B19781A708171BFF369
:100C94005F8F00220B4B1A608CF3108870BDAB6819
:100CA4000D4C5C50EFE700246100091989005B18C2
:100CB400FF21997109499980E5E70124F4E70224A9
:100CC400F2E7C046240100D030E00020AAAA0000C8
:100CD40000ED00E07B350120C101001001BDFFFFE4
:100CE400024B9C4661448900016070474000003417
:100CF40070B5114C114DAC420FD2FF262368002B66
:100D04000CD0FFF7A1FD01002000FFF7E9FFA6804A
:100D1400BFF35F8F0834AC42F0D370BDFFF794FD8E
:100D240001002000FFF7DCFF2671BFF35F8F08345A
:100D3400AC42E3D3F1E7C04698E80020A0E80020E5
:100D440010B504000120FFF78BFD034BC3189B0073
:100D54002360BFF35F8F10BD400000340A4B196855
:100D6400EFF3108072B60A68002AFCD0BFF35F8FDD
:100D74001B68BFF35F8F00221A6080F3108840BFA6
:100D8400002000217047C046FC340120F0B5DE4647
:100D940057464E464546E0B587B0EFF30583032238
:100DA40001251A40954091008846A946B34B039209
:100DB4005C58B34B1D60B34B04934B46B24843633A
:100DC4000823E55E002D37DAA3881BB2002B00DB75
:100DD400ADE0A379002B00D0EEE00823E05E00280C
:100DE40020DB430062691B18DB00D3189E68DD68B2
:100DF400731C00D111E1A44801004144826A0B69CB
:100E0400B71A9B1A9F4215D30123026A03988340A1
:100E14001A420FD09C4800F0DDFB8D4202DCCCD19D
:100E24008642CAD940BF07B0F0BCBB46B246A94609
:100E3400A046F0BD0E61EDE762696B0092465B1956
:100E4400DB009A4453469E68DF6800F0C3FB8F4280
:100E5400BADC00D103E1002F00DAE8E05246534641
:100E640052691B699346049A934200D1D9E05246D1
:100E74000821605E52880004594610439847009048
:100E840001910099019A0B001000134300D1CEE0A8
:100E940013000A00B61A9F41002806DB7A4800F0C6
:100EA40099FB009E019F36184F4153469E60DF60B8
:100EB40000229A5E002A00DA86E7530099186069D6
:100EC400C900411802938B68C9689B46B94200DD8A
:100ED4007AE702D1B34200D976E708239C46A444BA
:100EE400059565462281A446029B2C0006E053002A
:100EF4009918C90041188D68C968AB469B18DB0076
:100F0400C318B94206DC00D1B3E01C000023E25E42
:100F1400002AECDA230064469C4653461A80634652
:100F2400059D1D80A3881BB2002B00DA51E72269BE
:100F3400EFF3108172B61368002BFCD0BFF35F8F00
:100F44000123A7885B42A3803FB22369BFF35F8F6D
:100F540000221A6081F31088002F00DA39E7230099
:100F6400083322009A4666697B00DB19DB00F3181C
:100F7400996850468C460824115FDD68002910DB0F
:100F8400029306E0AB4244D00023E15E2000002936
:100F940006DB4C006418E4003419E368AB42F1DD6D
:100FA400029B078000201F5E1980002FDCDA1400EA
:100FB400A379002B00D110E70023A3712600082396
:100FC400E15E08364B1C00D12CE70800A246656997
:100FD40002E03E004B1C1AD04B005B18DB00EF18FC
:100FE4000A008C46E95E7B881BB2002BF1DA0123F0
:100FF4005B42DC17BB60FC60824205D05346318003
:101004001B893B8053461A8160464B1CE4D15446ED
:10101400E5E6A3686345B7D9C2E76B1C00D0EAE6EE
:10102400F8E65B4658461B69984700281BD153468F
:101034001B8822692381EFF3108372B6116800299B
:10104400FCD0BFF35F8F514662880A8022696580B5
:10105400BFF35F8F0021116083F31088B4E68642EA
:1010640000D8F8E6B0E65B461A685B680092019324
:1010740007E7B34500D848E74CE7C046DC34012015
:101084003C7005408D0B00200040054070B52E4C8F
:101094002569002D04D00A212C48FFF721FE70BDDC
:1010A4002B4E0321300000F08BFAE660FFF7CCFBF7
:1010B400284B03229C46D02322701B061B68012167
:1010C4006370254B6044A3600F23800020610220DD
:1010D400638063694942A1801980023119864731CE
:1010E4001D83585218315A5275325C39995218324C
:1010F4000131995218320131995218320131995201
:10110400083518329D520231183299521832013181
:1011140099521832013199521832013199521832C8
:10112400013199521832013199520C4B0C49DC604F
:1011340001303562FFF766FC01210320FFF750FC04
:10114400084B1D60A7E7C04678E00020FC3401206E
:101154000040054040000034FFFF1000DC34012053
:101164008D0B0020386005400048704778E000206F
:1011740070B501000469EFF3108C72B62068002882
:10118400FCD0BFF35F8F02200D5E4C6968004019EC
:10119400C00024180869002D36DB26884E80BFF372
:1011A4005F8F002606608CF31088E36063880498E0
:1011B400013320615B0405985B0CA26060611A1C1A
:1011C400002B1FD093B22804628018430A69EFF3FE
:1011D400108C72B61368002BFCD0BFF35F8F8B8822
:1011E40023808D800B69BFF35F8F00221A608CF31C
:1011F40010880B7801329A40CB6808498C466344C6
:101204001A6070BD0122DDE7BFF35F8F0023036026
:101214008CF3108801204042F3E7C0463C200000D4
:1012240010B543890A1493421ADD53009B1842698E
:10123400DB00D3180469EFF3108C72B62268002A1D
:10124400FCD0BFF35F8F5A88090494B2090C8A4218
:1012540008D00369BFF35F8F00221A608CF31088F3
:10126400002010BD8022120214435C800123026915
:101274008371BFF35F8F002111608CF310880449E0
:1012840002788C469340C268012062441360E8E708
:101294003C200000F0B5C64600B582B0040000F062
:1012A400A1F9FA2206000F00200000230021920079
:1012B40001F002FB8019794104000D1E02DA0124B9
:1012C4002E4D644206267642F71736196F41AF4217
:1012D40014D811D000F086F932003B00121A8B4169
:1012E400002B15DC002B46D02000290000F0B8F9B3
:1012F40002B080BCB846F0BDA642EBD90026002758
:1013040000F070F932003B00121A8B41002BE9DD2A
:1013140000F068F932003B00121A8B41002B0ADB03
:1013240000230193164B3200009316483B00FFF74D
:101334001FFF0130D8D000233900B0469C46124A22
:101344001248536A994204D8966A4645CCD29942C7
:10135400CAD10668EFF3108772B63368002BFCD04D
:10136400BFF35F8F0368BFF35F8F66461E6087F32A
:10137400108820BFE5E7002AB6D0C9E7FFFFFF7F4A
:101384005D0B002078E0002000400540FC34012083
:10139400F0B557464E46DE464546E0B506000F001A
:1013A40085B0EFF3058399468B46002B12D038495C
:1013B40000204B6ABB4206D38A6ADB1B591E8B4151
:1013C400B2424041184305B0F0BCBB46B246A94600
:1013D400A046F0BD2F4B9A46DB68984653461B78CF
:1013E4004046039300F0F6F84246039B040004339E
:1013F4009B009B580D001B1A39003000001BA941AB
:10140400894510DC0DD020BF214A0020536A5B457A
:10141400D9D3926ADB1B591E8B41B2424041184317
:10142400D1E78342EFD900F0DDF832003B00121A15
:101434008B41002B1ADB00230193174B32000093DE
:1014440050463B00FFF794FE011E0FDD104B5A6A15
:101454005A451BD39B6AB34216D35046FFF7E0FEAE
:101464000B4A0020536A5B45ADD3D2E7084A0020FB
:10147400536A5B45A7D30020926ADB1BB24240410A
:101484005A1E934118439EE75A45E6D120BFE4E72C
:101494000040054078E000205D0B0020F0B5CE460A
:1014A4004746110080B583B004009C460C9D194347
:1014B40000D16CE06146DB170193009353401E009A
:1014C400019B4B401F0000980199361A8F416346D7
:1014D4000A996B600B9BAC6029612A606B6100F018
:1014E40081F880197941002902DA0120314940420A
:1014F4002269EFF3108972B61368002BFCD0BFF396
:101504005F8F0223E65E636972009219D2009B1812
:1015140022699046002E42DB1A886280BFF35F8FF7
:10152400002247463A6089F31088234A9860D960BC
:101534001A615A885D6101325204520C111C002A4E
:101544002BD088B23204024359802069EFF310870C
:1015540072B601680029FCD0BFF35F8FA18819809F
:10156400A6802369BFF35F8F0021196087F3108879
:10157400124823788446013199400120E36863448A
:101584001960EA6003B0C0BCB946B046F0BD0023A0
:101594000126002701229C4699E70121D1E7BFF3E8
:1015A4005F8F0023136089F31088012200205242C8
:1015B400E7E7C046FFFFFF7F8D0B00203C200000C3
:1015C40010B5024A0248FFF7BDF810BDB8C00020AC
:1015D40054EF00200300416A0A00986A596A8A425B
:1015E400FAD17047034B596A0A00986A596A9142C2
:1015F400FAD170470040054070B504000D00174A49
:10160400536A1900966A536A8B42FAD13000190062
:1016140024184D41AB4216D813D0104B2A005B6AF4
:101624009D4203D90D494B6A9342FCD3934207D19F
:101634000A4A02E0516A994202D1916AA142F9D35D
:1016440070BDA642E9D9054B5B6A1C005A1CEFD059
:10165400012201246442E5175242E3E700400540B9
:10166400064A536A9942FCD807D1044B02E05A6AED
:10167400914202D19A6A9042F9D8704700400540DD
:10168400F8B5040021481E0017000D0000F0F0FA20
:101694000100380000F0ECFA069B36041B031E43DD
:1016A4002368002B20DB1A4B1A49E3185A1E934176
:1016B4008022920194465B421B0B174A1B0363442E
:1016C4001360164A13601F000A689743FBD1144B3A
:1016D4002560E2182123A06013602368002BFCDA44
:1016E4000823E6601360F8BD3F2322681340AB4231
:1016F400D9D1A3681B051B0D8342D4D1EE22E36824
:10170400D2021340B342CED1EDE7C046001BB7006E
:101714000040FDBF08C0004000E0004000F0004071
:1017240004300000044B00011B68044A5840F023B5
:10173400034013607047C046004006400050064016
:10174400024B18680006000F7047C0460040064070
:10175400024B1A68024B5A607047C046BC340120E1
:1017640000800540194B1A4A10B5DA618022194BE2
:10177400D2051A60184C194A146000290AD0E022D4
:10178400174BD2041A60002809D18022144B120688
:101794001A6010BDE022D2041A600028F5D043017B
:1017A4001B1A9B001818802300015B04984209D27D
:1017B40003000C4A13608022044BD2055860084B86
:1017C4001A60E6E7084B1800F3E7C04600800540BE
:1017D4002131B76A00B00540FCFF01000820014038
:1017E40000A00540BC340120FFFFFF008023024A13
:1017F4009B000B43D362704700800540002310B563
:101804000100988A1B8B984710BDC046162310B55B
:101814000100188802331B88984710BDF8B5474665
:10182400CE4680B50F1E18D0142399460433040005
:101834000025012698464B461888434621681B8894
:10184400984701C4431E984101350640AF42F2D186
:101854003000C0BCB946B046F8BD0126F8E7C04622
:10186400AA23064A1B0113608D235B00D36004493D
:10187400044B19605368002BFCDA704700400240A7
:1018840000B0FA0000600240F8B5040006200D0024
:10189400FEF71EFF002844D0374B3849E3185A1E80
:1018A40093418022120494465B429B0D344A9B056B
:1018B40063441360334A136018000A689043FBD1F1
:1018C4002D4B314AE31859424B4180215B004900BA
:1018D40006209952FEF7FCFE2900C00000F0C8F96A
:1018E4000130C3091ED1402701226262A362266B24
:1018F400F30722D4E36A254B0620E51800232B6066
:101904002663FEF7E5FE3900800000F0B1F970238C
:10191400E26A5A400E3313402B601D4B23630323AA
:10192400A364F8BD1B4A93421ED900231A4A1B4FD5
:101934006262A362266BF307DCD5194B144AE318E1
:101944001A60656AA36A0620AD01ED18FEF7C0FEB1
:10195400144900F08DF9AD020100280000F088F967
:101964000021FFF749FEC5E74006800E9F011A00DB
:101974003F180300B9E7C0460080FCBF08C0004020
:1019840000E0004000F00040343501202C1000003D
:1019940001030000FEFF0000FFFF0000C0FF3F0046
:1019A400303000004E0E00007047C04610B50148AC
:1019B400FEF794FEDCC0002070B5074D074EB5421B
:1019C40009D20024013E761BB60808CD98472300AF
:1019D4000134B342F9D170BDA0E80020DCE8002056
:1019E400054B064A06491A60064A074B1A6010005E
:1019F4000B689843FBD1704700E00040BFCDFBFE6D
:101A040008C00040FE7F3C0000F00040044BDB6C4B
:101A1400002B03D18022034BD2021A607047C046C8
:101A2400000011504C201150044A054B1A60054A1D
:101A34001368DB018033FBD17047C046FFFFFF0111
:101A440000F0004008C000404022034B9A675A67E8
:101A54001A67DA667047C04600F0014010B5FEF719
:101A640011FF10BDF8B52749274C284D641AA6105C
:101A74003200302E00D930222800920000F0A2FF5C
:101A8400BC2C3BD830202F232C196407204A801B00
:101A9400E40F9B1B052B16D93700002C02D0B30092
:101AA400771CEA50001B33199B004108EB18C9004E
:101AB400C9181A605A6008339942FAD101230342C3
:101AC4001CD09843C619B300EA50731C2F2E15D0AE
:101AD4009B00EA50B31C2E2E10D09B00EA50F31C3E
:101AE4002D2E0BD09B00EA50331D2C2E06D09B00CC
:101AF400EA50731D2B2E01D09B00EA50054B9D60CC
:101B0400F8BDC04600010010C00100100000002014
:101B1400C101001000ED00E0002310B52E4C82B08E
:101B2400A367FFF79DFE01222C4B1A60636C012B07
:101B3400FCD103222A4B1A60274A936B012BFCD158
:101B44000121284A284800930533FFF799FD05230E
:101B54000121244A25480093FFF792FD0022022127
:101B64000420234BFEF740FDFFF7EAFD0B282CD998
:101B74000022012105201F4BFEF736FD0022002123
:101B840007201D4BFEF730FD0022002108201A4BD0
:101B9400FEF72AFD8023DB000093002200210920A8
:101BA400154BFEF7A7FC0022124B00210620FEF77E
:101BB4001BFD0420FEF78CFD104900F059F80100CC
:101BC4000020FFF713FE02B010BD0C20FFF7AAFDA2
:101BD4000B4B033BFDD2CBE7008000403CB0004000
:101BE40030B00040008C86470080024000C00240B4
:101BF400001BB70000C2EB0B006CDC0240420F007C
:101C0400E02E000001480421014B184790E0002019
:101C14001D160020014B9B681847000090E000202F
:101C2400124A936F9B0815D29066D166002905D09D
:101C3400FFE7FFE7FFE7516F106F704704B580219E
:101C44000906C2175140002800D0C84308F0BEFF5F
:101C5400002104BDF0B5146E556E576F166FFFF773
:101C6400E3FF1466556657671667F0BD000000D0A1
:101C7400114A936F9B0813D210665166002905D050
:101C8400FFE7FFE7FFE7516F106F704704B50028C7
:101C940001D00020C04308F099FF002104BDC046D4
:101CA400F0B5146E556E576F166FFFF7E5FF1466A7
:101CB400556657671667F0BD000000D094464A4A3F
:101CC400926F9208624601D228E0C046F0B5464EB3
:101CD400346E756E776F366F00F020F89446424A82
:101CE40014665566576716676246F0BD94463E4AC9
:101CF400926F9208624601D254E0C046F0B53A4E63
:101D0400346E756E776F366F00F04CF89446364A31
:101D140014665566576716676246F0BD002B24DBD0
:101D240011D000293EDA00B5C943404200D1013147
:101D340000F038F8C943404200D10131DB4352423C
:101D440000D1013300BD002AEBD1002801D10029C4
:101D540005D00020C90FC90701D1C043410800B50F
:101D640008F034FF0022002300BD00B500290ADB7F
:101D7400DB43524200D1013300F014F8C94340421E
:101D840000D1013100BDC943404200D10131DB43E0
:101D9400524200D1013300F005F8DB43524200D136
:101DA400013300BD002923D1002B18D1002A0CD007
:101DB400BC460D4F38667A6600210023FFE7FFE733
:101DC400FFE77A6F386F67467047002801D00748ED
:101DD400010000B508F0FAFE0022002300BD020055
:101DE4000B00002000217047000000D0FFFFFFFF20
:101DF400002B00D0BFE0130C28D1002AE7D080B418
:101E0400114F39667A66FFE7FFE730B4040C7B6F45
:101E1400396F1B0423433B667A66FFE7FFE7FFE75E
:101E2400C04684B27B6F3D6F1B0423433B667A66D6
:101E3400FFE7FFE7C04600232C042D0C7A6F386FB0
:101E440000196941B0BC7047000000D0F0B5944659
:101E54000025140E01D112020835140F01D112010C
:101E64000435940F01D192000235D40F01D15200F0
:101E74000135D40B0134254F7C66254C3C660E0C91
:101E840093B2FFE7FFE7FFE73C6F6643360C770347
:101E9400BE467343DF0B5B04C01AB941130C734392
:101EA400DB18C91ACE086643360CB64493B27343A2
:101EB4001F0F1B01C01AB941130C73431F0B1B05E1
:101EC400C01AB941860D8F023E436643360C092D74
:101ED40024DB520A7243801A7703460A6643360C9F
:101EE40016235B1BDE40DF40BF1964466643821B3A
:101EF4007046043506330100D940A840C01900D308
:101F04000131A24206D20023F0BD0000000000D03F
:101F1400FFFFFFFF121B0130F3D3F1E709277F1BFB
:101F2400FE406446A2B27243801A00D20139220CE8
:101F34007243130C1204821A99410B007046043543
:101F440013370100F940A840801900D30131002B58
:101F540002D1A2420AD2F0BD013000D30131121BDA
:101F6400FAD2013BF8D1A24200D2F0BD013000D335
:101F74000131121BF7E7F0B51C0C00D080E00CB463
:101F840000251C0A04D11B02160E33431202083525
:101F94001C0B04D11B01160F3343120104359C0B97
:101FA40004D19B00960F334392000235DC0B02D11F
:101FB40092185B4101351C00971864410134464F67
:101FC4007C66464C3C660E0CFFE7FFE7FFE7C04625
:101FD4003C6F6643360C7703BE4697B27743C01B0B
:101FE40000D20139C01B00D201399FB27743C91B0B
:101FF400C91B170C77437E04FF0B801BB941CE0825
:102004006643360C0C2D33DBB644120B1F053A43E2
:102014001B0B97B27743C01B00D201399FB27743A1
:10202400C91B170C77433E043F0C801BB941860D36
:102034008F023E43664329277F1BFE400C3D7746B3
:10204400AF40BF1930BCA2B2ABB272437343801A23
:102054009941220C7243130C1204801A9941020014
:102064000B000137001BA941F9D2781E0021F0BDF5
:102074000C277F1BFE4077467F0BAF40FF19E0E73C
:1020840000245D1C07D0144F7D663966FFE7FFE727
:10209400FFE7FFE73C6F95B29EB265436643401B82
:1020A400B141150C1E0C6543664336042F0C3E43A8
:1020B4002D04401BB141994204D202000B002000C0
:1020C4000021F0BD01D19042F7D3801A9941013427
:1020D4009942F2D3F6E70000000000D0FFFFFFFFB3
:1020E40048404140484018B41B4B5B68FC46019390
:1020F40008BD04DF8B21002018B4174B1B68FC4675
:10210400019308BD00DF952100209446134A926F85
:10211400920809D2624618B40F4BDB68FC4601935F
:1021240008BD0CDF4D2400200C4AF0B5146E556E2A
:10213400576F166F6246FFF7EEFF084A146655663E
:1021440057671667F0BD18B4034B9B68FC460193B0
:1021540008BD08DFF122002080EA0020000000D042
:10216400FFB550404240504059404B40594000E078
:10217400FFB5154F4C00640D03D0BC4204D10C03D1
:1021840014D80020090D09055C00640D03D0BC427D
:1021940004D11C030AD800221B0D1B0501264B4049
:1021A40009D44B4003D58B4200D18242FFBD9942F2
:1021B400FCD19042FFBD0B43DB1803431343F5D01E
:1021C400C9434918FFBD0000FF07000000B5FFF731
:1021D400CFFF804100BDC04600B5FFF7C9FF01D95C
:1021E400002000BD012000BD00B5FFF7B9FF01D9F3
:1021F400002000BD012000BD00B5FFF7B1FF804104
:1022040000BD012040054A00121804D85A001218D3
:1022140001D80020704701207047000000210028E9
:1022240005D17047C1174840401AFAD0C90713B501
:10223400064B1B6898470CBC441CA2401005120BAB
:102244000349091B09051943114310BDF834012042
:102254001F04000010B54C00620D8023D218DB006F
:10226400D21A5B057E2A10DD9E3A13DACC170903D5
:10227400490819435242D140640001341532202ADE
:1022840005DAD0400843604310BD002010BD084665
:10229400604310BDC80FC018013810BD18B4044BFA
:1022A4005B6AFC46019308BD24DFFD250020000085
:1022B40080EA0020132370B51D78012D19D014DD98
:1022C4001F48FFF7A3FA06001E48FFF79FFA1E4CAB
:1022D40080223100200000F075FB022D2DD01B4818
:1022E400FFF78CFA1A4B186070BD1A4B164CA36496
:1022F400F5E7184B144C23606360A360E36023612B
:102304006361A361E36123626362A362E3622363A3
:102314006363A363E36323646364A364E364236583
:102324006365A365E36523666366A366E366236763
:102334006367A367E367A364D1E7064BA364CEE7AF
:10234400534400005346000080EA00204C33000050
:10235400F83401205921002007B5604601880A0A93
:102364000230DF2AFAD1C9B2820804D30288408835
:102374000004104300E00068014A5050039007BD78
:1023840080EA00200FB403BC0CBCF0B50124E407C0
:10239400634000E0F0B50C0DCF0F661E3605891BB7
:1023A400640503D3C943404200D30131640D03D013
:1023B400661CF60A07D0E41B00207F00791C8907FD
:1023C4008912803C24031D0DDF0F6E1E36059B1BF6
:1023D4006D0503D3DB43524200D301336D0D03D0AB
:1023E4006E1CF60A07D0ED1B00227F007B1C9B07A6
:1023F4009B12803D2D032F1B661B58D4A446202E10
:1024040046DA20371400BC401D00BD40F240334181
:102414002A4380185941CB0F05D0C943C043002239
:1024240064425041514162464D0D28D10D0D07D1F2
:1024340000281FD0241940414941013A0D0DF9D01B
:10244400640006D3013000D30131002C01D14008CF
:102454004000013A0BD4941CE40A04D1120511443F
:10246400DB071944F0BDD907204B194300E0D90715
:102474000020F0BD0029DDD1002CDBD1F0BD0132FC
:10248400C6074008CD0728434908002EE1D0D9E704
:102494003C2E29DA203E40371400BC4000D00124F1
:1024A400F24014431A00BB401C43D317ACE7AC46BC
:1024B400202F08DA20360400B4400D00B540F8405F
:1024C40039412843A5E73C2F0CDA203F403604006D
:1024D400B44000D00124F84004430800B1400C4348
:1024E400C117EAE710001900002494E70000F07F08
:1024F400F0B50C0D661E3605891BE60A6405640DED
:1025040002D0651CED0A04D0002001210905803C9D
:102514002403A4461C0D671E3F05DB1BE70A640564
:10252400640D02D0651CED0A04D0002201231B05B2
:10253400803C24037740644497B484B296B27443D5
:10254400070C7E43150C6F4380B26843361802D3E0
:10255400012000043F183004350C00197D418446E5
:1025640088B29AB250430C0C62431F0C7C438EB267
:102574007E43921902D301263604A4191604170CBB
:102584003618674101BC81B29AB25143040C6243CC
:102594001B0C5C4380B25843121802D30120000480
:1025A40024181004130C401863412D185E410020B8
:1025B400474106BC88B293B258430C0C6343120CD7
:1025C400544389B251435B1802D3012109046418AE
:1025D40019041A0C091862416D185641002047412C
:1025E40018BCF902720D1143F0026A0D1043ED029A
:1025F4000A0D03D16D1940414941013B124E9B1B09
:102604007600B3420ED26D0007D30130002671412B
:102614006646354301D1400840001B05C918E4074C
:102624002144F0BD0BDA013306D1013004D101316C
:102634004F0D01D04908F2E7E1070020F0BD013653
:1026440031050020EBE70000FF030000F0B51C0D8E
:10265400671E3F05DB1BE70A6405640D02D0661C98
:10266400F60A04D0002201231B05803C2403D02554
:102674002D060026F6432E661E096E66CE0FF61949
:10268400B44649004F0D02D07E1CF60A03D0002048
:102694000021403F3F033E1BB600B444013F7F0589
:1026A400C91B49082E6F013676089C02950D2543F7
:1026B4007543ED137543AD1301356D10F603761BA9
:1026C4000CB4CC02450D2C43A2B2B3B25A43270C2E
:1026D4007B43350C6F43A4B26C431B1902D3012412
:1026E40024043F191C041D0CA4187D4124196D41B8
:1026F400009A91B2ACB26143170C7C432B0C5F433C
:1027040092B25A43A41802D301221204BF1822041D
:10271400230C52187B41019C6C431B19520ED901A6
:102724000A434401A01A81B2B2B2514303145A437A
:10273400360C734387B27743D617D21900277E41EC
:1027440036049B191704160C7F185E417316ED1896
:10275400F301002680337541A90F06D16400690A8C
:10276400E8055B0A184309D22FE00422944480331D
:102774007541A90AA8059B0A184326D3404149413B
:102784002404009A019B0D005543641B4343E41A3F
:1027940095B286B27543170C7E43030C5F4392B225
:1027A4005A43B61802D301221204BF183204330C60
:1027B40052197B4152429C41002C02D40022013028
:1027C40051414008CA071043490802B06246D7077E
:1027D4009210084BD218084B9A4203D2120589185A
:1027E400C919F0BD0020002A01DC3900F0BD013315
:1027F4001905F5E7FD030000FE070000002200B5FF
:10280400203200F004F8080000BD000000220B157F
:102814000AD410B5944600F031F81414013400DAE7
:102824000021CB17144C204700200021704762443C
:10283400343A0CD40C2A07DA0400914090405242F6
:102844002032D440214310BDD843D94310BD203297
:1028540007D40C469440524220321141D0402043C8
:1028640010BD0800C917203203D45242203210414F
:1028740010BD1800190010BD2F2600200A0DCC0F22
:10288400531E1B05C91A520503D3C943404200D342
:102894000131520D03D0531CDB0A07D0121B002058
:1028A4006400611C89078912803A1203014BD21A11
:1028B40070470000FF03000051434343C9188C468E
:1028C400110C83B24B4310B4040C614392B280B236
:1028D400504362431C041B0C001910BC59411304DF
:1028E400120CC0185141614470470000132310B505
:1028F40012481C78FEF78AFF0100012C0AD003DD80
:1029040080220F4800F05EF80E48FEF777FF0E4B6A
:10291400186010BD0A4C5422200000F053F80B4BF1
:102924006365A365E36523666366A366E36623675D
:102934006367A367E3672362E361E5E75346000047
:1029440080EB00204C330000F83401205127002094
:1029540007B5604601880A0A0230DF2AFAD1C9B2F3
:10296400820804D3028840880004104300E0006811
:10297400014A5050039007BD80EB002010B50400BD
:1029840008F032F9002804D0034B04199C4200D803
:1029940010BD0248FDF7A2FE00000420E8C000209C
:1029A40010B508F02BF910BD01480421014B18475C
:1029B400A0E000201D160020014B1B6818470000F2
:1029C400A0E00020014B5B6818470000A0E0002055
:1029D4009A4200D2885470477047C046F8B55746AB
:1029E400DE464E464546E0B599460A9B07009A46A0
:1029F4000D9B884693460B9C9B073BD10C9B9C42AA
:102A04003DD21E1B0B9415000C005E442A004B465D
:102A1400013521002020B847B542F7D1A0460B9CD0
:102A2400002C20D0454636195346321B013C185D14
:102A340029004B46B847002CF6D12B0035009846A8
:102A44000D9B9B070FD55B46EC1A0C9BA3420AD93E
:102A5400464698462A004B46310020200134B847A8
:102A640001354445F6D32800F0BCBB46B246A9461E
:102A7400A046F8BD16001500002CD3D1E0E71600DF
:102A84001500002CCED1EEE7F0B54546DE4657469C
:102A94004E46E0B585B09C4610AB1B78149F934618
:102AA40098460F9C129E139DBB074CD4002D42D117
:102AB400B44248D201233B4099460E9B013B9A46BF
:102AC400302304E0524601341355A64201D9202C88
:102AD400F8D14B46002B00D183E00E9B013B994675
:102AE4003023A54205D82EE04A4601341355AC42A2
:102AF40029D0202CF8D1FB060CD57B0554D4A64252
:102B040063D0A54261D0119B102B50D0022B57D01B
:102B1400202C32D1202301930E9B5A460093039715
:102B240063460295FFF75AFF05B0F0BCBB46B246B8
:102B3400A946A046F0BD01233B40994601233B42F0
:102B44002AD1B442B9D3FB061CD57B05DBD4002CB7
:102B5400D5D1119B102B5BD0119B022B6BD0302352
:102B640001240E9A13704346002B10D17B073ED5E7
:102B74002B260E9A631C1655CDE72300013430260C
:102B84000E9AD654202CC5D04346002BEED02D26C9
:102B94000E9A631C1655BEE74346002B2FD0013D09
:102BA400B44200D289E798E7119B102BB2D1BB063F
:102BB40037D5202CAED058230E9A13550134A7E7ED
:102BC400202CA7D02300013407E0631E012CC0D0C1
:102BD400119A102A31D0022AD1D162260E9AD654E3
:102BE40096E7FB06CED57B0500D488E78BE7230068
:102BF4003E0790D520260E9A013316558BE70C23F9
:102C04003B405A1E9341ED1AB44200D255E764E7A3
:102C1400BB060ED478230E9A02241370302353700B
:102C2400A1E7202C00D175E778230E9A13550134BF
:102C34006EE75823EFE76033EDE70E9AA61E914640
:102C44004E44BA0602D55822327098E77822327080
:102C540095E7C04610B5002800D110BD01F0B0FCC6
:102C6400FBE7C0460B0010B5002802D049681B687A
:102C7400984710BDF0B55746DE464E464546E0B58A
:102C840095B083460F00924698461E9A1F9B1000EB
:102C94001900209EFFF7B5FA002800D0EAE11E983B
:102CA4001F990122C54B5242FFF790FA002800D029
:102CB40014E11E981F990122C14B5242FFF79CFA5E
:102CC400002800D0E9E01E981F990022BD4BFFF7B1
:102CD40093FA002800D0C8E01E981F990022BA4B2E
:102CE400FFF774FA002800D0BFE01E981F99002255
:102CF4000023FFF76BFA002800D0E4E000230B93D5
:102D0400229B5B0500D406260024302307E017210C
:102D140006AA013452181355013E202C01D0092E65
:102D2400F5D81E981F99FFF795FAA84BF2009B1847
:102D34001A685B68050008920993FFF773FA0200AA
:102D44000B001E981F99FFF7CEF9089A099BFFF70D
:102D5400FAF906900791FFF7A1FA8146FFF75EFAA8
:102D640002000B0006980799FFF7BDF90022984B63
:102D740006900791FFF740FA002800D10DE10123E6
:102D84009C46E1444846FFF749FA02000B000898C4
:102D94000999FFF721FA002802D00023994601354A
:102DA400002E00D1D9E006954D46B94614E006AA96
:102DB400944617230A216344280001341F19FEF79F
:102DC40057FF3031397028000A21013EFEF750FFC9
:102DD400092D00D817E10500202CE8D14F46069DA7
:102DE40020240CAE06AA17239446634499465B46F6
:102DF400B34606930FE04B4628000A210134E61837
:102E0400FEF70EFF3031280031700A21FEF708FF6B
:102E1400051E00D1E4E0202CEDD1069B5E469B46C6
:102E24000323229A1340012B18D1219B002B15D088
:102E34000B9B002B00D1FDE0219B013B2193202B18
:102E44000CD93023219A07E0172006A90134091868
:102E54000B55944200D3CCE0202CF5D1229B019455
:102E64000393219B0096029322E0229B52460493F3
:102E7400219B3900039358461E9B1F9C0296009386
:102E84000194434600F04AF90400200015B0F0BC58
:102E9400BB46B246A946A046F0BD229B5B070FD4B1
:102EA40003224C4B229901920391219900930291A0
:102EB4004346524639005846FFF790FD0400E4E7C4
:102EC4000422454BEEE71E9A1F9B00200021FFF7CA
:102ED4000AF901231E901F910B9311E7229B54467C
:102EE4009B0711D1219B042B0ED9219B55469C464F
:102EF4005E46043C64442A004346013539002020E0
:102F0400B047A542F7D1B346344D26002B1F99464E
:102F14005B46A3461C003200E87843463900013D75
:102F2400A04701364D45F6D123005C469B46229BC3
:102F340004349B07A9D55346219AE31A9A42A4D98B
:102F44005E4615002200434639002020B047534610
:102F54000134E31A9D42F5D897E72800FFF762F998
:102F640002000B001E981F99FFF7BDF80022184BB2
:102F740006900791FFF72AF90CAE002800D031E73C
:102F8400069807990022124BFFF736F9002800D063
:102F940028E7012301359D4324E700220698079979
:102FA4000B4BFFF713F9002800D0F9E64B46002B32
:102FB4005CD101239C46E144F2E6C046FFFFEFFFEB
:102FC400FFFFEF7F65CDCD4165CDCDC130D9002068
:102FD4000000E03F3CC1002034C1002044C1002077
:102FE400069B5E469B460323229A1340012B00D185
:102FF40081E0202C00D131E70B9B002B27D02D231F
:10300400335501342AE74F46069D202C00D1E7E6CC
:103014003022331907E0172006A9013409180A558C
:10302400202C00D1DCE6A342F5D12E220CAE0134D3
:10303400F254D7E60C23229A134257D0219B013B2A
:103044002193A34200D9FCE6202C00D106E7229B61
:103054005B0703D52B2333550134FFE6229B1B0763
:1030640000D4FBE6202333550134F7E6DB0700D414
:1030740096E69EE7229B55469B0711D1219B032B85
:103084000ED9219B54469C465E46033D654422006E
:103094004346013439002020B047AC42F7D1B3464F
:1030A400B9465F461C4EEC1C2A00B078434649469C
:1030B4000135B847013EAC42F6D1229BBB464F4690
:1030C4009B0700D4E1E65346219AE31A9A4200D8BA
:1030D400DBE65E4615002200434639002020B04757
:1030E40053460134E31AAB42F5D3CEE6219BA34207
:1030F40000D9A6E6B2E6219B002B00D179E70B9B11
:10310400002B97D0219B013B21939C4200D298E64F
:10311400202C00D073E7A1E640C10020F0B5DE46C4
:1031240057464E464546E0B599B081468B46924691
:103134009846229A239B10001900FFF762F8002892
:1031440000D0CAE0229823990122824B5242FFF711
:1031540053F8002800D0C0E02298239901227E4B26
:103164005242FFF733F8002800D0B6E022982399A2
:1031740000220023FFF72AF8002800D0C9E1229B8F
:10318400239C08930994089809998023269ADB00C4
:103194001A400D928022269C1201144022000B94A6
:1031A400269C07000E001C4200D0ADE00B00034338
:1031B40000D0D5E0002A00D00AE22200063324938E
:1031C400022313400C930223134200D002E2259BF6
:1031D400042B00D20FE2043B0B93002304250A9333
:1031E4000022229823990023FEF7F0FF002800D044
:1031F40003E25A4B269A134004930B9B0393249B9C
:103204000293089B099C00930194594643465246F5
:103214004846FFF72FFD02002020269B1F2703406E
:1032240059424B415B421840531C0893594643464C
:103234004530C8470A9AD317D4185C40D30F0A9371
:103244006B1E0B9308AB9C460025674401E0202DC0
:103254000FD020000A21FEF70BFD01357E19303115
:10326400317020000A21FEF703FD26000400092E18
:10327400EDD8052306930B9B59460593002304932D
:103284000A3303930A9B4846029310AB0093089AAF
:1032940043460195FFF7F8FB0C9B002B2DD05346BA
:1032A400C41A259BA34228D94D465F4681461E0079
:1032B400534639001A19202043460134A847A64230
:1032C400F6D8534648462599C21A01320023914242
:1032D40000D386E1013018180FE0269B0493259B48
:1032E4000393249B0293229B239C009301944346C3
:1032F400524659464846FFF7BDFC19B0F0BCBB46E0
:10330400B246A946A046F0BD01432BD10B9B220037
:10331400002B00D154E700230A93249B0A9A00242B
:10332400934200DD85E12298239900220023FEF7D1
:103334004DFF002800D035E1269B084A02941A402C
:103344008023DB0013430493259B0393089B099C70
:10335400CBE7C046FFFFEF7FFFFFEFFFFFF7FFFF65
:1033640006232493B44B70009C46400D6044FEF742
:1033740059FFB24AB24BFEF7E6FEB24AB24BFEF731
:10338400BBFE3603B14B360B334304000D0038004B
:1033940019000022AE4BFEF7A6FEAE4AAE4BFEF776
:1033A400D2FE02000B0020002900FEF7A5FEFEF766
:1033B40051FF0A90FEF736FFA84AA94B04000D00FE
:1033C400FEF7C1FE0022A74BFEF796FEFEF742FF72
:1033D400A54A0600A54B20002900FEF7B4FE040010
:1033E40030000D000C96FEF71DFFA14AA14BFEF71D
:1033F400AAFE02000B0020002900FEF774FE020062
:103404000B0006000F00FEF79EFE320004000D00C4
:103414003B0030003900FEF76FFE00220E900F9142
:10342400954B20002900FEF770FE0022934BFEF717
:1034340063FE02000B0020002900FEF766FE002256
:103444008F4BFEF759FE02000B0020002900FEF707
:103454005CFE0D008021040032003B000020C90501
:10346400FEF741FE02000B0020002900FEF744FE97
:1034740002000B000E980F99FEF747FE0022734BD3
:10348400FEF73AFE7F4B0C9C9C46644400222305C5
:10349400FEF759FE06000F0002000B000898099978
:1034A400FEF794FE00280AD00A9B3000013B390045
:1034B4000A930022714BFEF728FE06000F000A9AB9
:1034C400330063323900C62A12D802222698042512
:1034D40010400B9A0C90002A25D1259B042B05D96A
:1034E400002800D0A1E0259B043B0B93042541E078
:1034F4000222269810400B9A0C90002A12D1259B88
:10350400052B76D9002872D1259B0525053B0B9305
:1035140034E0802212069446229B0893239B634442
:10352400099330E605250B4300D1F6E6089809997E
:10353400554A564BFEF758FE002808D008980999BA
:103544000022534BFEF742FE002800D0E5E6249B00
:10355400002B1CD00D9B002B19D0249B013B2493E2
:10356400259BAB4204D90C9B002B5AD002230C930D
:1035740000230B930A9B002B00D131E6089809998C
:1035840032003B00FEF7C1FD0890099128E6259B17
:10359400AB42EDD90C9B002B43D000230B93023399
:1035A4000C93E7E78020269B3A4A00061A408023C2
:1035B40084460294089C099D2900DB00134304936C
:1035C400259B6144220003930B00009201938EE635
:1035D4000524A8E600230B930A93023304250C93D5
:1035E400FEE553468C46013B63441B1A72E60223F4
:1035F4000C930525C2E70423EDE58020089E099F6E
:10360400000639008446269A224B614413400493F1
:103614000B9B32000393249B02930B0000920193B3
:10362400F3E5259B5B1B0B93A4E7022304250C9372
:10363400A0E79C1A013C76E601FCFFFFFB799F5052
:103644001344D33FB3C8608B288AC63F0000F03FC1
:103654000000F83F61436F63A787D23F71A37909E4
:103664004F930A400000E03F1655B5BBB16B0240D2
:10367400EF39FAFE422EE63F00002C4000002440C1
:1036840000001840FF0300002D431CEBE2361A3FF4
:1036940080842E41FFF7FFFFF0B5DE4657464E46C5
:1036A4004546E0B5A5B01E002E9B92460C93CD4A2C
:1036B400CD4B80468B461A60002900D1EAE10023F5
:1036C40030789946002800D1ECE1C84B4C460B9366
:1036D400C74B454657460E930AE0631C98462200A2
:1036E4003B005946A84744463078002800D187E07B
:1036F40001362528F1D108239A46043B9946023B1A
:103704009846013B00229C460D943078711C0300BE
:10371400203BDBB2102B03D80B9C9B00E3589F4645
:103724000300303B89460D9C092B3AD90023984667
:103734002A2800D1C1E000239A462E284BD003004A
:10374400683BDBB2122B1ED80E999B00CB589F46C8
:1037540063460E001A43D8E743460E001A43D4E7E3
:103764004B460E001A43D0E710230E001A43CCE751
:1037740053460E001A43C8E780235B001A43FF3BFD
:103784009C467078E1444E4667284FD82428A4D933
:103794000300253BDBB2422B9FD896499B00CB58B4
:1037A4009F46002394461E0000E00131B3009B199C
:1037B4005B001E180878303E0300303B092BF4D917
:1037C4000123624689469C460023B0469A460E0071
:1037D400E1442E28B3D13021802049428C46C000D8
:1037E400024370784B4684446146092900D86CE151
:1037F4002A2800D17AE101239C464E46E1449EE703
:10380400A146A846BA46CA4503D801235B4253449D
:10381400994653464A4659460020C047200025B0E1
:10382400F0BCBB46B246A946A046F0BD0300693BC6
:10383400DBB20D930F2B00D94FE7012199408C4641
:103844006D49894661464B4619400F916346494686
:103854000B4200D028E10D9B0A2B3AD0072B00D055
:103864003BE70C9B190008C98846002B00D14BE1AB
:1038740021200243914614A98C461F220F21624441
:103884008C4651460D950C91A24615000F9902E005
:1038940020290CD0130064461C4020003730092C2A
:1038A40000D80738013168541A090F2BF0D80C9B43
:1038B40054460D9D9A460F9133E10C9B02CB8846EA
:1038C400002947DB0C9301239C4670784E46E14463
:1038D40031E70C9B02CB14935346002B00D138E103
:1038E4009C4608780B000C908C44002801D100F011
:1038F40098FC89466146944603E05A780133002ACD
:1039040001D08B42F9D1494662465B1A0C900F9361
:10391400530500D520E10223180010400D901342F6
:1039240000D1CBE30D930B1BB1469A465E460C982F
:1039340022003B003100A84753460134185D00289B
:10394400F6D1B3464E460D9B002B00D0C7E1149B25
:103954000C93C9E60C9301239C4628384942024340
:10396400884670784E46E144E5E670786C2800D1CC
:103974007FE180235B001A43FF3B9C46E14402E75E
:1039840080239B001A4301239C467078E144FAE6A5
:103994007078682800D173E180231A437F3B9C46EA
:1039A400E144F0E6672800D103E1472800D15AE159
:1039B400452800D15AE10492072142460C9B039208
:1039C400073352468B43190002920CC92800009217
:1039D40001930C9122003B005946FFF79FFB040022
:1039E40082E6C04699340020B834012094D70020E0
:1039F400D8D7002024D8002041900000462800D1C8
:103A0400DBE00492072142460C9B039207335246A3
:103A14008B43190002920CC92800009201930C9167
:103A240022003B005946FFF725F904005CE6631CBD
:103A3400984622003B0059462520A847444653E6B1
:103A44000C9B04330D93631C9946920700D422E126
:103A54000C9B2200187859463B00A847434644442F
:103A6400012B00D885E23300B8462E005F462500BE
:103A74004C46994622004346013439002020B04781
:103A8400AC42F7D12C00BB46350047464E460D9B51
:103A94000C9329E6DB4B307898460023994600289E
:103AA40000D012E60024AEE66F2800D188E000D8EA
:103AB4000BE31023782800D1CFE09A430A239C46D5
:103AC40000230F930A330D9380E05646B100891901
:103AD400490001330E181878303E010030390929A5
:103AE400F4D9B2461E000133994628E60C9B0236EF
:103AF40002CB8A46C9435046C917084082460C93F4
:103B04003078731C99461AE6102310009843113339
:103B14001843814680201300C0000340024200D1B4
:103B2400A9E64B46069308230593534604931023B2
:103B34000393002302930F9B220001931CAB009379
:103B440059463B002800FEF79FFF434604000C93B0
:103B5400CAE501235B42C3E60F9B534501D9534693
:103B64000F930223180010400D90134200D1B7E1C7
:103B74000D93D1460B1B9A463300A1442E0022001C
:103B84004D460C98B9465F469B4608E04B463900C3
:103B9400541CB0475346185D002877D02200954244
:103BA400F4D15B46BB464F46A94635004C461E0041
:103BB400C9E680231B011A43FDE620231A4320E7AC
:103BC40008239C4600230F9308330D938023110090
:103BD400DB0019401A4200D116E10D239A4310006C
:103BE400802302009B001A401492184200D0C2E1C4
:103BF400802302005B001A4091460C9A04320F9213
:103C0400184200D0B7E2430600D59FE1030600D472
:103C140019E30C9B1B880993002B00D0FCE11033A3
:103C24009843002900D1F7E10023994643460593C0
:103C3400534604930D9B069003930023D2E0582827
:103C440008D0622867D102239C4600230F930233D5
:103C54000D93BBE720231A43103B9C4600230F938C
:103C640010330D93B2E780231B011A4320231A4318
:103C7400A1E6C0239B001A43F31C9946B07882E561
:103C8400C0231A43F31C9946B0787CE535005E46A0
:103C9400BB464F4657E64346012B00D863E1631EFB
:103CA40043449A463300B9462E005F4655469B4628
:103CB400A24622004B46013439002020B047AC42D2
:103CC400F7D135005E46BB464F46A14654460C9B91
:103CD4004A46187859463B004444A847D7E6A146CB
:103CE4000F9B984500D832E64444E41A3300B846A2
:103CF4002E005F4625004C46994622004346013477
:103D040039002020B047AC42F7D12C00BB46350027
:103D140047464E461BE680231000DB0018401A423B
:103D240000D10FE1112118008A430D920D9A8023CE
:103D340011009B0019408C461A4269D1802311005E
:103D44005B00194089460C9904310F911A4200D046
:103D5400CAE113005B0600D5F0E013001B0600D493
:103D640059E20C9B00229B5ED9175A184A4092B222
:103D7400D90F0C91002B00D1F9E1100014AA94463C
:103D840042461F23149252466344A84616944D4655
:103D94000400B946B2461F00159201E0202D0FD051
:103DA40020000A21FDF764FF01357E19303131709E
:103DB40020000A21FDF75CFF26000400092EEDD83F
:103DC400149B4F46A94645469846159B56469A4627
:103DD400169C0D9B069343460593534604930A236E
:103DE40003930C9B02934B4601931CAB220000935C
:103DF40059463B002800FEF747FE0F9B04000C9336
:103E040072E4C046D92700200C239A431000E7E649
:103E140007220C9B07339343013294469C44624629
:103E24000C920CCBD90F0F911100194300D191E0E2
:103E3400D91713911291514010911399594011912E
:103E440010981199129A139B801A9941109011910C
:103E540014AA0023944642469946149252461F33AC
:103E64006344A846B24616944E46109C119DB9462A
:103E740015921F0001E0202E10D0200029000A22F4
:103E84000023FDF733FF013630322B00BA550D0005
:103E940022000400002BEED1092AECD8149B1094C4
:103EA400119545469846159B4F46B14656469A4647
:103EB400169C0D9B069343460593534604930A238D
:103EC40003930F9B02934B4601931CAB2200009378
:103ED40059463B002800FEF7D7FD0400FFF704FC19
:103EE4000F9B984500D8C1E18023DB000D93434626
:103EF4000F9A1B199B1A994633002E004D46B9465A
:103F04005F469B460C9122004B4601343900202029
:103F1400B047AC42F7D143460C9901330F930B7869
:103F240035000C935E46BB464F46002B00D10EE590
:103F34000D9B002B00D1F6E4002319E60C9B1B78A3
:103F44001A0015E710239A430D92EFE60C9B1B7899
:103F5400099361E6002399460028AAD10022002390
:103F64001092119374E70C9B2200187859463B0079
:103F7400A8474C468BE50C9AFA3BFF3B07329A4321
:103F84000133994691444B460C9313685268159239
:103F94001A4306D11032904300220992002900D01E
:103FA40081E06122810600D54122D2B20A9214AA8C
:103FB40091460A9A00210A3A1492424617925246AE
:103FC40018925A460991B3461F311E000F9B49446B
:103FD400BA4619941A950024674698468946159D51
:103FE40016901B920AE03032D2B24B4601341A5575
:103FF400A8454AD0202C4AD006000D003A000023E0
:1040040030002900FDF772FED2B2092AEBD9149BC5
:104014009C466244D2B2E8E76123820600D541237C
:10402400DBB20A3B0C93434614A91F228C4615931A
:1040340053466244A046B2464C461797A946170019
:10404400099D0D9E1490169308E03033DBB20134C1
:104054003B55B5420ED3202C0CD00500310028006E
:10406400FDF706FECBB20929EFD90C9A94466344B6
:10407400DBB2ECE7159B4D46A14644469846169B99
:10408400564614989A46179FD0E5B742B2D9179B63
:1040940057469846189B5E469A461B9B09949B4636
:1040A4001698199C1A9D43460593534604930D9BF9
:1040B4000690039300230293099B05E70F9B984501
:1040C40000D914E701330F932DE410231100994311
:1040D4000D91692800D0BAE080231000DB0018405D
:1040E4001A4200D122E61DE60C9B1B68DA0F110070
:1040F400002B00D18CE0DA179818504014AA91468E
:1041040042461F23149252464B44A046A946169792
:1041140004006546B2461F000C91159201E0202D63
:104124000FD020000A21FDF7A3FD01357E1930319F
:10413400317020000A21FDF79BFD26000400092EA2
:10414400EDD8149B444698460C9BAC461900159B2D
:1041540056464D469A46169F0D9B0291069343463A
:104164000593534604930A23039363463CE60028CD
:1041740000D02EE602E60C9B1B689946002B03D167
:1041840010339843002938D16123820600D5412396
:10419400DBB20A3B0C9343461693534614A91F22E1
:1041A4008C4617932B006244A0464D46B24618979E
:1041B40099461700149C0D9E159008E03033DBB22D
:1041C40001343B55B5420ED3202C0CD005003100F0
:1041D4002800FDF74DFDCBB20929EFD90C9A94467E
:1041E4006344DBB2ECE7169B149444469846179B51
:1041F40056464D469A461598189F4346059353468E
:1042040004930D9B0690039300230293149BEBE508
:104214000028A1D172E70C9B1B68D9175A184A4091
:10422400A6E580231000DB0018409C460F901A423C
:104234000FD00220030013400F93104219D0002323
:10424400A1460F934CE50C9B1B680993E4E40A0018
:1042540034E40223180010400D90134200D03EE5D0
:104264004346002B00D042E6FFF771FB01330F9366
:104274007FE463460D93F3E70EB4012230B584B0B6
:1042840007AC08CC064D0100009428005242039468
:10429400FFF702FA04B030BC08BC03B01847C046AC
:1042A400D127002010B50C0084B00394012402A986
:1042B40002900093034813006242FFF7EDF904B043
:1042C40010BDC046652A002010B5094A03001468D1
:1042D40084B0002C08D0012200910648524203A960
:1042E400A047012004B010BD00F0B4F90020F9E7A4
:1042F400B8340120552A002000BEFDE7094A030016
:104304001068002805D00849C3188B4207D81360E9
:10431400704706480449C31810608B42F7D901203E
:104324004042F5E7B4340120000004208435012024
:1043340010B5FFF7E1FFC04670B5FDF73DFB074D33
:10434400074EB54209D20024013E761BB60808CDBB
:10435400984723000134B342F9D170BDDCE8002052
:10436400E8E80020030010B5080011001B68984716
:1043740010BDC046F0B5C64600B5437D07000C002D
:104384001600002B46D0002A17DD0B780A2B24D008
:1043940000239846012E13D001252900635C0135C2
:1043A4000A2B26D0B542F8D1464509DCA419013CB4
:1043B40023780D3B5A4253413B7580BCB846F0BD4F
:1043C4004346E018A419F11A013C3B689847237846
:1043D4000D3B5A4253413B75EFE7037D002BD7D188
:1043E40002210F483B689847012EDFD001239846ED
:1043F400D2E7631E5B5C0D2BD4D0884504DA4346B8
:10440400C91AE0183B689847022105483B68A8464A
:104414009847C7E70368110020009847CDE7C046D6
:1044240080D90020F0B5C6460B6806000C0000B524
:10443400802B06D05A1C2260E418267180BCB84632
:10444400F0BD0F4B1D68002D16D00B1D98460D4F67
:1044540002E02D69002D0FD02B68002BF9D03B68AA
:10446400002B01D0AB42F4D1280041462268FFF76B
:1044740081FF2D69002DEFD101220023DBE7C04627
:10448400900401209C040120F0B54546DE464E46CA
:104494005746E0B583B091461C0080460D00FDF7F9
:1044A400A1F80023304A12184B41002B02DA0122F2
:1044B4002E4B52422E4908008A4607F089FC070019
:1044C4006B1C03D1404607F0EBFA0500002C27D003
:1044D400284E294B1C68002C18D04B46002B21D1A8
:1044E400264B994602E02469002C0FD02368002B48
:1044F400F9D04B461B68002B01D09C42F3D120001D
:104504002A004146B0472469002CEFD1002F26D160
:10451400280003B0F0BCBB46B246A946A046F0BD95
:10452400174ED6E7154B99460A239B4602E02469A9
:10453400002CEBD02368002BF9D04B461B68002BD2
:1045440001D0A342F3D12A0041462000B0476B4674
:104554005A462000DA71D91D0122B047E7E75046D8
:1045640007F082FCD4E7C04640420F00FFFFFF7F04
:1045740098E8002075410020900401209C0401204B
:10458400654100200A4A1368002B05D10CE01A008B
:104594001B691032002B07D08342F8D1002902D1C5
:1045A40018691060196170470029FCD01060FAE79F
:1045B4009004012010B500F0ABF9012010BDC046F5
:1045C400F0B5CE46474680B583B06B460600DD1D88
:1045D4002870FDF707F80023194A12184B41002BE5
:1045E40002DA0122174B524217490800884607F0A5
:1045F400EFFB164B81461C68002C14D0144F02E0CC
:104604002469002C0FD02368002BF9D03B68002BC1
:1046140001D09C42F4D1200001222900FFF7AAFE18
:104624002469002CEFD14B46002B05D1300003B098
:10463400C0BCB946B046F0BD404607F015FCF5E7EE
:1046440040420F00FFFFFF7F98E800209004012004
:104654009C04012070B5040007F022FA0123010034
:10466400050001222000FFF70FFF084B1C68002CF7
:1046740006D06368002B05D098472469002CF8D134
:10468400280070BD2469002CF3D1F9E790040120BF
:10469400F0B5CE46474680B5A3B004000D00FCF744
:1046A400A1FF0023274A12184B41002B02DA0122F2
:1046B400254B5242254E300007F08AFB002322008E
:1046C400019307002B00224801A9FFF7EBFD214BC2
:1046D400804699461C68019B002B1AD0002C2FD0D1
:1046E4001D4D02E02469002C0FD02368002BF9D063
:1046F4002B68002B01D0A342F4D12000019A02A917
:10470400FFF738FE2469002CEFD14B461C680023C8
:104714000193002C06D06368002B0BD098472469C2
:10472400002CF8D1002F07D1404623B0C0BCB946B5
:10473400B046F0BD2469ECE7300007F095FBF3E7E1
:104744000194EFE740420F00FFFFFF7F98E800204D
:1047540025420020900401209C0401200FB400B5E0
:1047640083B004A901C90191FFF792FF03B008BC0B
:1047740004B01847F0B5002915DD0E4B0D271A6853
:104784000D4B0E4CD3185D426B41451820215B0044
:104794001E5F0478A64207D093691942FCD1013008
:1047A4001460A842F5D1F0BD93691942FCD1176099
:1047B400F2E7C046383501200080FCBF34350120C3
:1047C400204B70B504000D1E1E682ADD0020102148
:1047D4001D4B013C1A689369194214D10130936945
:1047E4001942FCD1136823548542F4D1002E08D019
:1047F40050239363516B183B0B4014498C4662441D
:104804001360280070BD002E08D050239363516BB1
:10481400183B0B400D498C46624413600028F1D1CB
:104824000CE0002E0AD05022074B1B689A63596B88
:10483400183A0A4005498C4663441A6003204042F2
:10484400E0E7C04648EF002038350120341000006E
:10485400064B10B51B68002B06D00021044A1268D1
:104864009163044A1068984710BDC04648EF002081
:10487400383501204CEF00200822034B19688B695E
:104884001A42FCD17047C04638350120F8B51A4F9A
:104894001A4B3A680500D31858424341184E143352
:1048A4001C003368002D02D0002B0FD0F8BD002B64
:1048B400FCD0002120009563FCF792F820001149F8
:1048C400FCF7CAF8104B35601D60EFE70E4B200073
:1048D40019600C493560FCF795F801212000FCF7BC
:1048E4007FF850223B689A63596B183A0A4007498B
:1048F4008C4663441A60D9E7383501200080FCBF38
:1049040048EF0020514600204CEF002034100000F6
:104914000D4B10B51B780D4B0D4C1B780D4B022124
:104924001B780D4B00202360FBF7BAFF0221012006
:10493400FBF7B6FFE12120680903FCF7A5FF01217D
:104944000648FFF71FFE10BDC0020010BC02001095
:1049540038350120B802001000400340B0E00020C8
:1049640010B5034B01001800FBF752FF10BDC04601
:104974004035012010B5064B064C82B0010000936F
:1049840000220B232000FBF7FFFE02B010BDC0463F
:1049940078C100204035012010B588B004000D22F4
:1049A40000216846FEF708F80D22002104A8FEF74E
:1049B40003F84B236A466846137004A90D2207F0D6
:1049C40051FB1521082220006944FDF7FBFF08B0C4
:1049D40010BDC046054B10B59C466044000D8000D8
:1049E40041180348FBF714FF10BDC0460000E0AFB8
:1049F40058EF002010B50A4B0A4AC418240DA4002D
:104A040082B0009208482200E31CFBF7BDFE8442FA
:104A140002DC001B02B010BD01204042FAE7C04690
:104A24000000E0AF98C1002058EF002070B50D00E1
:104A34000400FBF771FE1A4A1A4B9446012264449F
:104A4400240DA400E65805212C792023A2406956A0
:104A5400013A1B1B002913DB00248B420CDB1300DF
:104A64008B401E4208D1AB79002B05D18A4014003B
:104A7400344063425C41E4B2FBF75AFE200070BD4F
:104A8400002B02DA09E0013B07D314009C40190013
:104A94002642F8D1AB79002BE8D00024ECE7C046DD
:104AA4000000E0AF38EE0020F0B557464546DE463C
:104AB4004E468846E0B583B006000525FBF72CFE7C
:104AC400434684465D571879334B344AF3181B0D1B
:104AD4009B009246D758012220248240241A013A8E
:104AE400002D41DBA54232DC1100A9400F422ED13A
:104AF40041460968894641468979002945D12C00F7
:104B0400AA40934659463A40394241D1802189010D
:104B14008846002816D06146A44634004E4699467D
:104B2400030001915100705A404500D24019A91860
:104B340012318900013208519A42F3D3019B644631
:104B44009C464B465A4617435246D75001E001242F
:104B540064426046FBF7ECFD200003B0F0BCBB46AA
:104B6400B246A946A046F0BD002C02DA10E0013C92
:104B74000ED31100A14025000F42F8D14146096827
:104B84008946414689790029BAD014246442E0E771
:104B940009246442DDE7C0460000E0AF38EE00209F
:104BA40070B501250B7904009D40013D9540FBF74C
:104BB400B3FD054B0549E3181B0D9B005A58AA4346
:104BC4005A50FBF7B5FD70BD0000E0AF38EE002091
:104BD400F0B5DE4657464E464546E0B51600DC22A3
:104BE400924685B01C004B0002935B18DB00C5188D
:104BF400AA445246834628001268CC3000920268C8
:104C04002B0001921B4A8020944680026344186062
:104C1400002C1CD08023DB0499460123D835984608
:104C24002B0055469A46144F03912000FCF7F2FFDF
:104C34004A46430113432B6033004246C3401340AA
:104C440052463B431360631E1C40EED10399029B02
:104C54005B18DB005B441A000099DC321160019A96
:104C6400CC331A6005B0F0BCBB46B246A946A04698
:104C7400F0BDC046CC30000080E00000F0B54E46E8
:104C84004546DE465746E0B583B089460CA98446BE
:104C94000D781F2A45D84946490088464944C90029
:104CA400461837003400DC373868CC348346206833
:104CB400310001901C4880248246A40251440C60B7
:104CC40069424D411E216D428D4318498A4655441F
:104CD400052B0CD9A0201F214005D83654010443CC
:104CE4000532053B3C600A403560052BF6D852017D
:104CF4009B06134342464A44D20062441000DC320D
:104D040013600300D8331D605B461360019BCC30F5
:104D14000360002003B0F0BCBB46B246A946A046DF
:104D2400F0BD05204042F5E7CC3000009FE00000D4
:104D340010B50248FFF730FE10BDC046F034012024
:104D4400044B0CCBBFF35F8F0021116083F31088F9
:104D54007047C046AC340120054B1968EFF310804E
:104D640072B60A68002AFCD0BFF35F8F58607047A0
:104D7400AC34012070B5D02480251920FBF7FEFD4A
:104D8400AD040022012124061920FBF7A3FD65626E
:104D94000520FCF77FFAA5610A20FCF77BFA656120
:104DA4000A20FCF777FA70BD10B5044800F0A6FBA2
:104DB400034B186003685B68984710BDC8E0002087
:104DC4001835012010B50448FBF7BAFF034904481D
:104DD40005F08CF910BDC046AC340120414B0020D5
:104DE400594B002030B5154C85B023681B681B69EE
:104DF400984723681B689969586905F09BF92368EB
:104E04001B68196AD86905F0ABF923681B68D86870
:104E1400196905F07DF96A46094B694631CB31C2FF
:104E24001B680120136005F0D9FB013001D005B0E7
:104E340030BD0448FFF70EFCF9E7C04618350120E1
:104E4400C0D90020C0C10020E42010B5800105F0C5
:104E5400DFFC042800D110BDE420800105F0D8FC5B
:104E6400024B01001800FFF779FCFEE7D8C10020CF
:104E7400014B18607047C04640EE00200022014BF1
:104E84001A60704740EE002010B50E4C2368197B61
:104E94005B685878FBF704FD2368197B5B68D87856
:104EA400FBF7FEFC236801225B680021D878FBF73E
:104EB40011FD23685B689A7801239340D02212067F
:104EC400936110BD40EE002070B5012422004368B8
:104ED400D0265B7905009A40360672626420B2617E
:104EE400FCF7D8F96B6864205B799C407461FCF72B
:104EF400D1F970BD10B5FBF709FCC04610B5041E0E
:104F04001AD00E21415600290CDB0D228256531C67
:104F140005D011498068FFF743FE0E216156A06851
:104F2400FFF758FD0F20205600280BDA10202056DA
:104F3400002802DA0023236010BDFFF711FDFF23D0
:104F44002374F7E7FFF70CFDFF231020E3732056CB
:104F54000028EFDBF1E7C046D0D90020F0B5574672
:104F64004E464546DE46E0B5012687B0040004916E
:104F74000E2105939A46330002926156B14F8B403D
:104F8400DD43BC469046A9460D254B0080685B185E
:104F9400DB00C2186244655703924246D7007A1E6A
:104FA400676893467A7807689446EA0190465246C1
:104FB400002A00D1BFE04A46C3183A400260CC330D
:104FC4001A68A14F0835174042462D033D43154347
:104FD4001D608023039A1B0613601360634632002E
:104FE4009A401300FFF7F4FD0E2032002056802370
:104FF400051DAA40A1689B01CB181A600200370066
:10500400083297401F605B4682008A181361430090
:105014001B18DB008D4FCB18D8331F60109F013F46
:1050240017618B4A1A601F22677B3A401A600F236C
:10503400E356884A9E409C46A023DB059E50624668
:10504400920193468026844F76045F443A68324244
:10505400FCD110220127A2567E4E97409F51A023D7
:10506400DB0599467C4B802698469701B944760423
:1050740047443B683342FCD1784B794ECB181B0D27
:10508400DB00984663468446DB02C444B2463340A0
:105094006646F603334311263343AE00B446A026D6
:1050A400F6055E448B46049FE34437605F467760B1
:1050B400029FD202B760F36053461A40212345444D
:1050C400ED032A431A4363464D461033CB182B6035
:1050D4004B46059D5D60109D9D60DA600123834011
:1050E4000A6813430B600F225E4B80219C46A25634
:1050F40049049201624413680B42FCD11022594BBB
:1051040080219C46A25649049201624413680B42D2
:10511400FCD10E2101206156A3684A005218D20026
:105124009B18514AD8331A6007B0F0BCBB46B2464C
:10513400A946A046F0BD4A463A400260CC229146B8
:10514400C31899444A4617683F4A023517404246F5
:105154002D033D4315434A4615608025039A2D06C9
:105164001560156035000A1D954080229201821851
:1051740015600D0037000835AF405D4617608A00A2
:1051840082181561314DD8331D60029D8027013D81
:1051940015612F4A2F4D1A60E02212021A606246EE
:1051A40001230096FFF76AFD0E211F206156637BE1
:1051B400A26818404B005B18DB00D318D833186082
:1051C4000F202056A0238640DB055E518601F5188A
:1051D400214B7F049C46664433683B42FCD11F4B01
:1051E4001F4ED3181B0DDB005B18C0023040DB03DD
:1051F40003431120034304982860081D80001018FD
:1052040068600298A860EB60012308001D00183054
:1052140085408B409560280015682B431360936884
:105224000342FCD00E2101226156A0688A40036823
:105234009343036063681A78002300930133FFF7F4
:105244001DFD66E7D01000007F00FEFF2060000017
:1052540040600000440400000C0000500000E0AF77
:10526400FD7F00FF1000005003A0000030B5094D81
:105274000F2428680123010085B06C44027D11319C
:1052840000932300FFF76AFE00222B6820781A752A
:1052940005B030BD40EE002030B5084C0300206856
:1052A4000D00010083B0027D11310095FFF756FE19
:1052B400002223681A7503B030BDC04640EE0020BA
:1052C40010B50520FBF704FA030C64200349584386
:1052D400FCF7CEFC0338FDD210BDC0469A3B00005B
:1052E400064B10B51B685B689A7801239340D02263
:1052F40012065361FFF7E4FF10BDC04640EE0020E4
:10530400F0B545465746DE464E46E0B5704F8046FA
:105314003C680D00237D85B0032900D1BEE0032B3A
:1053240000D1C9E04346002B00D1C2E001260E2182
:1053340032006156A0688A400368934303600D23DA
:10534400CC22E35691469C464B005B18DB00C71801
:10535400BA46D1444A4612680297924662460232DD
:10536400170303975B4FC318BB4657465A4617406B
:105374003A00039F17433A006746FF013A434F46FA
:105384003A60554A370094468022634412061A60F4
:105394001A6032000B1D9A4080239B01C3181A60C7
:1053A4000A00083297408A001F60EB008218013B14
:1053B4001361029B494FD8331F606F1E1761484A1F
:1053C4001A60E02212021A6063685A780123009678
:1053D400FFF754FC0E211F206156637BA26818401E
:1053E4004B005B18DB00D318D83318600F23E35647
:1053F4009C46330060468340A0203A4EC00583514A
:1054040063469F01384B80269946381876044F44EA
:105414003B683342FCD16646344BF702D318344E12
:105424001B0DDB0037405B184646DB033B4311276B
:1054340006600E1DB6003B43961946608560C36046
:10544400012308001D00183085408B40956028001A
:1054540015682B43136093680342FCD00E2101228C
:105464006156A0688A4003689343036063681A78AE
:10547400002300930133FFF701FC0E216156A3685A
:105484004A005218D2009B181A4AD8331A6005B041
:10549400F0BCBB46B246A946A046F0BD002B00D0E6
:1054A4003DE72000032241461130FDF78BFA2575B4
:1054B400EDE71148FBF712F9210000262000002334
:1054C400032211310096FFF749FD3C68267529E750
:1054D40040EE00207F00FEFFD0100000206000009E
:1054E40040600000440400000C0000500000E0AFE5
:1054F400FD7F00FF03A0000018C20020F0B5DE46C7
:1055040057464E464546E0B5904C83B02368002B81
:1055140000D0D7E001268E4B606023604078FBF713
:105524002DFA31006368D0255A782D0691406962BE
:10553400A9619878FBF722FA310063689A78914060
:10554400696269611879FBF719FA636800211879AF
:1055540000228640AE62FBF7BDF97E4D7E482900ED
:10556400FFF764FA002800D1B2E007237A48FF2647
:105574000021A0602674E6732373FFF73BFA40B260
:10558400A073002800DAACE02900A068FFF78CFAC9
:1055940040B2060008366073704BC0013603064300
:1055A4001E40B3466E4E6368B446187ADA88000229
:1055B40012041043DA78302791008C44664636682A
:1055C4008246B743674EB046664641440F6036682C
:1055D4000127B4463E00604686430E6059781B7826
:1055E400F8209C46C001930203406046C0038046F5
:1055F400F8204646000306401F2033430600F820E7
:105604000E4080004901014033430B435649C820F2
:105614001943A36889469846390063469940534B19
:105624008446434419600E21615656464B005B186C
:10563400DB0043449C446046066018004C4ED03066
:1056440006605E46043806604846DC331860012371
:1056540040460097FFF712FB6368217B5878FBF7FD
:105664001FF96368217BD878FBF71AF96368012274
:1056740018780021FBF72EF9636801211878FBF7ED
:105684003DF90E216156A3684A005218D2009B18B6
:10569400384AD8331A600020FFF76CF9E073002011
:1056A400FFF768F90F2340B22074E356002B28DB80
:1056B400002846DB200003B0F0BCBB46B246A94636
:1056C400A046F0BD0023002B00D023E70020F2E722
:1056D40029002948FFF7AAF90028F7D0062326480D
:1056E40045E70F202056002820DA102020560028F5
:1056F40003DBFFF735F9FF23237400230020236025
:10570400D9E70E2161560029F1DB0D22A256531C64
:1057140010D1A068FFF75EF90F23E356002BE4DBFA
:105724001800FFF71DF9FF23E373DEE7FFF718F90D
:10573400E673DAE72900A068FFF732FA0E21615612
:10574400E7E70E2161560029DFDAE9E71C3501207D
:10575400D4E00020D0D9002000003050FFFFFF9F8C
:1057640004C0014004D0014000001024382000008F
:105774000000831001E000000000205010B5012259
:105784000021122002F09AFC0221122002F0C8FC2F
:1057940002F030FD02F0D2FC012200210E2002F0C2
:1057A4008DFC1320FBF7EAF8D02380221B0612039A
:1057B4005A629A6110BDC04610B504F041FEC0B2F1
:1057C40010BDC0460120704710B5002201210B20F6
:1057D40002F074FC0B2002F093FC10BD10B51220F3
:1057E40002F094FC10BDC046022807D8044B4000C8
:1057F400C25A01239340D0221206D3617047C04697
:10580400ECD900200048704788FF0020F0B5514BC8
:10581400514C87B023600223A61DFF330C223000B5
:105824004E49A380FDF7CEF804232000002501276C
:1058340063770A22013300211F30A776E5762577A6
:10584400A377FDF7B9F82F23C022E254444B20007C
:105854002363444BBD3A6363434B0021A363434B2F
:105864005330E363424B23644423E25202337132E4
:10587400E554FDF7A1F820000C223E494730FDF71E
:10588400A1F820000A220021D630FDF795F8C7239D
:10589400394AE5540133E250384A0433E250384A75
:1058A4000433E250374A0433E252374A0C33E250AD
:1058B400364A0433E250364A0433E2500433E550A6
:1058C4000433E5500433E55080220433E5500433B7
:1058D400E55000235200A5520232A3542D4A002160
:1058E400A7542D4AA3542D4B1E22E018FDF764F84B
:1058F4009623DB00E518282200212800FDF75CF838
:10590400274B0922E0182749FDF75CF89B23DB00AD
:10591400E218254B254981CB81C21B8828001380BE
:105924002E222923A25CE35C04922D22A25C039222
:105934002C22A25C02922B22A25C01922A22A25C5B
:1059440000923200FEF798FCA0236722DB00E250AD
:1059540007B0F0BD0100050488FF002034C2002018
:10596400A80B02C0A80B01FFFFFF000101881388E8
:1059740013C0A80B40C2002008080808080000B89B
:105984000B01581B88130000000101012B2B2B0075
:1059940001000C01A5040000AF040000E2040000B3
:1059A400A604000050C200205CC2002068C200208F
:1059B40030B5284C01202100274A85B002F05EFC56
:1059C400210006220020293102F058FCE223E35C86
:1059D400002B3BD12E252A232922655DE35CA25CA2
:1059E40003952D25655D1D4902952C25655D1C4893
:1059F40001952B25655D0095FEF7B0FEE369194A14
:105A04001B021B0C013B9BB293421CD8EE23E35CAC
:105A14000220033B012B01D9FFF7D4FEE823E05415
:105A2400BF3BE25CFF2A08D10022E2540E4B5632FF
:105A340063850E4BA3852E23E25401232380043374
:105A4400A37005B030BDFFF7E1FEDFE7FEF7B2FD5E
:105A5400C0E7C04688FF00200405000024DA0020C7
:105A640084C20020FDFF000008DCFFFF12340000A8
:105A7400F0B5124C124DA5440124124F124E2A00C7
:105A840000210120114B02F009FC01200F4A01A959
:105A940002F0F4FB28000D4A01A905F067FC002878
:105AA40008D02300F822390030000134FEF756FEF6
:105AB400062CE4D1064B9D44F0BDC046F4FAFFFF2A
:105AC40088FF002008DA0020B4C20020040500008A
:105AD4000C05000010B5FCF775FF10BD10B5FCF700
:105AE40071FF10BDF0B5D64646464F46C0B58AB0E4
:105AF40004AC2100012004F049FB61796378227829
:105B040003912179434D0291E17843480191A178B1
:105B140000912900FEF722FE617AE379A2790191CE
:105B2400217A3E4800912900FEF718FE3C4E2900D8
:105B3400F26B3C481202120CFEF710FE29003A48A0
:105B4400FEF70CFE617CE37BA27B0191217C37484C
:105B540000912900FEF702FE617BE37AA27A0191AB
:105B6400217B334800912900FEF7F8FD617DE37C39
:105B7400A27C0191217D3B2400912E482900FEF74F
:105B8400EDFD335D012B1FD03F234622F15C013331
:105B9400F35CB25C1B020B43012A1ED04222442751
:105BA400B15C9046013A9146B25C0293F35D22489F
:105BB400019343239A46F35C00930B002900FEF7FC
:105BC400CDFD335D032B0FD01C48FEF743FD0AB017
:105BD400E0BCBA46B146A846F0BD320029004732BF
:105BE4001748FEF7BBFDEFE74B464246F35CB25C59
:105BF40013435246B25C1343F25D134304D02900AD
:105C04001048FEF7ABFDDFE729000F48FEF7A6FDBD
:105C1400DAE7C046F4D90020ECC2002020C30020FB
:105C240088FF00204CC300205CC300206CC300200C
:105C340090C30020B4C300200CC4002084C40020FE
:105C4400D8C3002064C4002044C4002030B5184CDC
:105C540087B02100062268462931FCF7B3FE6D4661
:105C6400210004222F31A81DFCF7ACFE21000E20D8
:105C7400042233316844FCF7A5FE21000A200422E3
:105C840037316844FCF79EFE210012200422C831FB
:105C94006844FCF797FEC723E35C69465A1E9341A8
:105CA40000200133AB7504F071FA07B030BDC04673
:105CB40088FF0020F0B5C646040000B5FFF7A2FD3A
:105CC40023B20500002B38DDA30606D54F4B1B7805
:105CD400012B4BD0012002F049FD4026264023072A
:105CE4002ED4E30656D4E30448D4002E2CD002F07C
:105CF400EDFC80460700032002F0BCFC2600432391
:105D04009E4355D101F04EFB802800D174E08323DB
:105D14005B00EE54EB185E709E70DE700423FF335C
:105D2400EE540733EE54404602F0A4FC032003F083
:105D340013FEE223EB5C002B55D180BCB846F0BDCA
:105D440001F0F2FA002E2DD12406F6D5A122304915
:105D54003048FEF703FD2D4B1B78002B03D1E233B3
:105D6400EB5C002B43D101F0E5FAE6E74026002086
:105D740002F0FCFC26402307B3D5E1E77C2224494A
:105D84002548FEF7EBFC002002F0B0FA012002F0F7
:105D9400ADFAD7E779221E492048FEF7DFFCFFF76A
:105DA40067FECFE702F092FC0700032002F062FCDA
:105DB400832200235200AB54AA1853709370D370FB
:105DC4000422FF32AB540732AB54380002F052FCC9
:105DD400032003F0C1FDE223EB5C002BB4D0104898
:105DE400FEF738FCB0E70E48FEF734FCA5E70821BF
:105DF4000C4802F085FBB6E702F068FC012002F0D3
:105E040039FCFFF735FE01F095FA96E7F2E200203F
:105E1400BCDC002000C50020B4C4002088C40020DD
:105E2400E8C4002030C50020F0B50023C64600B504
:105E34000B703B4B06001C680F009846002C61D089
:105E44001D0003E06C680435002C5BD0200005F0D5
:105E540027FE21000200300005F00EFB0028F1D1DE
:105E64004346ED1AAD10ECB2202C21D0212C0BD0DE
:105E74002300423B022B29D93800B11C05F008FE4F
:105E8400200080BCB846F0BDB2780D2A42D0002371
:105E9400FA540133DBB2F21892780D2AF8D1DA1CE5
:105EA400B25C0A2A0AD10022FA54FB185A70E7E7B6
:105EB400337A0D2B02D1737A0A2B01D0FF24DFE74A
:105EC40006223800B11CFCF77DFDD9E7FF234246CA
:105ED4002B409B00D3581349DE221348FEF73EFCA7
:105EE400300005F0DDFD32180130335C31180A2B27
:105EF40001D0002B11D10D231370033B0B70012330
:105F04003B70BDE73300C42206490848FEF726FC6F
:105F1400FF24B5E703220023C2E70A231370EEE748
:105F240018E10020B0DC00205CC500203CC5002046
:105F3400F0B5DE4645464E465746E0B5CD4C0D001D
:105F4400A54407910400FFF75DFC002306AAD3765D
:105F54000021042209902800FCF72EFDC64B2000E6
:105F64001900984605F0BCFA061E00D10AE3002584
:105F74000EAB9B46C14B0B93C14B9A46C14B089346
:105F840059463000FFF750FF0400FF2863D05B46FA
:105F94001F78002F67D07722089B1B7893435ED02D
:105FA400584605F07DFD0A90462C11D8A300994669
:105FB4004A46B54B9B589F4620223800B349FEF70A
:105FC4005BF9B34B1D4200D1CFE20023079A137053
:105FD40053461B78002B04D12BB2002B01DA00F0BE
:105FE40033FD4146002005F07BFA061EC8D12B0084
:105FF400A848A94A0B99FEF7B1FB28008F239B0000
:106004009D44F0BCBB46B246A946A046F0BD0A9BDF
:10601400062B01D100F0C7FC85231B021D43534608
:106024001B78002BDDD1B3702B129C4A803B9B0064
:106034009A58FF2C2CD1079C330020009849FEF776
:106044001BF9F02223000B9992009648FEF786FB79
:1060540002F0AEFAD1E784231B021D43DFE7862357
:106064001B021D43DBE7904B079F820099583800C1
:10607400914602220A930237FCF7A4FC452C9BD8D4
:106084004A468A4B9B589F4681231B021D43C6E701
:10609400A300994684484B46C658CCE72923099A5D
:1060A400D35C002B00D056E22A33D35C082B00D0FB
:1060B40051E22333D35CDC2B00D04CE283231B025C
:1060C4001D43ACE7380001F033F806ABD8760A9BE1
:1060D400012BA1D101289FD8E323099AD05477E753
:1060E400380001F025F806ABD8760A9B012B93D132
:1060F400012891D8E723099AD05469E7584604F057
:106104006DFD80235B02984286D2D222099983B224
:1061140088540A001B0AD232537059E7584604F0D7
:106124005DFD80235B02984200D375E7D422099970
:1061340083B288540A001B0AD432537048E7584685
:1061440004F04CFD80235B02984200D364E7CF2225
:10615400099983B288540A001B0ACF32537037E777
:106164000DAF3900584600F067FF002800D153E70F
:106174002F233A781FE00DAF3900584600F05CFF3A
:10618400002800D148E737233A7814E00DAF3900EE
:10619400584600F051FF002800D13DE733233A78F8
:1061A40009E00DAF3900584600F046FF002800D141
:1061B40032E7C8233A780999CA547A780133CA5421
:1061C400BA780133CA54FA780133CA5400E70A9BF7
:1061D400132B00D920E7202F01D000F01BFC002353
:1061E400099A9371F4E6380000F0A2FF06ABD87662
:1061F4000A9B012B00D00FE7062800D90CE7642185
:10620400002002F06FFA06ABDA7E3B230999CA54E8
:10621400DEE6380000F08CFF06ABD8760A9B012B33
:1062240000D0F9E6012800D9F6E6E023099AD05413
:10623400CEE6380000F07CFF06ABD8760A9B012B33
:1062440000D0E9E6042800D9E6E6E223099AD0540E
:10625400BEE6380000F06CFF06ABD8760A9B012B33
:1062640000D0D9E6012800D9D6E6D123099AD05422
:10627400AEE6C046C4FDFFFF78C50020A4DC0020C4
:10628400F2E200207935012048DA0020D8C5002048
:10629400B080FFFF18C70020CA030000FCE0002004
:1062A400F4C60020FCC6002018E1002064DB0020B6
:1062B40006AA94461B2363441900584600F052FF73
:1062C4000F2206ABDB7E06A91A40CA760A99022978
:1062D40000D9A1E60E21194200D09DE619091F2B11
:1062E40000D999E6EF230998C1540133C254012916
:1062F40000D06DE6012001F073FF69E6584604F012
:106304006DFC80231B03984200D80AE383220023F8
:10631400099952008B548A1853709370D370852353
:10632400DB221B020B999200D9481D43FEF716FA93
:1063340075E6584604F04CFC0A9B032B00D96BE627
:10634400431E9BB2FE2B00D966E6CC23099AD05497
:106354003EE6380000F0ECFE06ABD8760A9B012B33
:1063640000D059E6012800D956E6C723099AD0542B
:106374002EE6584604F032FC80235B02984200D398
:106384004AE6099B82B23D33120A18705A701FE61E
:10639400584604F023FC80235B02984200D33BE67A
:1063A400099B82B23F33120A18705A7010E60DAF7F
:1063B4003900584600F040FE4623002800D0DDE2B4
:1063C40001220999CA545B461B78202B00D000E3B4
:1063D4002733C854FCE5584604F0FAFB0A9B022B09
:1063E40000D919E683B20D2B00D915E6EA23099AE0
:1063F400D054EDE5380000F09BFE06ABD8760A9B3E
:10640400012B00D008E6012800D905E6EB23099A00
:10641400D054DDE5380000F08BFE06ABD8760A9B3D
:10642400012B00D0F8E5022800D9F5E5EC23099A00
:10643400D054CDE5380000F07BFE06ABD8760A9B3D
:10644400012B00D0E8E5012800D9E5E5ED23099A00
:10645400D054BDE5380000F06BFE06ABD8760A9B3D
:10646400012B00D0D8E5042800D9D5E5E823099903
:10647400CB5C023B012B00D8D8E2EE23C854A7E53D
:10648400584604F0ABFB80235B02984200D3C3E57B
:10649400CD22099983B288540A001B0ACD32537065
:1064A40096E5584604F09AFB80235B02984200D399
:1064B400B2E5F122099983B288540A001B0AF13229
:1064C400537085E5584604F083FB0A9B042B00D9DE
:1064D400A2E5802380B21B01984200D99CE5F323F6
:1064E400099AD0541300000AF333587070E50A9BDC
:1064F400022B00D090E5584600F002FE002800D19F
:106504008AE506AA94461B2363441900584600F002
:1065140029FEF52206ABDB7E09998B54002B00D0B3
:106524008DE204328B5453E50A9B092B00D973E5A1
:10653400202F00D067E2D62300220999CA5447E5E8
:106544000A9B092B00D967E5202F00D054E20023D1
:10655400099AD3773CE5099A58464E49293200F006
:1065640049FE002800D033E556E5380005F098FAD6
:1065740004000322414638180234FCF723FA3B197D
:1065840007932EE5444A002300250B9230E581232E
:106594001B021D430023079A1370404B1B78002BEA
:1065A40000D01EE50A980023B3702B123C4A803BAE
:1065B4009B009A586FE50B2001F0FCFD394902005D
:1065C4003800FDF759FEFCE40A20F5E7F023EF223A
:1065D40009993800CB5C8A5C3349FDF74DFEF0E441
:1065E400E723099A3800D25C2E49FDF745FEE8E41A
:1065F4002A23292209992D48CB5C8A5C0A902E20F3
:10660400085C03902D20085C02902C20085C01900B
:106614002B20085C0A9900903800FDF72DFED0E489
:10662400099B3800991D05F033FACAE409982049FA
:1066340043780278807800903800FDF71DFEC0E4AE
:10664400E223099A3800D25C1649FDF715FEA2220E
:106654003B000B9952001748FEF780F8B1E4E023A1
:10666400BFE73B23BDE7C723BBE7C923C82209997A
:106674001148CB5C8A5C0A90CB20085C0190CA204C
:10668400085C0A9900903800FDF7F6FD99E4C046CD
:1066940098C6002094C60020A4DC0020F2E200206A
:1066A400FCE00020A8C50020F4C500207CC5002023
:1066B4009CC50020ACC50020CCC500203423332267
:1066C4000999E348CB5C8A5C0A903620085C019007
:1066D4003520D5E7382337220999DD48CB5C8A5C1D
:1066E4000A903A20085C01903920C9E730232F2210
:1066F4000999D748CB5C8A5C0A903220085C0190E7
:106704003120BDE7CF23D0220999CB5C8A5C3800C5
:106714001202D0491A43FDF7AFFD52E4D42309997C
:10672400D522CB5CF2E7D2230999D322CB5CEDE7E7
:10673400D12356E7D623099AD35C002B00D13BE43E
:1067440011003800D63105F0A3F93AE4E523E42238
:106754000999C148CB5C8A5C0A90E620085C0A99D6
:1067640000903800FDF788FD2BE4E32339E7F52397
:10677400099A3800D25CB949FDF77EFD21E4F32380
:106784000999F422CB5CC1E7F1230999F222CB5C8D
:10679400BCE7CD230999CE22CB5CB7E7EE2320E7F3
:1067A400ED231EE7EC231CE7EB231AE7EA2318E7A3
:1067B4004623099AD35C002B00D111E14723D35C13
:1067C400002B01D1FFF7F8FB11003800473105F029
:1067D4005FF9FFF7F6FB7722A14B1B78934300D1B7
:1067E400F3E03D230999CA5C0133CB5C1B021343DC
:1067F400012B00D115E188231D43FFF7E6FB3C2262
:106804000999984B8A5C38009200D15805F040F9F8
:10681400FFF7D7FBE82399464946099B924A5B5CFC
:1068240038009B0099580A9205F032F94946F12242
:10683400099B52005B5C8D480B99FDF78FFF48461E
:10684400099B0A9A1B5C0B999B009B58E42288487D
:10685400FF32FDF783FFFFF7B4FB7722804B1B78F1
:10686400934300D1B1E080231D43FFF7AEFB0E2319
:10687400FF33B6E6CC23B4E6E823B2E601F098FE93
:10688400062238007B49FCF79DF8FFF79AFB3F236B
:1068940009994022CB5C39E73D2309993E22CB5C20
:1068A40034E7099B9B79002B01D1FFF785FB292352
:1068B4002E20099A911DD35C0A91105C6E490490B4
:1068C4002D20105C03902C20105C02902B20105C77
:1068D40001902A20105C0A9A00903800FDF7CCFC45
:1068E400FFF76FFB77225E4B1B7893436DD0202319
:1068F4001D43FFF76AFB7722594B1B78934364D0FF
:1069040010231D43FFF761FB099BDB7F002B01D1A3
:10691400FFF752FB099938001F3105F0B9F8FFF76A
:1069240050FB8323099F5B00F854020AFB185A703A
:106934000202120E000E9A70D87004230122FF3353
:10694400FA544E48C03B1D432E32133BBA5CFB5CE9
:1069540002903220385C4A4901903120385C009022
:106964000798FDF789FC6421002001F0BBFE454A2D
:106974000B994548FDF7F2FEFFF72AFB0022099820
:106984005946C2543A78053BC2547A780133C2540A
:10699400BA780133C254FA780133C254473005F04F
:1069A40077F8FFF715FB584600F0AAFB002801D141
:1069B400FFF732FB09995846E43100F0D3FB002875
:1069C40001D1FFF729FBFFF703FB862212021543CF
:1069D400E1E508005946473005F05AF8FFF7F8FAA0
:1069E40042331100D35C412219488A5C0A90442046
:1069F400085C0190432043E6099859461F3005F08E
:106A040047F8FFF7E5FA09985946D63005F040F8FB
:106A1400FFF7DEFA099B5946981D05F039F8FFF790
:106A2400D7FA84235B011D43FFF7CFFAC31E012B62
:106A340000D822E5EE230022CA54FFF7C9FAF9234D
:106A44000122CA54FFF7C4FAA30099460F48AAE5E5
:106A5400CCC50020A8C50020E4C50020DCC500206A
:106A6400793501203CE2002058E2002004C60020D1
:106A740044C60020FCC5002068C2002052C30000A8
:106A8400C0C6002079030000D4C6002018E100200D
:106A9400F0B54746CE4680B5544C8846A54404001C
:106AA400FEF7B0FE0500CA200026514F80003E705C
:106AB40003F0AEFE002800D183E0222808D0002491
:106AC400200089239B009D44C0BCB946B046F0BD5C
:106AD400012003F0B7FF021EF1D01A236B442100FA
:106AE40000939946012007AB03F0B0F90004000CB1
:106AF400265408A92000FFF797F92028DFD1089B26
:106B0400013365D029000622293108A804F02EFC9F
:106B14000028D4D188223B7813432E203B70802157
:106B24002923285C334AEB5C525804902D20285CBE
:106B3400314903902C20285C0A3402902B20285CD5
:106B440001902A20285C00904046FDF795FB200028
:106B540008A9FFF769F92128B1D16B4620229B18B7
:106B64001B78202B3DD0290008A81F3104F04CFFCE
:106B74000028A4D108A804F093FF4646071D0A364E
:106B84003A00050021003000F619FBF71BFF310025
:106B9400E019FFF7CDF90400300004F081FF494605
:106BA4002A1809880E320091144B414692B20120F2
:106BB40003F082F843461249124A1348FDF7CEFD0A
:106BC4007EE700230221114A012002F029FE76E724
:106BD4006B469A8C0E4B9A4294D180223B78134395
:106BE4009BE7EB7F002BC5D0BDE7C046DCFDFFFF74
:106BF4007935012018E1002060C7002074C7002007
:106C040094DC00200C0400007CC7002051C3000069
:106C1400FFFF0000F0B5C64600B5C8B088460400C2
:106C2400FEF7F0FD0700D220800003F0F1FD0025FF
:106C34005A4E3570182820D01AD800281DD017288D
:106C440010D19220800003F0E3FD0123034200D021
:106C54008DE0534B1A78012A20D0022003F0F2FE73
:106C6400021E1ED10024200048B080BCB846F0BDEE
:106C74001C28F7D1022002F0AFFE022002F06CFEC5
:106C8400202301210220474A02F0CAFD0228E9D14B
:106C94000022454B1A7002F069FEE3E700221A70E5
:106CA400DBE72100022002F081FF002203041B0C19
:106CB400E318013B20001A7007A9FFF7B5F8202854
:106CC400D0D1079B01335CD039000622293107A8B3
:106CD40004F04CFB0028C5D18822337813432E20BE
:106CE400337080212923385C304AFB5C525804906D
:106CF4002D20385C2E4903902C20385C0A340290F5
:106D04002B20385C01902A20385C00904046FDF727
:106D1400B3FA200007A9FFF787F82128A2D16B4610
:106D24001B7F202B36D0390007A81F3104F06CFEDE
:106D3400002897D107A804F0B3FE4646071D0A367B
:106D44003A00050021003000F619FBF73BFE310044
:106D5400E019FFF7EDF80400300004F0A1FE2A1852
:106D64000E32414692B2022002F080FE7BE792206E
:106D74000D4A012113700F4B80001D8003F078FD34
:106D840067E76B461A8C0C4B9A429DD1802233786C
:106D94001343A4E7FB7F002BCCD0C4E77935012053
:106DA4007735012051C300006935012018E1002026
:106DB40060C7002042350120FFFF0000F0B5DE4629
:106DC4004E4657464546E0B583B0FEF71BFD784B6B
:106DD40006001B78002B17D0764D0024764F39001F
:106DE4002800FFF755FE390004432800FFF712FF7F
:106DF400A4B2204380B2FEF75DFF03B0F0BCBB46F3
:106E0400B246A946A046F0BDFEF7FCFC804601F060
:106E1400EFFB0028E0D0FEF7F5FC019001F0E8FB61
:106E24000328D9D98022634D002128001201FBF7E1
:106E3400C3FD80231B012F000024994601F09AFB17
:106E44002300C0B201343870A4B20A286ED00137CE
:106E54004C45F3D1594A2B88934200D189E0584AD2
:106E6400934200D185E0574F574B2A88A1463C00F6
:106E74009A421FD180231B019F4200D394E0534ABE
:106E84009A469346EC1903E00134574500D180E05B
:106E940001F070FB59462070280004F0C9FCB94683
:106EA4000137BFB20028EFD00A2001F019FB3C00E3
:106EB40001F07EFB00232C19454A237045492B0021
:106EC4004548FDF74BFCE723019AD35C012B56D0D0
:106ED400280004F0E5FD002800D17EE78822364F23
:106EE4003E4B390028001A70FFF722F83B788146A0
:106EF4000400002B0BD0E2234246D35C002B43D189
:106F0400380004F0CDFD81B2380001F0F9FA4B46A7
:106F14001B0400D463E7E223F35C002B00D15EE79B
:106F24004A462F492F48FDF719FC58E723492A8878
:106F34008A4233D18023A1461B019C421BD02A4A9A
:106F44009A4693462F1902E00137544521D001F0A7
:106F540011FB59463870280004F06AFCA14601343C
:106F6400A4B20028F0D00A20FAF794F901F020FB2B
:106F7400A0E7144B99464B465C1CA4B29AE74946D9
:106F8400280001F0BDFAA3E739001848FDF7E6FB35
:106F9400B6E780231B0199460A4C8BE708498A42CD
:106FA400C8D027001C005FE70134B946A4B281E7CA
:106FB400F2E20020A40C0120A40401204F430000AD
:106FC4004C43000001080000504B0000B8C70020EB
:106FD400C10400007CDC0020D8C7002079350120E2
:106FE400D0DC0020F8C700209CC70020F4C7002094
:106FF4000C4B1B78002B11D00B4B0C4A1988914277
:107004000DD01A88013292B21A801988084A914226
:1070140004D90121074A117000221A807047002206
:107024001A80F2E76935012042350120FFFF000094
:10703400973A000077350120F0B5DE464E464546C6
:107044005746E0B585B08B46019004F029FDC3B2E4
:10705400984603AE032200213000FBF7ADFC434603
:10706400073B082B41D8254B00249A4604230021D2
:1070740000200025994612E08300C31810005B002D
:107084003038181880B2FF282FD84B1CDBB272544A
:10709400042B2AD001341900E3B298451ED9019B70
:1070A4004F461A5D53469B5C1F42E5D12E2A1CD1E4
:1070B4000135EDB2042D18D8300003F089FD5B468C
:1070C4005B19013B18700021032230000134FBF7E7
:1070D40073FCE3B2002100209845E0D8300003F0AF
:1070E40077FD5B465855012000E0002005B0F0BC58
:1070F400BB46B246A946A046F0BDC04629DF0020E3
:1071040070B5040004F0CCFC002305004421074EB4
:1071140007E00800E25CB25C1040114204D0013385
:10712400DBB2AB42F5D3012070BDC04629DF00209D
:1071340010280FD90A4B1B5C5B0702D53038C0B24C
:1071440070470300283B3E2B06D94728F8D931382D
:10715400C0B2F5E7FF20F3E75138C0B2F0E7C0460C
:1071640029DF0020F0B5C64600B505000E0004F086
:1071740097FCC30736D4C4B2102C33D8287800281F
:1071840031D0002C32D02A000227BB1A310003254B
:107194009846174E10E03738C0B2392B1FD9373B09
:1071A400DBB2000103430B7043469B18DBB2013191
:1071B4009C421BD990780232335C2B40022B01D1C4
:1071C4002038C0B25378F75C2F40022F01D1203B06
:1071D400DBB23928DFD83038C0B2392BDFD8303BA6
:1071E400DBB2DEE7002080BCB846F0BD0120FAE740
:1071F40029DF0020F0B54E464546DE465746E0B549
:10720400037806008846914685B0002B38D004F0F8
:1072140047FCC0B2112833D112239B4600239A465F
:107224001B4D02AFB34401AC310003222000FBF735
:10723400C9FBA178002904D0404604F0BBF800281B
:107244001ED053462000A37004F02AFC00234421DE
:1072540005E0E25CAA5C114212D00133DBB2834246
:10726400F7D3390020000336FFF77CFF0137B3451D
:10727400DAD10622484602A9FBF7A4FB012000E06C
:10728400002005B0F0BCBB46B246A946A046F0BDFE
:1072940029DF002030B587B0FEF7B4FA6D4604004C
:1072A400A81D02F04DFA0E236B44180002F054FAA4
:1072B4000A236B44180002F05BFA12236B44180093
:1072C40002F062FA2100684606222931FEF702FC28
:1072D4002000A91D04222F30FEF700FC0E232000FD
:1072E4006B44190004223330FEF7F8FB0A23200014
:1072F4006B44190004223730FEF7F0FB1223200000
:107304006B4404221900C830FEF7E8FBC723E35C92
:1073140069465A1E934100200133AB7502F036FFD3
:1073240007B030BD7047C04610B5FEF76FFAFEF7E0
:107334009FFB10BD10B50024200001346421E4B289
:1073440001F0D0F9082CF7D1BFF34F8F034B044A57
:10735400DA60BFF34F8FC046FDE7C04600ED00E0A2
:107364000400FA05BFF34F8F034B044ADA60BFF3FE
:107374004F8FC046FDE7C04600ED00E00400FA056B
:10738400014B024A1A60704700E00040BFEDFBFF6A
:10739400034A43689060026882F30888184770477C
:1073A40000ED00E0F0B5DE464E4657464546E0B5F2
:1073B4008DB0FEF727FA04000434FF34FEF722FAF6
:1073C4002279E37812021A436379E1301B041343F0
:1073D400A279060012061A438023511E40781B032B
:1073E400994200D384E1D14B0493002800D07AE180
:1073F400CF4B03209A46002352461360CD4B0027FF
:107404001A0007930123137002F0A6FAA0231B03AA
:107414000193C94B09960693C84B0093C84B059337
:10742400C84B0393C84B9946FAF792F9FEF7EAF969
:107434000500DA2000236A468000938503F0E8F90A
:10744400182800D1DDE000D9BEE0002800D1D8E042
:10745400172876D19A20800003F0DAF90123034239
:1074640000D003E1009B1B78012B00D10AE103202B
:1074740003F0E8FA002864D08023021C1B01984220
:1074840000D906E1B14B0435FF3519689B462B79C9
:10749400E8781B020343687992B200041843AB797D
:1074A4001B0603435018984201D95B1A9AB2A84BA1
:1074B40003201900029302F079FB83B208935B4620
:1074C40080461A680604360CB2183100A1481A60C6
:1074D400FDF744F943466A465BBA93850BA9022239
:1074E400032002F0C3FA002398464246059B1A8003
:1074F4005B4619682B79EA781B0213436A791204F4
:107504001A43AB791B0613438B4200D8C3E0089B94
:10751400002B16D0BB199B4680238F4D5B019846E8
:1075240078199B4500D37DE032000299FBF74AFAB3
:107534005F46534652461B689B1913600023039A07
:1075440013804B461B78012B47D0009B1B78012BE3
:1075540000D1BFE02379E2781B021343627912045D
:107564001A43A3791B06134352461268934200D967
:107574005AE7CB46202579480499FDF7EFF823799B
:10758400E2781B021343627912041A43A3791B069F
:10759400134352461268934200D191E00023079AA4
:1075A400039913700B80069A059913700B800022BF
:1075B4005B461A70009B1A7028000DB0F0BCBB46E5
:1075C400B246A946A046F0BD1C28BAD1032002F059
:1075D40003FA4B461B78012BB7D1099ECB4673782F
:1075E400002B00D088E053461A682379E1781B0207
:1075F4000B436179402509041943A3791B060B4306
:10760400B9E7202301210320554A02F009F9032890
:1076140097D100224D4B1A6002F0A8F95148FDF7AA
:1076240019F88EE7504F02995F44F31B1A009B46EA
:10763400FBF7C8F9019A04994C48FDF78FF84246C4
:107644002900019800F018FC802252019446019B05
:1076540042466344FF2128000193FBF7ADF90299E8
:107664003A0028005944FBF7ADF962E79A20069ADC
:1076740001218000137003F0FBF8009B1B78012BA1
:1076840000D0F4E63A48FCF7E5FF032002F064F981
:1076940057E71A1CF6E63748FDF760F80023414621
:1076A400079A03201370069A1370039A1180059A9F
:1076B40011804A461370009A137002F08DF926E780
:1076C400002F1DD12C480499FDF748F8012380258B
:1076D400A37263E7099ECB467378002B83D02748B7
:1076E400FCF7B8FF7FE719002548FDF737F87FE678
:1076F400002815D140255FE72248FCF7ABFF72E76D
:10770400019D04992A002048FDF728F80A2000F07A
:10771400E7FE802228001049520100F0ADFBD1E7BA
:1077240002491A48FDF71AF8402545E75CDD0020B8
:107734003C3501206C3501206B3501207435012066
:107744004C3501204E35012075350120EC340120E3
:10775400AC1401209CCA0020AC240120B4CB00202E
:1077640052C3000004CB002000F0FFFF20CB002018
:107774007CCA0020D0CA00201CCC00207CCB002076
:1077840034CA002044CB0020ECCB0020C0C9002028
:1077940070B5FEF737F80400FEF734F80434FF340C
:1077A4002279E37812021A43637901001B0413431C
:1077B400A279E13112061A438023501E1B0398421A
:1077C40027D24B78294E002B3ED10025284B80220E
:1077D400E91880239B02E818520100F04DFB802336
:1077E4005B019C462279E37812021A43637965446B
:1077F4001B041343A27912061A436346D318AB42FF
:10780400E4D8130031002A001A48FCF7A7FF00202F
:1078140070BD0D004978154E002904D1164B9A42CB
:10782400D3D10025EDE731001448FCF797FF227906
:10783400E37812021A4363791B041343A2791206F4
:107844001A436B78002BE9D031000D48FCF786FF12
:107854002279E37812021A4363791B041343A27951
:1078640012061A43044B9A42AFD1DAE748DD0020EE
:1078740000000A1000CD002000F0FFFF48CC0020DB
:10788400BCCC002010B500280CD10A4B1C68220087
:1078940009490A48FCF762FF0320013C4042A04228
:1078A400804110BD012802D1054B1C68EFE701207F
:1078B4004042F6E70000021034DD00203CCD0020F9
:1078C40000000A10F0B583B0FDF79CFF05001248D4
:1078D400FCF7C0FE114C124F124E3A00210030004A
:1078E400FCF73CFF2100104A1048FCF737FF210049
:1078F4000F48FCF733FF0F496B782A780191A97878
:107904000D4800912100FCF729FF3A0021003000C6
:10791400FCF724FF03B0F0BD84C400201CDD00206C
:107924005CCD002090CD002034C20020A4CD0020E6
:10793400B8CD002010CE0020E0CD0020F0B5D64612
:1079440046464F46C0B582B0FDF75CFFCA4C050001
:10795400821D2100C948FCF701FF9623DB00EA18C9
:107964002100C748FCF7FAFE9B23DB00EA1821003C
:10797400C448FCF7F3FE3B22AA5CC34B9200D258E6
:107984002100C248FCF7EAFEE823E95CC04BC14889
:10799400984642468B00D35801228A4292412100E4
:1079A4005242FCF7DBFE2100BB48FCF7D7FEC7239D
:1079B400EB5C012B00D140E1B84A2100B848FCF748
:1079C400CDFE2100B748FCF7C9FE3E223D23AA5C48
:1079D400EB5C12021A432100B348FCF7BFFE2100FE
:1079E400B24AB348FCF7BAFE2100B24AB248FCF7E7
:1079F400B5FED820400102F00BFFB04B020021007D
:107A04001800FCF7ABFE2100AD48FCF7A7FE2B00E5
:107A1400AC4E1F3332002100AB48FCF79FFE21001F
:107A2400AA48FCF79BFEE023EB5C3200012B00D05C
:107A3400A74AA84B2100A848FCF790FE2100A748BC
:107A4400FCF78CFE2100A648FCF788FECE22CD234D
:107A5400AA5CEB5C12021A4300D1C5E02100A148E4
:107A6400FCF77CFEA04F2100A048FCF777FED02253
:107A7400CF23AA5CEB5C12021A4300D1BBE02100C5
:107A84009B48FCF76BFE21009A48FCF767FE210037
:107A94009948FCF763FE00F01FFE002800D1CEE0F9
:107AA400012800D1ADE0954A21009548FCF756FE27
:107AB400944B21001A0094489946FCF74FFEE823A2
:107AC40042469A46EB5C21009B00D2588F48FCF753
:107AD40045FEEA22AA5C8E4B9200D1588D48FCF7F1
:107AE4003DFEEB228C4BAA5C8C48995CFCF736FE7D
:107AF400EC22AA5C8A4B9200D1588A48FCF72EFEED
:107B0400ED22894BAA5C8948995CFCF727FE534611
:107B1400EB5C012B00D89FE0023B012B00D890E0E6
:107B240021008348FCF71AFE4A4621008148FCF7ED
:107B340015FE8149814B824A009182482100FCF75D
:107B44000DFE21008048FCF709FE21007F48FCF768
:107B540005FEF222F123AA5CEB5C12021A4366D002
:107B640021006348FCF7FAFD21007948FCF7F6FD93
:107B7400F422F323AA5CEB5C12021A4343D02100E3
:107B84007448FCF7EBFD21007348FCF7E7FDF9238B
:107B9400EB5C012B44D0210038004D4AFCF7DEFD9C
:107BA40021006E48FCF7DAFDE323EB5C3200012B85
:107BB40000D0474A21006A48FCF7D0FDE621E523BE
:107BC400E422695CEB5CAA5C664800912100FCF746
:107BD400C5FD21003800644AFCF7C0FD02B0E0BCDA
:107BE400BA46B146A846F0BD3F4F21003800384A96
:107BF400FCF7B4FD37E721003800354AFCF7AEFD49
:107C040041E75A4A50E72100314A3800FCF7A6FD03
:107C140021005148FCF7A2FDF923EB5C012BBAD1FA
:107C2400F4332100EA5C5248FCF798FDB8E72100E0
:107C34003800274AFCF792FD96E74E4ABDE6244AEF
:107C440032E7EE23EB5CDA1E012A0ED94A4B4B488D
:107C54001968FCF783FD63E7EE22AA5C464B9200A9
:107C6400D1584648FCF77AFD5AE7434A9B00995895
:107C74004248FCF773FD53E704DD002060CE00208A
:107C840084CE0020A8CE0020D4E20020CCCE002058
:107C940058E20020F0CE002028CF00202CCE002077
:107CA4004CCF00207CCF00209CCF002051C300008B
:107CB400C4CF002052C30000F4CF002024D0002001
:107CC40054D0002034CE002078D0002094D000205E
:107CD4003CCE0020C4D00020E4D00020FCD0002002
:107CE4002CD1002050D1002090CD00206CD1002058
:107CF40090D10020ACD10020D0D1002054CE00205F
:107D0400F8D100200CD2002014D2002034D200205C
:107D140094E2002058D2002090E2002064D2002097
:107D240084E2002068D2002080E200206CD200208F
:107D34005CC3002088D20020E0D20020A8D200201A
:107D4400B0D20020C0D20020E8D2002018D30020F6
:107D540030D3002048D3002064D300209CD30020DB
:107D6400D0D30020E4D300205CCD002048CE0020F6
:107D74007CD3002018CE00206CE2002074D20020B6
:107D840010B5FDF73FFDC723C35C002B07D0094B9B
:107D94001B78012B04D008490848FCF7DFFC10BD10
:107DA40001F0FEFC064B020003491800FCF7D6FC68
:107DB400F5E7C04676350120ECDC002048D40020ED
:107DC40014D40020F8B5CE4647461F4E80B5310086
:107DD4001E48FCF7C3FC1E4F0320390001F048FC89
:107DE4001C481D4A010000F037FE1C4B0025984634
:107DF4001B4B994606E02A0031004046FCF7AEFCD6
:107E0400FEF7DCFF01F036FB04006420F9F742FAC8
:107E1400042C0FD0002CF3D10135EDB2042DEAD19E
:107E240031004846FCF79AFC3900032001F020FC9D
:107E34000025E5E731000B48FCF790FC0420C0BCAA
:107E4400B946B046F8BDC046DCDC002068D400204A
:107E5400AC1C01209570002025710020E0D4002086
:107E6400B0D4002090D4002010B50248F8F768FF81
:107E740010BDC046A4140120F8B557464E464546E9
:107E8400DE468946E0B505001700002901D0002A26
:107E940009D15B495B48FCF761FCF0BCBB46B246C8
:107EA400A946A046F8BD80204001FAF767FD564E6A
:107EB4003060002800D19DE03B051A0D9046002B50
:107EC40043D19B46514CAA462268C244EFF3108129
:107ED40072B61368002BFCD0BFF35F8F6160802102
:107EE4005046490104F02EF822686368BFF35F8F9F
:107EF4005946116083F31088802249463068414412
:107F04005201FAF75FFD2268EFF3108172B613682D
:107F1400002BFCD0BFF35F8F802261605046316834
:107F2400520104F057F822686368BFF35F8F594623
:107F3400116083F3108880235B019C46E04447452D
:107F4400C1D83068FAF72CFDA7E7002398468023B0
:107F54005B019B4600239A462C4C802380225B05C0
:107F64005201E918FAF72EFD2268EFF3108172B678
:107F74001368002BFCD0BFF35F8F61608021280061
:107F8400490103F0DFFF22686368BFF35F8F514646
:107F9400116083F3108843463068FA1A5A4501D9B0
:107FA4008022520149464144FAF70CFD2268EFF35E
:107FB400108172B61368002BFCD0BFF35F8F802250
:107FC400616028003168520104F004F82268636893
:107FD400BFF35F8F5146116083F3108880235B01E8
:107FE4009C46E044306865444745B6D83068FAF7A3
:107FF400D7FC52E702490648FCF7B0FB4DE7C04600
:1080040070DD002018D50020A0040120A414012054
:1080140038D5002003000800802110B549055918FF
:10802400FAF7D0FC10BDC04610B50B4C2268EFF334
:10803400108172B61368002BFCD0BFF35F8F6160B0
:108044008021490103F07EFF0CCCBFF35F8F002138
:10805400116083F3108810BDA414012010B500280A
:1080640018D1154C2268EFF3108172B61368002BF7
:10807400FCD0BFF35F8F8020616080218002090300
:1080840003F060FF0CCCBFF35F8F0021116083F31A
:10809400108810BD0128FCD1074C2268EFF3108131
:1080A40072B61368002BFCD0BFF35F8FA020616011
:1080B400802100030903E3E7A414012070B5040040
:1080C40015000E00F8F75AFC0123D022A340120633
:1080D400002E05D19362012D05D0022D09D070BD6B
:1080E4005362012DF9D1002201212000F8F7F2FB9F
:1080F400F5E7012200212000F8F7ECFBEFE7C0468A
:108104000123D02283401206936170470122D023B9
:1081140082401B065B6813405A1E9341D8B27047D5
:108124000B0010B50021032B01D8034AD15C0122B6
:10813400F8F7F8FB10BDC0467CDD002010B5FDF754
:1081440061FBE830C3790400012B03D0237A012BAF
:108154000DD010BD0820F8F711FCD02380221B0697
:1081640052005A629A615A61237A012BF1D1092093
:10817400F8F704FCD02380221B0692009A62E8E7F9
:1081840070B504000D00FDF73DFB0A2C0AD00B2C42
:1081940000D070BDD02380221B061201012D07D010
:1081A4009A61F6E7D02380221B06D200012DF7D175
:1081B4005A61EEE7030010B50A2803D000200B2B08
:1081C40007D010BDFDF7F8FA013843425841C0B258
:1081D400F7E700F07BFA023843425841C0B2F0E7B7
:1081E400D02380221B065200012801D09A617047D7
:1081F4005A61FCE710B5FDF705FB0A20F8F7BEFB52
:10820400D02380221B06D2005A629A61FDF7DCFA61
:1082140010BDC04670B5FDF7CFFA0D4D04002B78A4
:10822400834209D0012809D0FDF7ECFAD02380223B
:108234001B06D2009A612C70200070BDFDF7E2FA93
:10824400D02380221B06D2005A612C70F4E7C0466A
:108254007E350120FA21074A8900138801339BB235
:1082640013808B4204D3002313800122024B1A7023
:108274007047C046583501207335012010B50028D9
:1082840007D0012800D010BD90204003FFF7C2FEA4
:10829400F9E792204003FFF7BDFEF4E710B50400B0
:1082A400080011001A00072C06D80D4BA4001B5916
:1082B4009F460C48FFF7E0FD10BD90204003FFF7F8
:1082C400DBFDF9E70848FFF7D7FDF5E79120400308
:1082D400FFF7D2FDF0E792204003FFF7CDFDEBE777
:1082E40080DD0020003012000010120010B50528B7
:1082F40018D009D800281AD001281DD19020400395
:10830400FFF792FE174C06E0062803D191204003A4
:10831400FFF78AFE134C21001348FCF71FFAF9F704
:1083240017FA10BD1148FFF77FFE0E4CF3E7104813
:10833400FCF790F90B4CEEE7032808D1094C0D48E3
:108344002100FCF70BFA0020FFF788FEE3E704287E
:10835400E0D10120FFF782FE024C07482100FCF720
:10836400FDF9D8E7A0DD0020E0D5002000101200C0
:1083740068D5002080D50020B0D50020D0B50126D6
:1083840000273C4A3C4C13683C4901331360238862
:1083940001339BB223800A684B6892197B410A60BF
:1083A4004B6000F05FFAFEF723FEFFF753FF2288CD
:1083B400334B9A4228D8334C23783B2B1CD8324B6E
:1083C4001A783B2A10D8314B1A78172A06D900227A
:1083D4001A702F4A138801339BB213802D4C2378D3
:1083E400002B2CD10120D0BD00221A70274B1A7803
:1083F4000132D2B21A70E7E700232370224B1A78B5
:108404000132D2B21A70DBE7002323801D4C23789B
:108414000133DBB2237001F08BF91F4902200A6893
:108424004B6892197B410A604B601C490A684B688F
:1084340092197B410A604B60FDF7D6F9BCE7184EF0
:10844400336801333360FDF7C9F9002803D00023F2
:1084540023703360C6E7134B32689A42C2D9FEF7E1
:1084640063FFBFF34F8F104B104ADA60BFF34F8F97
:10847400C046FDE784FF00205635012070EA002045
:10848400E60300007F3501207C3501207A35012088
:108494004A3501207235012078EA0020E8E80020FE
:1084A400980401208713000000ED00E00400FA05A1
:1084B40000B585B0F8F758FE064B074A029300232F
:1084C4000193064B009301235B42F8F7E7FF05B0E5
:1084D40000BDC04680EC002018FCFFFF7D81002019
:1084E400034A1368181813688342FCD37047C046C4
:1084F40084FF0020014B18685968704770EA002017
:10850400F8B54E464546DE46574681468846E0B5B0
:1085140000291ED0154B00269A467F2320259B4612
:10852400134C4B469F5DFDF76DF9E830C378012B82
:1085340003D0002B01D15B461F40534602229B5EB1
:10854400BB420DD0A3691D42FCD1013627604645CC
:10855400E7D34046F0BCBB46B246A946A046F8BDA8
:10856400A3691D42FCD10D232360EBE734350120C0
:108574000080034070B50A490A4C22880B889A424D
:10858400FBD02388084A2088D55C084B0130198821
:1085940089B2F9F745FB89B22800218070BDC04635
:1085A400483501204635012084EF0020D0E2002028
:1085B4000022024B1A80024B1A8070474835012072
:1085C4004635012010B5074C074A2388D054074B81
:1085D40020881988013089B2F9F722FB89B22180F9
:1085E40010BDC0464835012084EF0020D0E20020B1
:1085F400074B084A188810B51488074A00191288CE
:108604001988801A89B2F9F70BFB88B210BDC046ED
:10861400D0E20020483501204635012010B5040081
:10862400FDF7F0F8052C1ED8114BA4001B593B3064
:108634009F460423437000210B20FFF7A1FD10BDCA
:1086440005234370F7E700234370F4E701234370E5
:10865400F1E70223437001210B20FFF791FDEEE7C0
:1086640003234370E7E73B304378022BF3D0E2E780
:10867400B0DD002010B50400FDF7C4F8052C1ED8A9
:10868400114BA4001B593B309F4604234370002127
:108694000B20FFF775FD10BD05234370F7E700239A
:1086A4004370F4E701234370F1E70223437001218F
:1086B4000B20FFF765FDEEE703234370E7E73B304C
:1086C4004378022BF3D0E2E7C8DD002010B5FDF7B4
:1086D40099F83B30407810BD10B5FDF793F8E830B9
:1086E400407810BDF0B5D6464F4646468046C0B5E4
:1086F4008A46FDF787F8434605005801C2239B00CC
:108704009C46604402F084F80400FFF7F3FE8146BF
:10871400002C0AD03B23EB5C032B03D0172C0AD08C
:108724001C2C08D0404601F017F94046E0BCBA467C
:10873400B146A846F0BD002509E00D34F2D0FFF79C
:10874400D9FE4E460027801BB9418D4209DD4046C3
:1087540001F042F904000A20F8F79CFD012CECD149
:10876400E0E78D42DED18245F1D8DBE770B5050044
:10877400FDF748F80400FDF745F82A4B0600002DE4
:1087840026D11D70FDF73EF804233B3043700021D1
:108794000B20E134FFF7F4FC6378002B3AD100247A
:1087A4000025214B1C80FFF703FF204B1D70204B3D
:1087B4001D70204B1D70204B1C80204B1C80204BB7
:1087C4001C80204B1D70204B1D70204B1C8070BDE5
:1087D40001251D70FDF716F83B30457000210B2074
:1087E400FFF7CEFC3B23F35C022B0BD0E134637820
:1087F400002BD4D01648FBF72DFF0D211548FFF7A9
:108804007FFECCE70022144BE1341A706378002B0E
:10881400C5D0EFE71148FBF71DFF0D211048FFF706
:108824006FFEBCE7F2E20020623501206D350120C5
:108834006E3501207135012050350120523501205B
:108844005C350120783501206F3501205435012035
:1088540084D6002094D600207D35012064D60020E3
:1088640074D60020F8B5CE46474680B5FCF7CAFF5B
:108874003E4B1B78002B09D03D4A3E4B1188994250
:1088840000D16CE0138801339BB213803A4B1B7800
:10889400002B08D0394A374B118899423FD01388AE
:1088A40001339BB21380364A1378002B0DD0F12389
:1088B4003449C55CF13043780C881B022B43A34236
:1088C40026D90B8801339BB20B802F4B1B78002BCE
:1088D40008D02E4A274B1188994223D0138801339C
:1088E4009BB213802A4B2B4918880A88904203D2E2
:1088F4001A88013292B21A80274C2278002A03D0B7
:108904001A880B889A4210D0C0BCB946B046F8BD4C
:108914000023137001220B80204B1A70D5E700232B
:108924001380C0E700231380DCE71D4B1F789846B3
:10893400032F17D0002F0DD0002300259946194E80
:108944003078FFF73FFE4B460135EDB23370013608
:10895400AF42F5D10023424623701370D4E70023BD
:10896400138093E70122104B1A70F3E7703501204E
:108974005A350120FFFF00006E35012052350120D9
:10898400713501205C3501206A3501204435012010
:1089940054350120F0E200206F35012078350120A4
:1089A4008135012044EF002080350120F02010B5EE
:1089B40004220849000101F0D7FFA020042206493F
:1089C400C00001F0D1FF802004220449400001F0DE
:1089D400CBFF10BDB4EC0020B8EC0020B0EC0020BC
:1089E40010B58021002001F043FF002001F010FFAA
:1089F400902006220249000101F0B6FF10BDC046D6
:108A040098EC002010B58021002001F031FF0020F7
:108A140001F0FEFEF02004220B49000101F0A4FF46
:108A2400A02004220949C00001F09EFF80200422F6
:108A34000749400001F098FF9020062205490001F3
:108A440001F092FF10BDC046B4EC0020B8EC002049
:108A5400B0EC002098EC002070B5094B094D0A4C8D
:108A64002B600A4B0A4E23600A4B1E60002800D07C
:108A74002860002900D02160002A00D01A6070BD4F
:108A8400AD870020FCE20020F8E2002005880020E9
:108A9400E1870020F4E20020902010B582B06946FE
:108AA4000622000101F016FF154B00211C68154B2E
:108AB40020002360144B22301B681BBA63608023A0
:108AC4001B04A3600023E36023616361A3610F4B74
:108AD4001A689B88E26123840A22F9F76DFF20005B
:108AE400402200212C30F9F767FF2000802200216A
:108AF4006C30F9F761FFEC23054AE25002B010BD77
:108B0400D834012001010600A8EC002098EC0020D4
:108B140063825363F0B54E464546DE465746E0B59C
:108B240091B0FFF7B9FF0022924B934E1A60934B1A
:108B340035781A60924B934A1C68F023E25008225D
:108B44000433FF32E252904BDA78188891469A88BF
:108B5400110A8C46D1B28846F62160525988F8230E
:108B6400E1520233E2520C220233E252002D00D1D0
:108B7400E1E0EA3B1800010022181139EC3289B215
:108B84001570755C01339BB2002DF3D1051DAAB29B
:108B9400CD1D0631C9B206910100083189B2079191
:108BA4000100093189B2089101000A3189B20991A1
:108BB40001000292421D92B203920B31821D92B2C5
:108BC40089B204920A91C21D010092B2551B059507
:108BD4000F250C3189B20B910100AA460D3189B2DF
:108BE400824455460C910100871CC61C0E31ADB25F
:108BF4001030BFB2B6B289B20D9580B24D462D0980
:108C0400AB4637255D44AA464D469F2D02D83025F4
:108C14005D44AA465546E318EC331D704D460F23B8
:108C24002B403725A9469944092B02D8073DA9466C
:108C340099444B46E719EC373B7043461F093B0008
:108C4400454637339F2D00D8073BA619EC363370C1
:108C540045460F232B401E003736092B01D83033ED
:108C64001E00029BE5186346EC352E701D092B008F
:108C7400664637339F2E00D8073B039D6519EC35B4
:108C84002B7065460F232B401D003735092B01D867
:108C940030331D00049BA218E318EC331D70059BB0
:108CA400069DE318EC331D703723EC321370062253
:108CB4000125079B6118E318EC331A70089BEC310B
:108CC400E318EC331D70099B0235E318EC331D7077
:108CD4000A9BE318EC331A700B9B0932E318EC334C
:108CE4001A700C9B2B32E318EC331A703B230B7075
:108CF4000D9BC532E318EC331A703932904206D218
:108D0400121AEC30002192B22018F9F755FE012313
:108D14005B420F931D4B8922187843232100009353
:108D240092000FAB00F0C8FF11B0F0BCBB46B246D6
:108D3400A946A046F0BD20230D93023B0C93013BB2
:108D44000B93013B0A93013B0993013B0893013BBD
:108D54000793133B06930B33059306330493013BAC
:108D64000393013B029321201F2118221426132769
:108D7400033B43E7A4EC002000E30020A0EC002028
:108D8400D83401203501013D98EC002064350120E0
:108D9400F0B5DE4657464E464546E0B595B0FFF77A
:108DA4007BFEDE4B1C68DE4B1B78033B012B00D89B
:108DB4005CE10123FF2113AF5B423B80BB70F023D6
:108DC400D84AF970E25008220433FF32E252D64BFB
:108DD400DA781D8892469A88100A8046D0B2814675
:108DE400F62025525888F823E0520233E252FF2934
:108DF40000D148E1222323201225112210261193A9
:108E0400013B1093013B0F93013B0E93013B0D93E8
:108E1400013B0C93013B0B93013B0A93013B0993E8
:108E2400013B0893013B0793013B0693013B0593E8
:108E3400013B0493013B0393013B0293013B0C214F
:108E4400A619EC36A218317016000021EC363170E8
:108E5400B64E3178002900D153E16219EC32117019
:108E640071786B1C002900D149E1E318EC331970C7
:108E7400B178AA1C002900D146E1A218EC32117085
:108E8400F178EB1C002900D141E1E318EC331970AF
:108E940031792A1D002900D12EE1A218EC3211707B
:108EA40071796B1D002900D133E1E318EC3319709B
:108EB400B179AA1D002900D12DE10720A218EC32B6
:108EC400EB1D11705D1CAAB2991C02928AB2039226
:108ED400DA1C92B204921A1D92B205925A1D92B2F1
:108EE40006929A1D92B21500811D0792C21DD81DCB
:108EF4008B4681B20130089181B20130099181B26F
:108F040001300A9181B201300B9181B201300C9190
:108F140081B201300D9181B201300E9181B20130E4
:108F24000F9181B20130AA1A109181B201301191CE
:108F340080B2A218514609090E00514637369F29BE
:108F440000D8073EE318EC331E7051460F230B4044
:108F54001E003736092B01D830331E00029B4946C8
:108F6400E5184B46EC352E701D092B0037339F292D
:108F740000D8073B03996118EC310B7049460F2365
:108F84000B4019003731092B01D830331900049BE9
:108F94004546E318EC331970434619090B0037337F
:108FA4009F2D00D8073B05996118EC310B704146A1
:108FB4000F230B4019003731092B01D83033190026
:108FC400069BEC32E318EC3319705B4613703722BE
:108FD400079B0021E318EC331A70089B2F3AE3181F
:108FE400EC331A70099B073AE318EC331A700A9BA6
:108FF4000232E318EC331A700B9B0332E318EC33A0
:109004001A700C9B0932E318EC331A700D9B2B3247
:10901400E318EC331A700E9B0132E318EC331A7028
:109024000F9B1C3AE318EC331A70109B0232E318BE
:10903400EC331A70119BDE32E318EC331A703932B8
:10904400121AEC302018F9F7B7FC394B892218783A
:1090540043232100009392003B0000F02DFE15B045
:10906400F0BCBB46B246A946A046F0BD00236381CE
:10907400304B13AF1B68E3602F4B1A883A809A7801
:10908400BA70D9789BE62D4A0233E252FE22294B6C
:109094002F2019881E25A1525A8880235B00E25292
:1090A400274A0233E252244B1C261A6882235B00AF
:1090B400E250D63B1193013B1093013B0F93013BCC
:1090C4000E93013B0D93013B0C93013B0B93013B2E
:1090D4000A93013B0993013B0893013B0793013B2E
:1090E4000693013B0593013B0493013B0393013B2E
:1090F40002931D22013BA2E613000420E2E60120B4
:10910400E0E606218B4615E713000220DAE6032089
:10911400D8E60520D6E613000620D3E6D83401208D
:10912400683501203501033D98EC002000E3002060
:1091340064350120B4EC0020A4EC002032040000CB
:109144003604000010B584B0FFF7A6FC204B214A7A
:109154001C6800236381F033E2500822F6210433B3
:10916400FF32E2521C4B18889A8860525988F823BF
:10917400E1520233E252194A0233E252FE22184B00
:10918400200019880A30A1525A8880235B00E252D9
:10919400144A0233E252144B00211A6882235B0002
:1091A400E250FF220433E254FF301C32F9F704FC8E
:1091B40001235B4203930D4B89221878432321003A
:1091C4000093920003AB00F077FD04B010BDC046DD
:1091D400D83401203501043D98EC0020320400000D
:1091E400B4EC002036040000A4EC00206435012017
:1091F400F0B5DE4657464E464546E0B56E4C89B05E
:10920400207801F01FFC021E07D1002009B0F0BC39
:10921400BB46B246A946A046F0BD02AB9C462078A8
:109224000E24664D6444296806AB009400F00EFEDB
:10923400238802000020432BE8D12B6860491C7F5F
:1092440008788442E1D15C7F48788442DDD19C7FF8
:1092540088788442D9D1DC7FC8788442D5D1202053
:109264001C5C08798442D0D121204979185C884259
:10927400CBD1544C617825788C466946087E61468A
:10928400A778E6782943394331436BD192B2190068
:109294009A18069B4C489B46002399464B4B8446A0
:1092A40003934B4B4B4D9A464B4F4C4EF0319142EE
:1092B4007FD20878362851D88000285887464878C5
:1092C40002300918F3E78878039B2070C87860702F
:1092D4000879A07048790631E07058461860E6E7CE
:1092E400887803318146E2E7534688781860CB7862
:1092F400000298460B79404498464B79000240445A
:10930400984653460002404418600631CFE7604651
:109314004B7898468B780370CB7843700B798370C5
:109324004B79C370404602300918C0E78B784878FF
:109334003B70CB7802307B700B79BB704B7909188A
:10934400FB70B4E788783070C87870700879B070B2
:1093540048790631F070AAE70131A8E7FF28AED1B9
:109364001100A4E7854217D018490D78854200D032
:109374004BE702A8457C4878854200D045E702A81F
:10938400857C8878854200D03FE702A8C07CC978F4
:10939400884200D039E779E702A9497C6145E3D1E5
:1093A40002A9897CB942DFD102A9C97CB142DBD1CF
:1093B4006CE74B4658B229E764350120D8340120C4
:1093C40098EC0020A4EC0020ACEC0020A0EC0020E1
:1093D4000CE30020E0DD0020B0EC0020B8EC00201D
:1093E400002370B51F4CE356012B13DD0023FD222F
:1093F4001D4DEB56991E114228D0012B2AD1002372
:1094040000202B7000220A21184B22701A60184B7E
:1094140019601AE0154D164E2A683168914213D22C
:10942400FD21114A127852B2901E084214D0012A2A
:1094340003D1FFF76FFB0023E35600222A602A685A
:1094440001330A3232602370012070BDFFF762FBE2
:1094540001232B700120D5E7FFF79AFC0023E35684
:10946400EBE7C04667350120683501208C040120F4
:1094740008E30020002370B56D4C82B0E356062B40
:1094840025D0C2239B009C466A4D28784001604445
:1094940001F0BEF9222809D1FFF7AAFE2378C6B24B
:1094A400042B11D8644A9B00D3589F4600234422BE
:1094B4000221287800F0B4F9EEE700225F4B1A602D
:1094C400FFF728FB01232370012002B070BD0520A3
:1094D400FBE75B4B1B685A1C04D05A4D5B082A6897
:1094E400934222D30420F0E7052E33D0062E48D031
:1094F400FFF776FFE9E7022EFAD1534A4F4B126881
:1095040012691A60FFF744FC2670DDE7052E44D08B
:10951400062EEDD100220A214A4B1A604B4B1960EA
:109524004B4B1A7001232370CEE7444A494B12680F
:109534001A60494A136801331360FFF729FC0A21B2
:109544000022424B04201960414B2A601A70042304
:109554002370BAE700233E4D3E4A2B70374B1078F8
:109564001978884247D03D4B1B6898470320002256
:109574000A21344B2A701A60344B19600323237078
:10958400A3E700220A212F4B04201A602F4B1960F5
:109594002F4B1A700123237097E7D820400101F064
:1095A40037F90600D8200321400101F061F92C4A63
:1095B40028782C490092214B112200F07DFB0500F4
:1095C400D8203100400101F053F90D3521D0FFF7C7
:1095D400B9FD1C4A116813685B1A012BFBD90025DD
:1095E40015600A22194B1A60194B1D701E4B1B681B
:1095F4009847257068E7507859788842B3D19078B5
:1096040099788842AFD1D278DB789A42ABD10420E2
:10961400ADE7164B1B68984700220A21094B1A60D4
:109624000A4B19600A4B1A70032323704CE7C04697
:109634006835012064350120BCDE0020B4EC002034
:109644000CE300208C040120D834012008E300201E
:1096540067350120BCEC0020A8EC0020F8E20020D3
:10966400881300000CD70020F4E20020FCE2002064
:10967400F0B5060090200023234C062283B000019D
:109684000D002100019301F025F967782378E27831
:109694003B43A77820793B436179134303430B434E
:1096A40025D01A4B1A4C1E701A4B1D601A4D1318F4
:1096B400AC464240F02063444A405B189B1801A921
:1096C40004220001236001F04FF9802001A9042243
:1096D400400001F049F900230A21104A1360104A9E
:1096E4001160104A1370104A137003B0F0BD90203B
:1096F4000E4A2100226000010622A38001F034F901
:10970400E27820796179CCE798EC00206435012077
:10971400A8EC0020D8340120785634128C0401209F
:1097240008E3002067350120683501200008DC00CB
:10973400024A1368013313607047C0468C04012049
:10974400044B1A7802705A7842709A788270DB78E7
:10975400C3707047B4EC0020044B1A7802705A7836
:1097640042709A788270DB78C3707047B0EC002046
:10977400044B1A7802705A7842709A788270DB78B7
:10978400C3707047B8EC0020044B1A7802705A7802
:1097940042709A788270DB78C3707047ACEC00201A
:1097A400014B18687047C0460CE30020F8B545012A
:1097B4002E000935FF35070010212800083601F076
:1097C40057F8280001F024F8041EFAD180239B00E6
:1097D400F0181F2101F04CF80123BB400C490A8802
:1097E4009A430A800B490A889A430B4B0A807A00F1
:1097F400D4520022094BDA55C0239B009C46664490
:10980400300001F005F80028FAD10130F8BDC04657
:109814005E35012060350120083501200035012026
:10982400F0B505000C0016001F0083B0082800D90D
:1098340080E0012958D08B1E022B00D969E07B07F8
:1098440064D4002F01D0022966D02800FFF7AEFFB0
:109854000F2239006B01914321431C00083420007E
:1098640001F006F8002E07D1344A35491688731CD6
:109874009BB28B4259D01380310AF6B28023DB00AD
:10988400E01800F0F5FFA0233100DB00661CE018AF
:10989400FF3600F0EDFF0121300000F0E9FF300059
:1098A40000F0B6FF0028FAD1012319003B40A9407B
:1098B400AB40244E32888A431343234A33801388AF
:1098C4008B431380214B6A00D0520022204B5A55FF
:1098D400C0239B009C466444200000F099FF0028AC
:1098E400FAD068B203B0F0BDF0200422000101A94F
:1098F40000F0F0FF0320019B4042002BF2D07B07D5
:1099040004D4002FA1D021233B429ED10620404203
:10991400E8E705204042E5E730233B4200D194E7E5
:109924007BB2002B00DA90E7F0E70A4BEF26FF2129
:109934001380A3E701204042D4E7C04610E300208F
:10994400F0FF00005E35012060350120083501205C
:109954000035012000C0FFFF10B5082802D90120FE
:10996400404210BDFFF722FF0120FAE770B5050061
:10997400082828D844010834200000F049FF0F23A8
:109984000340012B19D1C0239B00E618300000F0DE
:109994003FFF132814D10134FF340221200000F0CA
:1099A40067FF200000F034FF0028FAD1300000F0F7
:1099B4002FFF14280AD1133870BD05204042FBE75D
:1099C40003204042F8E701204042F5E72800FFF772
:1099D400EDFE04204042EFE7F8B5060008283ED823
:1099E40045010835280000F013FF0F230340012B25
:1099F40032D16C1CFF340821200000F039FF200014
:109A040000F006FF0028FAD101210800B040154BF0
:109A14001A8882431A80144B1B883341194213D18C
:109A2400C0239B00EF18013BFF3BEC18082504E022
:109A3400200000F0EDFE054208D1380000F0E8FEF9
:109A44000028F5D10130F8BD0020FCE73000FFF715
:109A5400ADFE0D204042F6E705204042F3E7012029
:109A64004042F0E7603501205E350120F0B54546FF
:109A7400DE4657464E46E0B583B00500140001911A
:109A8400082800D984E008229146430199444846B5
:109A940000F0BEFE0F230340012B00D07EE0002C1B
:109AA40000D178E0C0239B004B441800984600F096
:109AB400AFFE172801D01C2856D13A4B01279B46EC
:109AC4001B882B411F4237D1AF40F8204001484446
:109AD40000F09EFE8002061C80B2A04200D9261C23
:109AE400314BB6B29A46280000F07EFF040040468F
:109AF40000F08EFE172801D01C2832D153461B8853
:109B04001F422BD0B44221D34C4601342800019982
:109B14003200FF3400F0C4FF2021200000F0A8FE32
:109B2400200000F075FE0028FAD15B465A461B88D7
:109B340030003B4313800AE08026B6004E443000D8
:109B440000F066FEC30612D400071BD4002003B045
:109B5400F0BCBB46B246A946A046F0BDB442C2D34F
:109B6400D2E72800FFF722FE07204042EFE710214A
:109B7400300000F07DFE5B46AF405A461B88BB4375
:109B84001380A2E72800FFF711FE0D204042DEE714
:109B940001204042DBE70E204042D8E70520404246
:109BA400D5E7C046603501205E350120F0B5454655
:109BB400DE4657464E46E0B583B0050014000191D9
:109BC400082800D970E046010836300000F020FE75
:109BD4000F230340012B6AD1002C62D0F0235B01D8
:109BE400F01800F015FE8002031C80B2A04250D889
:109BF4009BB29B46C0239B0098462E4B0127994657
:109C0400F8235B019A46AF40B044B244280000F008
:109C140019FF0400404600F0FBFD172819D01C284A
:109C240039D1002C1BD1280000F0DEFE0400504680
:109C340000F0EEFD800284422DD04B461B881F426B
:109C4400E4D0002003B0F0BCBB46B246A946A0460F
:109C5400F0BD4B461B881F4218D0002CF1D0221CAB
:109C64005C4500D95A4694B2013628000199220075
:109C7400FF3600F04FFF4021300000F0F9FD3000C6
:109C840000F0C6FD0028FAD12000DBE7002CBDD08F
:109C9400E5E7231CACE72800FFF788FD07204042D6
:109CA400D0E70E204042CDE701204042CAE705201C
:109CB4004042C7E75E350120F8B54546DE464E46CC
:109CC4005746E0B51C006B461B8D05008B461600FD
:109CD4009846082800D9AEE047010837380000F05C
:109CE40097FD0F230340023B022B00D9A6E0002E70
:109CF40000D1A6E0637822781B021343A2781204F1
:109D04001A43E3781B06134300D182E04346002B39
:109D140000D170E0C0239B009946B944484600F046
:109D240077FD42280BD0EF231840222807D00720C4
:109D34004042F0BCBB46B246A946A046F8BDC0238B
:109D44001B010422F818210000F00EFE4346190AF4
:109D540080235B01F81800F08BFD4346D9B28823B9
:109D64005B01F81800F084FDF8235B01F81800F09B
:109D74004FFD8002031C80B2B04245D89EB201233D
:109D8400AB409846304B9A46280000F02DFE040064
:109D9400484600F03DFD002838D0534642461B8813
:109DA4001A4225D0B4423DD37C1C594628003200C7
:109DB400FF3400F075FE2021200000F059FD200042
:109DC40000F026FD0028FAD180239B009C46102435
:109DD4000825674401E0054226D1380000F018FD4B
:109DE4000442F8D03800102100F042FD3000A0E712
:109DF400B442C9D3D8E7380000F00AFD400700D5C3
:109E040088E70B20404294E7331CB7E70420404224
:109E14008FE7380000F0FCFC400700D576E70C2003
:109E2400404286E7002084E73800082100F020FD46
:109E34000D2040427DE7012040427AE70520404260
:109E440077E70E20404274E75E350120F0B54546C1
:109E5400DE4657464E46E0B589B00500140003912E
:109E640004920593082800D914E14301083318002B
:109E74001E00029300F0CCFC0F230340023B019030
:109E8400022B00D90AE1002C00D10BE1874A93464A
:109E94006A0092465A465146535A002B5AD1C02260
:109EA400920033009446634498460127804BAF40A8
:109EB40099464346B8461F00280000F0C3FD04003D
:109EC4000600380000F0A4FC002800D18DE04B46C9
:109ED40042461B881A4200D183E0002C00D188E05E
:109EE4000723019A1340032B00D185E0042B00D1F2
:109EF400A6E0022B00D0A1E05B465246029F9B5A8B
:109F04000137FF37002B40D106AC2100280008227E
:109F140000F000FE4021380000F0AAFC380000F0F8
:109F240077FC0028FAD1059A23781370637853706C
:109F3400A3789370E378D370A388129A5BBA1380E2
:109F4400E2885946504652BA93B20A528022594C7A
:109F540062551BE0072201990A40032A12D0042A01
:109F640010D0022A0ED00023002698463100280083
:109F740000F00AFE5B465246029F4E4C01379E5249
:109F8400FF370FE0029F0137FF374A4C049A161C33
:109F94009A4200D91E1CB6B232002800039900F080
:109FA400B9FDB0464021380000F062FC380000F0F2
:109FB4002FFC0028FAD152465B4651469B5A5A461A
:109FC4009B1B9BB25352002B02D00123605D1843AC
:109FD4006055404609B0F0BCBB46B246A946A0460F
:109FE400F0BD002C00D167E77AE704235B42984672
:109FF400EFE700239846ECE75B465246029F9B5AE4
:10A004000137FF37002BC0D106AC210028000622FF
:10A0140000F080FD4021380000F02AFC380000F0F8
:10A02400F7FB0028FAD1059A2378137063785370EC
:10A03400A3789370E378D370A28882E7A04695E76B
:10A044005B465246029F9B5A0137FF37002B9CD137
:10A0540006AC21002800022200F05CFD40213800FB
:10A0640000F006FC380000F0D3FB0028FAD1627837
:10A074002378023A1B029B1851465A469BB253520C
:10A084000D4A934200D861E72800FFF78FFB0B4B82
:10A0940098469EE701235B4298469AE705235B4274
:10A0A400984696E70E235B42984692E708350120CE
:10A0B4005E35012000350120EA05000017FCFFFF92
:10A0C4007047C0460078C0B27047C0460170704700
:10A0D400002070477047C0467047C0467047C0466E
:10A0E4007047C0467047C0467047C046002805D038
:10A0F400002903D0034B1961D86070470249034813
:10A10400F8E7C04614E30020E19E0020C19E002031
:10A11400002805D0002903D0034B9961586170478A
:10A1240002490348F8E7C04614E30020E99E0020F2
:10A13400E59E0020074B1A88920500D4FEE700280C
:10A1440004D0002902D01962D8617047024903483B
:10A15400F9E7C04614E30020D59E0020D19E0020DC
:10A16400074B1A88920500D4FEE7002804D0002982
:10A1740002D099625862704702490348F9E7C04621
:10A1840014E30020DD9E0020D99E002070B50C0051
:10A19400052800D989E0464B80001B589F46D820EB
:10A1A4000978400100F064FBC82061884001090A75
:10A1B40000F05EFBD020A178400100F059FB0020A4
:10A1C40070BDD820400100F023FB2070C82040015E
:10A1D40000F01EFB0500D020400100F019FB2D0209
:10A1E40040196080EBE790200622000100F0BCFBE0
:10A1F4002100802004220E31400000F0B5FB210034
:10A20400A02004220A31C00000F0AEFBF02004229A
:10A21400A11D000100F0A8FBE37CA27C1B021343F8
:10A22400227D244912041A43637D1B0613430B60E9
:10A23400A27D214B1A70C2E790200622000100F093
:10A2440049FB2100802004220E31400000F042FB33
:10A254002100A02004220A31C00000F03BFBF020C2
:10A264000422A11D000100F035FB124B1A78A274E0
:10A274005A78E2749A782275DB7863750E4B1B78F2
:10A28400A3759CE70C783A2322009A430DD1002051
:10A2940000F0BEFA0443E1B2002000F0E9FA8EE7D0
:10A2A400002000F0B5FA207089E70120404287E7DA
:10A2B400D0DE0020C4EC002065350120902000B5DC
:10A2C40087B004A90622000100F004FB802001A944
:10A2D4000422400000F0FEFAA02002A90422C000DB
:10A2E40000F0F8FAF020042203A9000100F0F2FAC9
:10A2F4008021002000F0BCFA002000F089FA9020B0
:10A3040004A90622000100F02FFB802001A90422E9
:10A31400400000F029FBA02002A90422C00000F0A4
:10A3240023FBF020042203A9000100F01DFB07B069
:10A3340000BDC046F8B504000E00FFF7BFFF002CB7
:10A3440038D00022A2562378102A00DD6FE062780C
:10A354009B18DAB25BB2102B69DCA378D318DAB29B
:10A364005BB2102B63DCE378D318DAB25BB2102B48
:10A374005DDC2379D318DAB25BB2102B57DC637936
:10A38400D318DAB25BB2102B51DCA379D318DAB24A
:10A394005BB2102B4BDCE379D21852B2102A46DCA4
:10A3A400244D254F28002178203500F061FA01342E
:10A3B400BD42F7D1002E38D00022B2563378102A8D
:10A3C40035DC72789B18DAB25BB2102B2FDCB378D1
:10A3D400D318DAB25BB2102B29DCF378D318DAB2D3
:10A3E4005BB2102B23DC3379D318DAB25BB2102BB7
:10A3F4001DDC7379D318DAB25BB2102B17DCB37996
:10A40400D318DAB25BB2102B11DCF379D21852B242
:10A41400102A0CDC3400094D064E28002178203522
:10A4240000F026FA0134B542F7D10020F8BD01202E
:10A434004042FBE7081F000008200000081E00003F
:10A44400B82010B5800100F0E3F90123184010BDD5
:10A45400017810B501394B42594143788901012BE8
:10A4640027D0C3788278012B1ED0012A01D1102372
:10A474001943B820800100F0FBF9B820800100F0F6
:10A48400C7F97F210140B820800100F0F1F9B8201C
:10A49400800100F0BDF9802149420143B820C9B2CE
:10A4A400800100F0E5F910BD012A05D00823194305
:10A4B400DFE737331943DCE717331943D9E7C046DD
:10A4C40010B50400B820800100F0A2F9012138235E
:10A4D40082110A4003402270202B17D0382B10D051
:10A4E4001A000021103AD2B26170102A10D8012249
:10A4F400083BA270DBB20A4ADA4001231340E3703E
:10A5040010BD00236170A3700023F8E76170EEE7CB
:10A51400083BDBB2A170182BF6D80023EBE7C0464A
:10A524000100010110B50400B820800100F070F9A9
:10A53400430650D5012C26D038231843C1B2B82085
:10A54400800100F095F9B820800100F061F97F21C5
:10A554000140B820800100F08BF9B820800100F0A0
:10A5640057F9802149420143B820C9B2800100F063
:10A574007FF9B820800100F04BF9382303405A4298
:10A584005341584210BDC723302118400143B8201D
:10A59400800100F06DF9B820800100F039F97F21C5
:10A5A4000140B820800100F063F9B820800100F078
:10A5B4002FF9802149420143B820C9B2800100F03B
:10A5C40057F9B820800100F023F9302303405A42A0
:10A5D40053415842D6E701204042D3E770B50C00FE
:10A5E4000F2800D9E4E0744B80001B589F46FFF706
:10A5F40065FE002070BDB820800100F009F9382301
:10A604000340303B5A4253412370F2E7B8208001A3
:10A6140000F0FEF8012303402370EAE7002900D18B
:10A62400C4E008312000FFF785FEE3E7A8204001DD
:10A6340000F0EEF80500B820400100F0E9F8F0223F
:10A64400030215405B192380D3E7F023A82009886F
:10A6540040010C0A194000F00BF9E30700D59FE014
:10A66400A30700D596E0630700D58DE0230700D546
:10A6740084E0E3067CD4A30674D463066CD4E411AA
:10A68400B7D0BA201F21800000F0F2F8B1E7B02063
:10A694000D884001097800F0EBF8C020290A400138
:10A6A40000F0E6F8A5E7B020400100F0B1F805009D
:10A6B400C020400100F0ACF803025B19238098E746
:10A6C400982009884001090A00F0D2F8A0202178D6
:10A6D400400100F0CDF88CE79820400100F098F894
:10A6E4000500A020400100F093F82D0240192080BD
:10A6F4007FE7324B9A780A70DA784A701A798A704E
:10A704005A79CA709A790A71DB794B7100238B717B
:10A714006FE7B820800100F07BF87F210140B8206A
:10A72400800100F0A5F8B820800100F071F88021C4
:10A7340049420143B820C9B2800100F099F858E7B2
:10A744000800FFF785FE54E70800FFF7B9FE50E75D
:10A754000878FFF7E7FE4DE7B2201F21800000F0E4
:10A7640087F88CE7AA201F21800000F081F884E795
:10A77400A2201F21800000F07BF87CE79A201F2193
:10A78400800000F075F874E792201F21800000F02B
:10A794006FF86BE78A201F21800000F069F862E7F8
:10A7A40082201F21800000F063F859E7002139E777
:10A7B400012040421EE7C046E8DE002014E30020EA
:10A7C40010B501780400D820400100F051F8C820E9
:10A7D40061884001090A00F04BF8D020A1784001BB
:10A7E40000F046F810BDC04670B50500D820400101
:10A7F40000F00EF82870C820400100F009F80400A9
:10A80400D020400100F004F824020019688070BDD3
:10A8140070B50500154C82B0E368984763699847A2
:10A82400636A280C2E0AC0B2F6B2EDB2002B0AD02D
:10A83400A26A002A07D001AB1870032118005E70C9
:10A844009D70904707E0236A98473000236A984731
:10A854002800236A9847E36998470500A369984745
:10A8640023699847280002B070BDC04614E3002055
:10A87400F0B5174D83B0EB6804000E0098476B6980
:10A8840098470422AB6A2243200C240AC0B2E4B2E3
:10A89400D7B2002B0FD024023F042043360638439E
:10A8A40030430190042101A89847AB6998472B696C
:10A8B400984703B0F0BD2B6A984720002B6A98474D
:10A8C40038002B6A984730002B6A9847EDE7C0465A
:10A8D40014E30020F0B5C646040000B5214E82B052
:10A8E400F3680D001700984773699847230ADBB291
:10A8F4009846736A200CC0B2E4B2002B16D0B26A38
:10A90400002A13D0414601AB187059701800032176
:10A914009C70904739002800736A9847B369984738
:10A924003369984702B080BCB846F0BD336A984793
:10A934004046336A98472000336A98470024002F22
:10A94400ECD0F36998470134A4B228700135A742CA
:10A95400E4D0F36998470134A4B228700135A742C2
:10A96400EFD1DBE714E30020F0B5C64600B51D4E79
:10A9740082B0F36804000D00170098477369984784
:10A984000421B26A2143230CC9B2240A8846DBB2EB
:10A99400E4B2002A11D001A803708170447003212D
:10A9A400904739002800B36A9847B36998473369D8
:10A9B400984702B080BCB846F0BD1800326A904790
:10A9C4002000336A98474046336A98470024002F92
:10A9D400EBD001342878336AA4B298470135A742F2
:10A9E400F7D1E2E714E30020F0B5144BC6469846CD
:10A9F400134B00269C4600B54701B84467444046C3
:10AA0400FFF706FF05023800FFF702FFADB2441955
:10AA1400A4B2002C05D1002EF1D1300080BCB84680
:10AA2400F0BD4046FFF7F4FE05023800FFF7F0FEE4
:10AA3400ADB24619B6B2B442E1D1EEE70820000047
:10AA440008210000F0B5144BC6469846134B002667
:10AA54009C4600B54701B84467444046FFF7D8FE1A
:10AA640005023800FFF7D4FEADB24419A4B2002C9D
:10AA740005D1002EF1D1300080BCB846F0BD40466F
:10AA8400FFF7C6FE05023800FFF7C2FEADB2461955
:10AA9400B6B2B442E1D1EEE7082600000827000070
:10AAA400F0B54F46D64646461400C0B50F00002AFE
:10AAB4002AD0830099465D1C9023ED009B01EE187B
:10AAC4003000FFF7A5FE94239B019C468246654413
:10AAD4002800FFF79DFE53461B02C01883B2984618
:10AAE4004B46981C434622001B02C0004444C01835
:10AAF4003900A4B2FFF738FF3000210AFFF7B8FE8F
:10AB04002800E1B2FFF7B4FEE0BCBA46B146A8465D
:10AB1400F0BDC046F0B54F46D64646461400C0B513
:10AB24000F00002A2AD0830099465D1CA023ED0063
:10AB34009B01EE183000FFF76BFEA4239B019C469B
:10AB4400824665442800FFF763FE53461B02C01883
:10AB540083B298464B46D81C434622001B02C000D1
:10AB64004444C0183900A4B2FFF7B4FE3000210AEF
:10AB7400FFF77EFE2800E1B2FFF77AFEE0BCBA469A
:10AB8400B146A846F0BDC046F8B50F4B45019C46FA
:10AB94002E00654428000F00FFF73AFEA4239B0112
:10ABA4009C460836664404003000FFF731FE240258
:10ABB400C0192418A4B22800210AFFF759FE300056
:10ABC400E1B2FFF755FEF8BD082800007047C04603
:10ABD40010B50A22002100F0BDFB10BD10B50A22F9
:10ABE400002100F0B7FB10BD10B5034B010018683D
:10ABF40000F00EF810BDC04650E7002010B5034B1E
:10AC04000100186800F0D4FF10BDC04650E70020D2
:10AC1400F0B54E464546DE465746E0B50D000B35C9
:10AC2400060085B0162D21D8102900D9D4E000F0F3
:10AC3400D5FA102518230221CA4FFB181A005C68A4
:10AC4400083A944200D186E103226368A1689343E1
:10AC5400E268CA6091600121E3185A6830000A432F
:10AC64005A6000F0C3FA20000830B8E007239D437F
:10AC740000D5B1E0A94200D9AEE000F0AFFAFC2360
:10AC84005B009D4200D2E0E1690A00D1AEE00429F4
:10AC940000D9A1E138239846A90988443931CB0069
:10ACA400082252429446AF4FFB189C446346DC682A
:10ACB400A44514D0032399460B0061469C4607E043
:10ACC400E068002A00DB40E1814200D141E1040058
:10ACD4004A46636893435A1B0F2AF1DD41463A0002
:10ACE4003C690832944200D11EE103206368834327
:10ACF400581B0F2800DDACE13A617A610028AADA1A
:10AD04007A68904680229200934200D336E1DA08B2
:10AD1400580901238340404618438046D300DB1979
:10AD24009A687860E360A2609C60D46001208B1014
:10AD34009840404562D8434603420AD103239943CD
:10AD4400434640000431034203D14000043103422E
:10AD5400FBD00323B3469C460E00B8460190F00096
:10AD640040440100B246CB680BE064465A681F00B9
:10AD7400A243DB68541B0F2C00DD39E1002C00DBFF
:10AD840053E19942F1D101239946CA44534608310B
:10AD94009B07E8D1032205E003680838013E83429B
:10ADA40000D013E23242F7D14346019A5B689343E1
:10ADB40042465360019A520001929A421CD8002ADA
:10ADC40006D119E004229146019ACA445200019224
:10ADD4001342F7D05646C2E70C233360002005B077
:10ADE400F0BCBB46B246A946A046F0BD80233F2234
:10ADF400402190469B0053E75E4647460322BC68C9
:10AE0400636893439846AB4203D35B1B0F2B00DD6F
:10AE14008DE0230043440293534B08201B681033F6
:10AE24005B19019300F0E2FD504903900B688A46D8
:10AE3400013306D08446019B4242013B63441340E4
:10AE440001933000019900F0B5FD03008146013300
:10AE540000D11CE1029B834200D916E1444B0298C5
:10AE64009B461A68019B59469C4662440A600399B2
:10AE74000139484500D157E153461B68013300D1DD
:10AE84005EE14B4602981B1A9B185A46136007232F
:10AE94004A4648461A400292184200D115E10398E6
:10AEA400013384469B1A019A99444A4401926344AB
:10AEB4000A409B1A194030008A4600F07BFD431C6F
:10AEC40000D158E14B46C01A0300534401935B463A
:10AED4001A68012052441A604B464946BB60019BE4
:10AEE40003434B60BC4213D043460F2B00D82BE1E5
:10AEF40007210C3B8B4361680140052019436160C5
:10AF0400E118486088600F2B00D93FE14B465B682D
:10AF140018490868904200D20A60174908689042AC
:10AF240000D20A604C46B4E07B689846FEE60122F3
:10AF3400290013431143651961603000BD606B60E3
:10AF440000F054F92000083049E7A268D06082601C
:10AF540081E66146C3E6DC680231A34200D1BEE665
:10AF640072E6C04648E30020FCEC002040E30020E9
:10AF7400CCEC0020F4EC0020F8EC00205A0A042A5F
:10AF84007CD9142A00D9B0E010005B3082465C32D0
:10AF9400D200082040428446BA189444624692681B
:10AFA4000B308146944500D186E00800A2466146F4
:10AFB400844602E09268914204D04C465068A04313
:10AFC4009842F7D8D368614654469C466346A260CB
:10AFD400E3609C60D460A9E6142967D9542900D998
:10AFE4008CE06E239846290B88446F31CB0057E6DA
:10AFF400BA460120514684464919054350464560E6
:10B00400856847466046EB605E469D6053463961FD
:10B014007961204308374860CF6030008F609C50CE
:10B0240000F0E4F850460830D9E6BA4601205E46FE
:10B034005244516801435160BA683000D3609A6049
:10B0440000F0D4F838000830C9E62B00E9080833CA
:10B05400F2E56119884601218C460D43414665603D
:10B0640039617961CA608A60624602434A60E0508D
:10B07400300000F0BBF820000830B0E69A09100058
:10B08400393238308246D20083E7BC4241D0BC68B2
:10B094006368032293431A005B1BAA4202D30F2B5B
:10B0A40000DD44E7300000F0A1F897E65B23984602
:10B0B40088445C31CB00F3E5534698100123834068
:10B0C400404618438046786080E7019B039A4B44CE
:10B0D4000B40D31A194030008A4600F06BFC431C25
:10B0E40000D0EFE600239A46F1E6542A2ED81A0B34
:10B0F40010006F326E308246D2004AE7AA235B000A
:10B1040099422ED8DD3B9846E90B88447831CB0030
:10B11400C6E5304B9B461A68019B9C465B466244DD
:10B124001A60039B591EA7E64846084200D0A3E6CE
:10B13400B9684344894601210B4349464B60E7E61D
:10B1440053464A461A60A2E64860ABE7AA2040008C
:10B15400824226D8DA0B1000783277308246D20049
:10B1640017E71D4B994226D87C239846A90C88449E
:10B174007D31CB0094E5019A029B94464A46083BF4
:10B1840063449B1A019300239A46A0E621003000F1
:10B19400083100F00DFD5B461A68BB6899465B6890
:10B1A400B6E60D4882420CD89A0C10007D327C30F1
:10B1B4008246D200EDE6FE237E227F2190469B004C
:10B1C4006EE5FE227E2092008246E2E643465B68FC
:10B1D400F0E5C046CCEC00205405000010B5024850
:10B1E40000F000FC10BDC046C8EC002010B50248B9
:10B1F40000F0FAFB10BDC046C8EC0020F0B557467D
:10B204004E464546DE46E0B582460F0090461E0097
:10B21400994683B0242B43D8012B41D00B0008203E
:10B224004A4D1A0014780133295D0842F9D11D00F2
:10B234002D2C00D176E02B2C3ED0454B9B46002391
:10B244000193002E53D1302C00D173E00A230A2637
:10B25400994649465846F6F70BFD2B008C463D00AF
:10B264000200270000214C460020E146AC463D0088
:10B27400303D092D07D9113D192D03D93D00613DFC
:10B28400192D20D80A35AE421DDD4F1C05D082424F
:10B294002AD327D00121604328181F780133E6E719
:10B2A40000F09AFB16230360002003B0F0BCBB46F9
:10B2B400B246A946A046F0BD1C78254B951C9B467A
:10B2C40000230193BDE767464A1C21D0019A002A56
:10B2D40000D040424246002AE7D0002933D14346F9
:10B2E4001F60E2E7A945D5DA01214942D5E7102ECE
:10B2F400AFD110239946302CABD120222B78934325
:10B30400582BA6D110236C78994610260235A0E755
:10B31400222251460A6042465846002AC5D0584661
:10B324005F1EDCE71C7880231B069B460123951CCB
:10B33400019386E720222B789343582BE2D00823ED
:10B344000836994685E78346E9E7C04629DF0020A9
:10B35400FFFFFF7F10B504001300034A10680A00C2
:10B364002100FFF74BFF10BD50E7002030B5032A42
:10B374000CD90B0003439B0719D104680B689C424A
:10B3840015D1043A04300431032AF6D8551E002A94
:10B394000BD0002303E05A1C9D4206D01300C25C6C
:10B3A400CC5CA242F7D0101B00E0002030BD551E3B
:10B3B400EFE7C0460323CAB2F0B50340002A35D0F4
:10B3C4000324002B2DD1FF230B401D02ED182B0469
:10B3D400ED182C000168264E4C408B198B43A119A3
:10B3E400A143244E0B43334211D14168204F0C003A
:10B3F400CB196C408B43E119A1430B430430334216
:10B40400F3D00378002B05D09A4204D0013003789E
:10B41400002BF9D10020F0BD9342FCD00130204232
:10B42400D1D00378002BF7D10020F4E7002B08D00B
:10B43400032202E00130104203D00378002BF9D13B
:10B44400E9E702680A4B0B49D31893430B4206D130
:10B454004268074B0430D31893430B42F8D0037867
:10B46400002BD8D043780130002BFBD1D3E7C04662
:10B47400FFFEFEFE8080808030B5002A27D00300C6
:10B484000B439B0713D1032A11D9134D0BE0043A44
:10B49400002A1CD0114C1C199C432C4217D1043097
:10B4A4000431032A03D903680C68A342EFD00D7852
:10B4B400047801230139AC4207D00AE0002C06D0FD
:10B4C400C45C0133CD5CAC4203D19A42F6D1002076
:10B4D40030BD601BFCE7C04680808080FFFEFEFE1E
:10B4E400034B10B51A680123503200F003F810BD65
:10B4F40050E70020F0B5002826D0070038000C00E3
:10B504000678013702E00134AE4214D02578002DCC
:10B51400F9D1002E1DD03E000B003578013702E032
:10B524000133002CF7D01C78A542F9D10023002D5B
:10B5340006D11360F0BD002BE0D117600370F9E76A
:10B5440000213B003170F4E710680028D5D10020B9
:10B55400F0E700201660EDE7F0B5CE46474603005D
:10B56400944680B5012959D901220120904601252C
:10B5740000260124404206E0221A904626000125B6
:10B584007419A1420DD91F181A5D7F5DBA42F3D315
:10B5940036D0012501223000013674199046A142AB
:10B5A400F1D844466246146001229146023A0125CC
:10B5B40000269046012407E04246A21A914626003E
:10B5C40001257419A1420ED94746DF191A5D7F5D22
:10B5D400BA42F1D818D001250122B04601367419B7
:10B5E4009146A142F0D8434601300133834203D34C
:10B5F4006246494618001160C0BCB946B046F0BD69
:10B60400454505D00135BBE74D4504D00135D8E7A4
:10B6140076190125B4E776190125D2E70123994665
:10B624000023E5E7F0B5DE4657464E464546E0B50D
:10B634007D4C8246A544140089462000190005AAC1
:10B644001D00FFF789FF06AB9B460190FFAA20C3AC
:10B654001C329342FAD1002D0BD02300681E6619C8
:10B6640020185F461A78C11A92000133B950B342C8
:10B67400F7D1059B2000019AE1180293FFF776FEAB
:10B68400002800D072E0002398464B46591B8023C3
:10B694001B012B4303932B006F1E00264546080015
:10B6A400984608E0002D04D0029A9A4201D94346F4
:10B6B4009B1A0025F618B04220D353465A469919CE
:10B6C400CB5D9B00D358002BECD1019A2B00954203
:10B6D40000D213009F4227D98446080002E00133B8
:10B6E4009F421FD0E15CC25C9142F8D001006046E9
:10B6F4009F4219D9019AB61A0136DAE750460399DE
:10B70400484400F04DFB81444B464246981AB042EF
:10B71400D3D20020454B9D44F0BCBB46B246A9465B
:10B72400A046F0BD01006046019A531E954279D2AD
:10B734008446080003E05A1E9D4210D01300E15CC9
:10B74400C25C9142F7D001006046013301359D424D
:10B754000AD8029B42469C46D51A6644ABE701359B
:10B76400010060469D42F4D90800D3E7019AAB1A60
:10B77400934255D30133029305934B46591B8023BF
:10B784001B012B430026984608006F1EB0420AD3C3
:10B7940053465A469919CB5D9B00D358002B14D0BD
:10B7A400F618B042F4D250464146484400F0F8FA44
:10B7B40081444B46581BB042ABD353465A46991961
:10B7C400CB5D9B00D358002BEAD1019A1300BA42F7
:10B7D40014D28446080002E00133BB420CD0E15C81
:10B7E400C25C9142F8D0010060469F4206D9019A9A
:10B7F400B61A0136F618D4E701006046019B013BF6
:10B80400B2D38446080002E0013B00D282E7E15C47
:10B81400C25C9142F8D0029B60469C466644B5E700
:10B824001300A7E7130091E7E4FBFFFF1C040000EB
:10B83400F0B54646D6464F46C0B50E000978050019
:10B84400040090B0002953D07078002800D176E02D
:10B85400B778002F53D0F378002B00D18AE03279E7
:10B86400002A00D170E0300000F01AF9802189002C
:10B8740007000143280000F093FA87424FD8FE2FB7
:10B8840000D98FE0C01B804640226846791CE946F7
:10B89400A844F7F791F8002F10D03F22F8B282465F
:10B8A40033009446BC19B24461461A7848460A40AB
:10B8B4005146C91A013381549C42F5D12C003F25CD
:10B8C4004A46013CE35D2B40D35CE418A04503D217
:10B8D40027E05444A04524D34A46E35D31002B407D
:10B8E400D35C20003A009A46FFF740FD0028F0D1CF
:10B8F400200010B0E0BCBA46B146A846F0BD002313
:10B9040009042A780143002A07D01B040135134394
:10B914002A789942F7D1AC1EEAE79942FBD0002479
:10B92400E6E74346D819DB5D002BF8D080210901F6
:10B9340000F036FA8044A045C2D20024D8E728009B
:10B94400FFF738FD0400D3E72A78002AE7D0000285
:10B9540008433F0407431B063B4319BA00232C004A
:10B964001B02013513432A78002A13D08B42F6D1E7
:10B97400033CBDE70906000401433F022A7839432A
:10B98400002A0BD0134301351B022A789942F7D1C0
:10B99400EC1EADE78B42EBD00024A9E79942F7D027
:10B9A4000024A5E701003B0032002800FFF73AFE1F
:10B9B40004009DE7002370B5064C050008002360D1
:10B9C400F8F79CFC431C00D070BD2368002BFBD00F
:10B9D4002B60F9E794040120014B18687047C046B6
:10B9E40050E700207047C0467047C046802310B51A
:10B9F4005B01082801D1180010BDFFF7EDFF1623E5
:10BA04000360173BF7E7C046024670B50A43920746
:10BA14002AD11E4DEE0104C808C9541B9443344076
:10BA240017D0D0B2D9B2401A2106014310D190B236
:10BA340099B2401A210401430AD110021902000AE2
:10BA4400090A401A2102014302D1100E190E401AAC
:10BA540070BD9A42DFD010BA19BA884201D90120C8
:10BA640070BD0020C04370BD02780B7801300131F5
:10BA7400002A09D09A4207D102780B7801300131AB
:10BA8400002A01D09A42EFD0D01A70BD0101010101
:10BA940003000A7801311A700133002AF9D1704782
:10BAA40010B583070AD00300032102E001330B42DF
:10BAB40005D01A78002AF9D1181A10BD03001968A4
:10BAC4000C4A0D4C8A188A4322420FD15968094AFC
:10BAD40004338A188A43224208D15968054A043338
:10BAE4008A188A432242F1D000E001331A78002AEE
:10BAF400FBD1E1E7FFFEFEFE80808080F0B5C64604
:10BB0400060000B508200D00FFF770FF04003000A8
:10BB1400FFF764FB234B210098469B685F6803236F
:10BB24009F4338001138401B0019F6F7A1F8451E51
:10BB34006543AC4208DC00213000FFF73BFF43467D
:10BB44009B68DB19984206D03000FFF74FFB0020BA
:10BB540080BCB846F0BD30006942FFF72BFF0130CE
:10BB64000ED0012243467F1B9B6817430E4A5F6039
:10BB7400136830005B1B1360FFF738FB0120E7E715
:10BB840000213000FFF716FF43469A68831A0F2BF3
:10BB9400DADD064C04492468001B086001210B43CC
:10BBA4005360D1E748E30020CCEC002040E30020C0
:10BBB400F0B5D6464F46464605000C00C0B50029F0
:10BBC40048D0FFF70BFB2100012708394B680320FD
:10BBD4009C46BB43CE187268824360463840804618
:10BBE4006A4891468468B44200D17CE07260B4181B
:10BBF40064683C40A2464446002C30D10C68A446FC
:10BC0400091B8C686344A4460824A0468044C445A8
:10BC14005CD0CC68A04664464246E26094605246DA
:10BC2400002A1FD01F434F6033608022920093424A
:10BC340030D2DA085C090123A340446823434360FB
:10BC4400D3001B189A68CB608A609960D160280081
:10BC5400FFF7CCFAE0BCBA46B146A846F0BD52465E
:10BC6400002A0FD101224B44CF18BC46B468484F78
:10BC74001A43BC425BD0F668E660B4604A60624630
:10BC84001360D2E762463A434A60802233609200EE
:10BC94009342CED35C0A042C3FD89C092600393445
:10BCA4003836E40004192268083C0327944203D17F
:10BCB4004EE09268944203D05068B8439842F8D852
:10BCC400D468CC608A60A160D160C0E75246002A83
:10BCD40035D14B441A00B068F3681743C3609860C9
:10BCE4004F608A50B3E74B441A004346002B06D1F9
:10BCF4000B68C91A8C68D218CB68E3609C60012376
:10BD040013434B60234B81601B6893429FD8224BA3
:10BD140028001968FFF7F2FE99E7142C13D9542C64
:10BD24001DD81C0B26006F346E36E400BAE7E160C0
:10BD3400A1604A606246CC608C60136087E71F4351
:10BD44004F60336083E726005C345B36E400A9E788
:10BD54000123B610B340466833434360B1E7AA22D7
:10BD64005200944205D8DC0B260078347736E40080
:10BD740098E70A4A944205D89C0C26007D347C3608
:10BD8400E4008FE7FE247E26A4008BE748E300202E
:10BD940050E3002044E30020FCEC002054050000A4
:10BDA40010B503004418002903D107E00133A3426E
:10BDB40002D01A78002AF9D1181A10BD0020FCE725
:04BDC400F8B5C046C8
:10BDC800F0B5C646150000B504001E000268EFF382
:10BDD800108172B61368002BFCD0BFF35F8F042369
:10BDE800E3562268002B2BDBBFF35F8F0020106027
:10BDF80081F31088D02212061278002752B290469A
:10BE08009A420ED1002080BCB846F0BDBFF35F8FC8
:10BE1800176081F3108828003100F5F7B1FA00287F
:10BE2800F0D12268EFF3108172B61368002BFCD0B2
:10BE3800BFF35F8F237922687F2BE7D9434602E05F
:10BE4800D0231B061B682371BFF35F8F0023136089
:10BE580081F310880120D6E70268EFF3108172B6EB
:10BE68001368002BFCD0BFF35F8FFF2303710368B7
:10BE7800BFF35F8F00221A6081F3108840BF7047BC
:10BE880010B5084C2378002B0AD1802306480749AF
:10BE98005B051A68C25004338B42FAD10123237020
:10BEA80010BDC0466635012044EE001000010010A8
:10BEB80010B5014B984710BD45EE0020064B5A6857
:10BEC80002609A684260DA6882601A69C2605A69D8
:10BED80002619B6943617047000002400268064B9B
:10BEE8005A6042689A608268DA60C2681A610269B8
:10BEF8005A6142699A61704700000240034B1A6810
:10BF0800C0239B009343024A136070470C80014092
:10BF18000C900140054B1A6880239B005340C022B7
:10BF280092001340024A13607047C0460C800140DB
:10BF38000C900140F0B5D6464F4646468023C0B522
:10BF4800421804000D0086B09B039A422ED80027A1
:10BF58000026B88A338B17499847338B824616498F
:10BF6800B88A9847338B81461449B88A9847338BE7
:10BF780013498046B88A98470600FFF781FF68464C
:10BF8800FFF79CFFD047C8478022D823290020000C
:10BF98005202C047B047FFF78BFF6846FFF79EFF86
:10BFA80006B0E0BCBA46B146A846F0BDF5F7F6FCC7
:10BFB800CDE7C046494600004558000052450000FC
:10BFC80046430000F0B54E464546DE4657468023B8
:10BFD800E0B5150082180400894687B09B039A4291
:10BFE8002DD800270026B88A338B16499847338BFB
:10BFF80083461549B88A9847338B82461349B88ACD
:10C008009847338B12498046B88A98470600FFF74D
:10C0180037FF6846FFF752FFD847D0472A004946FE
:10C028002000C047B047FFF743FF6846FFF756FFB9
:10C0380007B0F0BCBB46B246A946A046F0BDF5F72E
:10C04800ADFCCEE7494600004558000052500000BC
:10C05800464300000023F0B5DE4657464E464546A7
:10C068009A46E0B589B001900E00988A45491B8B25
:10C0780014009847534681464349988A1B8B984732
:10C08800534642490500988A1B8B98478046FFF71C
:10C09800F7FE02A8FFF712FFC847A847FFF73AFFC5
:10C0A800251E22D00823C0219C460220490562464D
:10C0B8008B6A1A4018423FD0631B002D2FD1002AEB
:10C0C80011D1002C11D0C0235B059B4602239A4650
:10C0D800063399465B464A4657469B6A1A401F42B2
:10C0E80042D0002AF6D0002C30D1FFF707FFC04716
:10C0F800FFF7DEFE02A8FFF7F1FE09B0F0BCBB4671
:10C10800B246A946A046F0BD002C2FD1C022520548
:10C11800926A914608224F463A40BF072DD50D2B0B
:10C128001BD9002AF0D1C0225205926A91460822F2
:10C138004F463A40BF07F2D4002A04D12B002343CC
:10C14800002BB4D1D1E72B00002CF9D00B6E013CA9
:10C158003370230001362B43F2E7019F013D3B7802
:10C1680001370B660197E7E70025E5E7C0235B0584
:10C178001B6E013C3370013699E72B00002ADFD192
:10C18800DCE7C04649460000455800004643000029
:10C198005B494E464F5D202573203A2048656C6CFC
:10C1A8006F20426F6F746C6F616465720D0A0000D6
:10C1B800000000005B494E464F5D202573203A2061
:10C1C80052756E20426F6F746C6F616465722043A4
:10C1D8006F6E6669670D0A005B494E464F5D202504
:10C1E80073203A20202D204E6574776F726B20548F
:10C1F800696D656F75742053657474696E67732013
:10C208002D205243523A2025642C205254523A2071
:10C2180025640D0A000000006465766963655F6245
:10C22800616E6B5F636865636B206661696C6564EA
:10C238000D0000006465766963655F62616E6B5F1F
:10C24800636F7079206661696C65640D0000000099
:10C258006A756D702061646472203D2030782530E5
:10C2680038580D0A000000000A2A2A2A2050414E98
:10C278004943202A2A2A0A000A0000006E6F742007
:10C28800737570706F727465640000004E6F207370
:10C2980070696E6C6F636B73206172652061766183
:10C2A800696C61626C6500004861726477617265EF
:10C2B80020616C61726D20256420616C7265616417
:10C2C8007920636C61696D6564000000486172647F
:10C2D80020617373657274004F7574206F66206DEA
:10C2E800656D6F727900000052656C656173650059
:10C2F800626F6F74325F773235713038300000000A
:10C30800322E322E300000007069636F000000008A
:10C31800426F6F7400000000417072203232203288
:10C3280030323600666E692B00000000666E6900C8
:10C338006E616E00666E692D000000005541525412
:10C3480020737464696E00005541525420737464FC
:10C358006F7574005541525420737464696E202FB0
:10C36800207374646F7574004E6F20444D412063D0
:10C3780068616E6E656C73206172652061766169B3
:10C388006C61626C650000004E6F2050494F20734D
:10C3980074617465206D616368696E65732061728C
:10C3A8006520617661696C61626C65004C4544008A
:10C3B80020573578303020696E697469616C697A04
:10C3C8006564206661696C002041434345535320EE
:10C3D800455252203A2056455253494F4E20213D4E
:10C3E80020307830342C20726561642076616C7559
:10C3F80065203D203078253032780A00573578306E
:10C408003020524553455400737069206661696C49
:10C4180065642077726974696E67206275666665FF
:10C4280072000000573535525032302D53324500D6
:10C438003139322E3136382E31312E33000000009A
:10C44800303030303030303000000000574F524B21
:10C4580047524F555000000025732D25303258257E
:10C468003032582530325825303258253032582548
:10C47800303258005B494E464F5D202573203A20E4
:10C488004D4143203D202530325825303258253043
:10C4980032582530325825303258253032580D0A56
:10C4A800000000005B53454743505D20257320255D
:10C4B800643A20203E20446576436F6E66696720A3
:10C4C800757064617465206661696C65642C2052BE
:10C4D800657472793A2025640D0A00005B494E465E
:10C4E8004F5D202573203A202023204D41433A20D8
:10C4F800253032583A253032583A253032583A25C4
:10C508003032583A253032583A253032580D0A0020
:10C518005B494E464F5D202573203A202023204951
:10C5280050203A2025642E25642E25642E2564206B
:10C538002F20506F7274203A200D0A005B494E4636
:10C548004F5D202573203A20256420005B494E4624
:10C558004F5D202573203A200D0A00005B494E46A6
:10C568004F5D202573203A202023204757203A206A
:10C5780025642E25642E25642E25640D0A000000EE
:10C588005B494E464F5D202573203A2020232053D7
:10C598004E203A2025642E25642E25642E25640D10
:10C5A8000A0000005B494E464F5D202573203A2063
:10C5B800202320444E533A2025642E25642E2564DA
:10C5C8002E25640D0A0000005B494E464F5D20256C
:10C5D80073203A2020232044657374696E6174695E
:10C5E8006F6E20446F6D61696E3A202573202F208D
:10C5F800506F72743A2025640D0A00005B494E465C
:10C608004F5D202573203A202023204465737469E8
:10C618006E6174696F6E2049503A2025642E256436
:10C628002E25642E2564202F20506F72743A202501
:10C63800640D0A005B494E464F5D202573203A2061
:10C648002023232055445020313A4E204D6F6465F5
:10C658000D0A00005B494E464F5D202573203A20A5
:10C668002023232055445020313A31204D6F6465F2
:10C678000D0A00000D0000005B53454743505D2044
:10C6880025732025643A2073656763705F7265744B
:10C6980020262053454743505F5245545F53415627
:10C6A800450D0A005B53454743505D2025732025FF
:10C6B800643A2073656763705F726574202620533F
:10C6C800454743505F5245545F45524153455F4586
:10C6D8004550524F4D0D0A00203E205345474350C8
:10C6E8003A5550444154453A4641494C45440D0059
:10C6F8005B53454743505D2025732025643A2073DA
:10C70800656763705F726574202620534547435000
:10C718005F5245545F5245424F4F540D0A00000086
:10C728005245424F4F540D0A000000005B534547E5
:10C7380043505D2025732025643A205B554E4B4EAF
:10C748004F574E5D3A25730D0A0000005B5345476D
:10C7580043505D2025732025643A20636D64203D95
:10C768003D2025730D0A00000D0A000025303258BF
:10C778003A253032583A253032583A253032583A2C
:10C78800253032583A2530325800000025642E25CD
:10C79800642E256400000000256400005B534547B3
:10C7A80043505D2025732025643A20534547435064
:10C7B8005F4447203D2025730D0A000025642E257F
:10C7C800642E25642E256400256300002530325828
:10C7D80000000000253032582530325825303258B4
:10C7E800000000002564256400000000464C5553F5
:10C7F800480000005B53454743505D2025732025C2
:10C80800643A206465765F636F6E6669672D3E7370
:10C81800657269616C5F6F7074696F6E2E75617295
:10C82800745F696E74657266616365203D20256476
:10C838000D0A00005B53454743505D2025732025B2
:10C84800643A20756172745F69665F7461626C65D1
:10C858005B6465765F636F6E6669672D3E736572AC
:10C8680069616C5F6F7074696F6E2E756172745F49
:10C87800696E746572666163655D203D2025730D80
:10C888000A0000002E3A2D005B53454743505D20B7
:10C8980025732025643A2053454743505F46573A4D
:10C8A8004552524F523A544F4F4249470D0A0000E1
:10C8B800465725642E25642E25642E25643A256462
:10C8C8000D0A00005B53454743505D202573202522
:10C8D800643A2053454743505F46573A4F4B0D0A39
:10C8E8000000000025733A25730D0A005B53454785
:10C8F80043505D2025732025643A204552524F52FB
:10C90800203A2025730D0A005B53454743505D20AC
:10C9180025732025643A20454E44206F66205B70BD
:10C92800726F635F53454743505D2066756E63744D
:10C93800696F6E202D205245545B3078252E34784F
:10C948005D0D0A0D0A000000FFFFFFFFFFFF00005A
:10C9580025732563256325632563256325630D0AF0
:10C9680000000000FFFFFFFF000000005B53454789
:10C9780043505D2025732025643A203E3E20737481
:10C9880072746F6B3A2025730D0A00002D2D2D2D22
:10C998002D454E4420434552544946494341544548
:10C9A8002D2D2D2D2D0000002D2D2D2D2D454E44E6
:10C9B800205253412050524956415445204B455925
:10C9C8002D2D2D2D2D0000005B53454743505D2034
:10C9D80025732025643A20627566203D2025730D55
:10C9E8000A000000257300005B4552525D20257344
:10C9F800203A20203E2053454743503A4552524F53
:10CA0800523A253034580D0A000000004F43000008
:10CA18004C430000504B000045524E554C4C000012
:10CA280045524E4F54415641494C000045524E4FD5
:10CA3800504152414D000000455249474E4F524522
:10CA48004400000045524E4F434F4D4D414E440067
:10CA58004552494E56414C4944504152414D0000BF
:10CA680045524E4F50524956494C454745000000E3
:10CA78004D430000565200004D4E0000494D000045
:10CA88004F50000043500000444700004B41000055
:10CA98004B4900004B450000524900004C4900003A
:10CAA800534D00004757000044530000444800001D
:10CAB8004C50000052500000524800004252000002
:10CAC800444200005052000053420000464C00000F
:10CAD80049540000505400005053000050440000D6
:10CAE80054450000535300004E50000053500000BE
:10CAF8004D410000505700005356000045580000B3
:10CB080052540000554E0000535400004652000095
:10CB180045430000474100004742000047430000EA
:10CB280047440000434100004342000043430000E3
:10CB380043440000534300005330000053310000C9
:10CB48005258000055490000545200005155000049
:10CB58005150000051430000514B00005055000057
:10CB6800553000005531000055320000514F00008B
:10CB78005243000043450000554600004657000058
:10CB8800534F0000424F4F54000000004F50454E95
:10CB980000000000434F4E4E454354005550475245
:10CBA8004144450041544D4F444500005544500010
:10CBB8005B494E464F5D202573203A20203E205386
:10CBC800454743503A42555F5550444154453A46CB
:10CBD80041494C4544202D20496E76616C6964209A
:10CBE8006669726D776172652073697A653A202586
:10CBF8006C6420627974657320284669726D776168
:10CC080072652073697A65206D757374206265207A
:10CC180077697468696E2025642062797465732960
:10CC28000D0A00005B494E464F5D202573203A20CF
:10CC3800203E2053454743503A42555F55504441A2
:10CC480054453A4E4554574F524B202D2046697251
:10CC58006D776172652073697A653A205B256C642B
:10CC68005D2062797465730D0A000000203E205330
:10CC7800454743503A5550444154453A4E45545F10
:10CC880054494D454F55540D00000000203E205397
:10CC9800454743503A5550444154453A5245435606
:10CCA8005F4C454E202D20256420627974657320E1
:10CCB8007C205B25645D2062797465730D0A000031
:10CCC800203E2053454743503A5550444154453A35
:10CCD8004E4554574F524B202D20555044415445F2
:10CCE80020454E44207C205B25645D206279746574
:10CCF800730D0A00203E2053454743503A5550448F
:10CD08004154453A534F434B4F50454E0D00000098
:10CD18005B494E464F5D202573203A20577269744F
:10CD2800655F61646472203D203078253038580D85
:10CD38000A000000203E2053454743503A42555FC1
:10CD48005550444154453A4641494C4544202D20CC
:10CD58004669726D776172652075706461746520CB
:10CD680074696D656F75740D00000000203E2053D6
:10CD7800454743503A42555F5550444154453A4619
:10CD880041494C4544202D204E6574776F726B20C5
:10CD9800646F776E6C6F61642074696D656F75740C
:10CDA8000D0000005B494E464F5D202573203A2058
:10CDB80077726974655F66775F6C656E203D2025C4
:10CDC8006C642C20667775705F73697A65203D20E6
:10CDD800256C642062797465730D0A005B494E46C0
:10CDE8004F5D202573203A206275665F6C656E2062
:10CDF8003E20302C2057726974655F61646472202C
:10CE08003D203078253038580D0A00005B494E46E1
:10CE18004F5D202573203A20203E2053454743503C
:10CE28003A42555F5550444154453A53554343455A
:10CE380053530D0A000000005B494E464F5D202504
:10CE480073203A20203E2053454743503A42555FCD
:10CE5800434F50593A4641494C4544202D20496E8C
:10CE680076616C6964206669726D7761726520739A
:10CE7800697A653A20256C64206279746573202884
:10CE88004669726D776172652073697A65206D7580
:10CE980073742062652077697468696E2025642040
:10CEA8006279746573290D0A000000005B494E46DB
:10CEB8004F5D202573203A20203E2053454743509C
:10CEC8003A42555F434F50593A4E4554574F524B8B
:10CED800202D204669726D776172652073697A65C5
:10CEE8003A205B256C645D2062797465730D0A00D5
:10CEF8005B494E464F5D202573203A20777269744E
:10CF0800655F66775F6C656E203D2025642C206622
:10CF1800777570646174652D3E667775705F7369A7
:10CF28007A65203D2025640D0A0000005B494E46C5
:10CF38004F5D202573203A2066775F646174612015
:10CF48003D203078253038580D0A00003D3D3D3DE4
:10CF58003D3D3D3D3D3D3D3D3D3D3D3D3D3D3D3DF9
:10CF68003D3D3D3D3D3D3D3D3D3D3D3D3D3D3D3DE9
:10CF78003D3D3D3D3D3D3D3D3D3D3D3D3D3D000053
:10CF88005B494E464F5D202573203A2025730D0AD4
:10CF9800000000005B494E464F5D202573203A2073
:10CFA800202573200D0A00005B494E464F5D202561
:10CFB80073203A20203E3E2057495A6E657420441B
:10CFC8006576696365205365727665720D0A00009F
:10CFD8005B494E464F5D202573203A20203E3E2077
:10CFE8004669726D776172652076657273696F6ED6
:10CFF8003A2025642E25642E25642025730D0A0009
:10D00800537461626C6500004175746F6D61746979
:10D0180063202D204448435000000000537461747D
:10D0280069630000456E61626C6564004469736100
:10D03800626C6564000000004D6F64627573525441
:10D04800550000004D6F64627573415343494900B0
:10D058005B494E464F5D202573203A20202D204401
:10D06800657669636520747970653A2025730D0AC1
:10D07800000000005B494E464F5D202573203A2092
:10D08800202D20446576696365206E616D653A20C0
:10D0980025730D0A000000005B494E464F5D2025B0
:10D0A80073203A20202D20446576696365206772D5
:10D0B8006F75703A2025730D0A0000005B494E46D3
:10D0C8004F5D202573203A20202D20446576696322
:10D0D80065206D6F64653A2025730D0A0000000015
:10D0E8005B494E464F5D202573203A20202D204471
:10D0F800617461206368616E6E656C3A205B5541AE
:10D10800525420506F72742025645D202573206D61
:10D118006F64650D0A0000005B494E464F5D20258F
:10D1280073203A20202D204E6574776F726B207320
:10D13800657474696E67733A200D0A005B494E4640
:10D148004F5D202573203A20092D204F62746169B4
:10D158006E696E672049502073657474696E6773D1
:10D168003A205B25735D0D0A000000005B494E46BE
:10D178004F5D202573203A20092D205443502F5508
:10D18800445020706F7274730D0A00005B494E465C
:10D198004F5D202573203A20092020202B20533270
:10D1A80045206461746120706F72743A205B256455
:10D1B8005D0D0A005B494E464F5D202573203A20DD
:10D1C800092020202B205443502F554450207365AC
:10D1D8007474696E6720706F72743A205B25645DA1
:10D1E8000D0A00005B494E464F5D202573203A200A
:10D1F800092020202B204669726D776172652075A1
:10D20800706461746520706F72743A205B25645D88
:10D218000D0A00005B494E464F5D202573203A20D9
:10D22800092D205443502052657472616E736D69E4
:10D238007373696F6E2072657472793A205B256426
:10D248005D0D0A005B494E464F5D202573203A204C
:10D25800202D2053656172636820494420636F6400
:10D26800653A200D0A0000005B494E464F5D2025B7
:10D2780073203A20092D2025733A205B25735D0D14
:10D288000A0000005B494E464F5D202573203A2076
:10D29800202D2045746865726E657420636F6E6E0C
:10D2A800656374696F6E2070617373776F72643A27
:10D2B800200D0A0028544350207365727665722049
:10D2C8002F206D69786564206D6F6465206F6E6CC2
:10D2D800792900005B494E464F5D202573203A208E
:10D2E800092D2025732025730D0A00005B494E4641
:10D2F8004F5D202573203A20202D20436F6E6E65E8
:10D308006374696F6E2074696D65722073657474D7
:10D31800696E67733A200D0A000000005B494E46AB
:10D328004F5D202573203A20092D20496E616374D2
:10D3380069766974792074696D65723A2000000015
:10D348005B494E464F5D202573203A205B25645D7E
:10D358002028736563290D0A000000005B494E46CA
:10D368004F5D202573203A20092D205265636F6E8A
:10D378006E65637420696E74657276616C3A20001C
:10D388005B494E464F5D202573203A205B25645D3E
:10D3980020286D736563290D0A0000005B494E461D
:10D3A8004F5D202573203A20202D20536572696136
:10D3B8006C2073657474696E67733A200D0A0000F7
:10D3C8005B494E464F5D202573203A20092D2043A6
:10D3D8006F6D6D756E69636174696F6E2050726FE1
:10D3E800746F636F6C3A20005B494E464F5D202591
:10D3F80073203A205B25735D0D0A00005541525495
:10D40800000000005B494E464F5D202573203A20FE
:10D41800092D204461746120257320706F72743A5D
:10D428000D0A00005B494E464F5D202573203A20C7
:10D43800092020202B20554152542049463A205B90
:10D4480025735D0D0A000000092020202B20256C83
:10D45800642D000025642D0025732D002564202FE0
:10D4680020000000466C6F7720636F6E74726F6CDB
:10D478003A202573000000005B494E464F5D202589
:10D4880073203A20092D2044656275672025732092
:10D49800706F72743A0D0A004E4F4E45000000003E
:10D4A8003131353230302D382D4E2D31000000000D
:10D4B8005B494E464F5D202573203A2009202020E5
:10D4C8002B202573202F2025732025730D0A00009B
:10D4D80028666978656429005B494E464F5D2025BA
:10D4E80073203A20202D2053657269616C20646195
:10D4F8007461207061636B696E67206F7074696F07
:10D508006E733A0D0A0000005B494E464F5D2025B8
:10D5180073203A20092D2054696D653A20000000D7
:10D528005B494E464F5D202573203A20092D205334
:10D53800697A653A200000005B494E464F5D202518
:10D5480073203A205B25645D20286279746573290D
:10D558000D0A00005B494E464F5D202573203A2096
:10D56800092D20436861723A200000005B494E464D
:10D578004F5D202573203A205B252E32585D2028E8
:10D58800686578206F6E6C79290D0A005B494E46F4
:10D598004F5D202573203A20202D20536572696144
:10D5A8006C20636F6D6D616E64206D6F64652073B0
:10D5B800776974636820636F64653A0D0A00000038
:10D5C8005B494E464F5D202573203A20092D2025C2
:10D5D800730D0A005B494E464F5D202573203A20A3
:10D5E800092D205B252E32585D5B252E32585D5B58
:10D5F800252E32585D2028486578206F6E6C792971
:10D608000D0A00005B494E464F5D202573203A20E5
:10D6180020232044484350204950204C65617365BD
:10D62800642074696D65203A20256C6420736563F5
:10D638006F6E64730D0A00005B494E464F5D2025EE
:10D6480073203A2020232044484350204661696CC7
:10D6580065640D0A000000005B444843505D2025C6
:10D6680073203A20202D204448435020436C69659C
:10D678006E742072756E6E696E670D0A0000000088
:10D688005B444843505D202573203A20202D2044D8
:10D6980048435020537563636573730D0A00000097
:10D6A8005B444843505D202573203A20202D2044B8
:10D6B800484350204661696C65642C205472792077
:10D6C800616761696E2E2E2E0D0A0D0A000000009A
:10D6D8005B444843505D202573203A20202D204488
:10D6E8004843502054696D656F7574206F63637586
:10D6F8007272656420616E64207265747279205B51
:10D7080025645D0D0A0000005B4552525D202573BB
:10D71800203A20496E76616C696420706172616D8F
:10D7280065746572730D0A005B4552525D2025735E
:10D73800203A204661696C656420746F20616C6CC6
:10D748006F6361746520666C6173682062756666D4
:10D7580065720D0A0000000063616E27742065720F
:10D76800617365204D414320696E20662F770D0057
:10D778005B494E464F5D202573203A20203E2053BA
:10D78800544F524147453A45524153455F535441DE
:10D798005254204150502042616E6B0D0A00000027
:10D7A8005B494E464F5D202573203A20203E20538A
:10D7B800544F524147453A45524153455F535441AE
:10D7C80052542042494E2042616E6B0D0A000000FF
:10D7D8005B494E464F5D202573203A20203E20535A
:10D7E800544F524147453A45524153455F454E448F
:10D7F8000D0A000054544C0052532D3233320000AD
:10D8080052532D343232000052532D343835000033
:10D81800584F4E2F584F4646000000005254532F81
:10D8280043545300525453204F6E6C79000000004B
:10D83800525453204F6E6C79205265766572736529
:10D84800000000004E0000004F4444004556454E7D
:10D8580000000000203E205345473A4154204D6FB8
:10D8680064650D005345473A4154204D6F64650D7A
:10D878000A000000203E205345473A4757204D6F85
:10D8880064650D005345473A4757204D6F64650D51
:10D898000A0000005443505F5345525645525F4DAD
:10D8A8004F4445005443505F4D495845445F4D4FE0
:10D8B800444500005544505F4D4F4445000000006A
:10D8C80053534C5F5443505F434C49454E545F4D4E
:10D8D8004F4445004D5154545F434C49454E545FA5
:10D8E8004D4F4445000000004D515454535F434C84
:10D8F80049454E545F4D4F44450000004348454359
:10D908004B5F49505F434F4E464C4943540000001B
:10D918007365745F57355830305F4E657454696D60
:10D92800656F7574000000006D61696E000000008D
:10D9380006005250D3F07542F8C00020060052503D
:10D94800E182887F00C1002006005250ABB36053CB
:10D9580010C1002006005250BBFF3CB618C1002081
:10D9680006005250861C030220C1002006005250B7
:10D978005422A29D28C1002005005250DE65F4689B
:10D98800E0EA001070350020203500202035002006
:10D998006835002020350020203500202035002063
:10D9A800203500202035002020350020203500209B
:10D9B8006035002020350020583500202035002013
:10D9C8002035002050350020903700208635002073
:10D9D80080370020863500206A37002086350020F1
:10D9E80086350020863500208635002086350020C3
:10D9F80086350020863500207835002086350020C1
:10DA080086350020863500208635002086350020A2
:10DA1800783500202E380020DA340020DA3400204F
:10DA2800DA340020DA340020DA340020DA34002036
:10DA3800DA340020DA340020DA340020DA34002026
:10DA4800DA340020DA340020DA340020DA34002016
:10DA5800DA340020DA340020DA340020DA34002006
:10DA6800DA340020DA340020DA340020DA340020F6
:10DA7800DA340020DA340020DA340020DA340020E6
:10DA8800DA340020DA340020DA340020DA340020D6
:10DA9800DA340020A4370020FC370020A437002007
:10DAA800DA340020DA340020DA340020DA340020B6
:10DAB800DA340020DA340020DA340020DA340020A6
:10DAC800DA340020DA340020DA340020DA34002096
:10DAD800DA340020DA340020DA340020DA34002086
:10DAE8003E3A0020DA340020DA340020DA3400200C
:10DAF800DA340020DA340020DA340020DA34002066
:10DB0800DA340020DA3400203E3A00204038002081
:10DB18003E3A0020A4370020FC370020A43700201C
:10DB2800000000000000F03F00000000000024405A
:10DB380000000000000059400000000000408F4035
:10DB4800000000000088C34000000000006AF840A0
:10DB58000000000080842E4100000000D0126341C4
:10DB68000000000084D797410000000065CDCD413A
:10DB78000D0A00000600525053B4F4A164C10020FD
:10DB88000800525012000000080052509210000085
:10DB98000900525000000002BCC100200800525089
:10DBA8001210020009005250000000020CC20020AE
:10DBB800020202020202020202020202020202023D
:10DBC800D8D9002009FF00000160401000E080E083
:10DBD80026F0014045100140840000000A000B00B7
:10DBE80013000000646973706C61795F4E65745F3F
:10DBF800496E666F00000000736176655F44657664
:10DC0800436F6E6669675F746F5F73746F72616785
:10DC1800650000006C6F61645F626F6F745F4465DC
:10DC280076436F6E6669675F66726F6D5F73746F58
:10DC380072616765000000009C5E0020BC5E0020E9
:10DC4800BC5E002052610020E65F002012600020C8
:10DC58003260002052600020FC5E00201C5F002023
:10DC68003E5F0020605F0020765F00208C5F002010
:10DC7800A25F0020CE5F002072610020906100202A
:10DC8800AE610020D6610020F461002014620020FB
:10DC9800346200205462002080620020A2620020CA
:10DCA800C4620020EE620020C45E00200E5E0020E8
:10DCB8002863002040630020885E0020885E0020E2
:10DCC800885E0020885E0020885E0020885E002034
:10DCD800885E0020885E0020E05E0020D05D002085
:10DCE800D05D0020D05D0020D05D0020D05D0020F8
:10DCF800D05D0020D05D0020D05D0020B060002005
:10DD0800185E0020185E0020185E0020885E002043
:10DD180032610020D05D0020D05D0020D05D002061
:10DD2800D05D0020D05D0020D05D0020D05D0020B7
:10DD3800D05D0020D05D0020D05D0020D05D0020A7
:10DD4800D05D0020D05D0020D05D0020D05D002097
:10DD5800FC600020F06300202C6400202064002078
:10DD680066640020626400205E6400204064002035
:10DD780030650020266500201C6500200465002011
:10DD8800EC640020D4640020BC6400206A64002095
:10DD9800A2660020986600208E660020B0650020EC
:10DDA800AC650020A8650020A4650020A0650020BF
:10DDB8009C65002092650020886500207E65002013
:10DDC8006E6500206A6500204C65002034650020DF
:10DDD800086700208E6300208E630020F66600200E
:10DDE800E46600205A66002014660020FE650020C4
:10DDF800D6650020E0630020B85D0020B85D0020F3
:10DE0800B85D0020B85D0020B85D0020B85D002036
:10DE1800B85D0020B85D0020CC630020C8630020F6
:10DE2800B66300207C6600207866002074660020B7
:10DE3800B85D0020B85D0020B85D0020B85D002006
:10DE4800B85D0020B85D0020B85D0020B85D0020F6
:10DE5800B85D0020B85D0020B85D0020B85D0020E6
:10DE6800B85D0020B85D00206E6600207561727490
:10DE78005F6765745F636F6D6D616E646C696E6515
:10DE88000000000070726F635F53454743505F7531
:10DE98006470000070726F635F5345474350000021
:10DEA80070617273655F53454743500073656763DC
:10DEB800705F7265745F68616E646C657200000003
:10DEC800646F5F73656763700000000070726F6352
:10DED8006573735F64686370000000006469737041
:10DEE8006C61795F4465765F496E666F5F646863ED
:10DEF80070000000646973706C61795F4465765FD7
:10DF0800496E666F5F6D61696E00000064697370C9
:10DF18006C61795F4465765F496E666F5F686561BD
:10DF2800646572006465766963655F62616E6B5FE4
:10DF3800636865636B0000006465766963655F62AA
:10DF4800616E6B5F636F70790000000064657669CD
:10DF580063655F62616E6B5F757064617465000014
:10DF680077726974655F666C617368000102040802
:10DF7800D6800020BA800020B4800020B88000201D
:10DF8800B8800020C4800020CC800020B28000200F
:10DF980065726173655F73746F7261676500000015
:10DFA800468400204C840020528400206084002095
:10DFB80032840020408400209E840020A484002015
:10DFC800AA840020B88400208A8400209884002035
:10DFD8005891002044910020BE9000202C910020F0
:10DFE800BE900020BE9000200E910020BE90002020
:10DFF800BE900020BE900020BE900020BE90002061
:10E00800BE900020BE900020BE900020BE90002050
:10E01800BE900020BE900020BE900020BE90002040
:10E02800BE900020BE900020BE900020BE90002030
:10E03800BE900020BE900020BE900020BE90002020
:10E04800BE900020BE900020BE900020BE90002010
:10E05800BE900020BE900020BE900020BE90002000
:10E06800BE900020BE900020BE900020BE900020F0
:10E07800BE900020BE900020BE900020BE900020E0
:10E08800BE900020BE900020BE900020BE900020D0
:10E09800BE900020BE900020BE900020E890002096
:10E0A800BE900020E0900020C6900020BA92002088
:10E0B800F69200200C930020D2920020E8920020D3
:10E0C800E69F002038A0002084A00020A0A0002007
:10E0D8009E9F0020C29F0020EEA300201CA40020C9
:10E0E8002CA400204AA400208EA40020A6A400206E
:10E0F800C0A40020D8A40020F2A4002012A500206B
:10E1080040A5002048A50020F2A3002050A500202B
:10E11800F6A300200CA4002000202020202020208E
:10E1280020202828282828202020202020202020BF
:10E1380020202020202020202088101010101010CF
:10E14800101010101010101010040404040404041B
:10E1580004040410101010101010414141414141B5
:10E168000101010101010101010101010101010197
:10E1780001010101101010101010424242424242A7
:10E188000202020202020202020202020202020267
:10E19800020202021010101020000000000000000F
:10E1A8000000000000000000000000000000000067
:10E1B8000000000000000000000000000000000057
:10E1C8000000000000000000000000000000000047
:10E1D8000000000000000000000000000000000037
:10E1E8000000000000000000000000000000000027
:10E1F8000000000000000000000000000000000017
:10E208000000000000000000000000000000000006
:10E2180000000000000000000000000010000000E6
:10E2280000000000000001000000000000000000E5
:10E2380000000200000000000000000000000300D1
:10E2480000000000000000000000FF0000000000C7
:10E2580001B5486801318E460047704609380149C2
:10E26800884701BD2D0A00200000000000000000C2
:10E27800000000000000000000000000F0E800209E
:10E28800503300004C330000543300005233000078
:10E298004D5300004D430000533400004334000048
:10E2A8007545002079460020C14500208D46002094
:10E2B80000000000000100001617141518190200CC
:10E2C80000000000FD4C0020714C00207D4C002017
:10E2D800894C0020E15000206D500020F54C0020B2
:10E2E8009950002001510020C94C002028C8002066
:10E2F80030C800203CC8002048C8002054C800206E
:10E3080060C8002070C8002080C8002084C8002091
:10E3180088C800208CC8002090C8002094C800201D
:10E3280098C800209CC80020A0C80020A4C80020CD
:10E33800A8C80020ACC80020B0C80020B4C800207D
:10E34800B8C80020BCC80020C0C80020C4C800202D
:10E35800C8C80020CCC80020D0C80020D4C80020DD
:10E36800D8C80020DCC80020E0C80020E4C800208D
:10E37800E8C80020ECC80020F0C80020F4C800203D
:10E38800F8C80020FCC8002000C9002004C90020EB
:10E3980008C900200CC9002010C9002014C9002099
:10E3A80018C900201CC9002020C9002024C9002049
:10E3B80028C900202CC9002030C9002034C90020F9
:10E3C80038C900203CC9002040C9002044C90020A9
:10E3D80048C900204CC9002050C9002054C9002059
:10E3E80058C900205CC9002060C9002064C9002009
:10E3F80068C900206CC9002070C9002074C90020B9
:10E4080078C900207CC9002080C9002084C9002068
:10E418001CC8002020C8002024C8002088C900206B
:10E428008CC9002090C900200000000094C9002079
:10E438009CC90020A4C90020ACC90020B4C9002090
:10E44800BCC900200000000004D6002008D6002027
:10E4580010D6002018D6002018D60020A8D20020F8
:10E4680020D600202CD6002034D6002040D600200C
:10E478000102000054D6002058D600205CD60020A7
:10E48800070809002C01000058020000B004000031
:10E498000807000060090000C01200008025000085
:10E4A80040380000004B000080700000009600001B
:10E4B80000E1000000C2010000840300000807001A
:10E4C80000100000D4D60020A4D60020B4D6002026
:10E4D800C4D60020D0D60020E4D60020F8D60020EC
:10E4E800F4010100E187002005880020AD870020A5
:10E4F80057495A6E657400000A000000FFFFFFFFCD
:10E5080000C000000102573535303000000000001F
:10E51800C19E0020E19E0020E59E0020E99E00208B
:10E52800C59E0020CD9E00200000000000000000D5
:10E53800FFFFFFFF000002000000000000000000D5
:10E5480048E3002048E3002050E3002050E3002087
:10E5580058E3002058E3002060E3002060E3002037
:10E5680068E3002068E3002070E3002070E30020E7
:10E5780078E3002078E3002080E3002080E3002097
:10E5880088E3002088E3002090E3002090E3002047
:10E5980098E3002098E30020A0E30020A0E30020F7
:10E5A800A8E30020A8E30020B0E30020B0E30020A7
:10E5B800B8E30020B8E30020C0E30020C0E3002057
:10E5C800C8E30020C8E30020D0E30020D0E3002007
:10E5D800D8E30020D8E30020E0E30020E0E30020B7
:10E5E800E8E30020E8E30020F0E30020F0E3002067
:10E5F800F8E30020F8E3002000E4002000E4002015
:10E6080008E4002008E4002010E4002010E40020C2
:10E6180018E4002018E4002020E4002020E4002072
:10E6280028E4002028E4002030E4002030E4002022
:10E6380038E4002038E4002040E4002040E40020D2
:10E6480048E4002048E4002050E4002050E4002082
:10E6580058E4002058E4002060E4002060E4002032
:10E6680068E4002068E4002070E4002070E40020E2
:10E6780078E4002078E4002080E4002080E4002092
:10E6880088E4002088E4002090E4002090E4002042
:10E6980098E4002098E40020A0E40020A0E40020F2
:10E6A800A8E40020A8E40020B0E40020B0E40020A2
:10E6B800B8E40020B8E40020C0E40020C0E4002052
:10E6C800C8E40020C8E40020D0E40020D0E4002002
:10E6D800D8E40020D8E40020E0E40020E0E40020B2
:10E6E800E8E40020E8E40020F0E40020F0E4002062
:10E6F800F8E40020F8E4002000E5002000E5002010
:10E7080008E5002008E5002010E5002010E50020BD
:10E7180018E5002018E5002020E5002020E500206D
:10E7280028E5002028E5002030E5002030E500201D
:10E7380038E5002038E5002040E5002040E50020CD
:10E7480048E5002048E5002050E5002050E500207D
:10E7580058E5002058E5002060E5002060E500202D
:10E7680068E5002068E5002070E5002070E50020DD
:10E7780078E5002078E5002080E5002080E500208D
:10E7880088E5002088E5002090E5002090E500203D
:10E7980098E5002098E50020A0E50020A0E50020ED
:10E7A800A8E50020A8E50020B0E50020B0E500209D
:10E7B800B8E50020B8E50020C0E50020C0E500204D
:10E7C800C8E50020C8E50020D0E50020D0E50020FD
:10E7D800D8E50020D8E50020E0E50020E0E50020AD
:10E7E800E8E50020E8E50020F0E50020F0E500205D
:10E7F800F8E50020F8E5002000E6002000E600200B
:10E8080008E6002008E6002010E6002010E60020B8
:10E8180018E6002018E6002020E6002020E6002068
:10E8280028E6002028E6002030E6002030E6002018
:10E8380038E6002038E6002040E6002040E60020C8
:10E8480048E6002048E6002050E6002050E6002078
:10E8580058E6002058E6002060E6002060E6002028
:10E8680068E6002068E6002070E6002070E60020D8
:10E8780078E6002078E6002080E6002080E6002088
:10E8880088E6002088E6002090E6002090E6002038
:10E8980098E6002098E60020A0E60020A0E60020E8
:10E8A800A8E60020A8E60020B0E60020B0E6002098
:10E8B800B8E60020B8E60020C0E60020C0E6002048
:10E8C800C8E60020C8E60020D0E60020D0E60020F8
:10E8D800D8E60020D8E60020E0E60020E0E60020A8
:10E8E800E8E60020E8E60020F0E60020F0E6002058
:10E8F800F8E60020F8E6002000E7002000E7002006
:10E9080008E7002008E7002010E7002010E70020B3
:10E9180018E7002018E7002020E7002020E7002063
:10E9280028E7002028E7002030E7002030E7002013
:10E9380038E7002038E7002040E7002040E70020C3
:10E9480058E70020000000000000000000ED002053
:10E9580068ED0020D0ED002000000000000000005D
:10E96800000000000000000000000000000000009F
:10E97800000000000000000000000000000000008F
:10E98800000000000000000000000000000000007F
:10E99800000000000000000000000000000000006F
:10E9A800000000000000000000000000000000005F
:10E9B800000000000000000000000000000000004F
:10E9C800000000000000000000000000000000003F
:10E9D800000000000000000000000000000000002F
:10E9E80001000000000000000E33CDAB34126DE6CC
:10E9F800ECDE05000B000000000000000000000035
:10EA080000000000000000000000000000000000FE
:10EA180000000000000000000000000000000000EE
:10EA280000000000000000000000000000000000DE
:10EA380000000000000000000000000000000000CE
:10EA480000000000000000000000000000000000BE
:10EA580000000000000000000000000000000000AE
:10EA6800000000000000000000000000000000009E
:10EA7800000000000000000000000000000000008E
:10EA8800000000000000000000000000000000007E
:10EA9800E11700200D180020051A0020A9270020E2
:10EAA800B5200020ED260020191900202918002083
:10EAB800491800205D180020F10A00206518002080
:10EAC8008D0E0020A9170020BD070020314B002023
:08EAD800ED000020E102002026
:04000005100001E9FD
:00000001FF
