/*
    file: Web_page.h
    description: Web_Page Constant header file
    author: Mason
    company: WIZnet
    data: 2026-05-20
*/

#ifndef __WEB_PAGE_H__
#define __WEB_PAGE_H__

static const unsigned char _acWeb_page[0x45D3] = {
    0x3C, 0x21, 0x44, 0x4F, 0x43, 0x54, 0x59, 0x50, 0x45, 0x20, 0x68, 0x74, 0x6D, 0x6C, 0x3E, 0x0A,
    0x3C, 0x68, 0x74, 0x6D, 0x6C, 0x20, 0x6C, 0x61, 0x6E, 0x67, 0x3D, 0x22, 0x6B, 0x6F, 0x22, 0x3E,
    0x0A, 0x3C, 0x68, 0x65, 0x61, 0x64, 0x3E, 0x0A, 0x3C, 0x6D, 0x65, 0x74, 0x61, 0x20, 0x63, 0x68,
    0x61, 0x72, 0x73, 0x65, 0x74, 0x3D, 0x22, 0x55, 0x54, 0x46, 0x2D, 0x38, 0x22, 0x3E, 0x0A, 0x3C,
    0x6D, 0x65, 0x74, 0x61, 0x20, 0x6E, 0x61, 0x6D, 0x65, 0x3D, 0x22, 0x76, 0x69, 0x65, 0x77, 0x70,
    0x6F, 0x72, 0x74, 0x22, 0x20, 0x63, 0x6F, 0x6E, 0x74, 0x65, 0x6E, 0x74, 0x3D, 0x22, 0x77, 0x69,
    0x64, 0x74, 0x68, 0x3D, 0x64, 0x65, 0x76, 0x69, 0x63, 0x65, 0x2D, 0x77, 0x69, 0x64, 0x74, 0x68,
    0x2C, 0x20, 0x69, 0x6E, 0x69, 0x74, 0x69, 0x61, 0x6C, 0x2D, 0x73, 0x63, 0x61, 0x6C, 0x65, 0x3D,
    0x31, 0x2E, 0x30, 0x22, 0x3E, 0x0A, 0x3C, 0x74, 0x69, 0x74, 0x6C, 0x65, 0x3E, 0x57, 0x35, 0x35,
    0x52, 0x50, 0x32, 0x30, 0x20, 0x53, 0x74, 0x61, 0x74, 0x75, 0x73, 0x3C, 0x2F, 0x74, 0x69, 0x74,
    0x6C, 0x65, 0x3E, 0x0A, 0x3C, 0x73, 0x74, 0x79, 0x6C, 0x65, 0x3E, 0x0A, 0x62, 0x6F, 0x64, 0x79,
    0x20, 0x7B, 0x0A, 0x20, 0x20, 0x20, 0x20, 0x6D, 0x61, 0x72, 0x67, 0x69, 0x6E, 0x3A, 0x20, 0x30,
    0x3B, 0x0A, 0x20, 0x20, 0x20, 0x20, 0x62, 0x61, 0x63, 0x6B, 0x67, 0x72, 0x6F, 0x75, 0x6E, 0x64,
    0x3A, 0x20, 0x23, 0x65, 0x36, 0x65, 0x36, 0x65, 0x36, 0x3B, 0x0A, 0x20, 0x20, 0x20, 0x20, 0x63,
    0x6F, 0x6C, 0x6F, 0x72, 0x3A, 0x20, 0x23, 0x32, 0x32, 0x32, 0x3B, 0x0A, 0x20, 0x20, 0x20, 0x20,
    0x66, 0x6F, 0x6E, 0x74, 0x2D, 0x66, 0x61, 0x6D, 0x69, 0x6C, 0x79, 0x3A, 0x20, 0x22, 0x4D, 0x61,
    0x6C, 0x67, 0x75, 0x6E, 0x20, 0x47, 0x6F, 0x74, 0x68, 0x69, 0x63, 0x22, 0x2C, 0x20, 0x41, 0x72,
    0x69, 0x61, 0x6C, 0x2C, 0x20, 0x73, 0x61, 0x6E, 0x73, 0x2D, 0x73, 0x65, 0x72, 0x69, 0x66, 0x3B,
    0x0A, 0x7D, 0x0A, 0x2E, 0x70, 0x61, 0x67, 0x65, 0x20, 0x7B, 0x0A, 0x20, 0x20, 0x20, 0x20, 0x64,
    0x69, 0x73, 0x70, 0x6C, 0x61, 0x79, 0x3A, 0x20, 0x66, 0x6C, 0x65, 0x78, 0x3B, 0x0A, 0x20, 0x20,
    0x20, 0x20, 0x66, 0x6C, 0x65, 0x78, 0x2D, 0x64, 0x69, 0x72, 0x65, 0x63, 0x74, 0x69, 0x6F, 0x6E,
    0x3A, 0x20, 0x63, 0x6F, 0x6C, 0x75, 0x6D, 0x6E, 0x3B, 0x0A, 0x20, 0x20, 0x20, 0x20, 0x67, 0x61,
    0x70, 0x3A, 0x20, 0x31, 0x32, 0x70, 0x78, 0x3B, 0x0A, 0x20, 0x20, 0x20, 0x20, 0x6D, 0x61, 0x78,
    0x2D, 0x77, 0x69, 0x64, 0x74, 0x68, 0x3A, 0x20, 0x31, 0x32, 0x30, 0x30, 0x70, 0x78, 0x3B, 0x0A,
    0x20, 0x20, 0x20, 0x20, 0x6D, 0x61, 0x72, 0x67, 0x69, 0x6E, 0x3A, 0x20, 0x31, 0x32, 0x70, 0x78,
    0x20, 0x61, 0x75, 0x74, 0x6F, 0x3B, 0x0A, 0x20, 0x20, 0x20, 0x20, 0x70, 0x61, 0x64, 0x64, 0x69,
    0x6E, 0x67, 0x3A, 0x20, 0x30, 0x20, 0x31, 0x32, 0x70, 0x78, 0x20, 0x31, 0x32, 0x70, 0x78, 0x3B,
    0x0A, 0x20, 0x20, 0x20, 0x20, 0x62, 0x6F, 0x78, 0x2D, 0x73, 0x69, 0x7A, 0x69, 0x6E, 0x67, 0x3A,
    0x20, 0x62, 0x6F, 0x72, 0x64, 0x65, 0x72, 0x2D, 0x62, 0x6F, 0x78, 0x3B, 0x0A, 0x7D, 0x0A, 0x2E,
    0x74, 0x6F, 0x70, 0x6E, 0x61, 0x76, 0x20, 0x7B, 0x0A, 0x20, 0x20, 0x20, 0x20, 0x62, 0x61, 0x63,
    0x6B, 0x67, 0x72, 0x6F, 0x75, 0x6E, 0x64, 0x3A, 0x20, 0x23, 0x66, 0x33, 0x66, 0x33, 0x66, 0x33,
    0x3B, 0x0A, 0x20, 0x20, 0x20, 0x20, 0x62, 0x6F, 0x72, 0x64, 0x65, 0x72, 0x3A, 0x20, 0x31, 0x70,
    0x78, 0x20, 0x73, 0x6F, 0x6C, 0x69, 0x64, 0x20, 0x23, 0x38, 0x65, 0x61, 0x30, 0x61, 0x64, 0x3B,
    0x0A, 0x7D, 0x0A, 0x2E, 0x6D, 0x65, 0x6E, 0x75, 0x20, 0x7B, 0x0A, 0x20, 0x20, 0x20, 0x20, 0x6C,
    0x69, 0x73, 0x74, 0x2D, 0x73, 0x74, 0x79, 0x6C, 0x65, 0x3A, 0x20, 0x6E, 0x6F, 0x6E, 0x65, 0x3B,
    0x0A, 0x20, 0x20, 0x20, 0x20, 0x6D, 0x61, 0x72, 0x67, 0x69, 0x6E, 0x3A, 0x20, 0x30, 0x3B, 0x0A,
    0x20, 0x20, 0x20, 0x20, 0x70, 0x61, 0x64, 0x64, 0x69, 0x6E, 0x67, 0x3A, 0x20, 0x30, 0x3B, 0x0A,
    0x20, 0x20, 0x20, 0x20, 0x64, 0x69, 0x73, 0x70, 0x6C, 0x61, 0x79, 0x3A, 0x20, 0x66, 0x6C, 0x65,
    0x78, 0x3B, 0x0A, 0x20, 0x20, 0x20, 0x20, 0x66, 0x6C, 0x65, 0x78, 0x2D, 0x64, 0x69, 0x72, 0x65,
    0x63, 0x74, 0x69, 0x6F, 0x6E, 0x3A, 0x20, 0x72, 0x6F, 0x77, 0x3B, 0x0A, 0x7D, 0x0A, 0x2E, 0x6D,
    0x65, 0x6E, 0x75, 0x20, 0x6C, 0x69, 0x20, 0x7B, 0x0A, 0x20, 0x20, 0x20, 0x20, 0x66, 0x6C, 0x65,
    0x78, 0x3A, 0x20, 0x31, 0x3B, 0x0A, 0x20, 0x20, 0x20, 0x20, 0x70, 0x61, 0x64, 0x64, 0x69, 0x6E,
    0x67, 0x3A, 0x20, 0x31, 0x34, 0x70, 0x78, 0x20, 0x31, 0x38, 0x70, 0x78, 0x3B, 0x0A, 0x20, 0x20,
    0x20, 0x20, 0x62, 0x6F, 0x72, 0x64, 0x65, 0x72, 0x2D, 0x72, 0x69, 0x67, 0x68, 0x74, 0x3A, 0x20,
    0x31, 0x70, 0x78, 0x20, 0x73, 0x6F, 0x6C, 0x69, 0x64, 0x20, 0x23, 0x63, 0x64, 0x64, 0x36, 0x64,
    0x63, 0x3B, 0x0A, 0x20, 0x20, 0x20, 0x20, 0x66, 0x6F, 0x6E, 0x74, 0x2D, 0x73, 0x69, 0x7A, 0x65,
    0x3A, 0x20, 0x32, 0x32, 0x70, 0x78, 0x3B, 0x0A, 0x20, 0x20, 0x20, 0x20, 0x66, 0x6F, 0x6E, 0x74,
    0x2D, 0x77, 0x65, 0x69, 0x67, 0x68, 0x74, 0x3A, 0x20, 0x62, 0x6F, 0x6C, 0x64, 0x3B, 0x0A, 0x20,
    0x20, 0x20, 0x20, 0x63, 0x6F, 0x6C, 0x6F, 0x72, 0x3A, 0x20, 0x23, 0x34, 0x61, 0x34, 0x61, 0x34,
    0x61, 0x3B, 0x0A, 0x20, 0x20, 0x20, 0x20, 0x63, 0x75, 0x72, 0x73, 0x6F, 0x72, 0x3A, 0x20, 0x70,
    0x6F, 0x69, 0x6E, 0x74, 0x65, 0x72, 0x3B, 0x0A, 0x20, 0x20, 0x20, 0x20, 0x74, 0x65, 0x78, 0x74,
    0x2D, 0x61, 0x6C, 0x69, 0x67, 0x6E, 0x3A, 0x20, 0x63, 0x65, 0x6E, 0x74, 0x65, 0x72, 0x3B, 0x0A,
    0x7D, 0x0A, 0x2E, 0x6D, 0x65, 0x6E, 0x75, 0x20, 0x6C, 0x69, 0x3A, 0x6C, 0x61, 0x73, 0x74, 0x2D,
    0x63, 0x68, 0x69, 0x6C, 0x64, 0x20, 0x7B, 0x0A, 0x20, 0x20, 0x20, 0x20, 0x62, 0x6F, 0x72, 0x64,
    0x65, 0x72, 0x2D, 0x72, 0x69, 0x67, 0x68, 0x74, 0x3A, 0x20, 0x6E, 0x6F, 0x6E, 0x65, 0x3B, 0x0A,
    0x7D, 0x0A, 0x2E, 0x6D, 0x65, 0x6E, 0x75, 0x20, 0x6C, 0x69, 0x3A, 0x68, 0x6F, 0x76, 0x65, 0x72,
    0x20, 0x7B, 0x0A, 0x20, 0x20, 0x20, 0x20, 0x62, 0x61, 0x63, 0x6B, 0x67, 0x72, 0x6F, 0x75, 0x6E,
    0x64, 0x3A, 0x20, 0x23, 0x65, 0x38, 0x66, 0x30, 0x66, 0x37, 0x3B, 0x0A, 0x7D, 0x0A, 0x2E, 0x6D,
    0x65, 0x6E, 0x75, 0x20, 0x6C, 0x69, 0x2E, 0x61, 0x63, 0x74, 0x69, 0x76, 0x65, 0x20, 0x7B, 0x0A,
    0x20, 0x20, 0x20, 0x20, 0x62, 0x61, 0x63, 0x6B, 0x67, 0x72, 0x6F, 0x75, 0x6E, 0x64, 0x3A, 0x20,
    0x23, 0x64, 0x36, 0x65, 0x36, 0x66, 0x34, 0x3B, 0x0A, 0x20, 0x20, 0x20, 0x20, 0x63, 0x6F, 0x6C,
    0x6F, 0x72, 0x3A, 0x20, 0x23, 0x30, 0x65, 0x34, 0x62, 0x37, 0x38, 0x3B, 0x0A, 0x7D, 0x0A, 0x2E,
    0x63, 0x6F, 0x6E, 0x74, 0x65, 0x6E, 0x74, 0x20, 0x7B, 0x0A, 0x20, 0x20, 0x20, 0x20, 0x66, 0x6C,
    0x65, 0x78, 0x3A, 0x20, 0x31, 0x3B, 0x0A, 0x20, 0x20, 0x20, 0x20, 0x62, 0x6F, 0x72, 0x64, 0x65,
    0x72, 0x3A, 0x20, 0x33, 0x70, 0x78, 0x20, 0x73, 0x6F, 0x6C, 0x69, 0x64, 0x20, 0x23, 0x30, 0x66,
    0x35, 0x62, 0x38, 0x37, 0x3B, 0x0A, 0x20, 0x20, 0x20, 0x20, 0x62, 0x61, 0x63, 0x6B, 0x67, 0x72,
    0x6F, 0x75, 0x6E, 0x64, 0x3A, 0x20, 0x23, 0x66, 0x39, 0x66, 0x39, 0x66, 0x39, 0x3B, 0x0A, 0x7D,
    0x0A, 0x2E, 0x63, 0x6F, 0x6E, 0x74, 0x65, 0x6E, 0x74, 0x2D, 0x68, 0x65, 0x61, 0x64, 0x65, 0x72,
    0x20, 0x7B, 0x0A, 0x20, 0x20, 0x20, 0x20, 0x70, 0x61, 0x64, 0x64, 0x69, 0x6E, 0x67, 0x3A, 0x20,
    0x31, 0x30, 0x70, 0x78, 0x20, 0x31, 0x38, 0x70, 0x78, 0x3B, 0x0A, 0x20, 0x20, 0x20, 0x20, 0x62,
    0x61, 0x63, 0x6B, 0x67, 0x72, 0x6F, 0x75, 0x6E, 0x64, 0x3A, 0x20, 0x23, 0x30, 0x66, 0x35, 0x62,
    0x38, 0x37, 0x3B, 0x0A, 0x20, 0x20, 0x20, 0x20, 0x63, 0x6F, 0x6C, 0x6F, 0x72, 0x3A, 0x20, 0x23,
    0x66, 0x66, 0x66, 0x3B, 0x0A, 0x20, 0x20, 0x20, 0x20, 0x66, 0x6F, 0x6E, 0x74, 0x2D, 0x73, 0x69,
    0x7A, 0x65, 0x3A, 0x20, 0x33, 0x30, 0x70, 0x78, 0x3B, 0x0A, 0x20, 0x20, 0x20, 0x20, 0x66, 0x6F,
    0x6E, 0x74, 0x2D, 0x77, 0x65, 0x69, 0x67, 0x68, 0x74, 0x3A, 0x20, 0x62, 0x6F, 0x6C, 0x64, 0x3B,
    0x0A, 0x7D, 0x0A, 0x2E, 0x73, 0x65, 0x63, 0x74, 0x69, 0x6F, 0x6E, 0x20, 0x7B, 0x0A, 0x20, 0x20,
    0x20, 0x20, 0x6D, 0x61, 0x72, 0x67, 0x69, 0x6E, 0x3A, 0x20, 0x31, 0x38, 0x70, 0x78, 0x3B, 0x0A,
    0x20, 0x20, 0x20, 0x20, 0x62, 0x6F, 0x72, 0x64, 0x65, 0x72, 0x3A, 0x20, 0x31, 0x70, 0x78, 0x20,
    0x73, 0x6F, 0x6C, 0x69, 0x64, 0x20, 0x23, 0x37, 0x65, 0x38, 0x64, 0x39, 0x38, 0x3B, 0x0A, 0x20,
    0x20, 0x20, 0x20, 0x62, 0x61, 0x63, 0x6B, 0x67, 0x72, 0x6F, 0x75, 0x6E, 0x64, 0x3A, 0x20, 0x23,
    0x65, 0x63, 0x65, 0x63, 0x65, 0x63, 0x3B, 0x0A, 0x7D, 0x0A, 0x2E, 0x73, 0x65, 0x63, 0x74, 0x69,
    0x6F, 0x6E, 0x2D, 0x74, 0x69, 0x74, 0x6C, 0x65, 0x20, 0x7B, 0x0A, 0x20, 0x20, 0x20, 0x20, 0x70,
    0x61, 0x64, 0x64, 0x69, 0x6E, 0x67, 0x3A, 0x20, 0x38, 0x70, 0x78, 0x20, 0x31, 0x32, 0x70, 0x78,
    0x3B, 0x0A, 0x20, 0x20, 0x20, 0x20, 0x62, 0x6F, 0x72, 0x64, 0x65, 0x72, 0x2D, 0x62, 0x6F, 0x74,
    0x74, 0x6F, 0x6D, 0x3A, 0x20, 0x31, 0x70, 0x78, 0x20, 0x73, 0x6F, 0x6C, 0x69, 0x64, 0x20, 0x23,
    0x37, 0x65, 0x38, 0x64, 0x39, 0x38, 0x3B, 0x0A, 0x20, 0x20, 0x20, 0x20, 0x74, 0x65, 0x78, 0x74,
    0x2D, 0x61, 0x6C, 0x69, 0x67, 0x6E, 0x3A, 0x20, 0x63, 0x65, 0x6E, 0x74, 0x65, 0x72, 0x3B, 0x0A,
    0x20, 0x20, 0x20, 0x20, 0x66, 0x6F, 0x6E, 0x74, 0x2D, 0x73, 0x69, 0x7A, 0x65, 0x3A, 0x20, 0x32,
    0x38, 0x70, 0x78, 0x3B, 0x0A, 0x20, 0x20, 0x20, 0x20, 0x66, 0x6F, 0x6E, 0x74, 0x2D, 0x77, 0x65,
    0x69, 0x67, 0x68, 0x74, 0x3A, 0x20, 0x62, 0x6F, 0x6C, 0x64, 0x3B, 0x0A, 0x7D, 0x0A, 0x74, 0x61,
    0x62, 0x6C, 0x65, 0x20, 0x7B, 0x0A, 0x20, 0x20, 0x20, 0x20, 0x77, 0x69, 0x64, 0x74, 0x68, 0x3A,
    0x20, 0x63, 0x61, 0x6C, 0x63, 0x28, 0x31, 0x30, 0x30, 0x25, 0x20, 0x2D, 0x20, 0x32, 0x30, 0x70,
    0x78, 0x29, 0x3B, 0x0A, 0x20, 0x20, 0x20, 0x20, 0x6D, 0x61, 0x72, 0x67, 0x69, 0x6E, 0x3A, 0x20,
    0x31, 0x30, 0x70, 0x78, 0x3B, 0x0A, 0x20, 0x20, 0x20, 0x20, 0x62, 0x6F, 0x72, 0x64, 0x65, 0x72,
    0x2D, 0x63, 0x6F, 0x6C, 0x6C, 0x61, 0x70, 0x73, 0x65, 0x3A, 0x20, 0x73, 0x65, 0x70, 0x61, 0x72,
    0x61, 0x74, 0x65, 0x3B, 0x0A, 0x20, 0x20, 0x20, 0x20, 0x62, 0x6F, 0x72, 0x64, 0x65, 0x72, 0x2D,
    0x73, 0x70, 0x61, 0x63, 0x69, 0x6E, 0x67, 0x3A, 0x20, 0x34, 0x70, 0x78, 0x3B, 0x0A, 0x7D, 0x0A,
    0x74, 0x68, 0x2C, 0x20, 0x74, 0x64, 0x20, 0x7B, 0x0A, 0x20, 0x20, 0x20, 0x20, 0x62, 0x6F, 0x72,
    0x64, 0x65, 0x72, 0x3A, 0x20, 0x31, 0x70, 0x78, 0x20, 0x73, 0x6F, 0x6C, 0x69, 0x64, 0x20, 0x23,
    0x37, 0x65, 0x37, 0x65, 0x37, 0x65, 0x3B, 0x0A, 0x20, 0x20, 0x20, 0x20, 0x62, 0x61, 0x63, 0x6B,
    0x67, 0x72, 0x6F, 0x75, 0x6E, 0x64, 0x3A, 0x20, 0x23, 0x66, 0x61, 0x66, 0x61, 0x66, 0x61, 0x3B,
    0x0A, 0x20, 0x20, 0x20, 0x20, 0x74, 0x65, 0x78, 0x74, 0x2D, 0x61, 0x6C, 0x69, 0x67, 0x6E, 0x3A,
    0x20, 0x63, 0x65, 0x6E, 0x74, 0x65, 0x72, 0x3B, 0x0A, 0x20, 0x20, 0x20, 0x20, 0x70, 0x61, 0x64,
    0x64, 0x69, 0x6E, 0x67, 0x3A, 0x20, 0x38, 0x70, 0x78, 0x20, 0x36, 0x70, 0x78, 0x3B, 0x0A, 0x20,
    0x20, 0x20, 0x20, 0x66, 0x6F, 0x6E, 0x74, 0x2D, 0x73, 0x69, 0x7A, 0x65, 0x3A, 0x20, 0x32, 0x34,
    0x70, 0x78, 0x3B, 0x0A, 0x7D, 0x0A, 0x74, 0x68, 0x20, 0x7B, 0x0A, 0x20, 0x20, 0x20, 0x20, 0x62,
    0x61, 0x63, 0x6B, 0x67, 0x72, 0x6F, 0x75, 0x6E, 0x64, 0x3A, 0x20, 0x23, 0x66, 0x30, 0x66, 0x30,
    0x66, 0x30, 0x3B, 0x0A, 0x7D, 0x0A, 0x2F, 0x2A, 0x20, 0x33, 0x2D, 0x75, 0x70, 0x20, 0x73, 0x65,
    0x6E, 0x73, 0x6F, 0x72, 0x20, 0x67, 0x72, 0x69, 0x64, 0x20, 0x74, 0x61, 0x62, 0x6C, 0x65, 0x20,
    0xE2, 0x80, 0x94, 0x20, 0x73, 0x6D, 0x61, 0x6C, 0x6C, 0x65, 0x72, 0x20, 0x63, 0x65, 0x6C, 0x6C,
    0x73, 0x20, 0x74, 0x6F, 0x20, 0x66, 0x69, 0x74, 0x20, 0x39, 0x20, 0x63, 0x6F, 0x6C, 0x75, 0x6D,
    0x6E, 0x73, 0x20, 0x2A, 0x2F, 0x0A, 0x2E, 0x73, 0x65, 0x6E, 0x73, 0x6F, 0x72, 0x2D, 0x74, 0x61,
    0x62, 0x6C, 0x65, 0x20, 0x74, 0x68, 0x2C, 0x20, 0x2E, 0x73, 0x65, 0x6E, 0x73, 0x6F, 0x72, 0x2D,
    0x74, 0x61, 0x62, 0x6C, 0x65, 0x20, 0x74, 0x64, 0x20, 0x7B, 0x0A, 0x20, 0x20, 0x20, 0x20, 0x66,
    0x6F, 0x6E, 0x74, 0x2D, 0x73, 0x69, 0x7A, 0x65, 0x3A, 0x20, 0x31, 0x38, 0x70, 0x78, 0x3B, 0x0A,
    0x20, 0x20, 0x20, 0x20, 0x70, 0x61, 0x64, 0x64, 0x69, 0x6E, 0x67, 0x3A, 0x20, 0x36, 0x70, 0x78,
    0x20, 0x34, 0x70, 0x78, 0x3B, 0x0A, 0x7D, 0x0A, 0x2E, 0x73, 0x65, 0x6E, 0x73, 0x6F, 0x72, 0x2D,
    0x74, 0x61, 0x62, 0x6C, 0x65, 0x20, 0x2E, 0x63, 0x6F, 0x6C, 0x2D, 0x69, 0x64, 0x78, 0x20, 0x7B,
    0x0A, 0x20, 0x20, 0x20, 0x20, 0x77, 0x69, 0x64, 0x74, 0x68, 0x3A, 0x20, 0x35, 0x30, 0x70, 0x78,
    0x3B, 0x0A, 0x20, 0x20, 0x20, 0x20, 0x63, 0x6F, 0x6C, 0x6F, 0x72, 0x3A, 0x20, 0x23, 0x37, 0x37,
    0x37, 0x3B, 0x0A, 0x7D, 0x0A, 0x2E, 0x66, 0x6F, 0x6F, 0x74, 0x65, 0x72, 0x20, 0x7B, 0x0A, 0x20,
    0x20, 0x20, 0x20, 0x70, 0x61, 0x64, 0x64, 0x69, 0x6E, 0x67, 0x3A, 0x20, 0x31, 0x30, 0x70, 0x78,
    0x20, 0x31, 0x36, 0x70, 0x78, 0x20, 0x31, 0x38, 0x70, 0x78, 0x3B, 0x0A, 0x20, 0x20, 0x20, 0x20,
    0x74, 0x65, 0x78, 0x74, 0x2D, 0x61, 0x6C, 0x69, 0x67, 0x6E, 0x3A, 0x20, 0x63, 0x65, 0x6E, 0x74,
    0x65, 0x72, 0x3B, 0x0A, 0x20, 0x20, 0x20, 0x20, 0x66, 0x6F, 0x6E, 0x74, 0x2D, 0x73, 0x69, 0x7A,
    0x65, 0x3A, 0x20, 0x32, 0x32, 0x70, 0x78, 0x3B, 0x0A, 0x20, 0x20, 0x20, 0x20, 0x66, 0x6F, 0x6E,
    0x74, 0x2D, 0x77, 0x65, 0x69, 0x67, 0x68, 0x74, 0x3A, 0x20, 0x62, 0x6F, 0x6C, 0x64, 0x3B, 0x0A,
    0x7D, 0x0A, 0x2E, 0x62, 0x74, 0x6E, 0x2D, 0x73, 0x61, 0x76, 0x65, 0x20, 0x7B, 0x0A, 0x20, 0x20,
    0x20, 0x20, 0x66, 0x6F, 0x6E, 0x74, 0x2D, 0x73, 0x69, 0x7A, 0x65, 0x3A, 0x20, 0x32, 0x32, 0x70,
    0x78, 0x3B, 0x0A, 0x20, 0x20, 0x20, 0x20, 0x70, 0x61, 0x64, 0x64, 0x69, 0x6E, 0x67, 0x3A, 0x20,
    0x38, 0x70, 0x78, 0x20, 0x32, 0x38, 0x70, 0x78, 0x3B, 0x0A, 0x20, 0x20, 0x20, 0x20, 0x62, 0x61,
    0x63, 0x6B, 0x67, 0x72, 0x6F, 0x75, 0x6E, 0x64, 0x3A, 0x20, 0x23, 0x30, 0x66, 0x35, 0x62, 0x38,
    0x37, 0x3B, 0x0A, 0x20, 0x20, 0x20, 0x20, 0x63, 0x6F, 0x6C, 0x6F, 0x72, 0x3A, 0x20, 0x23, 0x66,
    0x66, 0x66, 0x3B, 0x0A, 0x20, 0x20, 0x20, 0x20, 0x62, 0x6F, 0x72, 0x64, 0x65, 0x72, 0x3A, 0x20,
    0x6E, 0x6F, 0x6E, 0x65, 0x3B, 0x0A, 0x20, 0x20, 0x20, 0x20, 0x63, 0x75, 0x72, 0x73, 0x6F, 0x72,
    0x3A, 0x20, 0x70, 0x6F, 0x69, 0x6E, 0x74, 0x65, 0x72, 0x3B, 0x0A, 0x20, 0x20, 0x20, 0x20, 0x62,
    0x6F, 0x72, 0x64, 0x65, 0x72, 0x2D, 0x72, 0x61, 0x64, 0x69, 0x75, 0x73, 0x3A, 0x20, 0x34, 0x70,
    0x78, 0x3B, 0x0A, 0x7D, 0x0A, 0x2E, 0x62, 0x74, 0x6E, 0x2D, 0x73, 0x61, 0x76, 0x65, 0x3A, 0x68,
    0x6F, 0x76, 0x65, 0x72, 0x20, 0x7B, 0x20, 0x62, 0x61, 0x63, 0x6B, 0x67, 0x72, 0x6F, 0x75, 0x6E,
    0x64, 0x3A, 0x20, 0x23, 0x30, 0x61, 0x33, 0x66, 0x36, 0x30, 0x3B, 0x20, 0x7D, 0x0A, 0x2E, 0x62,
    0x74, 0x6E, 0x2D, 0x64, 0x65, 0x6C, 0x20, 0x7B, 0x0A, 0x20, 0x20, 0x20, 0x20, 0x66, 0x6F, 0x6E,
    0x74, 0x2D, 0x73, 0x69, 0x7A, 0x65, 0x3A, 0x20, 0x31, 0x38, 0x70, 0x78, 0x3B, 0x0A, 0x20, 0x20,
    0x20, 0x20, 0x70, 0x61, 0x64, 0x64, 0x69, 0x6E, 0x67, 0x3A, 0x20, 0x34, 0x70, 0x78, 0x20, 0x31,
    0x34, 0x70, 0x78, 0x3B, 0x0A, 0x20, 0x20, 0x20, 0x20, 0x62, 0x61, 0x63, 0x6B, 0x67, 0x72, 0x6F,
    0x75, 0x6E, 0x64, 0x3A, 0x20, 0x23, 0x63, 0x63, 0x32, 0x32, 0x30, 0x30, 0x3B, 0x0A, 0x20, 0x20,
    0x20, 0x20, 0x63, 0x6F, 0x6C, 0x6F, 0x72, 0x3A, 0x20, 0x23, 0x66, 0x66, 0x66, 0x3B, 0x0A, 0x20,
    0x20, 0x20, 0x20, 0x62, 0x6F, 0x72, 0x64, 0x65, 0x72, 0x3A, 0x20, 0x6E, 0x6F, 0x6E, 0x65, 0x3B,
    0x0A, 0x20, 0x20, 0x20, 0x20, 0x63, 0x75, 0x72, 0x73, 0x6F, 0x72, 0x3A, 0x20, 0x70, 0x6F, 0x69,
    0x6E, 0x74, 0x65, 0x72, 0x3B, 0x0A, 0x20, 0x20, 0x20, 0x20, 0x62, 0x6F, 0x72, 0x64, 0x65, 0x72,
    0x2D, 0x72, 0x61, 0x64, 0x69, 0x75, 0x73, 0x3A, 0x20, 0x33, 0x70, 0x78, 0x3B, 0x0A, 0x7D, 0x0A,
    0x2E, 0x62, 0x74, 0x6E, 0x2D, 0x64, 0x65, 0x6C, 0x3A, 0x68, 0x6F, 0x76, 0x65, 0x72, 0x20, 0x7B,
    0x20, 0x62, 0x61, 0x63, 0x6B, 0x67, 0x72, 0x6F, 0x75, 0x6E, 0x64, 0x3A, 0x20, 0x23, 0x39, 0x39,
    0x31, 0x61, 0x30, 0x30, 0x3B, 0x20, 0x7D, 0x0A, 0x2E, 0x69, 0x70, 0x2D, 0x69, 0x6E, 0x70, 0x75,
    0x74, 0x20, 0x7B, 0x0A, 0x20, 0x20, 0x20, 0x20, 0x66, 0x6F, 0x6E, 0x74, 0x2D, 0x73, 0x69, 0x7A,
    0x65, 0x3A, 0x20, 0x32, 0x34, 0x70, 0x78, 0x3B, 0x0A, 0x20, 0x20, 0x20, 0x20, 0x77, 0x69, 0x64,
    0x74, 0x68, 0x3A, 0x20, 0x32, 0x30, 0x30, 0x70, 0x78, 0x3B, 0x0A, 0x20, 0x20, 0x20, 0x20, 0x70,
    0x61, 0x64, 0x64, 0x69, 0x6E, 0x67, 0x3A, 0x20, 0x34, 0x70, 0x78, 0x20, 0x38, 0x70, 0x78, 0x3B,
    0x0A, 0x20, 0x20, 0x20, 0x20, 0x62, 0x6F, 0x72, 0x64, 0x65, 0x72, 0x3A, 0x20, 0x31, 0x70, 0x78,
    0x20, 0x73, 0x6F, 0x6C, 0x69, 0x64, 0x20, 0x23, 0x37, 0x65, 0x38, 0x64, 0x39, 0x38, 0x3B, 0x0A,
    0x20, 0x20, 0x20, 0x20, 0x74, 0x65, 0x78, 0x74, 0x2D, 0x61, 0x6C, 0x69, 0x67, 0x6E, 0x3A, 0x20,
    0x63, 0x65, 0x6E, 0x74, 0x65, 0x72, 0x3B, 0x0A, 0x7D, 0x0A, 0x2F, 0x2A, 0x20, 0x4D, 0x6F, 0x64,
    0x61, 0x6C, 0x20, 0x2A, 0x2F, 0x0A, 0x2E, 0x6D, 0x6F, 0x64, 0x61, 0x6C, 0x2D, 0x6F, 0x76, 0x65,
    0x72, 0x6C, 0x61, 0x79, 0x20, 0x7B, 0x0A, 0x20, 0x20, 0x20, 0x20, 0x64, 0x69, 0x73, 0x70, 0x6C,
    0x61, 0x79, 0x3A, 0x20, 0x6E, 0x6F, 0x6E, 0x65, 0x3B, 0x0A, 0x20, 0x20, 0x20, 0x20, 0x70, 0x6F,
    0x73, 0x69, 0x74, 0x69, 0x6F, 0x6E, 0x3A, 0x20, 0x66, 0x69, 0x78, 0x65, 0x64, 0x3B, 0x0A, 0x20,
    0x20, 0x20, 0x20, 0x74, 0x6F, 0x70, 0x3A, 0x20, 0x30, 0x3B, 0x20, 0x6C, 0x65, 0x66, 0x74, 0x3A,
    0x20, 0x30, 0x3B, 0x0A, 0x20, 0x20, 0x20, 0x20, 0x77, 0x69, 0x64, 0x74, 0x68, 0x3A, 0x20, 0x31,
    0x30, 0x30, 0x25, 0x3B, 0x20, 0x68, 0x65, 0x69, 0x67, 0x68, 0x74, 0x3A, 0x20, 0x31, 0x30, 0x30,
    0x25, 0x3B, 0x0A, 0x20, 0x20, 0x20, 0x20, 0x62, 0x61, 0x63, 0x6B, 0x67, 0x72, 0x6F, 0x75, 0x6E,
    0x64, 0x3A, 0x20, 0x72, 0x67, 0x62, 0x61, 0x28, 0x30, 0x2C, 0x30, 0x2C, 0x30, 0x2C, 0x30, 0x2E,
    0x35, 0x29, 0x3B, 0x0A, 0x20, 0x20, 0x20, 0x20, 0x7A, 0x2D, 0x69, 0x6E, 0x64, 0x65, 0x78, 0x3A,
    0x20, 0x31, 0x30, 0x30, 0x30, 0x3B, 0x0A, 0x20, 0x20, 0x20, 0x20, 0x61, 0x6C, 0x69, 0x67, 0x6E,
    0x2D, 0x69, 0x74, 0x65, 0x6D, 0x73, 0x3A, 0x20, 0x63, 0x65, 0x6E, 0x74, 0x65, 0x72, 0x3B, 0x0A,
    0x20, 0x20, 0x20, 0x20, 0x6A, 0x75, 0x73, 0x74, 0x69, 0x66, 0x79, 0x2D, 0x63, 0x6F, 0x6E, 0x74,
    0x65, 0x6E, 0x74, 0x3A, 0x20, 0x63, 0x65, 0x6E, 0x74, 0x65, 0x72, 0x3B, 0x0A, 0x7D, 0x0A, 0x2E,
    0x6D, 0x6F, 0x64, 0x61, 0x6C, 0x2D, 0x6F, 0x76, 0x65, 0x72, 0x6C, 0x61, 0x79, 0x2E, 0x73, 0x68,
    0x6F, 0x77, 0x20, 0x7B, 0x20, 0x64, 0x69, 0x73, 0x70, 0x6C, 0x61, 0x79, 0x3A, 0x20, 0x66, 0x6C,
    0x65, 0x78, 0x3B, 0x20, 0x7D, 0x0A, 0x2E, 0x6D, 0x6F, 0x64, 0x61, 0x6C, 0x2D, 0x62, 0x6F, 0x78,
    0x20, 0x7B, 0x0A, 0x20, 0x20, 0x20, 0x20, 0x62, 0x61, 0x63, 0x6B, 0x67, 0x72, 0x6F, 0x75, 0x6E,
    0x64, 0x3A, 0x20, 0x23, 0x66, 0x66, 0x66, 0x3B, 0x0A, 0x20, 0x20, 0x20, 0x20, 0x62, 0x6F, 0x72,
    0x64, 0x65, 0x72, 0x3A, 0x20, 0x33, 0x70, 0x78, 0x20, 0x73, 0x6F, 0x6C, 0x69, 0x64, 0x20, 0x23,
    0x30, 0x66, 0x35, 0x62, 0x38, 0x37, 0x3B, 0x0A, 0x20, 0x20, 0x20, 0x20, 0x62, 0x6F, 0x72, 0x64,
    0x65, 0x72, 0x2D, 0x72, 0x61, 0x64, 0x69, 0x75, 0x73, 0x3A, 0x20, 0x38, 0x70, 0x78, 0x3B, 0x0A,
    0x20, 0x20, 0x20, 0x20, 0x70, 0x61, 0x64, 0x64, 0x69, 0x6E, 0x67, 0x3A, 0x20, 0x32, 0x38, 0x70,
    0x78, 0x20, 0x33, 0x32, 0x70, 0x78, 0x3B, 0x0A, 0x20, 0x20, 0x20, 0x20, 0x6D, 0x69, 0x6E, 0x2D,
    0x77, 0x69, 0x64, 0x74, 0x68, 0x3A, 0x20, 0x33, 0x30, 0x30, 0x70, 0x78, 0x3B, 0x0A, 0x20, 0x20,
    0x20, 0x20, 0x74, 0x65, 0x78, 0x74, 0x2D, 0x61, 0x6C, 0x69, 0x67, 0x6E, 0x3A, 0x20, 0x63, 0x65,
    0x6E, 0x74, 0x65, 0x72, 0x3B, 0x0A, 0x20, 0x20, 0x20, 0x20, 0x62, 0x6F, 0x78, 0x2D, 0x73, 0x68,
    0x61, 0x64, 0x6F, 0x77, 0x3A, 0x20, 0x30, 0x20, 0x38, 0x70, 0x78, 0x20, 0x33, 0x32, 0x70, 0x78,
    0x20, 0x72, 0x67, 0x62, 0x61, 0x28, 0x30, 0x2C, 0x30, 0x2C, 0x30, 0x2C, 0x30, 0x2E, 0x33, 0x35,
    0x29, 0x3B, 0x0A, 0x7D, 0x0A, 0x2E, 0x6D, 0x6F, 0x64, 0x61, 0x6C, 0x2D, 0x74, 0x69, 0x74, 0x6C,
    0x65, 0x20, 0x7B, 0x0A, 0x20, 0x20, 0x20, 0x20, 0x66, 0x6F, 0x6E, 0x74, 0x2D, 0x73, 0x69, 0x7A,
    0x65, 0x3A, 0x20, 0x32, 0x36, 0x70, 0x78, 0x3B, 0x0A, 0x20, 0x20, 0x20, 0x20, 0x66, 0x6F, 0x6E,
    0x74, 0x2D, 0x77, 0x65, 0x69, 0x67, 0x68, 0x74, 0x3A, 0x20, 0x62, 0x6F, 0x6C, 0x64, 0x3B, 0x0A,
    0x20, 0x20, 0x20, 0x20, 0x63, 0x6F, 0x6C, 0x6F, 0x72, 0x3A, 0x20, 0x23, 0x30, 0x66, 0x35, 0x62,
    0x38, 0x37, 0x3B, 0x0A, 0x20, 0x20, 0x20, 0x20, 0x6D, 0x61, 0x72, 0x67, 0x69, 0x6E, 0x2D, 0x62,
    0x6F, 0x74, 0x74, 0x6F, 0x6D, 0x3A, 0x20, 0x31, 0x30, 0x70, 0x78, 0x3B, 0x0A, 0x7D, 0x0A, 0x2E,
    0x6D, 0x6F, 0x64, 0x61, 0x6C, 0x2D, 0x64, 0x65, 0x73, 0x63, 0x20, 0x7B, 0x0A, 0x20, 0x20, 0x20,
    0x20, 0x66, 0x6F, 0x6E, 0x74, 0x2D, 0x73, 0x69, 0x7A, 0x65, 0x3A, 0x20, 0x31, 0x38, 0x70, 0x78,
    0x3B, 0x0A, 0x20, 0x20, 0x20, 0x20, 0x63, 0x6F, 0x6C, 0x6F, 0x72, 0x3A, 0x20, 0x23, 0x35, 0x35,
    0x35, 0x3B, 0x0A, 0x20, 0x20, 0x20, 0x20, 0x6D, 0x61, 0x72, 0x67, 0x69, 0x6E, 0x2D, 0x62, 0x6F,
    0x74, 0x74, 0x6F, 0x6D, 0x3A, 0x20, 0x31, 0x34, 0x70, 0x78, 0x3B, 0x0A, 0x7D, 0x0A, 0x2E, 0x6D,
    0x6F, 0x64, 0x61, 0x6C, 0x2D, 0x69, 0x6E, 0x70, 0x75, 0x74, 0x20, 0x7B, 0x0A, 0x20, 0x20, 0x20,
    0x20, 0x77, 0x69, 0x64, 0x74, 0x68, 0x3A, 0x20, 0x31, 0x30, 0x30, 0x25, 0x3B, 0x0A, 0x20, 0x20,
    0x20, 0x20, 0x70, 0x61, 0x64, 0x64, 0x69, 0x6E, 0x67, 0x3A, 0x20, 0x38, 0x70, 0x78, 0x3B, 0x0A,
    0x20, 0x20, 0x20, 0x20, 0x66, 0x6F, 0x6E, 0x74, 0x2D, 0x73, 0x69, 0x7A, 0x65, 0x3A, 0x20, 0x32,
    0x30, 0x70, 0x78, 0x3B, 0x0A, 0x20, 0x20, 0x20, 0x20, 0x62, 0x6F, 0x72, 0x64, 0x65, 0x72, 0x3A,
    0x20, 0x31, 0x70, 0x78, 0x20, 0x73, 0x6F, 0x6C, 0x69, 0x64, 0x20, 0x23, 0x38, 0x65, 0x61, 0x30,
    0x61, 0x64, 0x3B, 0x0A, 0x20, 0x20, 0x20, 0x20, 0x62, 0x6F, 0x78, 0x2D, 0x73, 0x69, 0x7A, 0x69,
    0x6E, 0x67, 0x3A, 0x20, 0x62, 0x6F, 0x72, 0x64, 0x65, 0x72, 0x2D, 0x62, 0x6F, 0x78, 0x3B, 0x0A,
    0x20, 0x20, 0x20, 0x20, 0x6D, 0x61, 0x72, 0x67, 0x69, 0x6E, 0x2D, 0x62, 0x6F, 0x74, 0x74, 0x6F,
    0x6D, 0x3A, 0x20, 0x38, 0x70, 0x78, 0x3B, 0x0A, 0x7D, 0x0A, 0x2E, 0x6D, 0x6F, 0x64, 0x61, 0x6C,
    0x2D, 0x65, 0x72, 0x72, 0x20, 0x7B, 0x0A, 0x20, 0x20, 0x20, 0x20, 0x63, 0x6F, 0x6C, 0x6F, 0x72,
    0x3A, 0x20, 0x72, 0x65, 0x64, 0x3B, 0x0A, 0x20, 0x20, 0x20, 0x20, 0x66, 0x6F, 0x6E, 0x74, 0x2D,
    0x73, 0x69, 0x7A, 0x65, 0x3A, 0x20, 0x31, 0x37, 0x70, 0x78, 0x3B, 0x0A, 0x20, 0x20, 0x20, 0x20,
    0x6D, 0x69, 0x6E, 0x2D, 0x68, 0x65, 0x69, 0x67, 0x68, 0x74, 0x3A, 0x20, 0x32, 0x32, 0x70, 0x78,
    0x3B, 0x0A, 0x20, 0x20, 0x20, 0x20, 0x6D, 0x61, 0x72, 0x67, 0x69, 0x6E, 0x2D, 0x62, 0x6F, 0x74,
    0x74, 0x6F, 0x6D, 0x3A, 0x20, 0x38, 0x70, 0x78, 0x3B, 0x0A, 0x7D, 0x0A, 0x2E, 0x6D, 0x6F, 0x64,
    0x61, 0x6C, 0x2D, 0x62, 0x74, 0x6E, 0x73, 0x20, 0x7B, 0x20, 0x64, 0x69, 0x73, 0x70, 0x6C, 0x61,
    0x79, 0x3A, 0x20, 0x66, 0x6C, 0x65, 0x78, 0x3B, 0x20, 0x67, 0x61, 0x70, 0x3A, 0x20, 0x38, 0x70,
    0x78, 0x3B, 0x20, 0x7D, 0x0A, 0x2E, 0x62, 0x74, 0x6E, 0x2D, 0x63, 0x6F, 0x6E, 0x66, 0x69, 0x72,
    0x6D, 0x20, 0x7B, 0x0A, 0x20, 0x20, 0x20, 0x20, 0x66, 0x6C, 0x65, 0x78, 0x3A, 0x20, 0x31, 0x3B,
    0x20, 0x70, 0x61, 0x64, 0x64, 0x69, 0x6E, 0x67, 0x3A, 0x20, 0x31, 0x30, 0x70, 0x78, 0x3B, 0x0A,
    0x20, 0x20, 0x20, 0x20, 0x62, 0x61, 0x63, 0x6B, 0x67, 0x72, 0x6F, 0x75, 0x6E, 0x64, 0x3A, 0x20,
    0x23, 0x30, 0x66, 0x35, 0x62, 0x38, 0x37, 0x3B, 0x20, 0x63, 0x6F, 0x6C, 0x6F, 0x72, 0x3A, 0x20,
    0x23, 0x66, 0x66, 0x66, 0x3B, 0x0A, 0x20, 0x20, 0x20, 0x20, 0x62, 0x6F, 0x72, 0x64, 0x65, 0x72,
    0x3A, 0x20, 0x6E, 0x6F, 0x6E, 0x65, 0x3B, 0x20, 0x66, 0x6F, 0x6E, 0x74, 0x2D, 0x73, 0x69, 0x7A,
    0x65, 0x3A, 0x20, 0x32, 0x30, 0x70, 0x78, 0x3B, 0x20, 0x63, 0x75, 0x72, 0x73, 0x6F, 0x72, 0x3A,
    0x20, 0x70, 0x6F, 0x69, 0x6E, 0x74, 0x65, 0x72, 0x3B, 0x20, 0x62, 0x6F, 0x72, 0x64, 0x65, 0x72,
    0x2D, 0x72, 0x61, 0x64, 0x69, 0x75, 0x73, 0x3A, 0x20, 0x34, 0x70, 0x78, 0x3B, 0x0A, 0x7D, 0x0A,
    0x2E, 0x62, 0x74, 0x6E, 0x2D, 0x63, 0x6F, 0x6E, 0x66, 0x69, 0x72, 0x6D, 0x3A, 0x68, 0x6F, 0x76,
    0x65, 0x72, 0x20, 0x7B, 0x20, 0x62, 0x61, 0x63, 0x6B, 0x67, 0x72, 0x6F, 0x75, 0x6E, 0x64, 0x3A,
    0x20, 0x23, 0x30, 0x61, 0x33, 0x66, 0x36, 0x30, 0x3B, 0x20, 0x7D, 0x0A, 0x2E, 0x62, 0x74, 0x6E,
    0x2D, 0x63, 0x61, 0x6E, 0x63, 0x65, 0x6C, 0x20, 0x7B, 0x0A, 0x20, 0x20, 0x20, 0x20, 0x66, 0x6C,
    0x65, 0x78, 0x3A, 0x20, 0x31, 0x3B, 0x20, 0x70, 0x61, 0x64, 0x64, 0x69, 0x6E, 0x67, 0x3A, 0x20,
    0x31, 0x30, 0x70, 0x78, 0x3B, 0x0A, 0x20, 0x20, 0x20, 0x20, 0x62, 0x61, 0x63, 0x6B, 0x67, 0x72,
    0x6F, 0x75, 0x6E, 0x64, 0x3A, 0x20, 0x23, 0x38, 0x38, 0x38, 0x3B, 0x20, 0x63, 0x6F, 0x6C, 0x6F,
    0x72, 0x3A, 0x20, 0x23, 0x66, 0x66, 0x66, 0x3B, 0x0A, 0x20, 0x20, 0x20, 0x20, 0x62, 0x6F, 0x72,
    0x64, 0x65, 0x72, 0x3A, 0x20, 0x6E, 0x6F, 0x6E, 0x65, 0x3B, 0x20, 0x66, 0x6F, 0x6E, 0x74, 0x2D,
    0x73, 0x69, 0x7A, 0x65, 0x3A, 0x20, 0x32, 0x30, 0x70, 0x78, 0x3B, 0x20, 0x63, 0x75, 0x72, 0x73,
    0x6F, 0x72, 0x3A, 0x20, 0x70, 0x6F, 0x69, 0x6E, 0x74, 0x65, 0x72, 0x3B, 0x20, 0x62, 0x6F, 0x72,
    0x64, 0x65, 0x72, 0x2D, 0x72, 0x61, 0x64, 0x69, 0x75, 0x73, 0x3A, 0x20, 0x34, 0x70, 0x78, 0x3B,
    0x0A, 0x7D, 0x0A, 0x2E, 0x62, 0x74, 0x6E, 0x2D, 0x63, 0x61, 0x6E, 0x63, 0x65, 0x6C, 0x3A, 0x68,
    0x6F, 0x76, 0x65, 0x72, 0x20, 0x7B, 0x20, 0x62, 0x61, 0x63, 0x6B, 0x67, 0x72, 0x6F, 0x75, 0x6E,
    0x64, 0x3A, 0x20, 0x23, 0x36, 0x36, 0x36, 0x3B, 0x20, 0x7D, 0x0A, 0x40, 0x6D, 0x65, 0x64, 0x69,
    0x61, 0x20, 0x28, 0x6D, 0x61, 0x78, 0x2D, 0x77, 0x69, 0x64, 0x74, 0x68, 0x3A, 0x20, 0x39, 0x30,
    0x30, 0x70, 0x78, 0x29, 0x20, 0x7B, 0x0A, 0x20, 0x20, 0x20, 0x20, 0x2E, 0x6D, 0x65, 0x6E, 0x75,
    0x20, 0x7B, 0x20, 0x66, 0x6C, 0x65, 0x78, 0x2D, 0x64, 0x69, 0x72, 0x65, 0x63, 0x74, 0x69, 0x6F,
    0x6E, 0x3A, 0x20, 0x63, 0x6F, 0x6C, 0x75, 0x6D, 0x6E, 0x3B, 0x20, 0x7D, 0x0A, 0x20, 0x20, 0x20,
    0x20, 0x2E, 0x6D, 0x65, 0x6E, 0x75, 0x20, 0x6C, 0x69, 0x20, 0x7B, 0x20, 0x62, 0x6F, 0x72, 0x64,
    0x65, 0x72, 0x2D, 0x72, 0x69, 0x67, 0x68, 0x74, 0x3A, 0x20, 0x6E, 0x6F, 0x6E, 0x65, 0x3B, 0x20,
    0x62, 0x6F, 0x72, 0x64, 0x65, 0x72, 0x2D, 0x62, 0x6F, 0x74, 0x74, 0x6F, 0x6D, 0x3A, 0x20, 0x31,
    0x70, 0x78, 0x20, 0x73, 0x6F, 0x6C, 0x69, 0x64, 0x20, 0x23, 0x63, 0x64, 0x64, 0x36, 0x64, 0x63,
    0x3B, 0x20, 0x7D, 0x0A, 0x20, 0x20, 0x20, 0x20, 0x2E, 0x6D, 0x65, 0x6E, 0x75, 0x20, 0x6C, 0x69,
    0x3A, 0x6C, 0x61, 0x73, 0x74, 0x2D, 0x63, 0x68, 0x69, 0x6C, 0x64, 0x20, 0x7B, 0x20, 0x62, 0x6F,
    0x72, 0x64, 0x65, 0x72, 0x2D, 0x62, 0x6F, 0x74, 0x74, 0x6F, 0x6D, 0x3A, 0x20, 0x6E, 0x6F, 0x6E,
    0x65, 0x3B, 0x20, 0x7D, 0x0A, 0x20, 0x20, 0x20, 0x20, 0x2E, 0x6D, 0x65, 0x6E, 0x75, 0x20, 0x6C,
    0x69, 0x2C, 0x20, 0x2E, 0x63, 0x6F, 0x6E, 0x74, 0x65, 0x6E, 0x74, 0x2D, 0x68, 0x65, 0x61, 0x64,
    0x65, 0x72, 0x2C, 0x20, 0x2E, 0x73, 0x65, 0x63, 0x74, 0x69, 0x6F, 0x6E, 0x2D, 0x74, 0x69, 0x74,
    0x6C, 0x65, 0x2C, 0x20, 0x74, 0x68, 0x2C, 0x20, 0x74, 0x64, 0x2C, 0x20, 0x2E, 0x66, 0x6F, 0x6F,
    0x74, 0x65, 0x72, 0x20, 0x7B, 0x20, 0x66, 0x6F, 0x6E, 0x74, 0x2D, 0x73, 0x69, 0x7A, 0x65, 0x3A,
    0x20, 0x31, 0x36, 0x70, 0x78, 0x3B, 0x20, 0x7D, 0x0A, 0x20, 0x20, 0x20, 0x20, 0x2E, 0x73, 0x65,
    0x6E, 0x73, 0x6F, 0x72, 0x2D, 0x74, 0x61, 0x62, 0x6C, 0x65, 0x20, 0x74, 0x68, 0x2C, 0x20, 0x2E,
    0x73, 0x65, 0x6E, 0x73, 0x6F, 0x72, 0x2D, 0x74, 0x61, 0x62, 0x6C, 0x65, 0x20, 0x74, 0x64, 0x20,
    0x7B, 0x20, 0x66, 0x6F, 0x6E, 0x74, 0x2D, 0x73, 0x69, 0x7A, 0x65, 0x3A, 0x20, 0x31, 0x34, 0x70,
    0x78, 0x3B, 0x20, 0x70, 0x61, 0x64, 0x64, 0x69, 0x6E, 0x67, 0x3A, 0x20, 0x34, 0x70, 0x78, 0x20,
    0x32, 0x70, 0x78, 0x3B, 0x20, 0x7D, 0x0A, 0x7D, 0x0A, 0x3C, 0x2F, 0x73, 0x74, 0x79, 0x6C, 0x65,
    0x3E, 0x0A, 0x3C, 0x2F, 0x68, 0x65, 0x61, 0x64, 0x3E, 0x0A, 0x3C, 0x62, 0x6F, 0x64, 0x79, 0x3E,
    0x0A, 0x0A, 0x3C, 0x21, 0x2D, 0x2D, 0x20, 0xEB, 0xB9, 0x84, 0xEB, 0xB0, 0x80, 0xEB, 0xB2, 0x88,
    0xED, 0x98, 0xB8, 0x20, 0xED, 0x99, 0x95, 0xEC, 0x9D, 0xB8, 0x20, 0xEB, 0xAA, 0xA8, 0xEB, 0x8B,
    0xAC, 0x20, 0x2D, 0x2D, 0x3E, 0x0A, 0x3C, 0x64, 0x69, 0x76, 0x20, 0x63, 0x6C, 0x61, 0x73, 0x73,
    0x3D, 0x22, 0x6D, 0x6F, 0x64, 0x61, 0x6C, 0x2D, 0x6F, 0x76, 0x65, 0x72, 0x6C, 0x61, 0x79, 0x22,
    0x20, 0x69, 0x64, 0x3D, 0x22, 0x70, 0x61, 0x73, 0x73, 0x2D, 0x6D, 0x6F, 0x64, 0x61, 0x6C, 0x22,
    0x3E, 0x0A, 0x20, 0x20, 0x3C, 0x64, 0x69, 0x76, 0x20, 0x63, 0x6C, 0x61, 0x73, 0x73, 0x3D, 0x22,
    0x6D, 0x6F, 0x64, 0x61, 0x6C, 0x2D, 0x62, 0x6F, 0x78, 0x22, 0x3E, 0x0A, 0x20, 0x20, 0x20, 0x20,
    0x3C, 0x64, 0x69, 0x76, 0x20, 0x63, 0x6C, 0x61, 0x73, 0x73, 0x3D, 0x22, 0x6D, 0x6F, 0x64, 0x61,
    0x6C, 0x2D, 0x74, 0x69, 0x74, 0x6C, 0x65, 0x22, 0x3E, 0xED, 0x99, 0x98, 0xEA, 0xB2, 0xBD, 0xEC,
    0x84, 0xA4, 0xEC, 0xA0, 0x95, 0x20, 0xEC, 0x9E, 0xA0, 0xEA, 0xB8, 0x88, 0x3C, 0x2F, 0x64, 0x69,
    0x76, 0x3E, 0x0A, 0x20, 0x20, 0x20, 0x20, 0x3C, 0x64, 0x69, 0x76, 0x20, 0x63, 0x6C, 0x61, 0x73,
    0x73, 0x3D, 0x22, 0x6D, 0x6F, 0x64, 0x61, 0x6C, 0x2D, 0x64, 0x65, 0x73, 0x63, 0x22, 0x3E, 0xEB,
    0xB9, 0x84, 0xEB, 0xB0, 0x80, 0xEB, 0xB2, 0x88, 0xED, 0x98, 0xB8, 0xEB, 0xA5, 0xBC, 0x20, 0xEC,
    0x9E, 0x85, 0xEB, 0xA0, 0xA5, 0xED, 0x95, 0x98, 0xEC, 0x84, 0xB8, 0xEC, 0x9A, 0x94, 0x3C, 0x2F,
    0x64, 0x69, 0x76, 0x3E, 0x0A, 0x20, 0x20, 0x20, 0x20, 0x3C, 0x69, 0x6E, 0x70, 0x75, 0x74, 0x20,
    0x74, 0x79, 0x70, 0x65, 0x3D, 0x22, 0x70, 0x61, 0x73, 0x73, 0x77, 0x6F, 0x72, 0x64, 0x22, 0x20,
    0x69, 0x64, 0x3D, 0x22, 0x6D, 0x6F, 0x64, 0x61, 0x6C, 0x2D, 0x70, 0x61, 0x73, 0x73, 0x22, 0x20,
    0x63, 0x6C, 0x61, 0x73, 0x73, 0x3D, 0x22, 0x6D, 0x6F, 0x64, 0x61, 0x6C, 0x2D, 0x69, 0x6E, 0x70,
    0x75, 0x74, 0x22, 0x20, 0x70, 0x6C, 0x61, 0x63, 0x65, 0x68, 0x6F, 0x6C, 0x64, 0x65, 0x72, 0x3D,
    0x22, 0xEB, 0xB9, 0x84, 0xEB, 0xB0, 0x80, 0xEB, 0xB2, 0x88, 0xED, 0x98, 0xB8, 0x22, 0x0A, 0x20,
    0x20, 0x20, 0x20, 0x20, 0x20, 0x20, 0x20, 0x20, 0x20, 0x20, 0x6F, 0x6E, 0x6B, 0x65, 0x79, 0x64,
    0x6F, 0x77, 0x6E, 0x3D, 0x22, 0x69, 0x66, 0x28, 0x65, 0x76, 0x65, 0x6E, 0x74, 0x2E, 0x6B, 0x65,
    0x79, 0x3D, 0x3D, 0x3D, 0x27, 0x45, 0x6E, 0x74, 0x65, 0x72, 0x27, 0x29, 0x76, 0x65, 0x72, 0x69,
    0x66, 0x79, 0x50, 0x61, 0x73, 0x73, 0x28, 0x29, 0x22, 0x3E, 0x0A, 0x20, 0x20, 0x20, 0x20, 0x3C,
    0x64, 0x69, 0x76, 0x20, 0x63, 0x6C, 0x61, 0x73, 0x73, 0x3D, 0x22, 0x6D, 0x6F, 0x64, 0x61, 0x6C,
    0x2D, 0x65, 0x72, 0x72, 0x22, 0x20, 0x69, 0x64, 0x3D, 0x22, 0x6D, 0x6F, 0x64, 0x61, 0x6C, 0x2D,
    0x65, 0x72, 0x72, 0x22, 0x3E, 0x3C, 0x2F, 0x64, 0x69, 0x76, 0x3E, 0x0A, 0x20, 0x20, 0x20, 0x20,
    0x3C, 0x64, 0x69, 0x76, 0x20, 0x63, 0x6C, 0x61, 0x73, 0x73, 0x3D, 0x22, 0x6D, 0x6F, 0x64, 0x61,
    0x6C, 0x2D, 0x62, 0x74, 0x6E, 0x73, 0x22, 0x3E, 0x0A, 0x20, 0x20, 0x20, 0x20, 0x20, 0x20, 0x3C,
    0x62, 0x75, 0x74, 0x74, 0x6F, 0x6E, 0x20, 0x63, 0x6C, 0x61, 0x73, 0x73, 0x3D, 0x22, 0x62, 0x74,
    0x6E, 0x2D, 0x63, 0x6F, 0x6E, 0x66, 0x69, 0x72, 0x6D, 0x22, 0x20, 0x6F, 0x6E, 0x63, 0x6C, 0x69,
    0x63, 0x6B, 0x3D, 0x22, 0x76, 0x65, 0x72, 0x69, 0x66, 0x79, 0x50, 0x61, 0x73, 0x73, 0x28, 0x29,
    0x22, 0x3E, 0xED, 0x99, 0x95, 0xEC, 0x9D, 0xB8, 0x3C, 0x2F, 0x62, 0x75, 0x74, 0x74, 0x6F, 0x6E,
    0x3E, 0x0A, 0x20, 0x20, 0x20, 0x20, 0x20, 0x20, 0x3C, 0x62, 0x75, 0x74, 0x74, 0x6F, 0x6E, 0x20,
    0x63, 0x6C, 0x61, 0x73, 0x73, 0x3D, 0x22, 0x62, 0x74, 0x6E, 0x2D, 0x63, 0x61, 0x6E, 0x63, 0x65,
    0x6C, 0x22, 0x20, 0x6F, 0x6E, 0x63, 0x6C, 0x69, 0x63, 0x6B, 0x3D, 0x22, 0x63, 0x6C, 0x6F, 0x73,
    0x65, 0x50, 0x61, 0x73, 0x73, 0x4D, 0x6F, 0x64, 0x61, 0x6C, 0x28, 0x29, 0x22, 0x3E, 0xEC, 0xB7,
    0xA8, 0xEC, 0x86, 0x8C, 0x3C, 0x2F, 0x62, 0x75, 0x74, 0x74, 0x6F, 0x6E, 0x3E, 0x0A, 0x20, 0x20,
    0x20, 0x20, 0x3C, 0x2F, 0x64, 0x69, 0x76, 0x3E, 0x0A, 0x20, 0x20, 0x3C, 0x2F, 0x64, 0x69, 0x76,
    0x3E, 0x0A, 0x3C, 0x2F, 0x64, 0x69, 0x76, 0x3E, 0x0A, 0x0A, 0x3C, 0x64, 0x69, 0x76, 0x20, 0x63,
    0x6C, 0x61, 0x73, 0x73, 0x3D, 0x22, 0x70, 0x61, 0x67, 0x65, 0x22, 0x3E, 0x0A, 0x20, 0x20, 0x20,
    0x20, 0x3C, 0x6E, 0x61, 0x76, 0x20, 0x63, 0x6C, 0x61, 0x73, 0x73, 0x3D, 0x22, 0x74, 0x6F, 0x70,
    0x6E, 0x61, 0x76, 0x22, 0x3E, 0x0A, 0x20, 0x20, 0x20, 0x20, 0x20, 0x20, 0x20, 0x20, 0x3C, 0x75,
    0x6C, 0x20, 0x63, 0x6C, 0x61, 0x73, 0x73, 0x3D, 0x22, 0x6D, 0x65, 0x6E, 0x75, 0x22, 0x3E, 0x0A,
    0x20, 0x20, 0x20, 0x20, 0x20, 0x20, 0x20, 0x20, 0x20, 0x20, 0x20, 0x20, 0x3C, 0x6C, 0x69, 0x20,
    0x69, 0x64, 0x3D, 0x22, 0x6D, 0x65, 0x6E, 0x75, 0x2D, 0x73, 0x65, 0x6E, 0x73, 0x6F, 0x72, 0x22,
    0x20, 0x63, 0x6C, 0x61, 0x73, 0x73, 0x3D, 0x22, 0x61, 0x63, 0x74, 0x69, 0x76, 0x65, 0x22, 0x20,
    0x6F, 0x6E, 0x63, 0x6C, 0x69, 0x63, 0x6B, 0x3D, 0x22, 0x73, 0x68, 0x6F, 0x77, 0x54, 0x61, 0x62,
    0x28, 0x27, 0x73, 0x65, 0x6E, 0x73, 0x6F, 0x72, 0x27, 0x29, 0x22, 0x3E, 0xEC, 0x98, 0xA8, 0xEC,
    0x8A, 0xB5, 0xEB, 0x8F, 0x84, 0xEB, 0xB0, 0x8F, 0xEC, 0x9E, 0x85, 0xEB, 0xA0, 0xA5, 0x3C, 0x2F,
    0x6C, 0x69, 0x3E, 0x0A, 0x20, 0x20, 0x20, 0x20, 0x20, 0x20, 0x20, 0x20, 0x20, 0x20, 0x20, 0x20,
    0x3C, 0x6C, 0x69, 0x3E, 0xED, 0x86, 0xB5, 0xEC, 0x8B, 0xA0, 0xEB, 0x8D, 0xB0, 0xEC, 0x9D, 0xB4,
    0xED, 0x84, 0xB0, 0x3C, 0x2F, 0x6C, 0x69, 0x3E, 0x0A, 0x20, 0x20, 0x20, 0x20, 0x20, 0x20, 0x20,
    0x20, 0x20, 0x20, 0x20, 0x20, 0x3C, 0x6C, 0x69, 0x3E, 0xEB, 0x84, 0xA4, 0xED, 0x8A, 0xB8, 0xEC,
    0x9B, 0x8C, 0xED, 0x81, 0xAC, 0xED, 0x99, 0x98, 0xEA, 0xB2, 0xBD, 0x3C, 0x2F, 0x6C, 0x69, 0x3E,
    0x0A, 0x20, 0x20, 0x20, 0x20, 0x20, 0x20, 0x20, 0x20, 0x20, 0x20, 0x20, 0x20, 0x3C, 0x6C, 0x69,
    0x20, 0x69, 0x64, 0x3D, 0x22, 0x6D, 0x65, 0x6E, 0x75, 0x2D, 0x63, 0x6F, 0x6E, 0x66, 0x69, 0x67,
    0x22, 0x20, 0x6F, 0x6E, 0x63, 0x6C, 0x69, 0x63, 0x6B, 0x3D, 0x22, 0x73, 0x68, 0x6F, 0x77, 0x54,
    0x61, 0x62, 0x28, 0x27, 0x63, 0x6F, 0x6E, 0x66, 0x69, 0x67, 0x27, 0x29, 0x22, 0x3E, 0xED, 0x99,
    0x98, 0xEA, 0xB2, 0xBD, 0xEC, 0x84, 0xA4, 0xEC, 0xA0, 0x95, 0x3C, 0x2F, 0x6C, 0x69, 0x3E, 0x0A,
    0x20, 0x20, 0x20, 0x20, 0x20, 0x20, 0x20, 0x20, 0x3C, 0x2F, 0x75, 0x6C, 0x3E, 0x0A, 0x20, 0x20,
    0x20, 0x20, 0x3C, 0x2F, 0x6E, 0x61, 0x76, 0x3E, 0x0A, 0x0A, 0x20, 0x20, 0x20, 0x20, 0x3C, 0x6D,
    0x61, 0x69, 0x6E, 0x20, 0x63, 0x6C, 0x61, 0x73, 0x73, 0x3D, 0x22, 0x63, 0x6F, 0x6E, 0x74, 0x65,
    0x6E, 0x74, 0x22, 0x3E, 0x0A, 0x20, 0x20, 0x20, 0x20, 0x20, 0x20, 0x20, 0x20, 0x3C, 0x21, 0x2D,
    0x2D, 0x20, 0xEC, 0x84, 0xBC, 0xEC, 0x84, 0x9C, 0x20, 0xED, 0x83, 0xAD, 0x20, 0x2D, 0x2D, 0x3E,
    0x0A, 0x20, 0x20, 0x20, 0x20, 0x20, 0x20, 0x20, 0x20, 0x3C, 0x64, 0x69, 0x76, 0x20, 0x69, 0x64,
    0x3D, 0x22, 0x74, 0x61, 0x62, 0x2D, 0x73, 0x65, 0x6E, 0x73, 0x6F, 0x72, 0x22, 0x3E, 0x0A, 0x20,
    0x20, 0x20, 0x20, 0x20, 0x20, 0x20, 0x20, 0x20, 0x20, 0x20, 0x20, 0x3C, 0x64, 0x69, 0x76, 0x20,
    0x63, 0x6C, 0x61, 0x73, 0x73, 0x3D, 0x22, 0x63, 0x6F, 0x6E, 0x74, 0x65, 0x6E, 0x74, 0x2D, 0x68,
    0x65, 0x61, 0x64, 0x65, 0x72, 0x22, 0x3E, 0x5B, 0x20, 0xEC, 0x84, 0xBC, 0xEC, 0x84, 0x9C, 0x20,
    0xEB, 0x8D, 0xB0, 0xEC, 0x9D, 0xB4, 0xED, 0x84, 0xB0, 0x20, 0x5D, 0x3C, 0x2F, 0x64, 0x69, 0x76,
    0x3E, 0x0A, 0x0A, 0x20, 0x20, 0x20, 0x20, 0x20, 0x20, 0x20, 0x20, 0x20, 0x20, 0x20, 0x20, 0x3C,
    0x73, 0x65, 0x63, 0x74, 0x69, 0x6F, 0x6E, 0x20, 0x63, 0x6C, 0x61, 0x73, 0x73, 0x3D, 0x22, 0x73,
    0x65, 0x63, 0x74, 0x69, 0x6F, 0x6E, 0x22, 0x3E, 0x0A, 0x20, 0x20, 0x20, 0x20, 0x20, 0x20, 0x20,
    0x20, 0x20, 0x20, 0x20, 0x20, 0x20, 0x20, 0x20, 0x20, 0x3C, 0x64, 0x69, 0x76, 0x20, 0x63, 0x6C,
    0x61, 0x73, 0x73, 0x3D, 0x22, 0x73, 0x65, 0x63, 0x74, 0x69, 0x6F, 0x6E, 0x2D, 0x74, 0x69, 0x74,
    0x6C, 0x65, 0x22, 0x3E, 0xED, 0x99, 0x9C, 0xEC, 0x84, 0xB1, 0x20, 0xEC, 0x84, 0xBC, 0xEC, 0x84,
    0x9C, 0x3C, 0x2F, 0x64, 0x69, 0x76, 0x3E, 0x0A, 0x20, 0x20, 0x20, 0x20, 0x20, 0x20, 0x20, 0x20,
    0x20, 0x20, 0x20, 0x20, 0x20, 0x20, 0x20, 0x20, 0x3C, 0x74, 0x61, 0x62, 0x6C, 0x65, 0x20, 0x63,
    0x6C, 0x61, 0x73, 0x73, 0x3D, 0x22, 0x73, 0x65, 0x6E, 0x73, 0x6F, 0x72, 0x2D, 0x74, 0x61, 0x62,
    0x6C, 0x65, 0x22, 0x3E, 0x0A, 0x20, 0x20, 0x20, 0x20, 0x20, 0x20, 0x20, 0x20, 0x20, 0x20, 0x20,
    0x20, 0x20, 0x20, 0x20, 0x20, 0x20, 0x20, 0x20, 0x20, 0x3C, 0x74, 0x68, 0x65, 0x61, 0x64, 0x3E,
    0x0A, 0x20, 0x20, 0x20, 0x20, 0x20, 0x20, 0x20, 0x20, 0x20, 0x20, 0x20, 0x20, 0x20, 0x20, 0x20,
    0x20, 0x20, 0x20, 0x20, 0x20, 0x20, 0x20, 0x20, 0x20, 0x3C, 0x74, 0x72, 0x3E, 0x0A, 0x20, 0x20,
    0x20, 0x20, 0x20, 0x20, 0x20, 0x20, 0x20, 0x20, 0x20, 0x20, 0x20, 0x20, 0x20, 0x20, 0x20, 0x20,
    0x20, 0x20, 0x20, 0x20, 0x20, 0x20, 0x20, 0x20, 0x20, 0x20, 0x3C, 0x74, 0x68, 0x20, 0x63, 0x6C,
    0x61, 0x73, 0x73, 0x3D, 0x22, 0x63, 0x6F, 0x6C, 0x2D, 0x69, 0x64, 0x78, 0x22, 0x3E, 0x49, 0x64,
    0x78, 0x3C, 0x2F, 0x74, 0x68, 0x3E, 0x3C, 0x74, 0x68, 0x3E, 0xEC, 0x9D, 0xB4, 0xEB, 0xA6, 0x84,
    0x3C, 0x2F, 0x74, 0x68, 0x3E, 0x3C, 0x74, 0x68, 0x3E, 0xEA, 0xB0, 0x92, 0x3C, 0x2F, 0x74, 0x68,
    0x3E, 0x0A, 0x20, 0x20, 0x20, 0x20, 0x20, 0x20, 0x20, 0x20, 0x20, 0x20, 0x20, 0x20, 0x20, 0x20,
    0x20, 0x20, 0x20, 0x20, 0x20, 0x20, 0x20, 0x20, 0x20, 0x20, 0x20, 0x20, 0x20, 0x20, 0x3C, 0x74,
    0x68, 0x20, 0x63, 0x6C, 0x61, 0x73, 0x73, 0x3D, 0x22, 0x63, 0x6F, 0x6C, 0x2D, 0x69, 0x64, 0x78,
    0x22, 0x3E, 0x49, 0x64, 0x78, 0x3C, 0x2F, 0x74, 0x68, 0x3E, 0x3C, 0x74, 0x68, 0x3E, 0xEC, 0x9D,
    0xB4, 0xEB, 0xA6, 0x84, 0x3C, 0x2F, 0x74, 0x68, 0x3E, 0x3C, 0x74, 0x68, 0x3E, 0xEA, 0xB0, 0x92,
    0x3C, 0x2F, 0x74, 0x68, 0x3E, 0x0A, 0x20, 0x20, 0x20, 0x20, 0x20, 0x20, 0x20, 0x20, 0x20, 0x20,
    0x20, 0x20, 0x20, 0x20, 0x20, 0x20, 0x20, 0x20, 0x20, 0x20, 0x20, 0x20, 0x20, 0x20, 0x20, 0x20,
    0x20, 0x20, 0x3C, 0x74, 0x68, 0x20, 0x63, 0x6C, 0x61, 0x73, 0x73, 0x3D, 0x22, 0x63, 0x6F, 0x6C,
    0x2D, 0x69, 0x64, 0x78, 0x22, 0x3E, 0x49, 0x64, 0x78, 0x3C, 0x2F, 0x74, 0x68, 0x3E, 0x3C, 0x74,
    0x68, 0x3E, 0xEC, 0x9D, 0xB4, 0xEB, 0xA6, 0x84, 0x3C, 0x2F, 0x74, 0x68, 0x3E, 0x3C, 0x74, 0x68,
    0x3E, 0xEA, 0xB0, 0x92, 0x3C, 0x2F, 0x74, 0x68, 0x3E, 0x0A, 0x20, 0x20, 0x20, 0x20, 0x20, 0x20,
    0x20, 0x20, 0x20, 0x20, 0x20, 0x20, 0x20, 0x20, 0x20, 0x20, 0x20, 0x20, 0x20, 0x20, 0x20, 0x20,
    0x20, 0x20, 0x3C, 0x2F, 0x74, 0x72, 0x3E, 0x0A, 0x20, 0x20, 0x20, 0x20, 0x20, 0x20, 0x20, 0x20,
    0x20, 0x20, 0x20, 0x20, 0x20, 0x20, 0x20, 0x20, 0x20, 0x20, 0x20, 0x20, 0x3C, 0x2F, 0x74, 0x68,
    0x65, 0x61, 0x64, 0x3E, 0x0A, 0x20, 0x20, 0x20, 0x20, 0x20, 0x20, 0x20, 0x20, 0x20, 0x20, 0x20,
    0x20, 0x20, 0x20, 0x20, 0x20, 0x20, 0x20, 0x20, 0x20, 0x3C, 0x74, 0x62, 0x6F, 0x64, 0x79, 0x20,
    0x69, 0x64, 0x3D, 0x22, 0x73, 0x65, 0x6E, 0x73, 0x6F, 0x72, 0x2D, 0x72, 0x6F, 0x77, 0x73, 0x22,
    0x3E, 0x3C, 0x2F, 0x74, 0x62, 0x6F, 0x64, 0x79, 0x3E, 0x0A, 0x20, 0x20, 0x20, 0x20, 0x20, 0x20,
    0x20, 0x20, 0x20, 0x20, 0x20, 0x20, 0x20, 0x20, 0x20, 0x20, 0x3C, 0x2F, 0x74, 0x61, 0x62, 0x6C,
    0x65, 0x3E, 0x0A, 0x20, 0x20, 0x20, 0x20, 0x20, 0x20, 0x20, 0x20, 0x20, 0x20, 0x20, 0x20, 0x20,
    0x20, 0x20, 0x20, 0x3C, 0x64, 0x69, 0x76, 0x20, 0x69, 0x64, 0x3D, 0x22, 0x73, 0x65, 0x6E, 0x73,
    0x6F, 0x72, 0x2D, 0x65, 0x6D, 0x70, 0x74, 0x79, 0x22, 0x20, 0x73, 0x74, 0x79, 0x6C, 0x65, 0x3D,
    0x22, 0x74, 0x65, 0x78, 0x74, 0x2D, 0x61, 0x6C, 0x69, 0x67, 0x6E, 0x3A, 0x63, 0x65, 0x6E, 0x74,
    0x65, 0x72, 0x3B, 0x70, 0x61, 0x64, 0x64, 0x69, 0x6E, 0x67, 0x3A, 0x32, 0x30, 0x70, 0x78, 0x3B,
    0x63, 0x6F, 0x6C, 0x6F, 0x72, 0x3A, 0x23, 0x38, 0x38, 0x38, 0x3B, 0x64, 0x69, 0x73, 0x70, 0x6C,
    0x61, 0x79, 0x3A, 0x6E, 0x6F, 0x6E, 0x65, 0x22, 0x3E, 0xED, 0x99, 0x9C, 0xEC, 0x84, 0xB1, 0x20,
    0xED, 0x95, 0xAD, 0xEB, 0xAA, 0xA9, 0xEC, 0x9D, 0xB4, 0x20, 0xEC, 0x97, 0x86, 0xEC, 0x8A, 0xB5,
    0xEB, 0x8B, 0x88, 0xEB, 0x8B, 0xA4, 0x3C, 0x2F, 0x64, 0x69, 0x76, 0x3E, 0x0A, 0x20, 0x20, 0x20,
    0x20, 0x20, 0x20, 0x20, 0x20, 0x20, 0x20, 0x20, 0x20, 0x3C, 0x2F, 0x73, 0x65, 0x63, 0x74, 0x69,
    0x6F, 0x6E, 0x3E, 0x0A, 0x0A, 0x20, 0x20, 0x20, 0x20, 0x20, 0x20, 0x20, 0x20, 0x20, 0x20, 0x20,
    0x20, 0x3C, 0x73, 0x65, 0x63, 0x74, 0x69, 0x6F, 0x6E, 0x20, 0x63, 0x6C, 0x61, 0x73, 0x73, 0x3D,
    0x22, 0x73, 0x65, 0x63, 0x74, 0x69, 0x6F, 0x6E, 0x22, 0x3E, 0x0A, 0x20, 0x20, 0x20, 0x20, 0x20,
    0x20, 0x20, 0x20, 0x20, 0x20, 0x20, 0x20, 0x20, 0x20, 0x20, 0x20, 0x3C, 0x64, 0x69, 0x76, 0x20,
    0x63, 0x6C, 0x61, 0x73, 0x73, 0x3D, 0x22, 0x73, 0x65, 0x63, 0x74, 0x69, 0x6F, 0x6E, 0x2D, 0x74,
    0x69, 0x74, 0x6C, 0x65, 0x22, 0x3E, 0xEB, 0x8D, 0xB0, 0xEC, 0x9D, 0xB4, 0xED, 0x84, 0xB0, 0x20,
    0xEC, 0x88, 0x98, 0xEC, 0x8B, 0xA0, 0x20, 0xEB, 0xB0, 0x94, 0xEC, 0x9D, 0xB4, 0xED, 0x8A, 0xB8,
    0x3C, 0x2F, 0x64, 0x69, 0x76, 0x3E, 0x0A, 0x20, 0x20, 0x20, 0x20, 0x20, 0x20, 0x20, 0x20, 0x20,
    0x20, 0x20, 0x20, 0x20, 0x20, 0x20, 0x20, 0x3C, 0x74, 0x61, 0x62, 0x6C, 0x65, 0x3E, 0x0A, 0x20,
    0x20, 0x20, 0x20, 0x20, 0x20, 0x20, 0x20, 0x20, 0x20, 0x20, 0x20, 0x20, 0x20, 0x20, 0x20, 0x20,
    0x20, 0x20, 0x20, 0x3C, 0x74, 0x72, 0x3E, 0x3C, 0x74, 0x68, 0x3E, 0xED, 0x86, 0xB5, 0xEC, 0x8B,
    0xA0, 0xEC, 0x83, 0x81, 0xED, 0x83, 0x9C, 0x3C, 0x2F, 0x74, 0x68, 0x3E, 0x3C, 0x74, 0x64, 0x20,
    0x69, 0x64, 0x3D, 0x22, 0x63, 0x6F, 0x6D, 0x6D, 0x5F, 0x73, 0x74, 0x61, 0x74, 0x75, 0x73, 0x22,
    0x3E, 0x2D, 0x3C, 0x2F, 0x74, 0x64, 0x3E, 0x3C, 0x74, 0x68, 0x3E, 0x30, 0x3A, 0xEC, 0xA0, 0x95,
    0xEC, 0x83, 0x81, 0x2C, 0x32, 0x3A, 0xEC, 0x9D, 0xB4, 0xEC, 0x83, 0x81, 0x3C, 0x2F, 0x74, 0x68,
    0x3E, 0x3C, 0x74, 0x64, 0x3E, 0x2D, 0x3C, 0x2F, 0x74, 0x64, 0x3E, 0x3C, 0x2F, 0x74, 0x72, 0x3E,
    0x0A, 0x20, 0x20, 0x20, 0x20, 0x20, 0x20, 0x20, 0x20, 0x20, 0x20, 0x20, 0x20, 0x20, 0x20, 0x20,
    0x20, 0x20, 0x20, 0x20, 0x20, 0x3C, 0x74, 0x72, 0x3E, 0x3C, 0x74, 0x68, 0x3E, 0xEC, 0x88, 0x98,
    0xEC, 0x8B, 0xA0, 0xEC, 0xB2, 0xB4, 0xED, 0x81, 0xAC, 0xEC, 0x84, 0xAC, 0x3C, 0x2F, 0x74, 0x68,
    0x3E, 0x3C, 0x74, 0x64, 0x20, 0x69, 0x64, 0x3D, 0x22, 0x72, 0x65, 0x63, 0x76, 0x5F, 0x63, 0x73,
    0x22, 0x3E, 0x2D, 0x3C, 0x2F, 0x74, 0x64, 0x3E, 0x3C, 0x74, 0x68, 0x3E, 0xEA, 0xB3, 0x84, 0xEC,
    0x82, 0xB0, 0xEC, 0xB2, 0xB4, 0xED, 0x81, 0xAC, 0xEC, 0x84, 0xAC, 0x3C, 0x2F, 0x74, 0x68, 0x3E,
    0x3C, 0x74, 0x64, 0x20, 0x69, 0x64, 0x3D, 0x22, 0x63, 0x61, 0x6C, 0x63, 0x5F, 0x63, 0x73, 0x22,
    0x3E, 0x2D, 0x3C, 0x2F, 0x74, 0x64, 0x3E, 0x3C, 0x2F, 0x74, 0x72, 0x3E, 0x0A, 0x20, 0x20, 0x20,
    0x20, 0x20, 0x20, 0x20, 0x20, 0x20, 0x20, 0x20, 0x20, 0x20, 0x20, 0x20, 0x20, 0x20, 0x20, 0x20,
    0x20, 0x3C, 0x74, 0x72, 0x3E, 0x3C, 0x74, 0x68, 0x3E, 0xED, 0x86, 0xB5, 0xEC, 0x8B, 0xA0, 0xEC,
    0xB2, 0xB4, 0xED, 0x81, 0xAC, 0x3C, 0x2F, 0x74, 0x68, 0x3E, 0x3C, 0x74, 0x64, 0x20, 0x69, 0x64,
    0x3D, 0x22, 0x63, 0x6F, 0x6D, 0x6D, 0x5F, 0x63, 0x68, 0x65, 0x63, 0x6B, 0x22, 0x3E, 0x2D, 0x3C,
    0x2F, 0x74, 0x64, 0x3E, 0x3C, 0x74, 0x68, 0x3E, 0xED, 0x86, 0xB5, 0xEC, 0x8B, 0xA0, 0xED, 0x94,
    0x8C, 0xEB, 0x9E, 0x98, 0xEA, 0xB7, 0xB8, 0x3C, 0x2F, 0x74, 0x68, 0x3E, 0x3C, 0x74, 0x64, 0x20,
    0x69, 0x64, 0x3D, 0x22, 0x63, 0x6F, 0x6D, 0x6D, 0x5F, 0x66, 0x6C, 0x61, 0x67, 0x22, 0x3E, 0x2D,
    0x3C, 0x2F, 0x74, 0x64, 0x3E, 0x3C, 0x2F, 0x74, 0x72, 0x3E, 0x0A, 0x20, 0x20, 0x20, 0x20, 0x20,
    0x20, 0x20, 0x20, 0x20, 0x20, 0x20, 0x20, 0x20, 0x20, 0x20, 0x20, 0x3C, 0x2F, 0x74, 0x61, 0x62,
    0x6C, 0x65, 0x3E, 0x0A, 0x20, 0x20, 0x20, 0x20, 0x20, 0x20, 0x20, 0x20, 0x20, 0x20, 0x20, 0x20,
    0x3C, 0x2F, 0x73, 0x65, 0x63, 0x74, 0x69, 0x6F, 0x6E, 0x3E, 0x0A, 0x0A, 0x20, 0x20, 0x20, 0x20,
    0x20, 0x20, 0x20, 0x20, 0x20, 0x20, 0x20, 0x20, 0x3C, 0x64, 0x69, 0x76, 0x20, 0x63, 0x6C, 0x61,
    0x73, 0x73, 0x3D, 0x22, 0x66, 0x6F, 0x6F, 0x74, 0x65, 0x72, 0x22, 0x3E, 0xEA, 0xB8, 0xB0, 0xEB,
    0xB3, 0xB8, 0x20, 0xED, 0x99, 0x94, 0xEB, 0xA9, 0xB4, 0x20, 0xEA, 0xB3, 0xA8, 0xEA, 0xB2, 0xA9,
    0xEB, 0xA7, 0x8C, 0x20, 0xEC, 0xA0, 0x81, 0xEC, 0x9A, 0xA9, 0xEB, 0x90, 0x9C, 0x20, 0xEC, 0x83,
    0x81, 0xED, 0x83, 0x9C, 0xEC, 0x9E, 0x85, 0xEB, 0x8B, 0x88, 0xEB, 0x8B, 0xA4, 0x2E, 0x3C, 0x2F,
    0x64, 0x69, 0x76, 0x3E, 0x0A, 0x20, 0x20, 0x20, 0x20, 0x20, 0x20, 0x20, 0x20, 0x3C, 0x2F, 0x64,
    0x69, 0x76, 0x3E, 0x0A, 0x0A, 0x20, 0x20, 0x20, 0x20, 0x20, 0x20, 0x20, 0x20, 0x3C, 0x21, 0x2D,
    0x2D, 0x20, 0xED, 0x99, 0x98, 0xEA, 0xB2, 0xBD, 0xEC, 0x84, 0xA4, 0xEC, 0xA0, 0x95, 0x20, 0xED,
    0x83, 0xAD, 0x20, 0x2D, 0x2D, 0x3E, 0x0A, 0x20, 0x20, 0x20, 0x20, 0x20, 0x20, 0x20, 0x20, 0x3C,
    0x64, 0x69, 0x76, 0x20, 0x69, 0x64, 0x3D, 0x22, 0x74, 0x61, 0x62, 0x2D, 0x63, 0x6F, 0x6E, 0x66,
    0x69, 0x67, 0x22, 0x20, 0x73, 0x74, 0x79, 0x6C, 0x65, 0x3D, 0x22, 0x64, 0x69, 0x73, 0x70, 0x6C,
    0x61, 0x79, 0x3A, 0x6E, 0x6F, 0x6E, 0x65, 0x22, 0x3E, 0x0A, 0x20, 0x20, 0x20, 0x20, 0x20, 0x20,
    0x20, 0x20, 0x20, 0x20, 0x20, 0x20, 0x3C, 0x64, 0x69, 0x76, 0x20, 0x63, 0x6C, 0x61, 0x73, 0x73,
    0x3D, 0x22, 0x63, 0x6F, 0x6E, 0x74, 0x65, 0x6E, 0x74, 0x2D, 0x68, 0x65, 0x61, 0x64, 0x65, 0x72,
    0x22, 0x3E, 0x5B, 0x20, 0xED, 0x99, 0x98, 0xEA, 0xB2, 0xBD, 0xEC, 0x84, 0xA4, 0xEC, 0xA0, 0x95,
    0x20, 0x5D, 0x3C, 0x2F, 0x64, 0x69, 0x76, 0x3E, 0x0A, 0x0A, 0x20, 0x20, 0x20, 0x20, 0x20, 0x20,
    0x20, 0x20, 0x20, 0x20, 0x20, 0x20, 0x3C, 0x73, 0x65, 0x63, 0x74, 0x69, 0x6F, 0x6E, 0x20, 0x63,
    0x6C, 0x61, 0x73, 0x73, 0x3D, 0x22, 0x73, 0x65, 0x63, 0x74, 0x69, 0x6F, 0x6E, 0x22, 0x3E, 0x0A,
    0x20, 0x20, 0x20, 0x20, 0x20, 0x20, 0x20, 0x20, 0x20, 0x20, 0x20, 0x20, 0x20, 0x20, 0x20, 0x20,
    0x3C, 0x64, 0x69, 0x76, 0x20, 0x63, 0x6C, 0x61, 0x73, 0x73, 0x3D, 0x22, 0x73, 0x65, 0x63, 0x74,
    0x69, 0x6F, 0x6E, 0x2D, 0x74, 0x69, 0x74, 0x6C, 0x65, 0x22, 0x3E, 0x53, 0x4E, 0x4D, 0x50, 0x20,
    0xEC, 0x88, 0x98, 0xEC, 0x8B, 0xA0, 0xEA, 0xB0, 0x80, 0xEB, 0x8A, 0xA5, 0x20, 0x49, 0x50, 0x20,
    0x28, 0x30, 0x2E, 0x30, 0x2E, 0x30, 0x2E, 0x30, 0x3D, 0xEC, 0xA0, 0x84, 0xEC, 0xB2, 0xB4, 0xED,
    0x97, 0x88, 0xEC, 0x9A, 0xA9, 0x29, 0x3C, 0x2F, 0x64, 0x69, 0x76, 0x3E, 0x0A, 0x20, 0x20, 0x20,
    0x20, 0x20, 0x20, 0x20, 0x20, 0x20, 0x20, 0x20, 0x20, 0x20, 0x20, 0x20, 0x20, 0x3C, 0x74, 0x61,
    0x62, 0x6C, 0x65, 0x3E, 0x0A, 0x20, 0x20, 0x20, 0x20, 0x20, 0x20, 0x20, 0x20, 0x20, 0x20, 0x20,
    0x20, 0x20, 0x20, 0x20, 0x20, 0x20, 0x20, 0x20, 0x20, 0x3C, 0x74, 0x72, 0x3E, 0x0A, 0x20, 0x20,
    0x20, 0x20, 0x20, 0x20, 0x20, 0x20, 0x20, 0x20, 0x20, 0x20, 0x20, 0x20, 0x20, 0x20, 0x20, 0x20,
    0x20, 0x20, 0x20, 0x20, 0x20, 0x20, 0x3C, 0x74, 0x68, 0x3E, 0xEC, 0x88, 0x98, 0xEC, 0x8B, 0xA0,
    0xEA, 0xB0, 0x80, 0xEB, 0x8A, 0xA5, 0x20, 0x49, 0x50, 0x20, 0x23, 0x31, 0x3C, 0x2F, 0x74, 0x68,
    0x3E, 0x0A, 0x20, 0x20, 0x20, 0x20, 0x20, 0x20, 0x20, 0x20, 0x20, 0x20, 0x20, 0x20, 0x20, 0x20,
    0x20, 0x20, 0x20, 0x20, 0x20, 0x20, 0x20, 0x20, 0x20, 0x20, 0x3C, 0x74, 0x64, 0x3E, 0x3C, 0x69,
    0x6E, 0x70, 0x75, 0x74, 0x20, 0x74, 0x79, 0x70, 0x65, 0x3D, 0x22, 0x74, 0x65, 0x78, 0x74, 0x22,
    0x20, 0x69, 0x64, 0x3D, 0x22, 0x61, 0x6C, 0x6C, 0x6F, 0x77, 0x65, 0x64, 0x5F, 0x69, 0x70, 0x30,
    0x22, 0x20, 0x63, 0x6C, 0x61, 0x73, 0x73, 0x3D, 0x22, 0x69, 0x70, 0x2D, 0x69, 0x6E, 0x70, 0x75,
    0x74, 0x22, 0x20, 0x70, 0x6C, 0x61, 0x63, 0x65, 0x68, 0x6F, 0x6C, 0x64, 0x65, 0x72, 0x3D, 0x22,
    0x30, 0x2E, 0x30, 0x2E, 0x30, 0x2E, 0x30, 0x22, 0x3E, 0x3C, 0x2F, 0x74, 0x64, 0x3E, 0x0A, 0x20,
    0x20, 0x20, 0x20, 0x20, 0x20, 0x20, 0x20, 0x20, 0x20, 0x20, 0x20, 0x20, 0x20, 0x20, 0x20, 0x20,
    0x20, 0x20, 0x20, 0x20, 0x20, 0x20, 0x20, 0x3C, 0x74, 0x68, 0x3E, 0xEC, 0x88, 0x98, 0xEC, 0x8B,
    0xA0, 0xEA, 0xB0, 0x80, 0xEB, 0x8A, 0xA5, 0x20, 0x49, 0x50, 0x20, 0x23, 0x32, 0x3C, 0x2F, 0x74,
    0x68, 0x3E, 0x0A, 0x20, 0x20, 0x20, 0x20, 0x20, 0x20, 0x20, 0x20, 0x20, 0x20, 0x20, 0x20, 0x20,
    0x20, 0x20, 0x20, 0x20, 0x20, 0x20, 0x20, 0x20, 0x20, 0x20, 0x20, 0x3C, 0x74, 0x64, 0x3E, 0x3C,
    0x69, 0x6E, 0x70, 0x75, 0x74, 0x20, 0x74, 0x79, 0x70, 0x65, 0x3D, 0x22, 0x74, 0x65, 0x78, 0x74,
    0x22, 0x20, 0x69, 0x64, 0x3D, 0x22, 0x61, 0x6C, 0x6C, 0x6F, 0x77, 0x65, 0x64, 0x5F, 0x69, 0x70,
    0x31, 0x22, 0x20, 0x63, 0x6C, 0x61, 0x73, 0x73, 0x3D, 0x22, 0x69, 0x70, 0x2D, 0x69, 0x6E, 0x70,
    0x75, 0x74, 0x22, 0x20, 0x70, 0x6C, 0x61, 0x63, 0x65, 0x68, 0x6F, 0x6C, 0x64, 0x65, 0x72, 0x3D,
    0x22, 0x30, 0x2E, 0x30, 0x2E, 0x30, 0x2E, 0x30, 0x22, 0x3E, 0x3C, 0x2F, 0x74, 0x64, 0x3E, 0x0A,
    0x20, 0x20, 0x20, 0x20, 0x20, 0x20, 0x20, 0x20, 0x20, 0x20, 0x20, 0x20, 0x20, 0x20, 0x20, 0x20,
    0x20, 0x20, 0x20, 0x20, 0x3C, 0x2F, 0x74, 0x72, 0x3E, 0x0A, 0x20, 0x20, 0x20, 0x20, 0x20, 0x20,
    0x20, 0x20, 0x20, 0x20, 0x20, 0x20, 0x20, 0x20, 0x20, 0x20, 0x3C, 0x2F, 0x74, 0x61, 0x62, 0x6C,
    0x65, 0x3E, 0x0A, 0x20, 0x20, 0x20, 0x20, 0x20, 0x20, 0x20, 0x20, 0x20, 0x20, 0x20, 0x20, 0x3C,
    0x2F, 0x73, 0x65, 0x63, 0x74, 0x69, 0x6F, 0x6E, 0x3E, 0x0A, 0x20, 0x20, 0x20, 0x20, 0x20, 0x20,
    0x20, 0x20, 0x20, 0x20, 0x20, 0x20, 0x3C, 0x73, 0x65, 0x63, 0x74, 0x69, 0x6F, 0x6E, 0x20, 0x63,
    0x6C, 0x61, 0x73, 0x73, 0x3D, 0x22, 0x73, 0x65, 0x63, 0x74, 0x69, 0x6F, 0x6E, 0x22, 0x3E, 0x0A,
    0x20, 0x20, 0x20, 0x20, 0x20, 0x20, 0x20, 0x20, 0x20, 0x20, 0x20, 0x20, 0x20, 0x20, 0x20, 0x20,
    0x3C, 0x64, 0x69, 0x76, 0x20, 0x63, 0x6C, 0x61, 0x73, 0x73, 0x3D, 0x22, 0x73, 0x65, 0x63, 0x74,
    0x69, 0x6F, 0x6E, 0x2D, 0x74, 0x69, 0x74, 0x6C, 0x65, 0x22, 0x3E, 0x53, 0x4E, 0x4D, 0x50, 0x20,
    0xED, 0x8A, 0xB8, 0xEB, 0x9E, 0xA9, 0x20, 0xEC, 0x88, 0x98, 0xEC, 0x8B, 0xA0, 0x20, 0x49, 0x50,
    0x3C, 0x2F, 0x64, 0x69, 0x76, 0x3E, 0x0A, 0x20, 0x20, 0x20, 0x20, 0x20, 0x20, 0x20, 0x20, 0x20,
    0x20, 0x20, 0x20, 0x20, 0x20, 0x20, 0x20, 0x3C, 0x74, 0x61, 0x62, 0x6C, 0x65, 0x3E, 0x0A, 0x20,
    0x20, 0x20, 0x20, 0x20, 0x20, 0x20, 0x20, 0x20, 0x20, 0x20, 0x20, 0x20, 0x20, 0x20, 0x20, 0x20,
    0x20, 0x20, 0x20, 0x3C, 0x74, 0x72, 0x3E, 0x0A, 0x20, 0x20, 0x20, 0x20, 0x20, 0x20, 0x20, 0x20,
    0x20, 0x20, 0x20, 0x20, 0x20, 0x20, 0x20, 0x20, 0x20, 0x20, 0x20, 0x20, 0x20, 0x20, 0x20, 0x20,
    0x3C, 0x74, 0x68, 0x3E, 0xED, 0x8A, 0xB8, 0xEB, 0x9E, 0xA9, 0x20, 0xEC, 0x88, 0x98, 0xEC, 0x8B,
    0xA0, 0x20, 0x49, 0x50, 0x20, 0x23, 0x31, 0x3C, 0x2F, 0x74, 0x68, 0x3E, 0x0A, 0x20, 0x20, 0x20,
    0x20, 0x20, 0x20, 0x20, 0x20, 0x20, 0x20, 0x20, 0x20, 0x20, 0x20, 0x20, 0x20, 0x20, 0x20, 0x20,
    0x20, 0x20, 0x20, 0x20, 0x20, 0x3C, 0x74, 0x64, 0x3E, 0x3C, 0x69, 0x6E, 0x70, 0x75, 0x74, 0x20,
    0x74, 0x79, 0x70, 0x65, 0x3D, 0x22, 0x74, 0x65, 0x78, 0x74, 0x22, 0x20, 0x69, 0x64, 0x3D, 0x22,
    0x74, 0x72, 0x61, 0x70, 0x5F, 0x69, 0x70, 0x30, 0x22, 0x20, 0x63, 0x6C, 0x61, 0x73, 0x73, 0x3D,
    0x22, 0x69, 0x70, 0x2D, 0x69, 0x6E, 0x70, 0x75, 0x74, 0x22, 0x20, 0x70, 0x6C, 0x61, 0x63, 0x65,
    0x68, 0x6F, 0x6C, 0x64, 0x65, 0x72, 0x3D, 0x22, 0x30, 0x2E, 0x30, 0x2E, 0x30, 0x2E, 0x30, 0x22,
    0x3E, 0x3C, 0x2F, 0x74, 0x64, 0x3E, 0x0A, 0x20, 0x20, 0x20, 0x20, 0x20, 0x20, 0x20, 0x20, 0x20,
    0x20, 0x20, 0x20, 0x20, 0x20, 0x20, 0x20, 0x20, 0x20, 0x20, 0x20, 0x20, 0x20, 0x20, 0x20, 0x3C,
    0x74, 0x68, 0x3E, 0xED, 0x8A, 0xB8, 0xEB, 0x9E, 0xA9, 0x20, 0xEC, 0x88, 0x98, 0xEC, 0x8B, 0xA0,
    0x20, 0x49, 0x50, 0x20, 0x23, 0x32, 0x3C, 0x2F, 0x74, 0x68, 0x3E, 0x0A, 0x20, 0x20, 0x20, 0x20,
    0x20, 0x20, 0x20, 0x20, 0x20, 0x20, 0x20, 0x20, 0x20, 0x20, 0x20, 0x20, 0x20, 0x20, 0x20, 0x20,
    0x20, 0x20, 0x20, 0x20, 0x3C, 0x74, 0x64, 0x3E, 0x3C, 0x69, 0x6E, 0x70, 0x75, 0x74, 0x20, 0x74,
    0x79, 0x70, 0x65, 0x3D, 0x22, 0x74, 0x65, 0x78, 0x74, 0x22, 0x20, 0x69, 0x64, 0x3D, 0x22, 0x74,
    0x72, 0x61, 0x70, 0x5F, 0x69, 0x70, 0x31, 0x22, 0x20, 0x63, 0x6C, 0x61, 0x73, 0x73, 0x3D, 0x22,
    0x69, 0x70, 0x2D, 0x69, 0x6E, 0x70, 0x75, 0x74, 0x22, 0x20, 0x70, 0x6C, 0x61, 0x63, 0x65, 0x68,
    0x6F, 0x6C, 0x64, 0x65, 0x72, 0x3D, 0x22, 0x30, 0x2E, 0x30, 0x2E, 0x30, 0x2E, 0x30, 0x22, 0x3E,
    0x3C, 0x2F, 0x74, 0x64, 0x3E, 0x0A, 0x20, 0x20, 0x20, 0x20, 0x20, 0x20, 0x20, 0x20, 0x20, 0x20,
    0x20, 0x20, 0x20, 0x20, 0x20, 0x20, 0x20, 0x20, 0x20, 0x20, 0x3C, 0x2F, 0x74, 0x72, 0x3E, 0x0A,
    0x20, 0x20, 0x20, 0x20, 0x20, 0x20, 0x20, 0x20, 0x20, 0x20, 0x20, 0x20, 0x20, 0x20, 0x20, 0x20,
    0x3C, 0x2F, 0x74, 0x61, 0x62, 0x6C, 0x65, 0x3E, 0x0A, 0x20, 0x20, 0x20, 0x20, 0x20, 0x20, 0x20,
    0x20, 0x20, 0x20, 0x20, 0x20, 0x20, 0x20, 0x20, 0x20, 0x3C, 0x64, 0x69, 0x76, 0x20, 0x73, 0x74,
    0x79, 0x6C, 0x65, 0x3D, 0x22, 0x74, 0x65, 0x78, 0x74, 0x2D, 0x61, 0x6C, 0x69, 0x67, 0x6E, 0x3A,
    0x63, 0x65, 0x6E, 0x74, 0x65, 0x72, 0x3B, 0x20, 0x70, 0x61, 0x64, 0x64, 0x69, 0x6E, 0x67, 0x3A,
    0x31, 0x34, 0x70, 0x78, 0x22, 0x3E, 0x0A, 0x20, 0x20, 0x20, 0x20, 0x20, 0x20, 0x20, 0x20, 0x20,
    0x20, 0x20, 0x20, 0x20, 0x20, 0x20, 0x20, 0x20, 0x20, 0x20, 0x20, 0x3C, 0x62, 0x75, 0x74, 0x74,
    0x6F, 0x6E, 0x20, 0x63, 0x6C, 0x61, 0x73, 0x73, 0x3D, 0x22, 0x62, 0x74, 0x6E, 0x2D, 0x73, 0x61,
    0x76, 0x65, 0x22, 0x20, 0x6F, 0x6E, 0x63, 0x6C, 0x69, 0x63, 0x6B, 0x3D, 0x22, 0x73, 0x61, 0x76,
    0x65, 0x43, 0x6F, 0x6E, 0x66, 0x69, 0x67, 0x28, 0x29, 0x22, 0x3E, 0xEC, 0xA0, 0x80, 0xEC, 0x9E,
    0xA5, 0x3C, 0x2F, 0x62, 0x75, 0x74, 0x74, 0x6F, 0x6E, 0x3E, 0x0A, 0x20, 0x20, 0x20, 0x20, 0x20,
    0x20, 0x20, 0x20, 0x20, 0x20, 0x20, 0x20, 0x20, 0x20, 0x20, 0x20, 0x20, 0x20, 0x20, 0x20, 0x3C,
    0x73, 0x70, 0x61, 0x6E, 0x20, 0x69, 0x64, 0x3D, 0x22, 0x73, 0x61, 0x76, 0x65, 0x5F, 0x73, 0x74,
    0x61, 0x74, 0x75, 0x73, 0x22, 0x20, 0x73, 0x74, 0x79, 0x6C, 0x65, 0x3D, 0x22, 0x66, 0x6F, 0x6E,
    0x74, 0x2D, 0x73, 0x69, 0x7A, 0x65, 0x3A, 0x32, 0x30, 0x70, 0x78, 0x3B, 0x20, 0x6D, 0x61, 0x72,
    0x67, 0x69, 0x6E, 0x2D, 0x6C, 0x65, 0x66, 0x74, 0x3A, 0x31, 0x34, 0x70, 0x78, 0x3B, 0x20, 0x63,
    0x6F, 0x6C, 0x6F, 0x72, 0x3A, 0x23, 0x30, 0x66, 0x35, 0x62, 0x38, 0x37, 0x22, 0x3E, 0x3C, 0x2F,
    0x73, 0x70, 0x61, 0x6E, 0x3E, 0x0A, 0x20, 0x20, 0x20, 0x20, 0x20, 0x20, 0x20, 0x20, 0x20, 0x20,
    0x20, 0x20, 0x20, 0x20, 0x20, 0x20, 0x3C, 0x2F, 0x64, 0x69, 0x76, 0x3E, 0x0A, 0x20, 0x20, 0x20,
    0x20, 0x20, 0x20, 0x20, 0x20, 0x20, 0x20, 0x20, 0x20, 0x3C, 0x2F, 0x73, 0x65, 0x63, 0x74, 0x69,
    0x6F, 0x6E, 0x3E, 0x0A, 0x0A, 0x20, 0x20, 0x20, 0x20, 0x20, 0x20, 0x20, 0x20, 0x20, 0x20, 0x20,
    0x20, 0x3C, 0x21, 0x2D, 0x2D, 0x20, 0xEA, 0xB3, 0x84, 0xEC, 0xA0, 0x95, 0x20, 0xEA, 0xB4, 0x80,
    0xEB, 0xA6, 0xAC, 0x20, 0x2D, 0x2D, 0x3E, 0x0A, 0x20, 0x20, 0x20, 0x20, 0x20, 0x20, 0x20, 0x20,
    0x20, 0x20, 0x20, 0x20, 0x3C, 0x73, 0x65, 0x63, 0x74, 0x69, 0x6F, 0x6E, 0x20, 0x63, 0x6C, 0x61,
    0x73, 0x73, 0x3D, 0x22, 0x73, 0x65, 0x63, 0x74, 0x69, 0x6F, 0x6E, 0x22, 0x3E, 0x0A, 0x20, 0x20,
    0x20, 0x20, 0x20, 0x20, 0x20, 0x20, 0x20, 0x20, 0x20, 0x20, 0x20, 0x20, 0x20, 0x20, 0x3C, 0x64,
    0x69, 0x76, 0x20, 0x63, 0x6C, 0x61, 0x73, 0x73, 0x3D, 0x22, 0x73, 0x65, 0x63, 0x74, 0x69, 0x6F,
    0x6E, 0x2D, 0x74, 0x69, 0x74, 0x6C, 0x65, 0x22, 0x3E, 0xEA, 0xB3, 0x84, 0xEC, 0xA0, 0x95, 0x20,
    0xEA, 0xB4, 0x80, 0xEB, 0xA6, 0xAC, 0x3C, 0x2F, 0x64, 0x69, 0x76, 0x3E, 0x0A, 0x20, 0x20, 0x20,
    0x20, 0x20, 0x20, 0x20, 0x20, 0x20, 0x20, 0x20, 0x20, 0x20, 0x20, 0x20, 0x20, 0x3C, 0x74, 0x61,
    0x62, 0x6C, 0x65, 0x20, 0x69, 0x64, 0x3D, 0x22, 0x61, 0x63, 0x63, 0x2D, 0x74, 0x61, 0x62, 0x6C,
    0x65, 0x22, 0x3E, 0x0A, 0x20, 0x20, 0x20, 0x20, 0x20, 0x20, 0x20, 0x20, 0x20, 0x20, 0x20, 0x20,
    0x20, 0x20, 0x20, 0x20, 0x20, 0x20, 0x20, 0x20, 0x3C, 0x74, 0x72, 0x3E, 0x3C, 0x74, 0x68, 0x3E,
    0xEC, 0x82, 0xAC, 0xEC, 0x9A, 0xA9, 0xEC, 0x9E, 0x90, 0x20, 0x49, 0x44, 0x3C, 0x2F, 0x74, 0x68,
    0x3E, 0x3C, 0x74, 0x68, 0x20, 0x73, 0x74, 0x79, 0x6C, 0x65, 0x3D, 0x22, 0x77, 0x69, 0x64, 0x74,
    0x68, 0x3A, 0x31, 0x30, 0x30, 0x70, 0x78, 0x22, 0x3E, 0xEC, 0x82, 0xAD, 0xEC, 0xA0, 0x9C, 0x3C,
    0x2F, 0x74, 0x68, 0x3E, 0x3C, 0x2F, 0x74, 0x72, 0x3E, 0x0A, 0x20, 0x20, 0x20, 0x20, 0x20, 0x20,
    0x20, 0x20, 0x20, 0x20, 0x20, 0x20, 0x20, 0x20, 0x20, 0x20, 0x3C, 0x2F, 0x74, 0x61, 0x62, 0x6C,
    0x65, 0x3E, 0x0A, 0x20, 0x20, 0x20, 0x20, 0x20, 0x20, 0x20, 0x20, 0x20, 0x20, 0x20, 0x20, 0x20,
    0x20, 0x20, 0x20, 0x3C, 0x64, 0x69, 0x76, 0x20, 0x73, 0x74, 0x79, 0x6C, 0x65, 0x3D, 0x22, 0x70,
    0x61, 0x64, 0x64, 0x69, 0x6E, 0x67, 0x3A, 0x31, 0x32, 0x70, 0x78, 0x20, 0x31, 0x36, 0x70, 0x78,
    0x20, 0x34, 0x70, 0x78, 0x3B, 0x20, 0x62, 0x6F, 0x72, 0x64, 0x65, 0x72, 0x2D, 0x74, 0x6F, 0x70,
    0x3A, 0x31, 0x70, 0x78, 0x20, 0x73, 0x6F, 0x6C, 0x69, 0x64, 0x20, 0x23, 0x62, 0x62, 0x62, 0x3B,
    0x20, 0x6D, 0x61, 0x72, 0x67, 0x69, 0x6E, 0x2D, 0x74, 0x6F, 0x70, 0x3A, 0x34, 0x70, 0x78, 0x22,
    0x3E, 0x0A, 0x20, 0x20, 0x20, 0x20, 0x20, 0x20, 0x20, 0x20, 0x20, 0x20, 0x20, 0x20, 0x20, 0x20,
    0x20, 0x20, 0x20, 0x20, 0x20, 0x20, 0x3C, 0x64, 0x69, 0x76, 0x20, 0x73, 0x74, 0x79, 0x6C, 0x65,
    0x3D, 0x22, 0x66, 0x6F, 0x6E, 0x74, 0x2D, 0x73, 0x69, 0x7A, 0x65, 0x3A, 0x32, 0x32, 0x70, 0x78,
    0x3B, 0x20, 0x66, 0x6F, 0x6E, 0x74, 0x2D, 0x77, 0x65, 0x69, 0x67, 0x68, 0x74, 0x3A, 0x62, 0x6F,
    0x6C, 0x64, 0x3B, 0x20, 0x6D, 0x61, 0x72, 0x67, 0x69, 0x6E, 0x2D, 0x62, 0x6F, 0x74, 0x74, 0x6F,
    0x6D, 0x3A, 0x38, 0x70, 0x78, 0x22, 0x3E, 0xEA, 0xB3, 0x84, 0xEC, 0xA0, 0x95, 0x20, 0xEC, 0xB6,
    0x94, 0xEA, 0xB0, 0x80, 0x3C, 0x2F, 0x64, 0x69, 0x76, 0x3E, 0x0A, 0x20, 0x20, 0x20, 0x20, 0x20,
    0x20, 0x20, 0x20, 0x20, 0x20, 0x20, 0x20, 0x20, 0x20, 0x20, 0x20, 0x20, 0x20, 0x20, 0x20, 0x3C,
    0x74, 0x61, 0x62, 0x6C, 0x65, 0x20, 0x73, 0x74, 0x79, 0x6C, 0x65, 0x3D, 0x22, 0x77, 0x69, 0x64,
    0x74, 0x68, 0x3A, 0x61, 0x75, 0x74, 0x6F, 0x3B, 0x20, 0x6D, 0x61, 0x72, 0x67, 0x69, 0x6E, 0x3A,
    0x30, 0x22, 0x3E, 0x0A, 0x20, 0x20, 0x20, 0x20, 0x20, 0x20, 0x20, 0x20, 0x20, 0x20, 0x20, 0x20,
    0x20, 0x20, 0x20, 0x20, 0x20, 0x20, 0x20, 0x20, 0x20, 0x20, 0x20, 0x20, 0x3C, 0x74, 0x72, 0x3E,
    0x0A, 0x20, 0x20, 0x20, 0x20, 0x20, 0x20, 0x20, 0x20, 0x20, 0x20, 0x20, 0x20, 0x20, 0x20, 0x20,
    0x20, 0x20, 0x20, 0x20, 0x20, 0x20, 0x20, 0x20, 0x20, 0x20, 0x20, 0x20, 0x20, 0x3C, 0x74, 0x68,
    0x20, 0x73, 0x74, 0x79, 0x6C, 0x65, 0x3D, 0x22, 0x77, 0x69, 0x64, 0x74, 0x68, 0x3A, 0x31, 0x32,
    0x30, 0x70, 0x78, 0x22, 0x3E, 0xEC, 0x83, 0x9D, 0xEC, 0x84, 0xB1, 0x20, 0x50, 0x57, 0x3C, 0x2F,
    0x74, 0x68, 0x3E, 0x0A, 0x20, 0x20, 0x20, 0x20, 0x20, 0x20, 0x20, 0x20, 0x20, 0x20, 0x20, 0x20,
    0x20, 0x20, 0x20, 0x20, 0x20, 0x20, 0x20, 0x20, 0x20, 0x20, 0x20, 0x20, 0x20, 0x20, 0x20, 0x20,
    0x3C, 0x74, 0x64, 0x3E, 0x3C, 0x69, 0x6E, 0x70, 0x75, 0x74, 0x20, 0x74, 0x79, 0x70, 0x65, 0x3D,
    0x22, 0x70, 0x61, 0x73, 0x73, 0x77, 0x6F, 0x72, 0x64, 0x22, 0x20, 0x69, 0x64, 0x3D, 0x22, 0x61,
    0x64, 0x64, 0x2D, 0x63, 0x70, 0x61, 0x73, 0x73, 0x22, 0x20, 0x63, 0x6C, 0x61, 0x73, 0x73, 0x3D,
    0x22, 0x69, 0x70, 0x2D, 0x69, 0x6E, 0x70, 0x75, 0x74, 0x22, 0x20, 0x70, 0x6C, 0x61, 0x63, 0x65,
    0x68, 0x6F, 0x6C, 0x64, 0x65, 0x72, 0x3D, 0x22, 0x77, 0x69, 0x7A, 0x6E, 0x65, 0x74, 0x5F, 0x77,
    0x35, 0x35, 0x72, 0x70, 0x32, 0x30, 0x22, 0x3E, 0x3C, 0x2F, 0x74, 0x64, 0x3E, 0x0A, 0x20, 0x20,
    0x20, 0x20, 0x20, 0x20, 0x20, 0x20, 0x20, 0x20, 0x20, 0x20, 0x20, 0x20, 0x20, 0x20, 0x20, 0x20,
    0x20, 0x20, 0x20, 0x20, 0x20, 0x20, 0x3C, 0x2F, 0x74, 0x72, 0x3E, 0x0A, 0x20, 0x20, 0x20, 0x20,
    0x20, 0x20, 0x20, 0x20, 0x20, 0x20, 0x20, 0x20, 0x20, 0x20, 0x20, 0x20, 0x20, 0x20, 0x20, 0x20,
    0x20, 0x20, 0x20, 0x20, 0x3C, 0x74, 0x72, 0x3E, 0x0A, 0x20, 0x20, 0x20, 0x20, 0x20, 0x20, 0x20,
    0x20, 0x20, 0x20, 0x20, 0x20, 0x20, 0x20, 0x20, 0x20, 0x20, 0x20, 0x20, 0x20, 0x20, 0x20, 0x20,
    0x20, 0x20, 0x20, 0x20, 0x20, 0x3C, 0x74, 0x68, 0x3E, 0x49, 0x44, 0x3C, 0x2F, 0x74, 0x68, 0x3E,
    0x0A, 0x20, 0x20, 0x20, 0x20, 0x20, 0x20, 0x20, 0x20, 0x20, 0x20, 0x20, 0x20, 0x20, 0x20, 0x20,
    0x20, 0x20, 0x20, 0x20, 0x20, 0x20, 0x20, 0x20, 0x20, 0x20, 0x20, 0x20, 0x20, 0x3C, 0x74, 0x64,
    0x3E, 0x3C, 0x69, 0x6E, 0x70, 0x75, 0x74, 0x20, 0x74, 0x79, 0x70, 0x65, 0x3D, 0x22, 0x74, 0x65,
    0x78, 0x74, 0x22, 0x20, 0x69, 0x64, 0x3D, 0x22, 0x61, 0x64, 0x64, 0x2D, 0x75, 0x73, 0x65, 0x72,
    0x22, 0x20, 0x63, 0x6C, 0x61, 0x73, 0x73, 0x3D, 0x22, 0x69, 0x70, 0x2D, 0x69, 0x6E, 0x70, 0x75,
    0x74, 0x22, 0x20, 0x61, 0x75, 0x74, 0x6F, 0x63, 0x6F, 0x6D, 0x70, 0x6C, 0x65, 0x74, 0x65, 0x3D,
    0x22, 0x6F, 0x66, 0x66, 0x22, 0x3E, 0x3C, 0x2F, 0x74, 0x64, 0x3E, 0x0A, 0x20, 0x20, 0x20, 0x20,
    0x20, 0x20, 0x20, 0x20, 0x20, 0x20, 0x20, 0x20, 0x20, 0x20, 0x20, 0x20, 0x20, 0x20, 0x20, 0x20,
    0x20, 0x20, 0x20, 0x20, 0x3C, 0x2F, 0x74, 0x72, 0x3E, 0x0A, 0x20, 0x20, 0x20, 0x20, 0x20, 0x20,
    0x20, 0x20, 0x20, 0x20, 0x20, 0x20, 0x20, 0x20, 0x20, 0x20, 0x20, 0x20, 0x20, 0x20, 0x20, 0x20,
    0x20, 0x20, 0x3C, 0x74, 0x72, 0x3E, 0x0A, 0x20, 0x20, 0x20, 0x20, 0x20, 0x20, 0x20, 0x20, 0x20,
    0x20, 0x20, 0x20, 0x20, 0x20, 0x20, 0x20, 0x20, 0x20, 0x20, 0x20, 0x20, 0x20, 0x20, 0x20, 0x20,
    0x20, 0x20, 0x20, 0x3C, 0x74, 0x68, 0x3E, 0x50, 0x57, 0x3C, 0x2F, 0x74, 0x68, 0x3E, 0x0A, 0x20,
    0x20, 0x20, 0x20, 0x20, 0x20, 0x20, 0x20, 0x20, 0x20, 0x20, 0x20, 0x20, 0x20, 0x20, 0x20, 0x20,
    0x20, 0x20, 0x20, 0x20, 0x20, 0x20, 0x20, 0x20, 0x20, 0x20, 0x20, 0x3C, 0x74, 0x64, 0x3E, 0x3C,
    0x69, 0x6E, 0x70, 0x75, 0x74, 0x20, 0x74, 0x79, 0x70, 0x65, 0x3D, 0x22, 0x70, 0x61, 0x73, 0x73,
    0x77, 0x6F, 0x72, 0x64, 0x22, 0x20, 0x69, 0x64, 0x3D, 0x22, 0x61, 0x64, 0x64, 0x2D, 0x70, 0x61,
    0x73, 0x73, 0x22, 0x20, 0x63, 0x6C, 0x61, 0x73, 0x73, 0x3D, 0x22, 0x69, 0x70, 0x2D, 0x69, 0x6E,
    0x70, 0x75, 0x74, 0x22, 0x3E, 0x3C, 0x2F, 0x74, 0x64, 0x3E, 0x0A, 0x20, 0x20, 0x20, 0x20, 0x20,
    0x20, 0x20, 0x20, 0x20, 0x20, 0x20, 0x20, 0x20, 0x20, 0x20, 0x20, 0x20, 0x20, 0x20, 0x20, 0x20,
    0x20, 0x20, 0x20, 0x3C, 0x2F, 0x74, 0x72, 0x3E, 0x0A, 0x20, 0x20, 0x20, 0x20, 0x20, 0x20, 0x20,
    0x20, 0x20, 0x20, 0x20, 0x20, 0x20, 0x20, 0x20, 0x20, 0x20, 0x20, 0x20, 0x20, 0x3C, 0x2F, 0x74,
    0x61, 0x62, 0x6C, 0x65, 0x3E, 0x0A, 0x20, 0x20, 0x20, 0x20, 0x20, 0x20, 0x20, 0x20, 0x20, 0x20,
    0x20, 0x20, 0x20, 0x20, 0x20, 0x20, 0x20, 0x20, 0x20, 0x20, 0x3C, 0x64, 0x69, 0x76, 0x20, 0x73,
    0x74, 0x79, 0x6C, 0x65, 0x3D, 0x22, 0x70, 0x61, 0x64, 0x64, 0x69, 0x6E, 0x67, 0x3A, 0x31, 0x30,
    0x70, 0x78, 0x20, 0x30, 0x20, 0x31, 0x34, 0x70, 0x78, 0x22, 0x3E, 0x0A, 0x20, 0x20, 0x20, 0x20,
    0x20, 0x20, 0x20, 0x20, 0x20, 0x20, 0x20, 0x20, 0x20, 0x20, 0x20, 0x20, 0x20, 0x20, 0x20, 0x20,
    0x20, 0x20, 0x20, 0x20, 0x3C, 0x62, 0x75, 0x74, 0x74, 0x6F, 0x6E, 0x20, 0x63, 0x6C, 0x61, 0x73,
    0x73, 0x3D, 0x22, 0x62, 0x74, 0x6E, 0x2D, 0x73, 0x61, 0x76, 0x65, 0x22, 0x20, 0x6F, 0x6E, 0x63,
    0x6C, 0x69, 0x63, 0x6B, 0x3D, 0x22, 0x61, 0x64, 0x64, 0x41, 0x63, 0x63, 0x6F, 0x75, 0x6E, 0x74,
    0x28, 0x29, 0x22, 0x3E, 0xEA, 0xB3, 0x84, 0xEC, 0xA0, 0x95, 0x20, 0xEC, 0xB6, 0x94, 0xEA, 0xB0,
    0x80, 0x3C, 0x2F, 0x62, 0x75, 0x74, 0x74, 0x6F, 0x6E, 0x3E, 0x0A, 0x20, 0x20, 0x20, 0x20, 0x20,
    0x20, 0x20, 0x20, 0x20, 0x20, 0x20, 0x20, 0x20, 0x20, 0x20, 0x20, 0x20, 0x20, 0x20, 0x20, 0x20,
    0x20, 0x20, 0x20, 0x3C, 0x73, 0x70, 0x61, 0x6E, 0x20, 0x69, 0x64, 0x3D, 0x22, 0x61, 0x63, 0x63,
    0x2D, 0x73, 0x74, 0x61, 0x74, 0x75, 0x73, 0x22, 0x20, 0x73, 0x74, 0x79, 0x6C, 0x65, 0x3D, 0x22,
    0x66, 0x6F, 0x6E, 0x74, 0x2D, 0x73, 0x69, 0x7A, 0x65, 0x3A, 0x31, 0x38, 0x70, 0x78, 0x3B, 0x20,
    0x6D, 0x61, 0x72, 0x67, 0x69, 0x6E, 0x2D, 0x6C, 0x65, 0x66, 0x74, 0x3A, 0x31, 0x32, 0x70, 0x78,
    0x22, 0x3E, 0x3C, 0x2F, 0x73, 0x70, 0x61, 0x6E, 0x3E, 0x0A, 0x20, 0x20, 0x20, 0x20, 0x20, 0x20,
    0x20, 0x20, 0x20, 0x20, 0x20, 0x20, 0x20, 0x20, 0x20, 0x20, 0x20, 0x20, 0x20, 0x20, 0x3C, 0x2F,
    0x64, 0x69, 0x76, 0x3E, 0x0A, 0x20, 0x20, 0x20, 0x20, 0x20, 0x20, 0x20, 0x20, 0x20, 0x20, 0x20,
    0x20, 0x20, 0x20, 0x20, 0x20, 0x3C, 0x2F, 0x64, 0x69, 0x76, 0x3E, 0x0A, 0x20, 0x20, 0x20, 0x20,
    0x20, 0x20, 0x20, 0x20, 0x20, 0x20, 0x20, 0x20, 0x3C, 0x2F, 0x73, 0x65, 0x63, 0x74, 0x69, 0x6F,
    0x6E, 0x3E, 0x0A, 0x20, 0x20, 0x20, 0x20, 0x20, 0x20, 0x20, 0x20, 0x3C, 0x2F, 0x64, 0x69, 0x76,
    0x3E, 0x0A, 0x20, 0x20, 0x20, 0x20, 0x3C, 0x2F, 0x6D, 0x61, 0x69, 0x6E, 0x3E, 0x0A, 0x3C, 0x2F,
    0x64, 0x69, 0x76, 0x3E, 0x0A, 0x3C, 0x73, 0x63, 0x72, 0x69, 0x70, 0x74, 0x3E, 0x0A, 0x76, 0x61,
    0x72, 0x20, 0x63, 0x6F, 0x6E, 0x66, 0x69, 0x67, 0x55, 0x6E, 0x6C, 0x6F, 0x63, 0x6B, 0x65, 0x64,
    0x20, 0x3D, 0x20, 0x66, 0x61, 0x6C, 0x73, 0x65, 0x3B, 0x0A, 0x0A, 0x66, 0x75, 0x6E, 0x63, 0x74,
    0x69, 0x6F, 0x6E, 0x20, 0x65, 0x73, 0x63, 0x48, 0x74, 0x6D, 0x6C, 0x28, 0x73, 0x29, 0x7B, 0x72,
    0x65, 0x74, 0x75, 0x72, 0x6E, 0x20, 0x53, 0x74, 0x72, 0x69, 0x6E, 0x67, 0x28, 0x73, 0x29, 0x2E,
    0x72, 0x65, 0x70, 0x6C, 0x61, 0x63, 0x65, 0x28, 0x2F, 0x5B, 0x26, 0x3C, 0x3E, 0x22, 0x27, 0x5D,
    0x2F, 0x67, 0x2C, 0x66, 0x75, 0x6E, 0x63, 0x74, 0x69, 0x6F, 0x6E, 0x28, 0x63, 0x29, 0x7B, 0x72,
    0x65, 0x74, 0x75, 0x72, 0x6E, 0x7B, 0x27, 0x26, 0x27, 0x3A, 0x27, 0x26, 0x61, 0x6D, 0x70, 0x3B,
    0x27, 0x2C, 0x27, 0x3C, 0x27, 0x3A, 0x27, 0x26, 0x6C, 0x74, 0x3B, 0x27, 0x2C, 0x27, 0x3E, 0x27,
    0x3A, 0x27, 0x26, 0x67, 0x74, 0x3B, 0x27, 0x2C, 0x27, 0x22, 0x27, 0x3A, 0x27, 0x26, 0x71, 0x75,
    0x6F, 0x74, 0x3B, 0x27, 0x2C, 0x22, 0x27, 0x22, 0x3A, 0x27, 0x26, 0x23, 0x33, 0x39, 0x3B, 0x27,
    0x7D, 0x5B, 0x63, 0x5D, 0x3B, 0x7D, 0x29, 0x3B, 0x7D, 0x0A, 0x66, 0x75, 0x6E, 0x63, 0x74, 0x69,
    0x6F, 0x6E, 0x20, 0x66, 0x6D, 0x74, 0x56, 0x61, 0x6C, 0x75, 0x65, 0x28, 0x73, 0x29, 0x7B, 0x0A,
    0x20, 0x20, 0x20, 0x20, 0x69, 0x66, 0x28, 0x73, 0x2E, 0x6C, 0x61, 0x62, 0x65, 0x6C, 0x29, 0x20,
    0x72, 0x65, 0x74, 0x75, 0x72, 0x6E, 0x20, 0x65, 0x73, 0x63, 0x48, 0x74, 0x6D, 0x6C, 0x28, 0x73,
    0x2E, 0x6C, 0x61, 0x62, 0x65, 0x6C, 0x29, 0x3B, 0x0A, 0x20, 0x20, 0x20, 0x20, 0x76, 0x61, 0x72,
    0x20, 0x76, 0x20, 0x3D, 0x20, 0x73, 0x2E, 0x76, 0x61, 0x6C, 0x75, 0x65, 0x20, 0x2A, 0x20, 0x4D,
    0x61, 0x74, 0x68, 0x2E, 0x70, 0x6F, 0x77, 0x28, 0x31, 0x30, 0x2C, 0x20, 0x73, 0x2E, 0x73, 0x63,
    0x61, 0x6C, 0x65, 0x29, 0x3B, 0x0A, 0x20, 0x20, 0x20, 0x20, 0x76, 0x61, 0x72, 0x20, 0x64, 0x65,
    0x63, 0x69, 0x6D, 0x61, 0x6C, 0x73, 0x20, 0x3D, 0x20, 0x73, 0x2E, 0x73, 0x63, 0x61, 0x6C, 0x65,
    0x20, 0x3C, 0x20, 0x30, 0x20, 0x3F, 0x20, 0x2D, 0x73, 0x2E, 0x73, 0x63, 0x61, 0x6C, 0x65, 0x20,
    0x3A, 0x20, 0x30, 0x3B, 0x0A, 0x20, 0x20, 0x20, 0x20, 0x76, 0x61, 0x72, 0x20, 0x74, 0x78, 0x74,
    0x20, 0x3D, 0x20, 0x76, 0x2E, 0x74, 0x6F, 0x46, 0x69, 0x78, 0x65, 0x64, 0x28, 0x64, 0x65, 0x63,
    0x69, 0x6D, 0x61, 0x6C, 0x73, 0x29, 0x3B, 0x0A, 0x20, 0x20, 0x20, 0x20, 0x69, 0x66, 0x28, 0x73,
    0x2E, 0x75, 0x6E, 0x69, 0x74, 0x29, 0x20, 0x74, 0x78, 0x74, 0x20, 0x2B, 0x3D, 0x20, 0x27, 0x20,
    0x27, 0x20, 0x2B, 0x20, 0x73, 0x2E, 0x75, 0x6E, 0x69, 0x74, 0x3B, 0x0A, 0x20, 0x20, 0x20, 0x20,
    0x72, 0x65, 0x74, 0x75, 0x72, 0x6E, 0x20, 0x65, 0x73, 0x63, 0x48, 0x74, 0x6D, 0x6C, 0x28, 0x74,
    0x78, 0x74, 0x29, 0x3B, 0x0A, 0x7D, 0x0A, 0x66, 0x75, 0x6E, 0x63, 0x74, 0x69, 0x6F, 0x6E, 0x20,
    0x75, 0x70, 0x64, 0x28, 0x64, 0x29, 0x7B, 0x0A, 0x20, 0x20, 0x20, 0x20, 0x76, 0x61, 0x72, 0x20,
    0x74, 0x62, 0x6F, 0x64, 0x79, 0x20, 0x3D, 0x20, 0x64, 0x6F, 0x63, 0x75, 0x6D, 0x65, 0x6E, 0x74,
    0x2E, 0x67, 0x65, 0x74, 0x45, 0x6C, 0x65, 0x6D, 0x65, 0x6E, 0x74, 0x42, 0x79, 0x49, 0x64, 0x28,
    0x27, 0x73, 0x65, 0x6E, 0x73, 0x6F, 0x72, 0x2D, 0x72, 0x6F, 0x77, 0x73, 0x27, 0x29, 0x3B, 0x0A,
    0x20, 0x20, 0x20, 0x20, 0x76, 0x61, 0x72, 0x20, 0x65, 0x6D, 0x70, 0x74, 0x79, 0x20, 0x3D, 0x20,
    0x64, 0x6F, 0x63, 0x75, 0x6D, 0x65, 0x6E, 0x74, 0x2E, 0x67, 0x65, 0x74, 0x45, 0x6C, 0x65, 0x6D,
    0x65, 0x6E, 0x74, 0x42, 0x79, 0x49, 0x64, 0x28, 0x27, 0x73, 0x65, 0x6E, 0x73, 0x6F, 0x72, 0x2D,
    0x65, 0x6D, 0x70, 0x74, 0x79, 0x27, 0x29, 0x3B, 0x0A, 0x20, 0x20, 0x20, 0x20, 0x69, 0x66, 0x28,
    0x21, 0x64, 0x2E, 0x73, 0x65, 0x6E, 0x73, 0x6F, 0x72, 0x73, 0x20, 0x7C, 0x7C, 0x20, 0x64, 0x2E,
    0x73, 0x65, 0x6E, 0x73, 0x6F, 0x72, 0x73, 0x2E, 0x6C, 0x65, 0x6E, 0x67, 0x74, 0x68, 0x20, 0x3D,
    0x3D, 0x3D, 0x20, 0x30, 0x29, 0x7B, 0x0A, 0x20, 0x20, 0x20, 0x20, 0x20, 0x20, 0x20, 0x20, 0x74,
    0x62, 0x6F, 0x64, 0x79, 0x2E, 0x69, 0x6E, 0x6E, 0x65, 0x72, 0x48, 0x54, 0x4D, 0x4C, 0x3D, 0x27,
    0x27, 0x3B, 0x0A, 0x20, 0x20, 0x20, 0x20, 0x20, 0x20, 0x20, 0x20, 0x65, 0x6D, 0x70, 0x74, 0x79,
    0x2E, 0x73, 0x74, 0x79, 0x6C, 0x65, 0x2E, 0x64, 0x69, 0x73, 0x70, 0x6C, 0x61, 0x79, 0x3D, 0x27,
    0x27, 0x3B, 0x0A, 0x20, 0x20, 0x20, 0x20, 0x7D, 0x65, 0x6C, 0x73, 0x65, 0x7B, 0x0A, 0x20, 0x20,
    0x20, 0x20, 0x20, 0x20, 0x20, 0x20, 0x65, 0x6D, 0x70, 0x74, 0x79, 0x2E, 0x73, 0x74, 0x79, 0x6C,
    0x65, 0x2E, 0x64, 0x69, 0x73, 0x70, 0x6C, 0x61, 0x79, 0x3D, 0x27, 0x6E, 0x6F, 0x6E, 0x65, 0x27,
    0x3B, 0x0A, 0x20, 0x20, 0x20, 0x20, 0x20, 0x20, 0x20, 0x20, 0x76, 0x61, 0x72, 0x20, 0x68, 0x74,
    0x6D, 0x6C, 0x3D, 0x27, 0x27, 0x3B, 0x0A, 0x20, 0x20, 0x20, 0x20, 0x20, 0x20, 0x20, 0x20, 0x66,
    0x6F, 0x72, 0x28, 0x76, 0x61, 0x72, 0x20, 0x69, 0x3D, 0x30, 0x3B, 0x20, 0x69, 0x3C, 0x64, 0x2E,
    0x73, 0x65, 0x6E, 0x73, 0x6F, 0x72, 0x73, 0x2E, 0x6C, 0x65, 0x6E, 0x67, 0x74, 0x68, 0x3B, 0x20,
    0x69, 0x2B, 0x3D, 0x33, 0x29, 0x7B, 0x0A, 0x20, 0x20, 0x20, 0x20, 0x20, 0x20, 0x20, 0x20, 0x20,
    0x20, 0x20, 0x20, 0x68, 0x74, 0x6D, 0x6C, 0x20, 0x2B, 0x3D, 0x20, 0x27, 0x3C, 0x74, 0x72, 0x3E,
    0x27, 0x3B, 0x0A, 0x20, 0x20, 0x20, 0x20, 0x20, 0x20, 0x20, 0x20, 0x20, 0x20, 0x20, 0x20, 0x66,
    0x6F, 0x72, 0x28, 0x76, 0x61, 0x72, 0x20, 0x6B, 0x3D, 0x30, 0x3B, 0x20, 0x6B, 0x3C, 0x33, 0x3B,
    0x20, 0x6B, 0x2B, 0x2B, 0x29, 0x7B, 0x0A, 0x20, 0x20, 0x20, 0x20, 0x20, 0x20, 0x20, 0x20, 0x20,
    0x20, 0x20, 0x20, 0x20, 0x20, 0x20, 0x20, 0x76, 0x61, 0x72, 0x20, 0x73, 0x20, 0x3D, 0x20, 0x64,
    0x2E, 0x73, 0x65, 0x6E, 0x73, 0x6F, 0x72, 0x73, 0x5B, 0x69, 0x2B, 0x6B, 0x5D, 0x3B, 0x0A, 0x20,
    0x20, 0x20, 0x20, 0x20, 0x20, 0x20, 0x20, 0x20, 0x20, 0x20, 0x20, 0x20, 0x20, 0x20, 0x20, 0x69,
    0x66, 0x28, 0x73, 0x29, 0x7B, 0x0A, 0x20, 0x20, 0x20, 0x20, 0x20, 0x20, 0x20, 0x20, 0x20, 0x20,
    0x20, 0x20, 0x20, 0x20, 0x20, 0x20, 0x20, 0x20, 0x20, 0x20, 0x68, 0x74, 0x6D, 0x6C, 0x20, 0x2B,
    0x3D, 0x20, 0x27, 0x3C, 0x74, 0x64, 0x20, 0x63, 0x6C, 0x61, 0x73, 0x73, 0x3D, 0x22, 0x63, 0x6F,
    0x6C, 0x2D, 0x69, 0x64, 0x78, 0x22, 0x3E, 0x27, 0x2B, 0x73, 0x2E, 0x69, 0x6E, 0x64, 0x65, 0x78,
    0x2B, 0x27, 0x3C, 0x2F, 0x74, 0x64, 0x3E, 0x3C, 0x74, 0x68, 0x3E, 0x27, 0x2B, 0x65, 0x73, 0x63,
    0x48, 0x74, 0x6D, 0x6C, 0x28, 0x73, 0x2E, 0x6E, 0x61, 0x6D, 0x65, 0x29, 0x2B, 0x27, 0x3C, 0x2F,
    0x74, 0x68, 0x3E, 0x3C, 0x74, 0x64, 0x3E, 0x27, 0x2B, 0x66, 0x6D, 0x74, 0x56, 0x61, 0x6C, 0x75,
    0x65, 0x28, 0x73, 0x29, 0x2B, 0x27, 0x3C, 0x2F, 0x74, 0x64, 0x3E, 0x27, 0x3B, 0x0A, 0x20, 0x20,
    0x20, 0x20, 0x20, 0x20, 0x20, 0x20, 0x20, 0x20, 0x20, 0x20, 0x20, 0x20, 0x20, 0x20, 0x7D, 0x20,
    0x65, 0x6C, 0x73, 0x65, 0x20, 0x7B, 0x0A, 0x20, 0x20, 0x20, 0x20, 0x20, 0x20, 0x20, 0x20, 0x20,
    0x20, 0x20, 0x20, 0x20, 0x20, 0x20, 0x20, 0x20, 0x20, 0x20, 0x20, 0x68, 0x74, 0x6D, 0x6C, 0x20,
    0x2B, 0x3D, 0x20, 0x27, 0x3C, 0x74, 0x64, 0x20, 0x63, 0x6C, 0x61, 0x73, 0x73, 0x3D, 0x22, 0x63,
    0x6F, 0x6C, 0x2D, 0x69, 0x64, 0x78, 0x22, 0x3E, 0x3C, 0x2F, 0x74, 0x64, 0x3E, 0x3C, 0x74, 0x64,
    0x3E, 0x3C, 0x2F, 0x74, 0x64, 0x3E, 0x3C, 0x74, 0x64, 0x3E, 0x3C, 0x2F, 0x74, 0x64, 0x3E, 0x27,
    0x3B, 0x0A, 0x20, 0x20, 0x20, 0x20, 0x20, 0x20, 0x20, 0x20, 0x20, 0x20, 0x20, 0x20, 0x20, 0x20,
    0x20, 0x20, 0x7D, 0x0A, 0x20, 0x20, 0x20, 0x20, 0x20, 0x20, 0x20, 0x20, 0x20, 0x20, 0x20, 0x20,
    0x7D, 0x0A, 0x20, 0x20, 0x20, 0x20, 0x20, 0x20, 0x20, 0x20, 0x20, 0x20, 0x20, 0x20, 0x68, 0x74,
    0x6D, 0x6C, 0x20, 0x2B, 0x3D, 0x20, 0x27, 0x3C, 0x2F, 0x74, 0x72, 0x3E, 0x27, 0x3B, 0x0A, 0x20,
    0x20, 0x20, 0x20, 0x20, 0x20, 0x20, 0x20, 0x7D, 0x0A, 0x20, 0x20, 0x20, 0x20, 0x20, 0x20, 0x20,
    0x20, 0x74, 0x62, 0x6F, 0x64, 0x79, 0x2E, 0x69, 0x6E, 0x6E, 0x65, 0x72, 0x48, 0x54, 0x4D, 0x4C,
    0x3D, 0x68, 0x74, 0x6D, 0x6C, 0x3B, 0x0A, 0x20, 0x20, 0x20, 0x20, 0x7D, 0x0A, 0x20, 0x20, 0x20,
    0x20, 0x64, 0x6F, 0x63, 0x75, 0x6D, 0x65, 0x6E, 0x74, 0x2E, 0x67, 0x65, 0x74, 0x45, 0x6C, 0x65,
    0x6D, 0x65, 0x6E, 0x74, 0x42, 0x79, 0x49, 0x64, 0x28, 0x27, 0x63, 0x6F, 0x6D, 0x6D, 0x5F, 0x73,
    0x74, 0x61, 0x74, 0x75, 0x73, 0x27, 0x29, 0x2E, 0x74, 0x65, 0x78, 0x74, 0x43, 0x6F, 0x6E, 0x74,
    0x65, 0x6E, 0x74, 0x3D, 0x64, 0x2E, 0x63, 0x6F, 0x6D, 0x6D, 0x2E, 0x73, 0x74, 0x61, 0x74, 0x75,
    0x73, 0x3B, 0x0A, 0x20, 0x20, 0x20, 0x20, 0x64, 0x6F, 0x63, 0x75, 0x6D, 0x65, 0x6E, 0x74, 0x2E,
    0x67, 0x65, 0x74, 0x45, 0x6C, 0x65, 0x6D, 0x65, 0x6E, 0x74, 0x42, 0x79, 0x49, 0x64, 0x28, 0x27,
    0x72, 0x65, 0x63, 0x76, 0x5F, 0x63, 0x73, 0x27, 0x29, 0x2E, 0x74, 0x65, 0x78, 0x74, 0x43, 0x6F,
    0x6E, 0x74, 0x65, 0x6E, 0x74, 0x3D, 0x64, 0x2E, 0x63, 0x6F, 0x6D, 0x6D, 0x2E, 0x72, 0x65, 0x63,
    0x76, 0x5F, 0x63, 0x73, 0x3B, 0x0A, 0x20, 0x20, 0x20, 0x20, 0x64, 0x6F, 0x63, 0x75, 0x6D, 0x65,
    0x6E, 0x74, 0x2E, 0x67, 0x65, 0x74, 0x45, 0x6C, 0x65, 0x6D, 0x65, 0x6E, 0x74, 0x42, 0x79, 0x49,
    0x64, 0x28, 0x27, 0x63, 0x61, 0x6C, 0x63, 0x5F, 0x63, 0x73, 0x27, 0x29, 0x2E, 0x74, 0x65, 0x78,
    0x74, 0x43, 0x6F, 0x6E, 0x74, 0x65, 0x6E, 0x74, 0x3D, 0x64, 0x2E, 0x63, 0x6F, 0x6D, 0x6D, 0x2E,
    0x63, 0x61, 0x6C, 0x63, 0x5F, 0x63, 0x73, 0x3B, 0x0A, 0x20, 0x20, 0x20, 0x20, 0x64, 0x6F, 0x63,
    0x75, 0x6D, 0x65, 0x6E, 0x74, 0x2E, 0x67, 0x65, 0x74, 0x45, 0x6C, 0x65, 0x6D, 0x65, 0x6E, 0x74,
    0x42, 0x79, 0x49, 0x64, 0x28, 0x27, 0x63, 0x6F, 0x6D, 0x6D, 0x5F, 0x63, 0x68, 0x65, 0x63, 0x6B,
    0x27, 0x29, 0x2E, 0x74, 0x65, 0x78, 0x74, 0x43, 0x6F, 0x6E, 0x74, 0x65, 0x6E, 0x74, 0x3D, 0x64,
    0x2E, 0x63, 0x6F, 0x6D, 0x6D, 0x2E, 0x63, 0x68, 0x65, 0x63, 0x6B, 0x3B, 0x0A, 0x20, 0x20, 0x20,
    0x20, 0x64, 0x6F, 0x63, 0x75, 0x6D, 0x65, 0x6E, 0x74, 0x2E, 0x67, 0x65, 0x74, 0x45, 0x6C, 0x65,
    0x6D, 0x65, 0x6E, 0x74, 0x42, 0x79, 0x49, 0x64, 0x28, 0x27, 0x63, 0x6F, 0x6D, 0x6D, 0x5F, 0x66,
    0x6C, 0x61, 0x67, 0x27, 0x29, 0x2E, 0x74, 0x65, 0x78, 0x74, 0x43, 0x6F, 0x6E, 0x74, 0x65, 0x6E,
    0x74, 0x3D, 0x64, 0x2E, 0x63, 0x6F, 0x6D, 0x6D, 0x2E, 0x66, 0x6C, 0x61, 0x67, 0x3B, 0x0A, 0x7D,
    0x0A, 0x66, 0x75, 0x6E, 0x63, 0x74, 0x69, 0x6F, 0x6E, 0x20, 0x70, 0x6F, 0x6C, 0x6C, 0x28, 0x29,
    0x7B, 0x66, 0x65, 0x74, 0x63, 0x68, 0x28, 0x27, 0x2F, 0x61, 0x70, 0x69, 0x2F, 0x73, 0x65, 0x6E,
    0x73, 0x6F, 0x72, 0x73, 0x27, 0x29, 0x2E, 0x74, 0x68, 0x65, 0x6E, 0x28, 0x66, 0x75, 0x6E, 0x63,
    0x74, 0x69, 0x6F, 0x6E, 0x28, 0x72, 0x29, 0x7B, 0x72, 0x65, 0x74, 0x75, 0x72, 0x6E, 0x20, 0x72,
    0x2E, 0x6A, 0x73, 0x6F, 0x6E, 0x28, 0x29, 0x3B, 0x7D, 0x29, 0x2E, 0x74, 0x68, 0x65, 0x6E, 0x28,
    0x75, 0x70, 0x64, 0x29, 0x2E, 0x63, 0x61, 0x74, 0x63, 0x68, 0x28, 0x66, 0x75, 0x6E, 0x63, 0x74,
    0x69, 0x6F, 0x6E, 0x28, 0x29, 0x7B, 0x7D, 0x29, 0x3B, 0x7D, 0x0A, 0x73, 0x65, 0x74, 0x49, 0x6E,
    0x74, 0x65, 0x72, 0x76, 0x61, 0x6C, 0x28, 0x70, 0x6F, 0x6C, 0x6C, 0x2C, 0x33, 0x30, 0x30, 0x30,
    0x29, 0x3B, 0x0A, 0x70, 0x6F, 0x6C, 0x6C, 0x28, 0x29, 0x3B, 0x0A, 0x0A, 0x66, 0x75, 0x6E, 0x63,
    0x74, 0x69, 0x6F, 0x6E, 0x20, 0x73, 0x68, 0x6F, 0x77, 0x54, 0x61, 0x62, 0x28, 0x74, 0x61, 0x62,
    0x29, 0x7B, 0x0A, 0x20, 0x20, 0x20, 0x20, 0x69, 0x66, 0x28, 0x74, 0x61, 0x62, 0x3D, 0x3D, 0x3D,
    0x27, 0x63, 0x6F, 0x6E, 0x66, 0x69, 0x67, 0x27, 0x20, 0x26, 0x26, 0x20, 0x21, 0x63, 0x6F, 0x6E,
    0x66, 0x69, 0x67, 0x55, 0x6E, 0x6C, 0x6F, 0x63, 0x6B, 0x65, 0x64, 0x29, 0x7B, 0x0A, 0x20, 0x20,
    0x20, 0x20, 0x20, 0x20, 0x20, 0x20, 0x64, 0x6F, 0x63, 0x75, 0x6D, 0x65, 0x6E, 0x74, 0x2E, 0x67,
    0x65, 0x74, 0x45, 0x6C, 0x65, 0x6D, 0x65, 0x6E, 0x74, 0x42, 0x79, 0x49, 0x64, 0x28, 0x27, 0x70,
    0x61, 0x73, 0x73, 0x2D, 0x6D, 0x6F, 0x64, 0x61, 0x6C, 0x27, 0x29, 0x2E, 0x63, 0x6C, 0x61, 0x73,
    0x73, 0x4C, 0x69, 0x73, 0x74, 0x2E, 0x61, 0x64, 0x64, 0x28, 0x27, 0x73, 0x68, 0x6F, 0x77, 0x27,
    0x29, 0x3B, 0x0A, 0x20, 0x20, 0x20, 0x20, 0x20, 0x20, 0x20, 0x20, 0x73, 0x65, 0x74, 0x54, 0x69,
    0x6D, 0x65, 0x6F, 0x75, 0x74, 0x28, 0x66, 0x75, 0x6E, 0x63, 0x74, 0x69, 0x6F, 0x6E, 0x28, 0x29,
    0x7B, 0x64, 0x6F, 0x63, 0x75, 0x6D, 0x65, 0x6E, 0x74, 0x2E, 0x67, 0x65, 0x74, 0x45, 0x6C, 0x65,
    0x6D, 0x65, 0x6E, 0x74, 0x42, 0x79, 0x49, 0x64, 0x28, 0x27, 0x6D, 0x6F, 0x64, 0x61, 0x6C, 0x2D,
    0x70, 0x61, 0x73, 0x73, 0x27, 0x29, 0x2E, 0x66, 0x6F, 0x63, 0x75, 0x73, 0x28, 0x29, 0x3B, 0x7D,
    0x2C, 0x35, 0x30, 0x29, 0x3B, 0x0A, 0x20, 0x20, 0x20, 0x20, 0x20, 0x20, 0x20, 0x20, 0x72, 0x65,
    0x74, 0x75, 0x72, 0x6E, 0x3B, 0x0A, 0x20, 0x20, 0x20, 0x20, 0x7D, 0x0A, 0x20, 0x20, 0x20, 0x20,
    0x5F, 0x64, 0x6F, 0x53, 0x68, 0x6F, 0x77, 0x54, 0x61, 0x62, 0x28, 0x74, 0x61, 0x62, 0x29, 0x3B,
    0x0A, 0x7D, 0x0A, 0x66, 0x75, 0x6E, 0x63, 0x74, 0x69, 0x6F, 0x6E, 0x20, 0x5F, 0x64, 0x6F, 0x53,
    0x68, 0x6F, 0x77, 0x54, 0x61, 0x62, 0x28, 0x74, 0x61, 0x62, 0x29, 0x7B, 0x0A, 0x20, 0x20, 0x20,
    0x20, 0x64, 0x6F, 0x63, 0x75, 0x6D, 0x65, 0x6E, 0x74, 0x2E, 0x67, 0x65, 0x74, 0x45, 0x6C, 0x65,
    0x6D, 0x65, 0x6E, 0x74, 0x42, 0x79, 0x49, 0x64, 0x28, 0x27, 0x74, 0x61, 0x62, 0x2D, 0x73, 0x65,
    0x6E, 0x73, 0x6F, 0x72, 0x27, 0x29, 0x2E, 0x73, 0x74, 0x79, 0x6C, 0x65, 0x2E, 0x64, 0x69, 0x73,
    0x70, 0x6C, 0x61, 0x79, 0x3D, 0x28, 0x74, 0x61, 0x62, 0x3D, 0x3D, 0x3D, 0x27, 0x73, 0x65, 0x6E,
    0x73, 0x6F, 0x72, 0x27, 0x29, 0x3F, 0x27, 0x27, 0x3A, 0x27, 0x6E, 0x6F, 0x6E, 0x65, 0x27, 0x3B,
    0x0A, 0x20, 0x20, 0x20, 0x20, 0x64, 0x6F, 0x63, 0x75, 0x6D, 0x65, 0x6E, 0x74, 0x2E, 0x67, 0x65,
    0x74, 0x45, 0x6C, 0x65, 0x6D, 0x65, 0x6E, 0x74, 0x42, 0x79, 0x49, 0x64, 0x28, 0x27, 0x74, 0x61,
    0x62, 0x2D, 0x63, 0x6F, 0x6E, 0x66, 0x69, 0x67, 0x27, 0x29, 0x2E, 0x73, 0x74, 0x79, 0x6C, 0x65,
    0x2E, 0x64, 0x69, 0x73, 0x70, 0x6C, 0x61, 0x79, 0x3D, 0x28, 0x74, 0x61, 0x62, 0x3D, 0x3D, 0x3D,
    0x27, 0x63, 0x6F, 0x6E, 0x66, 0x69, 0x67, 0x27, 0x29, 0x3F, 0x27, 0x27, 0x3A, 0x27, 0x6E, 0x6F,
    0x6E, 0x65, 0x27, 0x3B, 0x0A, 0x20, 0x20, 0x20, 0x20, 0x64, 0x6F, 0x63, 0x75, 0x6D, 0x65, 0x6E,
    0x74, 0x2E, 0x67, 0x65, 0x74, 0x45, 0x6C, 0x65, 0x6D, 0x65, 0x6E, 0x74, 0x42, 0x79, 0x49, 0x64,
    0x28, 0x27, 0x6D, 0x65, 0x6E, 0x75, 0x2D, 0x73, 0x65, 0x6E, 0x73, 0x6F, 0x72, 0x27, 0x29, 0x2E,
    0x63, 0x6C, 0x61, 0x73, 0x73, 0x4E, 0x61, 0x6D, 0x65, 0x3D, 0x28, 0x74, 0x61, 0x62, 0x3D, 0x3D,
    0x3D, 0x27, 0x73, 0x65, 0x6E, 0x73, 0x6F, 0x72, 0x27, 0x29, 0x3F, 0x27, 0x61, 0x63, 0x74, 0x69,
    0x76, 0x65, 0x27, 0x3A, 0x27, 0x27, 0x3B, 0x0A, 0x20, 0x20, 0x20, 0x20, 0x64, 0x6F, 0x63, 0x75,
    0x6D, 0x65, 0x6E, 0x74, 0x2E, 0x67, 0x65, 0x74, 0x45, 0x6C, 0x65, 0x6D, 0x65, 0x6E, 0x74, 0x42,
    0x79, 0x49, 0x64, 0x28, 0x27, 0x6D, 0x65, 0x6E, 0x75, 0x2D, 0x63, 0x6F, 0x6E, 0x66, 0x69, 0x67,
    0x27, 0x29, 0x2E, 0x63, 0x6C, 0x61, 0x73, 0x73, 0x4E, 0x61, 0x6D, 0x65, 0x3D, 0x28, 0x74, 0x61,
    0x62, 0x3D, 0x3D, 0x3D, 0x27, 0x63, 0x6F, 0x6E, 0x66, 0x69, 0x67, 0x27, 0x29, 0x3F, 0x27, 0x61,
    0x63, 0x74, 0x69, 0x76, 0x65, 0x27, 0x3A, 0x27, 0x27, 0x3B, 0x0A, 0x20, 0x20, 0x20, 0x20, 0x69,
    0x66, 0x28, 0x74, 0x61, 0x62, 0x3D, 0x3D, 0x3D, 0x27, 0x63, 0x6F, 0x6E, 0x66, 0x69, 0x67, 0x27,
    0x29, 0x7B, 0x6C, 0x6F, 0x61, 0x64, 0x43, 0x6F, 0x6E, 0x66, 0x69, 0x67, 0x28, 0x29, 0x3B, 0x6C,
    0x6F, 0x61, 0x64, 0x41, 0x63, 0x63, 0x6F, 0x75, 0x6E, 0x74, 0x73, 0x28, 0x29, 0x3B, 0x7D, 0x0A,
    0x7D, 0x0A, 0x0A, 0x66, 0x75, 0x6E, 0x63, 0x74, 0x69, 0x6F, 0x6E, 0x20, 0x76, 0x65, 0x72, 0x69,
    0x66, 0x79, 0x50, 0x61, 0x73, 0x73, 0x28, 0x29, 0x7B, 0x0A, 0x20, 0x20, 0x20, 0x20, 0x76, 0x61,
    0x72, 0x20, 0x70, 0x61, 0x73, 0x73, 0x3D, 0x64, 0x6F, 0x63, 0x75, 0x6D, 0x65, 0x6E, 0x74, 0x2E,
    0x67, 0x65, 0x74, 0x45, 0x6C, 0x65, 0x6D, 0x65, 0x6E, 0x74, 0x42, 0x79, 0x49, 0x64, 0x28, 0x27,
    0x6D, 0x6F, 0x64, 0x61, 0x6C, 0x2D, 0x70, 0x61, 0x73, 0x73, 0x27, 0x29, 0x2E, 0x76, 0x61, 0x6C,
    0x75, 0x65, 0x3B, 0x0A, 0x20, 0x20, 0x20, 0x20, 0x64, 0x6F, 0x63, 0x75, 0x6D, 0x65, 0x6E, 0x74,
    0x2E, 0x67, 0x65, 0x74, 0x45, 0x6C, 0x65, 0x6D, 0x65, 0x6E, 0x74, 0x42, 0x79, 0x49, 0x64, 0x28,
    0x27, 0x6D, 0x6F, 0x64, 0x61, 0x6C, 0x2D, 0x65, 0x72, 0x72, 0x27, 0x29, 0x2E, 0x74, 0x65, 0x78,
    0x74, 0x43, 0x6F, 0x6E, 0x74, 0x65, 0x6E, 0x74, 0x3D, 0x27, 0x27, 0x3B, 0x0A, 0x20, 0x20, 0x20,
    0x20, 0x66, 0x65, 0x74, 0x63, 0x68, 0x28, 0x27, 0x2F, 0x61, 0x70, 0x69, 0x2F, 0x76, 0x65, 0x72,
    0x69, 0x66, 0x79, 0x2D, 0x70, 0x61, 0x73, 0x73, 0x27, 0x2C, 0x7B, 0x6D, 0x65, 0x74, 0x68, 0x6F,
    0x64, 0x3A, 0x27, 0x50, 0x4F, 0x53, 0x54, 0x27, 0x2C, 0x68, 0x65, 0x61, 0x64, 0x65, 0x72, 0x73,
    0x3A, 0x7B, 0x27, 0x43, 0x6F, 0x6E, 0x74, 0x65, 0x6E, 0x74, 0x2D, 0x54, 0x79, 0x70, 0x65, 0x27,
    0x3A, 0x27, 0x61, 0x70, 0x70, 0x6C, 0x69, 0x63, 0x61, 0x74, 0x69, 0x6F, 0x6E, 0x2F, 0x6A, 0x73,
    0x6F, 0x6E, 0x27, 0x7D, 0x2C, 0x0A, 0x20, 0x20, 0x20, 0x20, 0x20, 0x20, 0x20, 0x20, 0x62, 0x6F,
    0x64, 0x79, 0x3A, 0x4A, 0x53, 0x4F, 0x4E, 0x2E, 0x73, 0x74, 0x72, 0x69, 0x6E, 0x67, 0x69, 0x66,
    0x79, 0x28, 0x7B, 0x70, 0x61, 0x73, 0x73, 0x3A, 0x70, 0x61, 0x73, 0x73, 0x7D, 0x29, 0x0A, 0x20,
    0x20, 0x20, 0x20, 0x7D, 0x29, 0x2E, 0x74, 0x68, 0x65, 0x6E, 0x28, 0x66, 0x75, 0x6E, 0x63, 0x74,
    0x69, 0x6F, 0x6E, 0x28, 0x72, 0x29, 0x7B, 0x72, 0x65, 0x74, 0x75, 0x72, 0x6E, 0x20, 0x72, 0x2E,
    0x6A, 0x73, 0x6F, 0x6E, 0x28, 0x29, 0x3B, 0x7D, 0x29, 0x2E, 0x74, 0x68, 0x65, 0x6E, 0x28, 0x66,
    0x75, 0x6E, 0x63, 0x74, 0x69, 0x6F, 0x6E, 0x28, 0x64, 0x29, 0x7B, 0x0A, 0x20, 0x20, 0x20, 0x20,
    0x20, 0x20, 0x20, 0x20, 0x69, 0x66, 0x28, 0x64, 0x2E, 0x6F, 0x6B, 0x29, 0x7B, 0x0A, 0x20, 0x20,
    0x20, 0x20, 0x20, 0x20, 0x20, 0x20, 0x20, 0x20, 0x20, 0x20, 0x63, 0x6F, 0x6E, 0x66, 0x69, 0x67,
    0x55, 0x6E, 0x6C, 0x6F, 0x63, 0x6B, 0x65, 0x64, 0x3D, 0x74, 0x72, 0x75, 0x65, 0x3B, 0x0A, 0x20,
    0x20, 0x20, 0x20, 0x20, 0x20, 0x20, 0x20, 0x20, 0x20, 0x20, 0x20, 0x64, 0x6F, 0x63, 0x75, 0x6D,
    0x65, 0x6E, 0x74, 0x2E, 0x67, 0x65, 0x74, 0x45, 0x6C, 0x65, 0x6D, 0x65, 0x6E, 0x74, 0x42, 0x79,
    0x49, 0x64, 0x28, 0x27, 0x70, 0x61, 0x73, 0x73, 0x2D, 0x6D, 0x6F, 0x64, 0x61, 0x6C, 0x27, 0x29,
    0x2E, 0x63, 0x6C, 0x61, 0x73, 0x73, 0x4C, 0x69, 0x73, 0x74, 0x2E, 0x72, 0x65, 0x6D, 0x6F, 0x76,
    0x65, 0x28, 0x27, 0x73, 0x68, 0x6F, 0x77, 0x27, 0x29, 0x3B, 0x0A, 0x20, 0x20, 0x20, 0x20, 0x20,
    0x20, 0x20, 0x20, 0x20, 0x20, 0x20, 0x20, 0x64, 0x6F, 0x63, 0x75, 0x6D, 0x65, 0x6E, 0x74, 0x2E,
    0x67, 0x65, 0x74, 0x45, 0x6C, 0x65, 0x6D, 0x65, 0x6E, 0x74, 0x42, 0x79, 0x49, 0x64, 0x28, 0x27,
    0x6D, 0x6F, 0x64, 0x61, 0x6C, 0x2D, 0x70, 0x61, 0x73, 0x73, 0x27, 0x29, 0x2E, 0x76, 0x61, 0x6C,
    0x75, 0x65, 0x3D, 0x27, 0x27, 0x3B, 0x0A, 0x20, 0x20, 0x20, 0x20, 0x20, 0x20, 0x20, 0x20, 0x20,
    0x20, 0x20, 0x20, 0x5F, 0x64, 0x6F, 0x53, 0x68, 0x6F, 0x77, 0x54, 0x61, 0x62, 0x28, 0x27, 0x63,
    0x6F, 0x6E, 0x66, 0x69, 0x67, 0x27, 0x29, 0x3B, 0x0A, 0x20, 0x20, 0x20, 0x20, 0x20, 0x20, 0x20,
    0x20, 0x7D, 0x20, 0x65, 0x6C, 0x73, 0x65, 0x20, 0x7B, 0x0A, 0x20, 0x20, 0x20, 0x20, 0x20, 0x20,
    0x20, 0x20, 0x20, 0x20, 0x20, 0x20, 0x64, 0x6F, 0x63, 0x75, 0x6D, 0x65, 0x6E, 0x74, 0x2E, 0x67,
    0x65, 0x74, 0x45, 0x6C, 0x65, 0x6D, 0x65, 0x6E, 0x74, 0x42, 0x79, 0x49, 0x64, 0x28, 0x27, 0x6D,
    0x6F, 0x64, 0x61, 0x6C, 0x2D, 0x65, 0x72, 0x72, 0x27, 0x29, 0x2E, 0x74, 0x65, 0x78, 0x74, 0x43,
    0x6F, 0x6E, 0x74, 0x65, 0x6E, 0x74, 0x3D, 0x27, 0xEB, 0xB9, 0x84, 0xEB, 0xB0, 0x80, 0xEB, 0xB2,
    0x88, 0xED, 0x98, 0xB8, 0xEA, 0xB0, 0x80, 0x20, 0xED, 0x8B, 0x80, 0xEB, 0xA0, 0xB8, 0xEC, 0x8A,
    0xB5, 0xEB, 0x8B, 0x88, 0xEB, 0x8B, 0xA4, 0x2E, 0x27, 0x3B, 0x0A, 0x20, 0x20, 0x20, 0x20, 0x20,
    0x20, 0x20, 0x20, 0x20, 0x20, 0x20, 0x20, 0x64, 0x6F, 0x63, 0x75, 0x6D, 0x65, 0x6E, 0x74, 0x2E,
    0x67, 0x65, 0x74, 0x45, 0x6C, 0x65, 0x6D, 0x65, 0x6E, 0x74, 0x42, 0x79, 0x49, 0x64, 0x28, 0x27,
    0x6D, 0x6F, 0x64, 0x61, 0x6C, 0x2D, 0x70, 0x61, 0x73, 0x73, 0x27, 0x29, 0x2E, 0x73, 0x65, 0x6C,
    0x65, 0x63, 0x74, 0x28, 0x29, 0x3B, 0x0A, 0x20, 0x20, 0x20, 0x20, 0x20, 0x20, 0x20, 0x20, 0x7D,
    0x0A, 0x20, 0x20, 0x20, 0x20, 0x7D, 0x29, 0x2E, 0x63, 0x61, 0x74, 0x63, 0x68, 0x28, 0x66, 0x75,
    0x6E, 0x63, 0x74, 0x69, 0x6F, 0x6E, 0x28, 0x29, 0x7B, 0x64, 0x6F, 0x63, 0x75, 0x6D, 0x65, 0x6E,
    0x74, 0x2E, 0x67, 0x65, 0x74, 0x45, 0x6C, 0x65, 0x6D, 0x65, 0x6E, 0x74, 0x42, 0x79, 0x49, 0x64,
    0x28, 0x27, 0x6D, 0x6F, 0x64, 0x61, 0x6C, 0x2D, 0x65, 0x72, 0x72, 0x27, 0x29, 0x2E, 0x74, 0x65,
    0x78, 0x74, 0x43, 0x6F, 0x6E, 0x74, 0x65, 0x6E, 0x74, 0x3D, 0x27, 0xEC, 0x98, 0xA4, 0xEB, 0xA5,
    0x98, 0xEA, 0xB0, 0x80, 0x20, 0xEB, 0xB0, 0x9C, 0xEC, 0x83, 0x9D, 0xED, 0x96, 0x88, 0xEC, 0x8A,
    0xB5, 0xEB, 0x8B, 0x88, 0xEB, 0x8B, 0xA4, 0x2E, 0x27, 0x3B, 0x7D, 0x29, 0x3B, 0x0A, 0x7D, 0x0A,
    0x66, 0x75, 0x6E, 0x63, 0x74, 0x69, 0x6F, 0x6E, 0x20, 0x63, 0x6C, 0x6F, 0x73, 0x65, 0x50, 0x61,
    0x73, 0x73, 0x4D, 0x6F, 0x64, 0x61, 0x6C, 0x28, 0x29, 0x7B, 0x0A, 0x20, 0x20, 0x20, 0x20, 0x64,
    0x6F, 0x63, 0x75, 0x6D, 0x65, 0x6E, 0x74, 0x2E, 0x67, 0x65, 0x74, 0x45, 0x6C, 0x65, 0x6D, 0x65,
    0x6E, 0x74, 0x42, 0x79, 0x49, 0x64, 0x28, 0x27, 0x70, 0x61, 0x73, 0x73, 0x2D, 0x6D, 0x6F, 0x64,
    0x61, 0x6C, 0x27, 0x29, 0x2E, 0x63, 0x6C, 0x61, 0x73, 0x73, 0x4C, 0x69, 0x73, 0x74, 0x2E, 0x72,
    0x65, 0x6D, 0x6F, 0x76, 0x65, 0x28, 0x27, 0x73, 0x68, 0x6F, 0x77, 0x27, 0x29, 0x3B, 0x0A, 0x20,
    0x20, 0x20, 0x20, 0x64, 0x6F, 0x63, 0x75, 0x6D, 0x65, 0x6E, 0x74, 0x2E, 0x67, 0x65, 0x74, 0x45,
    0x6C, 0x65, 0x6D, 0x65, 0x6E, 0x74, 0x42, 0x79, 0x49, 0x64, 0x28, 0x27, 0x6D, 0x6F, 0x64, 0x61,
    0x6C, 0x2D, 0x70, 0x61, 0x73, 0x73, 0x27, 0x29, 0x2E, 0x76, 0x61, 0x6C, 0x75, 0x65, 0x3D, 0x27,
    0x27, 0x3B, 0x0A, 0x20, 0x20, 0x20, 0x20, 0x64, 0x6F, 0x63, 0x75, 0x6D, 0x65, 0x6E, 0x74, 0x2E,
    0x67, 0x65, 0x74, 0x45, 0x6C, 0x65, 0x6D, 0x65, 0x6E, 0x74, 0x42, 0x79, 0x49, 0x64, 0x28, 0x27,
    0x6D, 0x6F, 0x64, 0x61, 0x6C, 0x2D, 0x65, 0x72, 0x72, 0x27, 0x29, 0x2E, 0x74, 0x65, 0x78, 0x74,
    0x43, 0x6F, 0x6E, 0x74, 0x65, 0x6E, 0x74, 0x3D, 0x27, 0x27, 0x3B, 0x0A, 0x7D, 0x0A, 0x0A, 0x76,
    0x61, 0x72, 0x20, 0x49, 0x50, 0x5F, 0x52, 0x45, 0x3D, 0x2F, 0x5E, 0x5C, 0x64, 0x7B, 0x31, 0x2C,
    0x33, 0x7D, 0x5C, 0x2E, 0x5C, 0x64, 0x7B, 0x31, 0x2C, 0x33, 0x7D, 0x5C, 0x2E, 0x5C, 0x64, 0x7B,
    0x31, 0x2C, 0x33, 0x7D, 0x5C, 0x2E, 0x5C, 0x64, 0x7B, 0x31, 0x2C, 0x33, 0x7D, 0x24, 0x2F, 0x3B,
    0x0A, 0x66, 0x75, 0x6E, 0x63, 0x74, 0x69, 0x6F, 0x6E, 0x20, 0x6C, 0x6F, 0x61, 0x64, 0x43, 0x6F,
    0x6E, 0x66, 0x69, 0x67, 0x28, 0x29, 0x7B, 0x0A, 0x20, 0x20, 0x20, 0x20, 0x66, 0x65, 0x74, 0x63,
    0x68, 0x28, 0x27, 0x2F, 0x61, 0x70, 0x69, 0x2F, 0x63, 0x6F, 0x6E, 0x66, 0x69, 0x67, 0x27, 0x29,
    0x2E, 0x74, 0x68, 0x65, 0x6E, 0x28, 0x66, 0x75, 0x6E, 0x63, 0x74, 0x69, 0x6F, 0x6E, 0x28, 0x72,
    0x29, 0x7B, 0x72, 0x65, 0x74, 0x75, 0x72, 0x6E, 0x20, 0x72, 0x2E, 0x6A, 0x73, 0x6F, 0x6E, 0x28,
    0x29, 0x3B, 0x7D, 0x29, 0x2E, 0x74, 0x68, 0x65, 0x6E, 0x28, 0x66, 0x75, 0x6E, 0x63, 0x74, 0x69,
    0x6F, 0x6E, 0x28, 0x64, 0x29, 0x7B, 0x0A, 0x20, 0x20, 0x20, 0x20, 0x20, 0x20, 0x20, 0x20, 0x64,
    0x6F, 0x63, 0x75, 0x6D, 0x65, 0x6E, 0x74, 0x2E, 0x67, 0x65, 0x74, 0x45, 0x6C, 0x65, 0x6D, 0x65,
    0x6E, 0x74, 0x42, 0x79, 0x49, 0x64, 0x28, 0x27, 0x61, 0x6C, 0x6C, 0x6F, 0x77, 0x65, 0x64, 0x5F,
    0x69, 0x70, 0x30, 0x27, 0x29, 0x2E, 0x76, 0x61, 0x6C, 0x75, 0x65, 0x3D, 0x64, 0x2E, 0x61, 0x6C,
    0x6C, 0x6F, 0x77, 0x65, 0x64, 0x5F, 0x69, 0x70, 0x30, 0x3B, 0x0A, 0x20, 0x20, 0x20, 0x20, 0x20,
    0x20, 0x20, 0x20, 0x64, 0x6F, 0x63, 0x75, 0x6D, 0x65, 0x6E, 0x74, 0x2E, 0x67, 0x65, 0x74, 0x45,
    0x6C, 0x65, 0x6D, 0x65, 0x6E, 0x74, 0x42, 0x79, 0x49, 0x64, 0x28, 0x27, 0x61, 0x6C, 0x6C, 0x6F,
    0x77, 0x65, 0x64, 0x5F, 0x69, 0x70, 0x31, 0x27, 0x29, 0x2E, 0x76, 0x61, 0x6C, 0x75, 0x65, 0x3D,
    0x64, 0x2E, 0x61, 0x6C, 0x6C, 0x6F, 0x77, 0x65, 0x64, 0x5F, 0x69, 0x70, 0x31, 0x3B, 0x0A, 0x20,
    0x20, 0x20, 0x20, 0x20, 0x20, 0x20, 0x20, 0x64, 0x6F, 0x63, 0x75, 0x6D, 0x65, 0x6E, 0x74, 0x2E,
    0x67, 0x65, 0x74, 0x45, 0x6C, 0x65, 0x6D, 0x65, 0x6E, 0x74, 0x42, 0x79, 0x49, 0x64, 0x28, 0x27,
    0x74, 0x72, 0x61, 0x70, 0x5F, 0x69, 0x70, 0x30, 0x27, 0x29, 0x2E, 0x76, 0x61, 0x6C, 0x75, 0x65,
    0x3D, 0x64, 0x2E, 0x74, 0x72, 0x61, 0x70, 0x5F, 0x69, 0x70, 0x30, 0x3B, 0x0A, 0x20, 0x20, 0x20,
    0x20, 0x20, 0x20, 0x20, 0x20, 0x64, 0x6F, 0x63, 0x75, 0x6D, 0x65, 0x6E, 0x74, 0x2E, 0x67, 0x65,
    0x74, 0x45, 0x6C, 0x65, 0x6D, 0x65, 0x6E, 0x74, 0x42, 0x79, 0x49, 0x64, 0x28, 0x27, 0x74, 0x72,
    0x61, 0x70, 0x5F, 0x69, 0x70, 0x31, 0x27, 0x29, 0x2E, 0x76, 0x61, 0x6C, 0x75, 0x65, 0x3D, 0x64,
    0x2E, 0x74, 0x72, 0x61, 0x70, 0x5F, 0x69, 0x70, 0x31, 0x3B, 0x0A, 0x20, 0x20, 0x20, 0x20, 0x7D,
    0x29, 0x2E, 0x63, 0x61, 0x74, 0x63, 0x68, 0x28, 0x66, 0x75, 0x6E, 0x63, 0x74, 0x69, 0x6F, 0x6E,
    0x28, 0x29, 0x7B, 0x7D, 0x29, 0x3B, 0x0A, 0x7D, 0x0A, 0x66, 0x75, 0x6E, 0x63, 0x74, 0x69, 0x6F,
    0x6E, 0x20, 0x73, 0x61, 0x76, 0x65, 0x43, 0x6F, 0x6E, 0x66, 0x69, 0x67, 0x28, 0x29, 0x7B, 0x0A,
    0x20, 0x20, 0x20, 0x20, 0x76, 0x61, 0x72, 0x20, 0x69, 0x64, 0x73, 0x3D, 0x5B, 0x27, 0x61, 0x6C,
    0x6C, 0x6F, 0x77, 0x65, 0x64, 0x5F, 0x69, 0x70, 0x30, 0x27, 0x2C, 0x27, 0x61, 0x6C, 0x6C, 0x6F,
    0x77, 0x65, 0x64, 0x5F, 0x69, 0x70, 0x31, 0x27, 0x2C, 0x27, 0x74, 0x72, 0x61, 0x70, 0x5F, 0x69,
    0x70, 0x30, 0x27, 0x2C, 0x27, 0x74, 0x72, 0x61, 0x70, 0x5F, 0x69, 0x70, 0x31, 0x27, 0x5D, 0x3B,
    0x0A, 0x20, 0x20, 0x20, 0x20, 0x76, 0x61, 0x72, 0x20, 0x76, 0x61, 0x6C, 0x73, 0x3D, 0x7B, 0x7D,
    0x3B, 0x0A, 0x20, 0x20, 0x20, 0x20, 0x76, 0x61, 0x72, 0x20, 0x73, 0x74, 0x3D, 0x64, 0x6F, 0x63,
    0x75, 0x6D, 0x65, 0x6E, 0x74, 0x2E, 0x67, 0x65, 0x74, 0x45, 0x6C, 0x65, 0x6D, 0x65, 0x6E, 0x74,
    0x42, 0x79, 0x49, 0x64, 0x28, 0x27, 0x73, 0x61, 0x76, 0x65, 0x5F, 0x73, 0x74, 0x61, 0x74, 0x75,
    0x73, 0x27, 0x29, 0x3B, 0x0A, 0x20, 0x20, 0x20, 0x20, 0x66, 0x6F, 0x72, 0x28, 0x76, 0x61, 0x72,
    0x20, 0x69, 0x3D, 0x30, 0x3B, 0x69, 0x3C, 0x69, 0x64, 0x73, 0x2E, 0x6C, 0x65, 0x6E, 0x67, 0x74,
    0x68, 0x3B, 0x69, 0x2B, 0x2B, 0x29, 0x7B, 0x0A, 0x20, 0x20, 0x20, 0x20, 0x20, 0x20, 0x20, 0x20,
    0x76, 0x61, 0x72, 0x20, 0x76, 0x3D, 0x64, 0x6F, 0x63, 0x75, 0x6D, 0x65, 0x6E, 0x74, 0x2E, 0x67,
    0x65, 0x74, 0x45, 0x6C, 0x65, 0x6D, 0x65, 0x6E, 0x74, 0x42, 0x79, 0x49, 0x64, 0x28, 0x69, 0x64,
    0x73, 0x5B, 0x69, 0x5D, 0x29, 0x2E, 0x76, 0x61, 0x6C, 0x75, 0x65, 0x2E, 0x74, 0x72, 0x69, 0x6D,
    0x28, 0x29, 0x3B, 0x0A, 0x20, 0x20, 0x20, 0x20, 0x20, 0x20, 0x20, 0x20, 0x69, 0x66, 0x28, 0x21,
    0x49, 0x50, 0x5F, 0x52, 0x45, 0x2E, 0x74, 0x65, 0x73, 0x74, 0x28, 0x76, 0x29, 0x29, 0x7B, 0x73,
    0x74, 0x2E, 0x74, 0x65, 0x78, 0x74, 0x43, 0x6F, 0x6E, 0x74, 0x65, 0x6E, 0x74, 0x3D, 0x27, 0x49,
    0x50, 0x20, 0xED, 0x98, 0x95, 0xEC, 0x8B, 0x9D, 0x20, 0xEC, 0x98, 0xA4, 0xEB, 0xA5, 0x98, 0x3A,
    0x20, 0x27, 0x2B, 0x69, 0x64, 0x73, 0x5B, 0x69, 0x5D, 0x3B, 0x72, 0x65, 0x74, 0x75, 0x72, 0x6E,
    0x3B, 0x7D, 0x0A, 0x20, 0x20, 0x20, 0x20, 0x20, 0x20, 0x20, 0x20, 0x76, 0x61, 0x6C, 0x73, 0x5B,
    0x69, 0x64, 0x73, 0x5B, 0x69, 0x5D, 0x5D, 0x3D, 0x76, 0x3B, 0x0A, 0x20, 0x20, 0x20, 0x20, 0x7D,
    0x0A, 0x20, 0x20, 0x20, 0x20, 0x73, 0x74, 0x2E, 0x74, 0x65, 0x78, 0x74, 0x43, 0x6F, 0x6E, 0x74,
    0x65, 0x6E, 0x74, 0x3D, 0x27, 0xEC, 0xA0, 0x80, 0xEC, 0x9E, 0xA5, 0x20, 0xEC, 0xA4, 0x91, 0x2E,
    0x2E, 0x2E, 0x27, 0x3B, 0x0A, 0x20, 0x20, 0x20, 0x20, 0x66, 0x65, 0x74, 0x63, 0x68, 0x28, 0x27,
    0x2F, 0x61, 0x70, 0x69, 0x2F, 0x63, 0x6F, 0x6E, 0x66, 0x69, 0x67, 0x27, 0x2C, 0x7B, 0x6D, 0x65,
    0x74, 0x68, 0x6F, 0x64, 0x3A, 0x27, 0x50, 0x4F, 0x53, 0x54, 0x27, 0x2C, 0x68, 0x65, 0x61, 0x64,
    0x65, 0x72, 0x73, 0x3A, 0x7B, 0x27, 0x43, 0x6F, 0x6E, 0x74, 0x65, 0x6E, 0x74, 0x2D, 0x54, 0x79,
    0x70, 0x65, 0x27, 0x3A, 0x27, 0x61, 0x70, 0x70, 0x6C, 0x69, 0x63, 0x61, 0x74, 0x69, 0x6F, 0x6E,
    0x2F, 0x6A, 0x73, 0x6F, 0x6E, 0x27, 0x7D, 0x2C, 0x0A, 0x20, 0x20, 0x20, 0x20, 0x20, 0x20, 0x20,
    0x20, 0x62, 0x6F, 0x64, 0x79, 0x3A, 0x4A, 0x53, 0x4F, 0x4E, 0x2E, 0x73, 0x74, 0x72, 0x69, 0x6E,
    0x67, 0x69, 0x66, 0x79, 0x28, 0x76, 0x61, 0x6C, 0x73, 0x29, 0x0A, 0x20, 0x20, 0x20, 0x20, 0x7D,
    0x29, 0x2E, 0x74, 0x68, 0x65, 0x6E, 0x28, 0x66, 0x75, 0x6E, 0x63, 0x74, 0x69, 0x6F, 0x6E, 0x28,
    0x72, 0x29, 0x7B, 0x72, 0x65, 0x74, 0x75, 0x72, 0x6E, 0x20, 0x72, 0x2E, 0x6A, 0x73, 0x6F, 0x6E,
    0x28, 0x29, 0x3B, 0x7D, 0x29, 0x2E, 0x74, 0x68, 0x65, 0x6E, 0x28, 0x66, 0x75, 0x6E, 0x63, 0x74,
    0x69, 0x6F, 0x6E, 0x28, 0x64, 0x29, 0x7B, 0x0A, 0x20, 0x20, 0x20, 0x20, 0x20, 0x20, 0x20, 0x20,
    0x64, 0x6F, 0x63, 0x75, 0x6D, 0x65, 0x6E, 0x74, 0x2E, 0x67, 0x65, 0x74, 0x45, 0x6C, 0x65, 0x6D,
    0x65, 0x6E, 0x74, 0x42, 0x79, 0x49, 0x64, 0x28, 0x27, 0x61, 0x6C, 0x6C, 0x6F, 0x77, 0x65, 0x64,
    0x5F, 0x69, 0x70, 0x30, 0x27, 0x29, 0x2E, 0x76, 0x61, 0x6C, 0x75, 0x65, 0x3D, 0x64, 0x2E, 0x61,
    0x6C, 0x6C, 0x6F, 0x77, 0x65, 0x64, 0x5F, 0x69, 0x70, 0x30, 0x3B, 0x0A, 0x20, 0x20, 0x20, 0x20,
    0x20, 0x20, 0x20, 0x20, 0x64, 0x6F, 0x63, 0x75, 0x6D, 0x65, 0x6E, 0x74, 0x2E, 0x67, 0x65, 0x74,
    0x45, 0x6C, 0x65, 0x6D, 0x65, 0x6E, 0x74, 0x42, 0x79, 0x49, 0x64, 0x28, 0x27, 0x61, 0x6C, 0x6C,
    0x6F, 0x77, 0x65, 0x64, 0x5F, 0x69, 0x70, 0x31, 0x27, 0x29, 0x2E, 0x76, 0x61, 0x6C, 0x75, 0x65,
    0x3D, 0x64, 0x2E, 0x61, 0x6C, 0x6C, 0x6F, 0x77, 0x65, 0x64, 0x5F, 0x69, 0x70, 0x31, 0x3B, 0x0A,
    0x20, 0x20, 0x20, 0x20, 0x20, 0x20, 0x20, 0x20, 0x64, 0x6F, 0x63, 0x75, 0x6D, 0x65, 0x6E, 0x74,
    0x2E, 0x67, 0x65, 0x74, 0x45, 0x6C, 0x65, 0x6D, 0x65, 0x6E, 0x74, 0x42, 0x79, 0x49, 0x64, 0x28,
    0x27, 0x74, 0x72, 0x61, 0x70, 0x5F, 0x69, 0x70, 0x30, 0x27, 0x29, 0x2E, 0x76, 0x61, 0x6C, 0x75,
    0x65, 0x3D, 0x64, 0x2E, 0x74, 0x72, 0x61, 0x70, 0x5F, 0x69, 0x70, 0x30, 0x3B, 0x0A, 0x20, 0x20,
    0x20, 0x20, 0x20, 0x20, 0x20, 0x20, 0x64, 0x6F, 0x63, 0x75, 0x6D, 0x65, 0x6E, 0x74, 0x2E, 0x67,
    0x65, 0x74, 0x45, 0x6C, 0x65, 0x6D, 0x65, 0x6E, 0x74, 0x42, 0x79, 0x49, 0x64, 0x28, 0x27, 0x74,
    0x72, 0x61, 0x70, 0x5F, 0x69, 0x70, 0x31, 0x27, 0x29, 0x2E, 0x76, 0x61, 0x6C, 0x75, 0x65, 0x3D,
    0x64, 0x2E, 0x74, 0x72, 0x61, 0x70, 0x5F, 0x69, 0x70, 0x31, 0x3B, 0x0A, 0x20, 0x20, 0x20, 0x20,
    0x20, 0x20, 0x20, 0x20, 0x73, 0x74, 0x2E, 0x74, 0x65, 0x78, 0x74, 0x43, 0x6F, 0x6E, 0x74, 0x65,
    0x6E, 0x74, 0x3D, 0x27, 0xEC, 0xA0, 0x80, 0xEC, 0x9E, 0xA5, 0x20, 0xEC, 0x99, 0x84, 0xEB, 0xA3,
    0x8C, 0x27, 0x3B, 0x0A, 0x20, 0x20, 0x20, 0x20, 0x20, 0x20, 0x20, 0x20, 0x73, 0x65, 0x74, 0x54,
    0x69, 0x6D, 0x65, 0x6F, 0x75, 0x74, 0x28, 0x66, 0x75, 0x6E, 0x63, 0x74, 0x69, 0x6F, 0x6E, 0x28,
    0x29, 0x7B, 0x73, 0x74, 0x2E, 0x74, 0x65, 0x78, 0x74, 0x43, 0x6F, 0x6E, 0x74, 0x65, 0x6E, 0x74,
    0x3D, 0x27, 0x27, 0x3B, 0x7D, 0x2C, 0x33, 0x30, 0x30, 0x30, 0x29, 0x3B, 0x0A, 0x20, 0x20, 0x20,
    0x20, 0x7D, 0x29, 0x2E, 0x63, 0x61, 0x74, 0x63, 0x68, 0x28, 0x66, 0x75, 0x6E, 0x63, 0x74, 0x69,
    0x6F, 0x6E, 0x28, 0x29, 0x7B, 0x73, 0x74, 0x2E, 0x74, 0x65, 0x78, 0x74, 0x43, 0x6F, 0x6E, 0x74,
    0x65, 0x6E, 0x74, 0x3D, 0x27, 0xEC, 0xA0, 0x80, 0xEC, 0x9E, 0xA5, 0x20, 0xEC, 0x8B, 0xA4, 0xED,
    0x8C, 0xA8, 0x27, 0x3B, 0x7D, 0x29, 0x3B, 0x0A, 0x7D, 0x0A, 0x0A, 0x66, 0x75, 0x6E, 0x63, 0x74,
    0x69, 0x6F, 0x6E, 0x20, 0x6C, 0x6F, 0x61, 0x64, 0x41, 0x63, 0x63, 0x6F, 0x75, 0x6E, 0x74, 0x73,
    0x28, 0x29, 0x7B, 0x0A, 0x20, 0x20, 0x20, 0x20, 0x66, 0x65, 0x74, 0x63, 0x68, 0x28, 0x27, 0x2F,
    0x61, 0x70, 0x69, 0x2F, 0x61, 0x63, 0x63, 0x6F, 0x75, 0x6E, 0x74, 0x73, 0x27, 0x29, 0x2E, 0x74,
    0x68, 0x65, 0x6E, 0x28, 0x66, 0x75, 0x6E, 0x63, 0x74, 0x69, 0x6F, 0x6E, 0x28, 0x72, 0x29, 0x7B,
    0x72, 0x65, 0x74, 0x75, 0x72, 0x6E, 0x20, 0x72, 0x2E, 0x6A, 0x73, 0x6F, 0x6E, 0x28, 0x29, 0x3B,
    0x7D, 0x29, 0x2E, 0x74, 0x68, 0x65, 0x6E, 0x28, 0x66, 0x75, 0x6E, 0x63, 0x74, 0x69, 0x6F, 0x6E,
    0x28, 0x64, 0x29, 0x7B, 0x0A, 0x20, 0x20, 0x20, 0x20, 0x20, 0x20, 0x20, 0x20, 0x76, 0x61, 0x72,
    0x20, 0x74, 0x62, 0x6C, 0x3D, 0x64, 0x6F, 0x63, 0x75, 0x6D, 0x65, 0x6E, 0x74, 0x2E, 0x67, 0x65,
    0x74, 0x45, 0x6C, 0x65, 0x6D, 0x65, 0x6E, 0x74, 0x42, 0x79, 0x49, 0x64, 0x28, 0x27, 0x61, 0x63,
    0x63, 0x2D, 0x74, 0x61, 0x62, 0x6C, 0x65, 0x27, 0x29, 0x3B, 0x0A, 0x20, 0x20, 0x20, 0x20, 0x20,
    0x20, 0x20, 0x20, 0x77, 0x68, 0x69, 0x6C, 0x65, 0x28, 0x74, 0x62, 0x6C, 0x2E, 0x72, 0x6F, 0x77,
    0x73, 0x2E, 0x6C, 0x65, 0x6E, 0x67, 0x74, 0x68, 0x3E, 0x31, 0x29, 0x74, 0x62, 0x6C, 0x2E, 0x64,
    0x65, 0x6C, 0x65, 0x74, 0x65, 0x52, 0x6F, 0x77, 0x28, 0x31, 0x29, 0x3B, 0x0A, 0x20, 0x20, 0x20,
    0x20, 0x20, 0x20, 0x20, 0x20, 0x66, 0x6F, 0x72, 0x28, 0x76, 0x61, 0x72, 0x20, 0x69, 0x3D, 0x30,
    0x3B, 0x69, 0x3C, 0x64, 0x2E, 0x6C, 0x69, 0x73, 0x74, 0x2E, 0x6C, 0x65, 0x6E, 0x67, 0x74, 0x68,
    0x3B, 0x69, 0x2B, 0x2B, 0x29, 0x7B, 0x0A, 0x20, 0x20, 0x20, 0x20, 0x20, 0x20, 0x20, 0x20, 0x20,
    0x20, 0x20, 0x20, 0x76, 0x61, 0x72, 0x20, 0x74, 0x72, 0x3D, 0x74, 0x62, 0x6C, 0x2E, 0x69, 0x6E,
    0x73, 0x65, 0x72, 0x74, 0x52, 0x6F, 0x77, 0x28, 0x29, 0x3B, 0x0A, 0x20, 0x20, 0x20, 0x20, 0x20,
    0x20, 0x20, 0x20, 0x20, 0x20, 0x20, 0x20, 0x76, 0x61, 0x72, 0x20, 0x74, 0x64, 0x31, 0x3D, 0x74,
    0x72, 0x2E, 0x69, 0x6E, 0x73, 0x65, 0x72, 0x74, 0x43, 0x65, 0x6C, 0x6C, 0x28, 0x29, 0x3B, 0x0A,
    0x20, 0x20, 0x20, 0x20, 0x20, 0x20, 0x20, 0x20, 0x20, 0x20, 0x20, 0x20, 0x74, 0x64, 0x31, 0x2E,
    0x74, 0x65, 0x78, 0x74, 0x43, 0x6F, 0x6E, 0x74, 0x65, 0x6E, 0x74, 0x3D, 0x64, 0x2E, 0x6C, 0x69,
    0x73, 0x74, 0x5B, 0x69, 0x5D, 0x3B, 0x0A, 0x20, 0x20, 0x20, 0x20, 0x20, 0x20, 0x20, 0x20, 0x20,
    0x20, 0x20, 0x20, 0x74, 0x64, 0x31, 0x2E, 0x73, 0x74, 0x79, 0x6C, 0x65, 0x2E, 0x66, 0x6F, 0x6E,
    0x74, 0x53, 0x69, 0x7A, 0x65, 0x3D, 0x27, 0x32, 0x32, 0x70, 0x78, 0x27, 0x3B, 0x0A, 0x20, 0x20,
    0x20, 0x20, 0x20, 0x20, 0x20, 0x20, 0x20, 0x20, 0x20, 0x20, 0x76, 0x61, 0x72, 0x20, 0x74, 0x64,
    0x32, 0x3D, 0x74, 0x72, 0x2E, 0x69, 0x6E, 0x73, 0x65, 0x72, 0x74, 0x43, 0x65, 0x6C, 0x6C, 0x28,
    0x29, 0x3B, 0x0A, 0x20, 0x20, 0x20, 0x20, 0x20, 0x20, 0x20, 0x20, 0x20, 0x20, 0x20, 0x20, 0x74,
    0x64, 0x32, 0x2E, 0x73, 0x74, 0x79, 0x6C, 0x65, 0x2E, 0x74, 0x65, 0x78, 0x74, 0x41, 0x6C, 0x69,
    0x67, 0x6E, 0x3D, 0x27, 0x63, 0x65, 0x6E, 0x74, 0x65, 0x72, 0x27, 0x3B, 0x0A, 0x20, 0x20, 0x20,
    0x20, 0x20, 0x20, 0x20, 0x20, 0x20, 0x20, 0x20, 0x20, 0x28, 0x66, 0x75, 0x6E, 0x63, 0x74, 0x69,
    0x6F, 0x6E, 0x28, 0x75, 0x29, 0x7B, 0x0A, 0x20, 0x20, 0x20, 0x20, 0x20, 0x20, 0x20, 0x20, 0x20,
    0x20, 0x20, 0x20, 0x20, 0x20, 0x20, 0x20, 0x76, 0x61, 0x72, 0x20, 0x62, 0x74, 0x6E, 0x3D, 0x64,
    0x6F, 0x63, 0x75, 0x6D, 0x65, 0x6E, 0x74, 0x2E, 0x63, 0x72, 0x65, 0x61, 0x74, 0x65, 0x45, 0x6C,
    0x65, 0x6D, 0x65, 0x6E, 0x74, 0x28, 0x27, 0x62, 0x75, 0x74, 0x74, 0x6F, 0x6E, 0x27, 0x29, 0x3B,
    0x0A, 0x20, 0x20, 0x20, 0x20, 0x20, 0x20, 0x20, 0x20, 0x20, 0x20, 0x20, 0x20, 0x20, 0x20, 0x20,
    0x20, 0x62, 0x74, 0x6E, 0x2E, 0x63, 0x6C, 0x61, 0x73, 0x73, 0x4E, 0x61, 0x6D, 0x65, 0x3D, 0x27,
    0x62, 0x74, 0x6E, 0x2D, 0x64, 0x65, 0x6C, 0x27, 0x3B, 0x0A, 0x20, 0x20, 0x20, 0x20, 0x20, 0x20,
    0x20, 0x20, 0x20, 0x20, 0x20, 0x20, 0x20, 0x20, 0x20, 0x20, 0x62, 0x74, 0x6E, 0x2E, 0x74, 0x65,
    0x78, 0x74, 0x43, 0x6F, 0x6E, 0x74, 0x65, 0x6E, 0x74, 0x3D, 0x27, 0xEC, 0x82, 0xAD, 0xEC, 0xA0,
    0x9C, 0x27, 0x3B, 0x0A, 0x20, 0x20, 0x20, 0x20, 0x20, 0x20, 0x20, 0x20, 0x20, 0x20, 0x20, 0x20,
    0x20, 0x20, 0x20, 0x20, 0x62, 0x74, 0x6E, 0x2E, 0x6F, 0x6E, 0x63, 0x6C, 0x69, 0x63, 0x6B, 0x3D,
    0x66, 0x75, 0x6E, 0x63, 0x74, 0x69, 0x6F, 0x6E, 0x28, 0x29, 0x7B, 0x64, 0x65, 0x6C, 0x65, 0x74,
    0x65, 0x41, 0x63, 0x63, 0x6F, 0x75, 0x6E, 0x74, 0x28, 0x75, 0x29, 0x3B, 0x7D, 0x3B, 0x0A, 0x20,
    0x20, 0x20, 0x20, 0x20, 0x20, 0x20, 0x20, 0x20, 0x20, 0x20, 0x20, 0x20, 0x20, 0x20, 0x20, 0x74,
    0x64, 0x32, 0x2E, 0x61, 0x70, 0x70, 0x65, 0x6E, 0x64, 0x43, 0x68, 0x69, 0x6C, 0x64, 0x28, 0x62,
    0x74, 0x6E, 0x29, 0x3B, 0x0A, 0x20, 0x20, 0x20, 0x20, 0x20, 0x20, 0x20, 0x20, 0x20, 0x20, 0x20,
    0x20, 0x7D, 0x29, 0x28, 0x64, 0x2E, 0x6C, 0x69, 0x73, 0x74, 0x5B, 0x69, 0x5D, 0x29, 0x3B, 0x0A,
    0x20, 0x20, 0x20, 0x20, 0x20, 0x20, 0x20, 0x20, 0x7D, 0x0A, 0x20, 0x20, 0x20, 0x20, 0x20, 0x20,
    0x20, 0x20, 0x69, 0x66, 0x28, 0x64, 0x2E, 0x6C, 0x69, 0x73, 0x74, 0x2E, 0x6C, 0x65, 0x6E, 0x67,
    0x74, 0x68, 0x3D, 0x3D, 0x3D, 0x30, 0x29, 0x7B, 0x0A, 0x20, 0x20, 0x20, 0x20, 0x20, 0x20, 0x20,
    0x20, 0x20, 0x20, 0x20, 0x20, 0x76, 0x61, 0x72, 0x20, 0x74, 0x72, 0x3D, 0x74, 0x62, 0x6C, 0x2E,
    0x69, 0x6E, 0x73, 0x65, 0x72, 0x74, 0x52, 0x6F, 0x77, 0x28, 0x29, 0x3B, 0x0A, 0x20, 0x20, 0x20,
    0x20, 0x20, 0x20, 0x20, 0x20, 0x20, 0x20, 0x20, 0x20, 0x76, 0x61, 0x72, 0x20, 0x74, 0x64, 0x3D,
    0x74, 0x72, 0x2E, 0x69, 0x6E, 0x73, 0x65, 0x72, 0x74, 0x43, 0x65, 0x6C, 0x6C, 0x28, 0x29, 0x3B,
    0x0A, 0x20, 0x20, 0x20, 0x20, 0x20, 0x20, 0x20, 0x20, 0x20, 0x20, 0x20, 0x20, 0x74, 0x64, 0x2E,
    0x63, 0x6F, 0x6C, 0x53, 0x70, 0x61, 0x6E, 0x3D, 0x32, 0x3B, 0x0A, 0x20, 0x20, 0x20, 0x20, 0x20,
    0x20, 0x20, 0x20, 0x20, 0x20, 0x20, 0x20, 0x74, 0x64, 0x2E, 0x73, 0x74, 0x79, 0x6C, 0x65, 0x2E,
    0x63, 0x6F, 0x6C, 0x6F, 0x72, 0x3D, 0x27, 0x23, 0x38, 0x38, 0x38, 0x27, 0x3B, 0x0A, 0x20, 0x20,
    0x20, 0x20, 0x20, 0x20, 0x20, 0x20, 0x20, 0x20, 0x20, 0x20, 0x74, 0x64, 0x2E, 0x73, 0x74, 0x79,
    0x6C, 0x65, 0x2E, 0x66, 0x6F, 0x6E, 0x74, 0x53, 0x69, 0x7A, 0x65, 0x3D, 0x27, 0x32, 0x30, 0x70,
    0x78, 0x27, 0x3B, 0x0A, 0x20, 0x20, 0x20, 0x20, 0x20, 0x20, 0x20, 0x20, 0x20, 0x20, 0x20, 0x20,
    0x74, 0x64, 0x2E, 0x74, 0x65, 0x78, 0x74, 0x43, 0x6F, 0x6E, 0x74, 0x65, 0x6E, 0x74, 0x3D, 0x27,
    0xEB, 0x93, 0xB1, 0xEB, 0xA1, 0x9D, 0xEB, 0x90, 0x9C, 0x20, 0xEA, 0xB3, 0x84, 0xEC, 0xA0, 0x95,
    0x20, 0xEC, 0x97, 0x86, 0xEC, 0x9D, 0x8C, 0x27, 0x3B, 0x0A, 0x20, 0x20, 0x20, 0x20, 0x20, 0x20,
    0x20, 0x20, 0x7D, 0x0A, 0x20, 0x20, 0x20, 0x20, 0x7D, 0x29, 0x2E, 0x63, 0x61, 0x74, 0x63, 0x68,
    0x28, 0x66, 0x75, 0x6E, 0x63, 0x74, 0x69, 0x6F, 0x6E, 0x28, 0x29, 0x7B, 0x7D, 0x29, 0x3B, 0x0A,
    0x7D, 0x0A, 0x66, 0x75, 0x6E, 0x63, 0x74, 0x69, 0x6F, 0x6E, 0x20, 0x61, 0x64, 0x64, 0x41, 0x63,
    0x63, 0x6F, 0x75, 0x6E, 0x74, 0x28, 0x29, 0x7B, 0x0A, 0x20, 0x20, 0x20, 0x20, 0x76, 0x61, 0x72,
    0x20, 0x63, 0x70, 0x61, 0x73, 0x73, 0x3D, 0x64, 0x6F, 0x63, 0x75, 0x6D, 0x65, 0x6E, 0x74, 0x2E,
    0x67, 0x65, 0x74, 0x45, 0x6C, 0x65, 0x6D, 0x65, 0x6E, 0x74, 0x42, 0x79, 0x49, 0x64, 0x28, 0x27,
    0x61, 0x64, 0x64, 0x2D, 0x63, 0x70, 0x61, 0x73, 0x73, 0x27, 0x29, 0x2E, 0x76, 0x61, 0x6C, 0x75,
    0x65, 0x3B, 0x0A, 0x20, 0x20, 0x20, 0x20, 0x76, 0x61, 0x72, 0x20, 0x75, 0x73, 0x65, 0x72, 0x3D,
    0x64, 0x6F, 0x63, 0x75, 0x6D, 0x65, 0x6E, 0x74, 0x2E, 0x67, 0x65, 0x74, 0x45, 0x6C, 0x65, 0x6D,
    0x65, 0x6E, 0x74, 0x42, 0x79, 0x49, 0x64, 0x28, 0x27, 0x61, 0x64, 0x64, 0x2D, 0x75, 0x73, 0x65,
    0x72, 0x27, 0x29, 0x2E, 0x76, 0x61, 0x6C, 0x75, 0x65, 0x2E, 0x74, 0x72, 0x69, 0x6D, 0x28, 0x29,
    0x3B, 0x0A, 0x20, 0x20, 0x20, 0x20, 0x76, 0x61, 0x72, 0x20, 0x70, 0x61, 0x73, 0x73, 0x3D, 0x64,
    0x6F, 0x63, 0x75, 0x6D, 0x65, 0x6E, 0x74, 0x2E, 0x67, 0x65, 0x74, 0x45, 0x6C, 0x65, 0x6D, 0x65,
    0x6E, 0x74, 0x42, 0x79, 0x49, 0x64, 0x28, 0x27, 0x61, 0x64, 0x64, 0x2D, 0x70, 0x61, 0x73, 0x73,
    0x27, 0x29, 0x2E, 0x76, 0x61, 0x6C, 0x75, 0x65, 0x3B, 0x0A, 0x20, 0x20, 0x20, 0x20, 0x76, 0x61,
    0x72, 0x20, 0x73, 0x74, 0x3D, 0x64, 0x6F, 0x63, 0x75, 0x6D, 0x65, 0x6E, 0x74, 0x2E, 0x67, 0x65,
    0x74, 0x45, 0x6C, 0x65, 0x6D, 0x65, 0x6E, 0x74, 0x42, 0x79, 0x49, 0x64, 0x28, 0x27, 0x61, 0x63,
    0x63, 0x2D, 0x73, 0x74, 0x61, 0x74, 0x75, 0x73, 0x27, 0x29, 0x3B, 0x0A, 0x20, 0x20, 0x20, 0x20,
    0x69, 0x66, 0x28, 0x21, 0x63, 0x70, 0x61, 0x73, 0x73, 0x7C, 0x7C, 0x21, 0x75, 0x73, 0x65, 0x72,
    0x7C, 0x7C, 0x21, 0x70, 0x61, 0x73, 0x73, 0x29, 0x7B, 0x73, 0x74, 0x2E, 0x74, 0x65, 0x78, 0x74,
    0x43, 0x6F, 0x6E, 0x74, 0x65, 0x6E, 0x74, 0x3D, 0x27, 0xEB, 0xAA, 0xA8, 0xEB, 0x93, 0xA0, 0x20,
    0xED, 0x95, 0xAD, 0xEB, 0xAA, 0xA9, 0xEC, 0x9D, 0x84, 0x20, 0xEC, 0x9E, 0x85, 0xEB, 0xA0, 0xA5,
    0xED, 0x95, 0x98, 0xEC, 0x84, 0xB8, 0xEC, 0x9A, 0x94, 0x27, 0x3B, 0x73, 0x74, 0x2E, 0x73, 0x74,
    0x79, 0x6C, 0x65, 0x2E, 0x63, 0x6F, 0x6C, 0x6F, 0x72, 0x3D, 0x27, 0x72, 0x65, 0x64, 0x27, 0x3B,
    0x72, 0x65, 0x74, 0x75, 0x72, 0x6E, 0x3B, 0x7D, 0x0A, 0x20, 0x20, 0x20, 0x20, 0x73, 0x74, 0x2E,
    0x74, 0x65, 0x78, 0x74, 0x43, 0x6F, 0x6E, 0x74, 0x65, 0x6E, 0x74, 0x3D, 0x27, 0xEC, 0xB2, 0x98,
    0xEB, 0xA6, 0xAC, 0x20, 0xEC, 0xA4, 0x91, 0x2E, 0x2E, 0x2E, 0x27, 0x3B, 0x73, 0x74, 0x2E, 0x73,
    0x74, 0x79, 0x6C, 0x65, 0x2E, 0x63, 0x6F, 0x6C, 0x6F, 0x72, 0x3D, 0x27, 0x23, 0x30, 0x66, 0x35,
    0x62, 0x38, 0x37, 0x27, 0x3B, 0x0A, 0x20, 0x20, 0x20, 0x20, 0x66, 0x65, 0x74, 0x63, 0x68, 0x28,
    0x27, 0x2F, 0x61, 0x70, 0x69, 0x2F, 0x61, 0x63, 0x63, 0x6F, 0x75, 0x6E, 0x74, 0x73, 0x2F, 0x61,
    0x64, 0x64, 0x27, 0x2C, 0x7B, 0x6D, 0x65, 0x74, 0x68, 0x6F, 0x64, 0x3A, 0x27, 0x50, 0x4F, 0x53,
    0x54, 0x27, 0x2C, 0x68, 0x65, 0x61, 0x64, 0x65, 0x72, 0x73, 0x3A, 0x7B, 0x27, 0x43, 0x6F, 0x6E,
    0x74, 0x65, 0x6E, 0x74, 0x2D, 0x54, 0x79, 0x70, 0x65, 0x27, 0x3A, 0x27, 0x61, 0x70, 0x70, 0x6C,
    0x69, 0x63, 0x61, 0x74, 0x69, 0x6F, 0x6E, 0x2F, 0x6A, 0x73, 0x6F, 0x6E, 0x27, 0x7D, 0x2C, 0x0A,
    0x20, 0x20, 0x20, 0x20, 0x20, 0x20, 0x20, 0x20, 0x62, 0x6F, 0x64, 0x79, 0x3A, 0x4A, 0x53, 0x4F,
    0x4E, 0x2E, 0x73, 0x74, 0x72, 0x69, 0x6E, 0x67, 0x69, 0x66, 0x79, 0x28, 0x7B, 0x63, 0x70, 0x61,
    0x73, 0x73, 0x3A, 0x63, 0x70, 0x61, 0x73, 0x73, 0x2C, 0x75, 0x73, 0x65, 0x72, 0x3A, 0x75, 0x73,
    0x65, 0x72, 0x2C, 0x70, 0x61, 0x73, 0x73, 0x3A, 0x70, 0x61, 0x73, 0x73, 0x7D, 0x29, 0x0A, 0x20,
    0x20, 0x20, 0x20, 0x7D, 0x29, 0x2E, 0x74, 0x68, 0x65, 0x6E, 0x28, 0x66, 0x75, 0x6E, 0x63, 0x74,
    0x69, 0x6F, 0x6E, 0x28, 0x72, 0x29, 0x7B, 0x72, 0x65, 0x74, 0x75, 0x72, 0x6E, 0x20, 0x72, 0x2E,
    0x6A, 0x73, 0x6F, 0x6E, 0x28, 0x29, 0x3B, 0x7D, 0x29, 0x2E, 0x74, 0x68, 0x65, 0x6E, 0x28, 0x66,
    0x75, 0x6E, 0x63, 0x74, 0x69, 0x6F, 0x6E, 0x28, 0x64, 0x29, 0x7B, 0x0A, 0x20, 0x20, 0x20, 0x20,
    0x20, 0x20, 0x20, 0x20, 0x69, 0x66, 0x28, 0x64, 0x2E, 0x6F, 0x6B, 0x29, 0x7B, 0x0A, 0x20, 0x20,
    0x20, 0x20, 0x20, 0x20, 0x20, 0x20, 0x20, 0x20, 0x20, 0x20, 0x73, 0x74, 0x2E, 0x74, 0x65, 0x78,
    0x74, 0x43, 0x6F, 0x6E, 0x74, 0x65, 0x6E, 0x74, 0x3D, 0x27, 0xEA, 0xB3, 0x84, 0xEC, 0xA0, 0x95,
    0x20, 0xEC, 0x83, 0x9D, 0xEC, 0x84, 0xB1, 0x20, 0xEC, 0x99, 0x84, 0xEB, 0xA3, 0x8C, 0x27, 0x3B,
    0x73, 0x74, 0x2E, 0x73, 0x74, 0x79, 0x6C, 0x65, 0x2E, 0x63, 0x6F, 0x6C, 0x6F, 0x72, 0x3D, 0x27,
    0x23, 0x30, 0x61, 0x37, 0x61, 0x30, 0x61, 0x27, 0x3B, 0x0A, 0x20, 0x20, 0x20, 0x20, 0x20, 0x20,
    0x20, 0x20, 0x20, 0x20, 0x20, 0x20, 0x64, 0x6F, 0x63, 0x75, 0x6D, 0x65, 0x6E, 0x74, 0x2E, 0x67,
    0x65, 0x74, 0x45, 0x6C, 0x65, 0x6D, 0x65, 0x6E, 0x74, 0x42, 0x79, 0x49, 0x64, 0x28, 0x27, 0x61,
    0x64, 0x64, 0x2D, 0x63, 0x70, 0x61, 0x73, 0x73, 0x27, 0x29, 0x2E, 0x76, 0x61, 0x6C, 0x75, 0x65,
    0x3D, 0x27, 0x27, 0x3B, 0x0A, 0x20, 0x20, 0x20, 0x20, 0x20, 0x20, 0x20, 0x20, 0x20, 0x20, 0x20,
    0x20, 0x64, 0x6F, 0x63, 0x75, 0x6D, 0x65, 0x6E, 0x74, 0x2E, 0x67, 0x65, 0x74, 0x45, 0x6C, 0x65,
    0x6D, 0x65, 0x6E, 0x74, 0x42, 0x79, 0x49, 0x64, 0x28, 0x27, 0x61, 0x64, 0x64, 0x2D, 0x75, 0x73,
    0x65, 0x72, 0x27, 0x29, 0x2E, 0x76, 0x61, 0x6C, 0x75, 0x65, 0x3D, 0x27, 0x27, 0x3B, 0x0A, 0x20,
    0x20, 0x20, 0x20, 0x20, 0x20, 0x20, 0x20, 0x20, 0x20, 0x20, 0x20, 0x64, 0x6F, 0x63, 0x75, 0x6D,
    0x65, 0x6E, 0x74, 0x2E, 0x67, 0x65, 0x74, 0x45, 0x6C, 0x65, 0x6D, 0x65, 0x6E, 0x74, 0x42, 0x79,
    0x49, 0x64, 0x28, 0x27, 0x61, 0x64, 0x64, 0x2D, 0x70, 0x61, 0x73, 0x73, 0x27, 0x29, 0x2E, 0x76,
    0x61, 0x6C, 0x75, 0x65, 0x3D, 0x27, 0x27, 0x3B, 0x0A, 0x20, 0x20, 0x20, 0x20, 0x20, 0x20, 0x20,
    0x20, 0x20, 0x20, 0x20, 0x20, 0x6C, 0x6F, 0x61, 0x64, 0x41, 0x63, 0x63, 0x6F, 0x75, 0x6E, 0x74,
    0x73, 0x28, 0x29, 0x3B, 0x0A, 0x20, 0x20, 0x20, 0x20, 0x20, 0x20, 0x20, 0x20, 0x20, 0x20, 0x20,
    0x20, 0x73, 0x65, 0x74, 0x54, 0x69, 0x6D, 0x65, 0x6F, 0x75, 0x74, 0x28, 0x66, 0x75, 0x6E, 0x63,
    0x74, 0x69, 0x6F, 0x6E, 0x28, 0x29, 0x7B, 0x73, 0x74, 0x2E, 0x74, 0x65, 0x78, 0x74, 0x43, 0x6F,
    0x6E, 0x74, 0x65, 0x6E, 0x74, 0x3D, 0x27, 0x27, 0x3B, 0x7D, 0x2C, 0x33, 0x30, 0x30, 0x30, 0x29,
    0x3B, 0x0A, 0x20, 0x20, 0x20, 0x20, 0x20, 0x20, 0x20, 0x20, 0x7D, 0x20, 0x65, 0x6C, 0x73, 0x65,
    0x20, 0x7B, 0x0A, 0x20, 0x20, 0x20, 0x20, 0x20, 0x20, 0x20, 0x20, 0x20, 0x20, 0x20, 0x20, 0x73,
    0x74, 0x2E, 0x74, 0x65, 0x78, 0x74, 0x43, 0x6F, 0x6E, 0x74, 0x65, 0x6E, 0x74, 0x3D, 0x27, 0xEC,
    0x98, 0xA4, 0xEB, 0xA5, 0x98, 0x3A, 0x20, 0x27, 0x2B, 0x64, 0x2E, 0x6D, 0x73, 0x67, 0x3B, 0x73,
    0x74, 0x2E, 0x73, 0x74, 0x79, 0x6C, 0x65, 0x2E, 0x63, 0x6F, 0x6C, 0x6F, 0x72, 0x3D, 0x27, 0x72,
    0x65, 0x64, 0x27, 0x3B, 0x0A, 0x20, 0x20, 0x20, 0x20, 0x20, 0x20, 0x20, 0x20, 0x7D, 0x0A, 0x20,
    0x20, 0x20, 0x20, 0x7D, 0x29, 0x2E, 0x63, 0x61, 0x74, 0x63, 0x68, 0x28, 0x66, 0x75, 0x6E, 0x63,
    0x74, 0x69, 0x6F, 0x6E, 0x28, 0x29, 0x7B, 0x73, 0x74, 0x2E, 0x74, 0x65, 0x78, 0x74, 0x43, 0x6F,
    0x6E, 0x74, 0x65, 0x6E, 0x74, 0x3D, 0x27, 0xEC, 0x98, 0xA4, 0xEB, 0xA5, 0x98, 0x20, 0xEB, 0xB0,
    0x9C, 0xEC, 0x83, 0x9D, 0x27, 0x3B, 0x73, 0x74, 0x2E, 0x73, 0x74, 0x79, 0x6C, 0x65, 0x2E, 0x63,
    0x6F, 0x6C, 0x6F, 0x72, 0x3D, 0x27, 0x72, 0x65, 0x64, 0x27, 0x3B, 0x7D, 0x29, 0x3B, 0x0A, 0x7D,
    0x0A, 0x66, 0x75, 0x6E, 0x63, 0x74, 0x69, 0x6F, 0x6E, 0x20, 0x64, 0x65, 0x6C, 0x65, 0x74, 0x65,
    0x41, 0x63, 0x63, 0x6F, 0x75, 0x6E, 0x74, 0x28, 0x75, 0x73, 0x65, 0x72, 0x29, 0x7B, 0x0A, 0x20,
    0x20, 0x20, 0x20, 0x69, 0x66, 0x28, 0x21, 0x63, 0x6F, 0x6E, 0x66, 0x69, 0x72, 0x6D, 0x28, 0x75,
    0x73, 0x65, 0x72, 0x2B, 0x27, 0x20, 0xEA, 0xB3, 0x84, 0xEC, 0xA0, 0x95, 0xEC, 0x9D, 0x84, 0x20,
    0xEC, 0x82, 0xAD, 0xEC, 0xA0, 0x9C, 0xED, 0x95, 0x98, 0xEC, 0x8B, 0x9C, 0xEA, 0xB2, 0xA0, 0xEC,
    0x8A, 0xB5, 0xEB, 0x8B, 0x88, 0xEA, 0xB9, 0x8C, 0x3F, 0x27, 0x29, 0x29, 0x72, 0x65, 0x74, 0x75,
    0x72, 0x6E, 0x3B, 0x0A, 0x20, 0x20, 0x20, 0x20, 0x76, 0x61, 0x72, 0x20, 0x73, 0x74, 0x3D, 0x64,
    0x6F, 0x63, 0x75, 0x6D, 0x65, 0x6E, 0x74, 0x2E, 0x67, 0x65, 0x74, 0x45, 0x6C, 0x65, 0x6D, 0x65,
    0x6E, 0x74, 0x42, 0x79, 0x49, 0x64, 0x28, 0x27, 0x61, 0x63, 0x63, 0x2D, 0x73, 0x74, 0x61, 0x74,
    0x75, 0x73, 0x27, 0x29, 0x3B, 0x0A, 0x20, 0x20, 0x20, 0x20, 0x73, 0x74, 0x2E, 0x74, 0x65, 0x78,
    0x74, 0x43, 0x6F, 0x6E, 0x74, 0x65, 0x6E, 0x74, 0x3D, 0x27, 0xEC, 0x82, 0xAD, 0xEC, 0xA0, 0x9C,
    0x20, 0xEC, 0xA4, 0x91, 0x2E, 0x2E, 0x2E, 0x27, 0x3B, 0x73, 0x74, 0x2E, 0x73, 0x74, 0x79, 0x6C,
    0x65, 0x2E, 0x63, 0x6F, 0x6C, 0x6F, 0x72, 0x3D, 0x27, 0x23, 0x30, 0x66, 0x35, 0x62, 0x38, 0x37,
    0x27, 0x3B, 0x0A, 0x20, 0x20, 0x20, 0x20, 0x66, 0x65, 0x74, 0x63, 0x68, 0x28, 0x27, 0x2F, 0x61,
    0x70, 0x69, 0x2F, 0x61, 0x63, 0x63, 0x6F, 0x75, 0x6E, 0x74, 0x73, 0x2F, 0x64, 0x65, 0x6C, 0x27,
    0x2C, 0x7B, 0x6D, 0x65, 0x74, 0x68, 0x6F, 0x64, 0x3A, 0x27, 0x50, 0x4F, 0x53, 0x54, 0x27, 0x2C,
    0x68, 0x65, 0x61, 0x64, 0x65, 0x72, 0x73, 0x3A, 0x7B, 0x27, 0x43, 0x6F, 0x6E, 0x74, 0x65, 0x6E,
    0x74, 0x2D, 0x54, 0x79, 0x70, 0x65, 0x27, 0x3A, 0x27, 0x61, 0x70, 0x70, 0x6C, 0x69, 0x63, 0x61,
    0x74, 0x69, 0x6F, 0x6E, 0x2F, 0x6A, 0x73, 0x6F, 0x6E, 0x27, 0x7D, 0x2C, 0x0A, 0x20, 0x20, 0x20,
    0x20, 0x20, 0x20, 0x20, 0x20, 0x62, 0x6F, 0x64, 0x79, 0x3A, 0x4A, 0x53, 0x4F, 0x4E, 0x2E, 0x73,
    0x74, 0x72, 0x69, 0x6E, 0x67, 0x69, 0x66, 0x79, 0x28, 0x7B, 0x75, 0x73, 0x65, 0x72, 0x3A, 0x75,
    0x73, 0x65, 0x72, 0x7D, 0x29, 0x0A, 0x20, 0x20, 0x20, 0x20, 0x7D, 0x29, 0x2E, 0x74, 0x68, 0x65,
    0x6E, 0x28, 0x66, 0x75, 0x6E, 0x63, 0x74, 0x69, 0x6F, 0x6E, 0x28, 0x72, 0x29, 0x7B, 0x72, 0x65,
    0x74, 0x75, 0x72, 0x6E, 0x20, 0x72, 0x2E, 0x6A, 0x73, 0x6F, 0x6E, 0x28, 0x29, 0x3B, 0x7D, 0x29,
    0x2E, 0x74, 0x68, 0x65, 0x6E, 0x28, 0x66, 0x75, 0x6E, 0x63, 0x74, 0x69, 0x6F, 0x6E, 0x28, 0x64,
    0x29, 0x7B, 0x0A, 0x20, 0x20, 0x20, 0x20, 0x20, 0x20, 0x20, 0x20, 0x69, 0x66, 0x28, 0x64, 0x2E,
    0x6F, 0x6B, 0x29, 0x7B, 0x0A, 0x20, 0x20, 0x20, 0x20, 0x20, 0x20, 0x20, 0x20, 0x20, 0x20, 0x20,
    0x20, 0x73, 0x74, 0x2E, 0x74, 0x65, 0x78, 0x74, 0x43, 0x6F, 0x6E, 0x74, 0x65, 0x6E, 0x74, 0x3D,
    0x75, 0x73, 0x65, 0x72, 0x2B, 0x27, 0x20, 0xEC, 0x82, 0xAD, 0xEC, 0xA0, 0x9C, 0x20, 0xEC, 0x99,
    0x84, 0xEB, 0xA3, 0x8C, 0x27, 0x3B, 0x73, 0x74, 0x2E, 0x73, 0x74, 0x79, 0x6C, 0x65, 0x2E, 0x63,
    0x6F, 0x6C, 0x6F, 0x72, 0x3D, 0x27, 0x23, 0x30, 0x61, 0x37, 0x61, 0x30, 0x61, 0x27, 0x3B, 0x0A,
    0x20, 0x20, 0x20, 0x20, 0x20, 0x20, 0x20, 0x20, 0x20, 0x20, 0x20, 0x20, 0x6C, 0x6F, 0x61, 0x64,
    0x41, 0x63, 0x63, 0x6F, 0x75, 0x6E, 0x74, 0x73, 0x28, 0x29, 0x3B, 0x0A, 0x20, 0x20, 0x20, 0x20,
    0x20, 0x20, 0x20, 0x20, 0x20, 0x20, 0x20, 0x20, 0x73, 0x65, 0x74, 0x54, 0x69, 0x6D, 0x65, 0x6F,
    0x75, 0x74, 0x28, 0x66, 0x75, 0x6E, 0x63, 0x74, 0x69, 0x6F, 0x6E, 0x28, 0x29, 0x7B, 0x73, 0x74,
    0x2E, 0x74, 0x65, 0x78, 0x74, 0x43, 0x6F, 0x6E, 0x74, 0x65, 0x6E, 0x74, 0x3D, 0x27, 0x27, 0x3B,
    0x7D, 0x2C, 0x33, 0x30, 0x30, 0x30, 0x29, 0x3B, 0x0A, 0x20, 0x20, 0x20, 0x20, 0x20, 0x20, 0x20,
    0x20, 0x7D, 0x20, 0x65, 0x6C, 0x73, 0x65, 0x20, 0x7B, 0x0A, 0x20, 0x20, 0x20, 0x20, 0x20, 0x20,
    0x20, 0x20, 0x20, 0x20, 0x20, 0x20, 0x73, 0x74, 0x2E, 0x74, 0x65, 0x78, 0x74, 0x43, 0x6F, 0x6E,
    0x74, 0x65, 0x6E, 0x74, 0x3D, 0x27, 0xEC, 0x98, 0xA4, 0xEB, 0xA5, 0x98, 0x3A, 0x20, 0x27, 0x2B,
    0x64, 0x2E, 0x6D, 0x73, 0x67, 0x3B, 0x73, 0x74, 0x2E, 0x73, 0x74, 0x79, 0x6C, 0x65, 0x2E, 0x63,
    0x6F, 0x6C, 0x6F, 0x72, 0x3D, 0x27, 0x72, 0x65, 0x64, 0x27, 0x3B, 0x0A, 0x20, 0x20, 0x20, 0x20,
    0x20, 0x20, 0x20, 0x20, 0x7D, 0x0A, 0x20, 0x20, 0x20, 0x20, 0x7D, 0x29, 0x2E, 0x63, 0x61, 0x74,
    0x63, 0x68, 0x28, 0x66, 0x75, 0x6E, 0x63, 0x74, 0x69, 0x6F, 0x6E, 0x28, 0x29, 0x7B, 0x73, 0x74,
    0x2E, 0x74, 0x65, 0x78, 0x74, 0x43, 0x6F, 0x6E, 0x74, 0x65, 0x6E, 0x74, 0x3D, 0x27, 0xEC, 0x98,
    0xA4, 0xEB, 0xA5, 0x98, 0x20, 0xEB, 0xB0, 0x9C, 0xEC, 0x83, 0x9D, 0x27, 0x3B, 0x73, 0x74, 0x2E,
    0x73, 0x74, 0x79, 0x6C, 0x65, 0x2E, 0x63, 0x6F, 0x6C, 0x6F, 0x72, 0x3D, 0x27, 0x72, 0x65, 0x64,
    0x27, 0x3B, 0x7D, 0x29, 0x3B, 0x0A, 0x7D, 0x0A, 0x3C, 0x2F, 0x73, 0x63, 0x72, 0x69, 0x70, 0x74,
    0x3E, 0x0A, 0x3C, 0x2F, 0x62, 0x6F, 0x64, 0x79, 0x3E, 0x0A, 0x3C, 0x2F, 0x68, 0x74, 0x6D, 0x6C,
    0x3E, 0x0A,
    0x00
};

#endif /* __WEB_PAGE_H__ */
